Date,Close,High,Low,Open,Volume
,ABC-A.CR,ABC-A.CR,ABC-A.CR,ABC-A.CR,ABC-A.CR
2008-01-14,inf,inf,inf,inf,8000
2008-01-15,inf,inf,inf,inf,0
2008-01-16,inf,inf,inf,inf,0
2008-01-17,inf,inf,inf,inf,0
2008-01-18,inf,inf,inf,inf,0
2008-01-21,inf,inf,inf,inf,507
2008-01-22,inf,inf,inf,inf,0
2008-01-23,inf,inf,inf,inf,0
2008-01-24,inf,inf,inf,inf,0
2008-01-25,inf,inf,inf,inf,0
2008-01-28,inf,inf,inf,inf,0
2008-01-29,inf,inf,inf,inf,0
2008-01-30,inf,inf,inf,inf,640
2008-01-31,inf,inf,inf,inf,1000
2008-02-01,inf,inf,inf,inf,0
2008-02-06,inf,inf,inf,inf,0
2008-02-07,inf,inf,inf,inf,0
2008-02-08,inf,inf,inf,inf,0
2008-02-11,inf,inf,inf,inf,0
2008-02-12,inf,inf,inf,inf,0
2008-02-13,inf,inf,inf,inf,0
2008-02-14,inf,inf,inf,inf,0
2008-02-15,inf,inf,inf,inf,0
2008-02-18,inf,inf,inf,inf,0
2008-02-19,inf,inf,inf,inf,50
2008-02-20,inf,inf,inf,inf,1493
2008-02-21,inf,inf,inf,inf,0
2008-02-22,inf,inf,inf,inf,0
2008-02-25,inf,inf,inf,inf,0
2008-02-26,inf,inf,inf,inf,0
2008-02-27,inf,inf,inf,inf,0
2008-02-28,inf,inf,inf,inf,216
2008-02-29,inf,inf,inf,inf,0
2008-03-03,inf,inf,inf,inf,0
2008-03-04,inf,inf,inf,inf,0
2008-03-05,inf,inf,inf,inf,0
2008-03-06,inf,inf,inf,inf,0
2008-03-07,inf,inf,inf,inf,0
2008-03-10,inf,inf,inf,inf,0
2008-03-11,inf,inf,inf,inf,0
2008-03-12,inf,inf,inf,inf,0
2008-03-13,inf,inf,inf,inf,0
2008-03-14,inf,inf,inf,inf,0
2008-03-17,inf,inf,inf,inf,0
2008-03-18,inf,inf,inf,inf,0
2008-03-24,inf,inf,inf,inf,0
2008-03-25,inf,inf,inf,inf,0
2008-03-26,inf,inf,inf,inf,0
2008-03-27,-inf,-inf,-inf,-inf,0
2008-03-28,-inf,-inf,-inf,-inf,0
2008-03-31,-inf,-inf,-inf,-inf,111
2008-04-01,-inf,-inf,-inf,-inf,0
2008-04-02,-inf,-inf,-inf,-inf,0
2008-04-03,-inf,-inf,-inf,-inf,0
2008-04-04,-inf,-inf,-inf,-inf,0
2008-04-07,-inf,-inf,-inf,-inf,0
2008-04-08,-inf,-inf,-inf,-inf,182
2008-04-09,-inf,-inf,-inf,-inf,0
2008-04-10,-inf,-inf,-inf,-inf,0
2008-04-11,-inf,-inf,-inf,-inf,3604
2008-04-14,-inf,-inf,-inf,-inf,0
2008-04-15,-inf,-inf,-inf,-inf,1000
2008-04-16,-inf,-inf,-inf,-inf,0
2008-04-17,-inf,-inf,-inf,-inf,0
2008-04-18,-inf,-inf,-inf,-inf,0
2008-04-21,-inf,-inf,-inf,-inf,0
2008-04-22,-inf,-inf,-inf,-inf,0
2008-04-23,-inf,-inf,-inf,-inf,0
2008-04-24,-inf,-inf,-inf,-inf,0
2008-04-25,-inf,-inf,-inf,-inf,0
2008-04-28,-inf,-inf,-inf,-inf,0
2008-04-29,-inf,-inf,-inf,-inf,0
2008-04-30,-inf,-inf,-inf,-inf,0
2008-05-02,-inf,-inf,-inf,-inf,0
2008-05-06,-inf,-inf,-inf,-inf,0
2008-05-07,-inf,-inf,-inf,-inf,0
2008-05-08,-inf,-inf,-inf,-inf,0
2008-05-09,-inf,-inf,-inf,-inf,0
2008-05-12,-inf,-inf,-inf,-inf,0
2008-05-13,-inf,-inf,-inf,-inf,0
2008-05-14,-inf,-inf,-inf,-inf,0
2008-05-15,-inf,-inf,-inf,-inf,0
2008-05-16,-inf,-inf,-inf,-inf,0
2008-05-19,-inf,-inf,-inf,-inf,0
2008-05-20,-inf,-inf,-inf,-inf,0
2008-05-21,-inf,-inf,-inf,-inf,0
2008-05-22,-inf,-inf,-inf,-inf,0
2008-05-23,-inf,-inf,-inf,-inf,101
2008-05-27,-inf,-inf,-inf,-inf,0
2008-05-28,-inf,-inf,-inf,-inf,0
2008-05-29,-inf,-inf,-inf,-inf,0
2008-05-30,-inf,-inf,-inf,-inf,0
2008-06-02,-inf,-inf,-inf,-inf,0
2008-06-03,-inf,-inf,-inf,-inf,0
2008-06-04,-inf,-inf,-inf,-inf,0
2008-06-05,-inf,-inf,-inf,-inf,0
2008-06-06,-inf,-inf,-inf,-inf,0
2008-06-09,-inf,-inf,-inf,-inf,0
2008-06-10,-inf,-inf,-inf,-inf,0
2008-06-11,-inf,-inf,-inf,-inf,0
2008-06-12,-inf,-inf,-inf,-inf,0
2008-06-13,-inf,-inf,-inf,-inf,0
2008-06-16,-inf,-inf,-inf,-inf,0
2008-06-17,-inf,-inf,-inf,-inf,0
2008-06-18,-inf,-inf,-inf,-inf,0
2008-06-19,-inf,-inf,-inf,-inf,0
2008-06-20,-inf,-inf,-inf,-inf,93750
2008-06-23,-inf,-inf,-inf,-inf,0
2008-06-25,-inf,-inf,-inf,-inf,400
2008-06-26,-inf,-inf,-inf,-inf,0
2008-06-27,-inf,-inf,-inf,-inf,0
2008-06-30,-inf,-inf,-inf,-inf,0
2008-07-01,-inf,-inf,-inf,-inf,0
2008-07-02,-inf,-inf,-inf,-inf,0
2008-07-03,-inf,-inf,-inf,-inf,0
2008-07-04,-inf,-inf,-inf,-inf,0
2008-07-07,-inf,-inf,-inf,-inf,0
2008-07-08,-inf,-inf,-inf,-inf,0
2008-07-09,-inf,-inf,-inf,-inf,0
2008-07-10,-inf,-inf,-inf,-inf,0
2008-07-11,-inf,-inf,-inf,-inf,0
2008-07-14,-inf,-inf,-inf,-inf,0
2008-07-15,-inf,-inf,-inf,-inf,0
2008-07-16,-inf,-inf,-inf,-inf,0
2008-07-17,-inf,-inf,-inf,-inf,0
2008-07-18,-inf,-inf,-inf,-inf,0
2008-07-21,-inf,-inf,-inf,-inf,0
2008-07-22,-inf,-inf,-inf,-inf,0
2008-07-23,-inf,-inf,-inf,-inf,0
2008-07-25,-inf,-inf,-inf,-inf,0
2008-07-28,-inf,-inf,-inf,-inf,0
2008-07-29,-inf,-inf,-inf,-inf,0
2008-07-30,-inf,-inf,-inf,-inf,0
2008-07-31,-inf,-inf,-inf,-inf,0
2008-08-01,-inf,-inf,-inf,-inf,0
2008-08-04,-inf,-inf,-inf,-inf,0
2008-08-05,-inf,-inf,-inf,-inf,0
2008-08-06,-inf,-inf,-inf,-inf,0
2008-08-07,-inf,-inf,-inf,-inf,0
2008-08-08,-inf,-inf,-inf,-inf,0
2008-08-11,-inf,-inf,-inf,-inf,0
2008-08-12,-inf,-inf,-inf,-inf,0
2008-08-13,-inf,-inf,-inf,-inf,0
2008-08-14,-inf,-inf,-inf,-inf,0
2008-08-15,-inf,-inf,-inf,-inf,0
2008-08-19,-inf,-inf,-inf,-inf,0
2008-08-20,-inf,-inf,-inf,-inf,0
2008-08-21,-inf,-inf,-inf,-inf,0
2008-08-22,-inf,-inf,-inf,-inf,0
2008-08-25,-inf,-inf,-inf,-inf,0
2008-08-26,-inf,-inf,-inf,-inf,0
2008-08-27,-inf,-inf,-inf,-inf,0
2008-08-28,-inf,-inf,-inf,-inf,0
2008-08-29,-inf,-inf,-inf,-inf,0
2008-09-01,-inf,-inf,-inf,-inf,0
2008-09-02,-inf,-inf,-inf,-inf,30
2008-09-03,-inf,-inf,-inf,-inf,0
2008-09-04,-inf,-inf,-inf,-inf,0
2008-09-05,-inf,-inf,-inf,-inf,0
2008-09-08,-inf,-inf,-inf,-inf,0
2008-09-09,-inf,-inf,-inf,-inf,0
2008-09-10,-inf,-inf,-inf,-inf,0
2008-09-11,-inf,-inf,-inf,-inf,0
2008-09-12,-inf,-inf,-inf,-inf,0
2008-09-15,-inf,-inf,-inf,-inf,0
2008-09-16,-inf,-inf,-inf,-inf,0
2008-09-17,-inf,-inf,-inf,-inf,0
2008-09-18,-inf,-inf,-inf,-inf,0
2008-09-19,-inf,-inf,-inf,-inf,0
2008-09-22,-inf,-inf,-inf,-inf,0
2008-09-23,-inf,-inf,-inf,-inf,0
2008-09-24,-inf,-inf,-inf,-inf,0
2008-09-25,-inf,-inf,-inf,-inf,0
2008-09-26,-inf,-inf,-inf,-inf,0
2008-09-29,-inf,-inf,-inf,-inf,0
2008-09-30,-inf,-inf,-inf,-inf,0
2008-10-01,-inf,-inf,-inf,-inf,0
2008-10-02,-inf,-inf,-inf,-inf,0
2008-10-03,-inf,-inf,-inf,-inf,0
2008-10-06,inf,inf,inf,inf,0
2008-10-07,inf,inf,inf,inf,0
2008-10-08,inf,inf,inf,inf,0
2008-10-09,inf,inf,inf,inf,0
2008-10-10,inf,inf,inf,inf,0
2008-10-13,inf,inf,inf,inf,0
2008-10-14,inf,inf,inf,inf,0
2008-10-15,inf,inf,inf,inf,0
2008-10-16,inf,inf,inf,inf,0
2008-10-17,inf,inf,inf,inf,0
2008-10-20,inf,inf,inf,inf,0
2008-10-21,inf,inf,inf,inf,0
2008-10-22,inf,inf,inf,inf,0
2008-10-23,inf,inf,inf,inf,0
2008-10-24,inf,inf,inf,inf,0
2008-10-27,inf,inf,inf,inf,0
2008-10-28,inf,inf,inf,inf,0
2008-10-29,inf,inf,inf,inf,0
2008-10-30,inf,inf,inf,inf,0
2008-10-31,inf,inf,inf,inf,0
2008-11-03,inf,inf,inf,inf,0
2008-11-04,inf,inf,inf,inf,0
2008-11-05,inf,inf,inf,inf,0
2008-11-06,inf,inf,inf,inf,0
2008-11-07,inf,inf,inf,inf,0
2008-11-10,inf,inf,inf,inf,0
2008-11-11,inf,inf,inf,inf,0
2008-11-12,inf,inf,inf,inf,0
2008-11-13,inf,inf,inf,inf,0
2008-11-14,inf,inf,inf,inf,0
2008-11-17,inf,inf,inf,inf,0
2008-11-18,inf,inf,inf,inf,0
2008-11-19,inf,inf,inf,inf,160000
2008-11-20,inf,inf,inf,inf,0
2008-11-21,inf,inf,inf,inf,0
2008-11-24,inf,inf,inf,inf,0
2008-11-25,inf,inf,inf,inf,0
2008-11-26,inf,inf,inf,inf,0
2008-11-27,inf,inf,inf,inf,0
2008-11-28,inf,inf,inf,inf,0
2008-12-01,inf,inf,inf,inf,0
2008-12-02,inf,inf,inf,inf,0
2008-12-03,inf,inf,inf,inf,0
2008-12-04,inf,inf,inf,inf,0
2008-12-05,inf,inf,inf,inf,0
2008-12-09,inf,inf,inf,inf,0
2008-12-10,inf,inf,inf,inf,0
2008-12-11,inf,inf,inf,inf,0
2008-12-12,inf,inf,inf,inf,0
2008-12-15,inf,inf,inf,inf,0
2008-12-16,inf,inf,inf,inf,0
2008-12-17,inf,inf,inf,inf,0
2008-12-18,inf,inf,inf,inf,0
2008-12-19,inf,inf,inf,inf,0
2008-12-22,inf,inf,inf,inf,0
2008-12-23,inf,inf,inf,inf,0
2008-12-24,inf,inf,inf,inf,0
2008-12-26,inf,inf,inf,inf,0
2008-12-29,inf,inf,inf,inf,0
2008-12-30,inf,inf,inf,inf,0
2008-12-31,inf,inf,inf,inf,0
2009-01-02,inf,inf,inf,inf,0
2009-01-06,inf,inf,inf,inf,0
2009-01-07,inf,inf,inf,inf,0
2009-01-08,inf,inf,inf,inf,0
2009-01-09,inf,inf,inf,inf,0
2009-01-12,inf,inf,inf,inf,0
2009-01-13,inf,inf,inf,inf,0
2009-01-14,inf,inf,inf,inf,0
2009-01-15,inf,inf,inf,inf,0
2009-01-16,inf,inf,inf,inf,0
2009-01-19,inf,inf,inf,inf,0
2009-01-20,inf,inf,inf,inf,0
2009-01-21,inf,inf,inf,inf,0
2009-01-22,inf,inf,inf,inf,0
2009-01-23,inf,inf,inf,inf,0
2009-01-26,inf,inf,inf,inf,0
2009-01-27,inf,inf,inf,inf,0
2009-01-28,inf,inf,inf,inf,0
2009-01-29,inf,inf,inf,inf,0
2009-01-30,inf,inf,inf,inf,0
2009-02-02,inf,inf,inf,inf,0
2009-02-03,inf,inf,inf,inf,0
2009-02-04,inf,inf,inf,inf,0
2009-02-05,inf,inf,inf,inf,0
2009-02-06,inf,inf,inf,inf,0
2009-02-09,inf,inf,inf,inf,0
2009-02-10,inf,inf,inf,inf,0
2009-02-11,inf,inf,inf,inf,0
2009-02-12,inf,inf,inf,inf,0
2009-02-13,inf,inf,inf,inf,0
2009-02-16,inf,inf,inf,inf,0
2009-02-17,inf,inf,inf,inf,0
2009-02-18,inf,inf,inf,inf,0
2009-02-19,inf,inf,inf,inf,0
2009-02-20,inf,inf,inf,inf,0
2009-02-25,inf,inf,inf,inf,0
2009-02-26,inf,inf,inf,inf,0
2009-02-27,inf,inf,inf,inf,0
2009-03-02,inf,inf,inf,inf,0
2009-03-03,inf,inf,inf,inf,0
2009-03-04,inf,inf,inf,inf,0
2009-03-05,inf,inf,inf,inf,0
2009-03-06,inf,inf,inf,inf,0
2009-03-09,inf,inf,inf,inf,0
2009-03-10,inf,inf,inf,inf,0
2009-03-11,inf,inf,inf,inf,0
2009-03-12,inf,inf,inf,inf,0
2009-03-13,inf,inf,inf,inf,0
2009-03-16,inf,inf,inf,inf,0
2009-03-17,inf,inf,inf,inf,188
2009-03-18,inf,inf,inf,inf,0
2009-03-20,inf,inf,inf,inf,0
2009-03-23,inf,inf,inf,inf,0
2009-03-24,-inf,-inf,-inf,-inf,0
2009-03-25,-inf,-inf,-inf,-inf,0
2009-03-26,-inf,-inf,-inf,-inf,0
2009-03-27,-inf,-inf,-inf,-inf,0
2009-03-30,-inf,-inf,-inf,-inf,0
2009-03-31,-inf,-inf,-inf,-inf,0
2009-04-01,-inf,-inf,-inf,-inf,0
2009-04-02,-inf,-inf,-inf,-inf,0
2009-04-03,-inf,-inf,-inf,-inf,0
2009-04-06,-inf,-inf,-inf,-inf,0
2009-04-07,-inf,-inf,-inf,-inf,0
2009-04-08,-inf,-inf,-inf,-inf,0
2009-04-13,-inf,-inf,-inf,-inf,0
2009-04-14,-inf,-inf,-inf,-inf,0
2009-04-15,-inf,-inf,-inf,-inf,0
2009-04-16,-inf,-inf,-inf,-inf,0
2009-04-17,-inf,-inf,-inf,-inf,0
2009-04-20,-inf,-inf,-inf,-inf,0
2009-04-21,-inf,-inf,-inf,-inf,0
2009-04-22,-inf,-inf,-inf,-inf,0
2009-04-23,-inf,-inf,-inf,-inf,0
2009-04-24,-inf,-inf,-inf,-inf,0
2009-04-27,-inf,-inf,-inf,-inf,0
2009-04-28,-inf,-inf,-inf,-inf,0
2009-04-29,-inf,-inf,-inf,-inf,0
2009-04-30,-inf,-inf,-inf,-inf,0
2009-05-04,-inf,-inf,-inf,-inf,0
2009-05-05,-inf,-inf,-inf,-inf,0
2009-05-06,-inf,-inf,-inf,-inf,0
2009-05-07,-inf,-inf,-inf,-inf,0
2009-05-08,-inf,-inf,-inf,-inf,0
2009-05-11,-inf,-inf,-inf,-inf,0
2009-05-12,-inf,-inf,-inf,-inf,0
2009-05-13,-inf,-inf,-inf,-inf,0
2009-05-14,-inf,-inf,-inf,-inf,0
2009-05-15,-inf,-inf,-inf,-inf,0
2009-05-18,-inf,-inf,-inf,-inf,0
2009-05-19,-inf,-inf,-inf,-inf,0
2009-05-20,-inf,-inf,-inf,-inf,0
2009-05-21,-inf,-inf,-inf,-inf,0
2009-05-22,-inf,-inf,-inf,-inf,0
2009-05-26,-inf,-inf,-inf,-inf,0
2009-05-27,-inf,-inf,-inf,-inf,0
2009-05-28,-inf,-inf,-inf,-inf,0
2009-05-29,-inf,-inf,-inf,-inf,0
2009-06-01,-inf,-inf,-inf,-inf,0
2009-06-02,-inf,-inf,-inf,-inf,0
2009-06-03,-inf,-inf,-inf,-inf,0
2009-06-04,-inf,-inf,-inf,-inf,0
2009-06-05,-inf,-inf,-inf,-inf,0
2009-06-08,-inf,-inf,-inf,-inf,0
2009-06-09,-inf,-inf,-inf,-inf,0
2009-06-10,-inf,-inf,-inf,-inf,0
2009-06-11,-inf,-inf,-inf,-inf,0
2009-06-12,-inf,-inf,-inf,-inf,0
2009-06-16,-inf,-inf,-inf,-inf,0
2009-06-17,-inf,-inf,-inf,-inf,0
2009-06-18,-inf,-inf,-inf,-inf,0
2009-06-19,-inf,-inf,-inf,-inf,0
2009-06-22,-inf,-inf,-inf,-inf,0
2009-06-23,-inf,-inf,-inf,-inf,0
2009-06-25,-inf,-inf,-inf,-inf,0
2009-06-26,-inf,-inf,-inf,-inf,0
2009-06-30,-inf,-inf,-inf,-inf,0
2009-07-01,-inf,-inf,-inf,-inf,0
2009-07-02,-inf,-inf,-inf,-inf,0
2009-07-03,-inf,-inf,-inf,-inf,0
2009-07-06,-inf,-inf,-inf,-inf,0
2009-07-07,-inf,-inf,-inf,-inf,610
2009-07-08,-inf,-inf,-inf,-inf,1999
2009-07-09,-inf,-inf,-inf,-inf,0
2009-07-10,-inf,-inf,-inf,-inf,0
2009-07-13,-inf,-inf,-inf,-inf,1407
2009-07-14,-inf,-inf,-inf,-inf,0
2009-07-15,-inf,-inf,-inf,-inf,0
2009-07-16,-inf,-inf,-inf,-inf,0
2009-07-17,-inf,-inf,-inf,-inf,0
2009-07-20,-inf,-inf,-inf,-inf,0
2009-07-21,-inf,-inf,-inf,-inf,0
2009-07-22,-inf,-inf,-inf,-inf,0
2009-07-23,-inf,-inf,-inf,-inf,0
2009-07-27,-inf,-inf,-inf,-inf,0
2009-07-28,-inf,-inf,-inf,-inf,0
2009-07-29,-inf,-inf,-inf,-inf,0
2009-07-30,-inf,-inf,-inf,-inf,0
2009-07-31,-inf,-inf,-inf,-inf,0
2009-08-03,-inf,-inf,-inf,-inf,0
2009-08-04,-inf,-inf,-inf,-inf,0
2009-08-05,-inf,-inf,-inf,-inf,0
2009-08-06,-inf,-inf,-inf,-inf,0
2009-08-07,-inf,-inf,-inf,-inf,0
2009-08-10,-inf,-inf,-inf,-inf,0
2009-08-11,-inf,-inf,-inf,-inf,0
2009-08-12,-inf,-inf,-inf,-inf,0
2009-08-13,-inf,-inf,-inf,-inf,0
2009-08-14,-inf,-inf,-inf,-inf,0
2009-08-17,-inf,-inf,-inf,-inf,0
2009-08-18,-inf,-inf,-inf,-inf,0
2009-08-19,-inf,-inf,-inf,-inf,0
2009-08-20,-inf,-inf,-inf,-inf,0
2009-08-21,-inf,-inf,-inf,-inf,0
2009-08-24,-inf,-inf,-inf,-inf,0
2009-08-25,-inf,-inf,-inf,-inf,0
2009-08-26,-inf,-inf,-inf,-inf,0
2009-08-27,-inf,-inf,-inf,-inf,0
2009-08-28,-inf,-inf,-inf,-inf,0
2009-08-31,-inf,-inf,-inf,-inf,0
2009-09-01,-inf,-inf,-inf,-inf,0
2009-09-02,-inf,-inf,-inf,-inf,0
2009-09-03,-inf,-inf,-inf,-inf,0
2009-09-04,-inf,-inf,-inf,-inf,0
2009-09-07,-inf,-inf,-inf,-inf,0
2009-09-08,-inf,-inf,-inf,-inf,0
2009-09-09,-inf,-inf,-inf,-inf,0
2009-09-10,-inf,-inf,-inf,-inf,0
2009-09-11,-inf,-inf,-inf,-inf,0
2009-09-14,-inf,-inf,-inf,-inf,0
2009-09-15,-inf,-inf,-inf,-inf,0
2009-09-16,-inf,-inf,-inf,-inf,0
2009-09-17,-inf,-inf,-inf,-inf,0
2009-09-18,-inf,-inf,-inf,-inf,0
2009-09-21,inf,inf,inf,inf,0
2009-09-22,inf,inf,inf,inf,0
2009-09-23,inf,inf,inf,inf,0
2009-09-24,inf,inf,inf,inf,0
2009-09-25,inf,inf,inf,inf,0
2009-09-28,inf,inf,inf,inf,0
2009-09-29,inf,inf,inf,inf,0
2009-09-30,inf,inf,inf,inf,0
2009-10-01,inf,inf,inf,inf,0
2009-10-02,inf,inf,inf,inf,0
2009-10-05,inf,inf,inf,inf,0
2009-10-06,inf,inf,inf,inf,0
2009-10-07,inf,inf,inf,inf,0
2009-10-08,inf,inf,inf,inf,4100
2009-10-09,inf,inf,inf,inf,0
2009-10-13,inf,inf,inf,inf,0
2009-10-14,inf,inf,inf,inf,0
2009-10-15,inf,inf,inf,inf,0
2009-10-16,inf,inf,inf,inf,0
2009-10-19,inf,inf,inf,inf,0
2009-10-20,inf,inf,inf,inf,0
2009-10-21,inf,inf,inf,inf,0
2009-10-22,inf,inf,inf,inf,7452
2009-10-23,inf,inf,inf,inf,0
2009-10-26,inf,inf,inf,inf,0
2009-10-27,inf,inf,inf,inf,0
2009-10-28,inf,inf,inf,inf,0
2009-10-29,inf,inf,inf,inf,0
2009-10-30,inf,inf,inf,inf,0
2009-11-02,inf,inf,inf,inf,0
2009-11-03,inf,inf,inf,inf,0
2009-11-04,inf,inf,inf,inf,0
2009-11-05,inf,inf,inf,inf,0
2009-11-06,inf,inf,inf,inf,0
2009-11-09,inf,inf,inf,inf,0
2009-11-10,inf,inf,inf,inf,0
2009-11-11,inf,inf,inf,inf,0
2009-11-12,inf,inf,inf,inf,0
2009-11-13,inf,inf,inf,inf,0
2009-11-16,inf,inf,inf,inf,0
2009-11-17,inf,inf,inf,inf,0
2009-11-18,inf,inf,inf,inf,0
2009-11-19,inf,inf,inf,inf,0
2009-11-20,inf,inf,inf,inf,0
2009-11-23,inf,inf,inf,inf,0
2009-11-24,inf,inf,inf,inf,0
2009-11-25,inf,inf,inf,inf,0
2009-11-26,inf,inf,inf,inf,0
2009-11-27,inf,inf,inf,inf,0
2009-11-30,inf,inf,inf,inf,0
2009-12-01,inf,inf,inf,inf,0
2009-12-02,inf,inf,inf,inf,0
2009-12-03,inf,inf,inf,inf,0
2009-12-04,inf,inf,inf,inf,0
2009-12-08,inf,inf,inf,inf,0
2009-12-09,inf,inf,inf,inf,0
2009-12-10,inf,inf,inf,inf,800
2009-12-11,inf,inf,inf,inf,0
2009-12-14,inf,inf,inf,inf,0
2009-12-15,inf,inf,inf,inf,0
2009-12-16,inf,inf,inf,inf,0
2009-12-17,inf,inf,inf,inf,0
2009-12-18,inf,inf,inf,inf,0
2009-12-21,inf,inf,inf,inf,0
2009-12-22,inf,inf,inf,inf,0
2009-12-23,inf,inf,inf,inf,0
2009-12-24,inf,inf,inf,inf,0
2009-12-28,inf,inf,inf,inf,0
2009-12-29,inf,inf,inf,inf,0
2009-12-30,inf,inf,inf,inf,0
2009-12-31,inf,inf,inf,inf,0
2010-01-05,inf,inf,inf,inf,0
2010-01-06,inf,inf,inf,inf,0
2010-01-07,inf,inf,inf,inf,0
2010-01-08,inf,inf,inf,inf,0
2010-01-11,inf,inf,inf,inf,0
2010-01-12,inf,inf,inf,inf,0
2010-01-13,inf,inf,inf,inf,0
2010-01-14,inf,inf,inf,inf,0
2010-01-15,inf,inf,inf,inf,0
2010-01-18,inf,inf,inf,inf,0
2010-01-19,inf,inf,inf,inf,0
2010-01-20,inf,inf,inf,inf,0
2010-01-21,inf,inf,inf,inf,0
2010-01-22,inf,inf,inf,inf,0
2010-01-25,inf,inf,inf,inf,0
2010-01-26,inf,inf,inf,inf,0
2010-01-27,inf,inf,inf,inf,0
2010-01-28,inf,inf,inf,inf,0
2010-01-29,inf,inf,inf,inf,0
2010-02-01,inf,inf,inf,inf,0
2010-02-02,inf,inf,inf,inf,0
2010-02-03,inf,inf,inf,inf,0
2010-02-04,inf,inf,inf,inf,0
2010-02-05,inf,inf,inf,inf,0
2010-02-08,inf,inf,inf,inf,0
2010-02-09,inf,inf,inf,inf,0
2010-02-10,inf,inf,inf,inf,0
2010-02-11,inf,inf,inf,inf,0
2010-02-12,inf,inf,inf,inf,0
2010-02-17,inf,inf,inf,inf,0
2010-02-18,inf,inf,inf,inf,0
2010-02-19,inf,inf,inf,inf,0
2010-02-22,inf,inf,inf,inf,0
2010-02-23,inf,inf,inf,inf,0
2010-02-24,-inf,-inf,-inf,-inf,3180
2010-02-25,-inf,-inf,-inf,-inf,0
2010-02-26,-inf,-inf,-inf,-inf,0
2010-03-01,-inf,-inf,-inf,-inf,0
2010-03-02,-inf,-inf,-inf,-inf,0
2010-03-03,-inf,-inf,-inf,-inf,0
2010-03-04,-inf,-inf,-inf,-inf,0
2010-03-05,-inf,-inf,-inf,-inf,0
2010-03-08,-inf,-inf,-inf,-inf,0
2010-03-09,-inf,-inf,-inf,-inf,0
2010-03-10,-inf,-inf,-inf,-inf,0
2010-03-11,-inf,-inf,-inf,-inf,0
2010-03-12,-inf,-inf,-inf,-inf,0
2010-03-15,-inf,-inf,-inf,-inf,0
2010-03-16,-inf,-inf,-inf,-inf,0
2010-03-17,-inf,-inf,-inf,-inf,0
2010-03-18,inf,inf,inf,inf,0
2010-03-22,inf,inf,inf,inf,0
2010-03-23,inf,inf,inf,inf,0
2010-03-24,inf,inf,inf,inf,0
2010-03-25,inf,inf,inf,inf,0
2010-03-26,inf,inf,inf,inf,0
2010-03-29,inf,inf,inf,inf,0
2010-03-30,inf,inf,inf,inf,0
2010-03-31,inf,inf,inf,inf,0
2010-04-05,inf,inf,inf,inf,0
2010-04-06,inf,inf,inf,inf,0
2010-04-07,inf,inf,inf,inf,0
2010-04-08,inf,inf,inf,inf,0
2010-04-09,inf,inf,inf,inf,0
2010-04-12,inf,inf,inf,inf,0
2010-04-13,inf,inf,inf,inf,0
2010-04-14,inf,inf,inf,inf,0
2010-04-15,inf,inf,inf,inf,0
2010-04-16,inf,inf,inf,inf,0
2010-04-20,inf,inf,inf,inf,0
2010-04-21,inf,inf,inf,inf,0
2010-04-22,inf,inf,inf,inf,0
2010-04-23,inf,inf,inf,inf,0
2010-04-26,inf,inf,inf,inf,0
2010-04-27,inf,inf,inf,inf,0
2010-04-28,inf,inf,inf,inf,0
2010-04-29,inf,inf,inf,inf,0
2010-04-30,inf,inf,inf,inf,0
2010-05-03,inf,inf,inf,inf,0
2010-05-04,inf,inf,inf,inf,0
2010-05-05,inf,inf,inf,inf,0
2010-05-06,inf,inf,inf,inf,0
2010-05-07,inf,inf,inf,inf,0
2010-05-10,inf,inf,inf,inf,0
2010-05-11,inf,inf,inf,inf,0
2010-05-12,inf,inf,inf,inf,0
2010-05-13,inf,inf,inf,inf,0
2010-05-14,inf,inf,inf,inf,0
2010-05-18,inf,inf,inf,inf,0
2010-05-19,inf,inf,inf,inf,0
2010-05-20,inf,inf,inf,inf,0
2010-05-21,inf,inf,inf,inf,0
2010-05-24,inf,inf,inf,inf,0
2010-05-25,inf,inf,inf,inf,0
2010-05-26,inf,inf,inf,inf,0
2010-05-27,inf,inf,inf,inf,0
2010-05-28,inf,inf,inf,inf,0
2010-05-31,inf,inf,inf,inf,0
2010-06-01,inf,inf,inf,inf,0
2010-06-02,inf,inf,inf,inf,0
2010-06-03,inf,inf,inf,inf,0
2010-06-04,inf,inf,inf,inf,0
2010-06-08,inf,inf,inf,inf,0
2010-06-09,inf,inf,inf,inf,0
2010-06-10,inf,inf,inf,inf,0
2010-06-11,inf,inf,inf,inf,0
2010-06-14,inf,inf,inf,inf,0
2010-06-15,inf,inf,inf,inf,0
2010-06-16,inf,inf,inf,inf,0
2010-06-17,inf,inf,inf,inf,0
2010-06-18,inf,inf,inf,inf,0
2010-06-21,inf,inf,inf,inf,0
2010-06-22,inf,inf,inf,inf,0
2010-06-23,-inf,-inf,-inf,-inf,0
2010-06-25,-inf,-inf,-inf,-inf,0
2010-06-29,-inf,-inf,-inf,-inf,0
2010-06-30,-inf,-inf,-inf,-inf,0
2010-07-01,-inf,-inf,-inf,-inf,0
2010-07-02,-inf,-inf,-inf,-inf,0
2010-07-06,-inf,-inf,-inf,-inf,0
2010-07-07,-inf,-inf,-inf,-inf,0
2010-07-08,-inf,-inf,-inf,-inf,0
2010-07-09,-inf,-inf,-inf,-inf,0
2010-07-12,-inf,-inf,-inf,-inf,0
2010-07-13,-inf,-inf,-inf,-inf,0
2010-07-14,-inf,-inf,-inf,-inf,0
2010-07-15,-inf,-inf,-inf,-inf,0
2010-07-16,-inf,-inf,-inf,-inf,0
2010-07-19,-inf,-inf,-inf,-inf,0
2010-07-20,-inf,-inf,-inf,-inf,0
2010-07-21,-inf,-inf,-inf,-inf,0
2010-07-22,-inf,-inf,-inf,-inf,0
2010-07-23,-inf,-inf,-inf,-inf,0
2010-07-26,-inf,-inf,-inf,-inf,0
2010-07-27,-inf,-inf,-inf,-inf,0
2010-07-28,-inf,-inf,-inf,-inf,0
2010-07-29,-inf,-inf,-inf,-inf,0
2010-07-30,-inf,-inf,-inf,-inf,0
2010-08-02,-inf,-inf,-inf,-inf,0
2010-08-03,-inf,-inf,-inf,-inf,0
2010-08-04,-inf,-inf,-inf,-inf,0
2010-08-05,-inf,-inf,-inf,-inf,0
2010-08-06,-inf,-inf,-inf,-inf,0
2010-08-09,-inf,-inf,-inf,-inf,0
2010-08-10,-inf,-inf,-inf,-inf,0
2010-08-11,-inf,-inf,-inf,-inf,0
2010-08-12,-inf,-inf,-inf,-inf,0
2010-08-13,-inf,-inf,-inf,-inf,0
2010-08-16,-inf,-inf,-inf,-inf,0
2010-08-17,-inf,-inf,-inf,-inf,0
2010-08-18,-inf,-inf,-inf,-inf,0
2010-08-19,-inf,-inf,-inf,-inf,0
2010-08-20,-inf,-inf,-inf,-inf,0
2010-08-23,inf,inf,inf,inf,0
2010-08-24,inf,inf,inf,inf,0
2010-08-25,inf,inf,inf,inf,0
2010-08-26,inf,inf,inf,inf,0
2010-08-27,inf,inf,inf,inf,0
2010-08-30,inf,inf,inf,inf,0
2010-08-31,inf,inf,inf,inf,0
2010-09-01,inf,inf,inf,inf,0
2010-09-02,inf,inf,inf,inf,0
2010-09-03,inf,inf,inf,inf,0
2010-09-06,inf,inf,inf,inf,0
2010-09-07,inf,inf,inf,inf,0
2010-09-08,inf,inf,inf,inf,0
2010-09-09,inf,inf,inf,inf,0
2010-09-10,inf,inf,inf,inf,0
2010-09-13,inf,inf,inf,inf,0
2010-09-14,inf,inf,inf,inf,0
2010-09-15,inf,inf,inf,inf,0
2010-09-16,inf,inf,inf,inf,0
2010-09-17,inf,inf,inf,inf,0
2010-09-20,inf,inf,inf,inf,0
2010-09-21,inf,inf,inf,inf,0
2010-09-22,inf,inf,inf,inf,0
2010-09-23,inf,inf,inf,inf,0
2010-09-24,inf,inf,inf,inf,0
2010-09-27,inf,inf,inf,inf,0
2010-09-28,inf,inf,inf,inf,0
2010-09-29,inf,inf,inf,inf,0
2010-09-30,inf,inf,inf,inf,0
2010-10-01,inf,inf,inf,inf,0
2010-10-04,inf,inf,inf,inf,0
2010-10-05,inf,inf,inf,inf,0
2010-10-06,inf,inf,inf,inf,0
2010-10-07,inf,inf,inf,inf,0
2010-10-08,inf,inf,inf,inf,0
2010-10-11,inf,inf,inf,inf,0
2010-10-13,inf,inf,inf,inf,0
2010-10-14,inf,inf,inf,inf,0
2010-10-15,inf,inf,inf,inf,0
2010-10-18,inf,inf,inf,inf,0
2010-10-19,inf,inf,inf,inf,0
2010-10-20,inf,inf,inf,inf,0
2010-10-21,inf,inf,inf,inf,0
2010-10-22,inf,inf,inf,inf,0
2010-10-25,inf,inf,inf,inf,0
2010-10-26,inf,inf,inf,inf,0
2010-10-27,inf,inf,inf,inf,0
2010-10-28,inf,inf,inf,inf,0
2010-10-29,inf,inf,inf,inf,0
2010-11-02,inf,inf,inf,inf,0
2010-11-03,inf,inf,inf,inf,0
2010-11-04,inf,inf,inf,inf,0
2010-11-05,inf,inf,inf,inf,0
2010-11-08,inf,inf,inf,inf,0
2010-11-09,inf,inf,inf,inf,0
2010-11-10,inf,inf,inf,inf,0
2010-11-11,inf,inf,inf,inf,0
2010-11-12,inf,inf,inf,inf,0
2010-11-15,inf,inf,inf,inf,0
2010-11-16,inf,inf,inf,inf,0
2010-11-17,inf,inf,inf,inf,0
2010-11-18,inf,inf,inf,inf,0
2010-11-19,inf,inf,inf,inf,0
2010-11-22,inf,inf,inf,inf,0
2010-11-23,inf,inf,inf,inf,0
2010-11-24,inf,inf,inf,inf,0
2010-11-25,inf,inf,inf,inf,0
2010-11-26,inf,inf,inf,inf,0
2010-11-29,inf,inf,inf,inf,0
2010-11-30,inf,inf,inf,inf,0
2010-12-01,inf,inf,inf,inf,0
2010-12-02,inf,inf,inf,inf,0
2010-12-03,inf,inf,inf,inf,0
2010-12-07,inf,inf,inf,inf,0
2010-12-08,inf,inf,inf,inf,0
2010-12-09,inf,inf,inf,inf,0
2010-12-10,inf,inf,inf,inf,0
2010-12-13,inf,inf,inf,inf,0
2010-12-14,inf,inf,inf,inf,0
2010-12-15,inf,inf,inf,inf,0
2010-12-16,inf,inf,inf,inf,0
2010-12-17,inf,inf,inf,inf,0
2010-12-20,inf,inf,inf,inf,0
2010-12-21,inf,inf,inf,inf,0
2010-12-22,inf,inf,inf,inf,0
2010-12-23,inf,inf,inf,inf,0
2010-12-24,inf,inf,inf,inf,0
2010-12-27,inf,inf,inf,inf,0
2010-12-28,inf,inf,inf,inf,0
2010-12-29,inf,inf,inf,inf,0
2010-12-30,inf,inf,inf,inf,0
2010-12-31,inf,inf,inf,inf,0
2011-01-03,inf,inf,inf,inf,0
2011-01-05,inf,inf,inf,inf,0
2011-01-06,inf,inf,inf,inf,0
2011-01-07,inf,inf,inf,inf,0
2011-01-11,inf,inf,inf,inf,0
2011-01-12,inf,inf,inf,inf,0
2011-01-13,inf,inf,inf,inf,0
2011-01-14,inf,inf,inf,inf,0
2011-01-17,inf,inf,inf,inf,0
2011-01-18,inf,inf,inf,inf,0
2011-01-19,inf,inf,inf,inf,0
2011-01-20,inf,inf,inf,inf,0
2011-01-21,inf,inf,inf,inf,0
2011-01-24,inf,inf,inf,inf,0
2011-01-25,inf,inf,inf,inf,0
2011-01-26,inf,inf,inf,inf,0
2011-01-27,inf,inf,inf,inf,0
2011-01-28,inf,inf,inf,inf,0
2011-01-31,inf,inf,inf,inf,0
2011-02-01,inf,inf,inf,inf,0
2011-02-02,inf,inf,inf,inf,0
2011-02-03,inf,inf,inf,inf,0
2011-02-04,inf,inf,inf,inf,0
2011-02-07,inf,inf,inf,inf,0
2011-02-08,inf,inf,inf,inf,0
2011-02-09,inf,inf,inf,inf,0
2011-02-10,inf,inf,inf,inf,0
2011-02-11,inf,inf,inf,inf,0
2011-02-14,inf,inf,inf,inf,0
2011-02-15,inf,inf,inf,inf,0
2011-02-16,inf,inf,inf,inf,0
2011-02-17,inf,inf,inf,inf,0
2011-02-18,inf,inf,inf,inf,0
2011-02-21,inf,inf,inf,inf,0
2011-02-22,inf,inf,inf,inf,0
2011-02-23,inf,inf,inf,inf,0
2011-02-24,inf,inf,inf,inf,0
2011-02-25,inf,inf,inf,inf,0
2011-02-28,inf,inf,inf,inf,0
2011-03-01,inf,inf,inf,inf,0
2011-03-02,inf,inf,inf,inf,0
2011-03-03,inf,inf,inf,inf,0
2011-03-04,inf,inf,inf,inf,0
2011-03-09,inf,inf,inf,inf,0
2011-03-10,inf,inf,inf,inf,0
2011-03-11,-inf,-inf,-inf,-inf,0
2011-03-14,-inf,-inf,-inf,-inf,0
2011-03-15,-inf,-inf,-inf,-inf,0
2011-03-16,-inf,-inf,-inf,-inf,0
2011-03-17,-inf,-inf,-inf,-inf,0
2011-03-18,-inf,-inf,-inf,-inf,0
2011-03-21,-inf,-inf,-inf,-inf,0
2011-03-22,-inf,-inf,-inf,-inf,0
2011-03-23,-inf,-inf,-inf,-inf,0
2011-03-24,-inf,-inf,-inf,-inf,0
2011-03-25,-inf,-inf,-inf,-inf,0
2011-03-28,-inf,-inf,-inf,-inf,0
2011-03-29,-inf,-inf,-inf,-inf,0
2011-03-30,-inf,-inf,-inf,-inf,0
2011-03-31,-inf,-inf,-inf,-inf,0
2011-04-01,-inf,-inf,-inf,-inf,0
2011-04-04,-inf,-inf,-inf,-inf,0
2011-04-05,-inf,-inf,-inf,-inf,0
2011-04-06,-inf,-inf,-inf,-inf,0
2011-04-07,-inf,-inf,-inf,-inf,0
2011-04-08,-inf,-inf,-inf,-inf,0
2011-04-11,-inf,-inf,-inf,-inf,0
2011-04-12,-inf,-inf,-inf,-inf,0
2011-04-13,-inf,-inf,-inf,-inf,0
2011-04-14,-inf,-inf,-inf,-inf,0
2011-04-15,-inf,-inf,-inf,-inf,0
2011-04-18,-inf,-inf,-inf,-inf,0
2011-04-20,-inf,-inf,-inf,-inf,0
2011-04-25,-inf,-inf,-inf,-inf,0
2011-04-26,-inf,-inf,-inf,-inf,0
2011-04-27,-inf,-inf,-inf,-inf,0
2011-04-28,-inf,-inf,-inf,-inf,0
2011-04-29,-inf,-inf,-inf,-inf,0
2011-05-02,-inf,-inf,-inf,-inf,0
2011-05-03,-inf,-inf,-inf,-inf,0
2011-05-04,-inf,-inf,-inf,-inf,0
2011-05-05,-inf,-inf,-inf,-inf,0
2011-05-06,-inf,-inf,-inf,-inf,0
2011-05-09,-inf,-inf,-inf,-inf,0
2011-05-10,-inf,-inf,-inf,-inf,0
2011-05-11,-inf,-inf,-inf,-inf,0
2011-05-12,-inf,-inf,-inf,-inf,0
2011-05-13,-inf,-inf,-inf,-inf,0
2011-05-16,-inf,-inf,-inf,-inf,0
2011-05-17,-inf,-inf,-inf,-inf,0
2011-05-18,-inf,-inf,-inf,-inf,0
2011-05-19,-inf,-inf,-inf,-inf,0
2011-05-20,-inf,-inf,-inf,-inf,0
2011-05-23,-inf,-inf,-inf,-inf,0
2011-05-24,-inf,-inf,-inf,-inf,0
2011-05-25,-inf,-inf,-inf,-inf,0
2011-05-26,-inf,-inf,-inf,-inf,0
2011-05-27,-inf,-inf,-inf,-inf,0
2011-05-30,-inf,-inf,-inf,-inf,0
2011-05-31,-inf,-inf,-inf,-inf,0
2011-06-01,-inf,-inf,-inf,-inf,0
2011-06-02,-inf,-inf,-inf,-inf,0
2011-06-03,-inf,-inf,-inf,-inf,0
2011-06-07,-inf,-inf,-inf,-inf,0
2011-06-08,-inf,-inf,-inf,-inf,0
2011-06-09,-inf,-inf,-inf,-inf,0
2011-06-10,-inf,-inf,-inf,-inf,0
2011-06-13,-inf,-inf,-inf,-inf,0
2011-06-14,-inf,-inf,-inf,-inf,0
2011-06-15,-inf,-inf,-inf,-inf,0
2011-06-16,-inf,-inf,-inf,-inf,0
2011-06-17,-inf,-inf,-inf,-inf,0
2011-06-20,-inf,-inf,-inf,-inf,0
2011-06-21,-inf,-inf,-inf,-inf,0
2011-06-22,-inf,-inf,-inf,-inf,0
2011-06-23,-inf,-inf,-inf,-inf,0
2011-06-28,-inf,-inf,-inf,-inf,0
2011-06-29,-inf,-inf,-inf,-inf,0
2011-06-30,-inf,-inf,-inf,-inf,0
2011-07-01,-inf,-inf,-inf,-inf,0
2011-07-06,-inf,-inf,-inf,-inf,0
2011-07-07,-inf,-inf,-inf,-inf,0
2011-07-08,-inf,-inf,-inf,-inf,0
2011-07-11,-inf,-inf,-inf,-inf,0
2011-07-12,-inf,-inf,-inf,-inf,0
2011-07-13,-inf,-inf,-inf,-inf,0
2011-07-14,-inf,-inf,-inf,-inf,0
2011-07-15,-inf,-inf,-inf,-inf,0
2011-07-18,-inf,-inf,-inf,-inf,0
2011-07-19,-inf,-inf,-inf,-inf,0
2011-07-20,-inf,-inf,-inf,-inf,0
2011-07-21,-inf,-inf,-inf,-inf,0
2011-07-22,-inf,-inf,-inf,-inf,0
2011-07-25,-inf,-inf,-inf,-inf,0
2011-07-26,-inf,-inf,-inf,-inf,0
2011-07-27,-inf,-inf,-inf,-inf,0
2011-07-28,-inf,-inf,-inf,-inf,0
2011-07-29,-inf,-inf,-inf,-inf,0
2011-08-01,-inf,-inf,-inf,-inf,0
2011-08-02,-inf,-inf,-inf,-inf,0
2011-08-03,-inf,-inf,-inf,-inf,0
2011-08-04,-inf,-inf,-inf,-inf,0
2011-08-05,-inf,-inf,-inf,-inf,0
2011-08-08,-inf,-inf,-inf,-inf,0
2011-08-09,-inf,-inf,-inf,-inf,0
2011-08-10,-inf,-inf,-inf,-inf,0
2011-08-11,-inf,-inf,-inf,-inf,0
2011-08-12,-inf,-inf,-inf,-inf,0
2011-08-16,-inf,-inf,-inf,-inf,0
2011-08-17,-inf,-inf,-inf,-inf,0
2011-08-18,-inf,-inf,-inf,-inf,0
2011-08-19,-inf,-inf,-inf,-inf,0
2011-08-22,-inf,-inf,-inf,-inf,0
2011-08-23,-inf,-inf,-inf,-inf,0
2011-08-24,-inf,-inf,-inf,-inf,0
2011-08-25,-inf,-inf,-inf,-inf,0
2011-08-26,-inf,-inf,-inf,-inf,0
2011-08-29,-inf,-inf,-inf,-inf,0
2011-08-30,-inf,-inf,-inf,-inf,0
2011-08-31,-inf,-inf,-inf,-inf,0
2011-09-01,-inf,-inf,-inf,-inf,0
2011-09-02,-inf,-inf,-inf,-inf,0
2011-09-05,-inf,-inf,-inf,-inf,0
2011-09-06,-inf,-inf,-inf,-inf,0
2011-09-07,-inf,-inf,-inf,-inf,0
2011-09-08,-inf,-inf,-inf,-inf,0
2011-09-09,-inf,-inf,-inf,-inf,0
2011-09-12,-inf,-inf,-inf,-inf,0
2011-09-13,-inf,-inf,-inf,-inf,0
2011-09-14,-inf,-inf,-inf,-inf,0
2011-09-15,-inf,-inf,-inf,-inf,0
2011-09-16,-inf,-inf,-inf,-inf,0
2011-09-19,-inf,-inf,-inf,-inf,0
2011-09-20,-inf,-inf,-inf,-inf,0
2011-09-21,-inf,-inf,-inf,-inf,0
2011-09-22,-inf,-inf,-inf,-inf,0
2011-09-23,-inf,-inf,-inf,-inf,0
2011-09-26,-inf,-inf,-inf,-inf,0
2011-09-27,-inf,-inf,-inf,-inf,0
2011-09-28,-inf,-inf,-inf,-inf,0
2011-09-29,-inf,-inf,-inf,-inf,0
2011-09-30,-inf,-inf,-inf,-inf,0
2011-10-03,-inf,-inf,-inf,-inf,0
2011-10-04,-inf,-inf,-inf,-inf,0
2011-10-05,-inf,-inf,-inf,-inf,0
2011-10-06,-inf,-inf,-inf,-inf,0
2011-10-07,-inf,-inf,-inf,-inf,0
2011-10-10,-inf,-inf,-inf,-inf,0
2011-10-11,-inf,-inf,-inf,-inf,0
2011-10-13,-inf,-inf,-inf,-inf,0
2011-10-14,-inf,-inf,-inf,-inf,0
2011-10-17,-inf,-inf,-inf,-inf,0
2011-10-18,-inf,-inf,-inf,-inf,0
2011-10-19,-inf,-inf,-inf,-inf,0
2011-10-20,-inf,-inf,-inf,-inf,0
2011-10-21,-inf,-inf,-inf,-inf,0
2011-10-24,-inf,-inf,-inf,-inf,0
2011-10-25,-inf,-inf,-inf,-inf,0
2011-10-26,-inf,-inf,-inf,-inf,0
2011-10-27,-inf,-inf,-inf,-inf,0
2011-10-28,-inf,-inf,-inf,-inf,0
2011-11-01,-inf,-inf,-inf,-inf,0
2011-11-02,-inf,-inf,-inf,-inf,0
2011-11-03,-inf,-inf,-inf,-inf,0
2011-11-04,-inf,-inf,-inf,-inf,0
2011-11-07,-inf,-inf,-inf,-inf,0
2011-11-08,-inf,-inf,-inf,-inf,0
2011-11-09,-inf,-inf,-inf,-inf,0
2011-11-10,-inf,-inf,-inf,-inf,0
2011-11-11,-inf,-inf,-inf,-inf,0
2011-11-14,-inf,-inf,-inf,-inf,0
2011-11-15,-inf,-inf,-inf,-inf,0
2011-11-16,-inf,-inf,-inf,-inf,0
2011-11-17,-inf,-inf,-inf,-inf,0
2011-11-18,-inf,-inf,-inf,-inf,0
2011-11-21,-inf,-inf,-inf,-inf,0
2011-11-22,-inf,-inf,-inf,-inf,0
2011-11-23,-inf,-inf,-inf,-inf,0
2011-11-24,-inf,-inf,-inf,-inf,0
2011-11-25,-inf,-inf,-inf,-inf,0
2011-11-28,-inf,-inf,-inf,-inf,0
2011-11-29,-inf,-inf,-inf,-inf,0
2011-11-30,-inf,-inf,-inf,-inf,0
2011-12-01,-inf,-inf,-inf,-inf,0
2011-12-02,-inf,-inf,-inf,-inf,0
2011-12-05,-inf,-inf,-inf,-inf,0
2011-12-06,-inf,-inf,-inf,-inf,0
2011-12-07,-inf,-inf,-inf,-inf,0
2011-12-08,-inf,-inf,-inf,-inf,0
2011-12-09,-inf,-inf,-inf,-inf,0
2011-12-13,-inf,-inf,-inf,-inf,0
2011-12-14,-inf,-inf,-inf,-inf,0
2011-12-15,-inf,-inf,-inf,-inf,0
2011-12-16,-inf,-inf,-inf,-inf,0
2011-12-19,-inf,-inf,-inf,-inf,0
2011-12-20,-inf,-inf,-inf,-inf,0
2011-12-21,-inf,-inf,-inf,-inf,0
2011-12-22,-inf,-inf,-inf,-inf,0
2011-12-23,-inf,-inf,-inf,-inf,0
2011-12-26,-inf,-inf,-inf,-inf,0
2011-12-27,-inf,-inf,-inf,-inf,0
2011-12-28,-inf,-inf,-inf,-inf,0
2011-12-29,-inf,-inf,-inf,-inf,0
2011-12-30,-inf,-inf,-inf,-inf,0
2012-01-02,-inf,-inf,-inf,-inf,0
2012-01-03,-inf,-inf,-inf,-inf,0
2012-01-04,-inf,-inf,-inf,-inf,0
2012-01-05,-inf,-inf,-inf,-inf,0
2012-01-10,-inf,-inf,-inf,-inf,0
2012-01-11,-inf,-inf,-inf,-inf,0
2012-01-12,-inf,-inf,-inf,-inf,0
2012-01-13,-inf,-inf,-inf,-inf,0
2012-01-16,-inf,-inf,-inf,-inf,0
2012-01-17,-inf,-inf,-inf,-inf,0
2012-01-18,-inf,-inf,-inf,-inf,0
2012-01-19,-inf,-inf,-inf,-inf,0
2012-01-20,-inf,-inf,-inf,-inf,0
2012-01-23,-inf,-inf,-inf,-inf,0
2012-01-24,-inf,-inf,-inf,-inf,0
2012-01-25,-inf,-inf,-inf,-inf,0
2012-01-26,-inf,-inf,-inf,-inf,0
2012-01-27,-inf,-inf,-inf,-inf,0
2012-01-30,-inf,-inf,-inf,-inf,0
2012-01-31,-inf,-inf,-inf,-inf,0
2012-02-01,-inf,-inf,-inf,-inf,0
2012-02-02,-inf,-inf,-inf,-inf,0
2012-02-03,-inf,-inf,-inf,-inf,0
2012-02-06,-inf,-inf,-inf,-inf,0
2012-02-07,-inf,-inf,-inf,-inf,0
2012-02-08,-inf,-inf,-inf,-inf,0
2012-02-09,-inf,-inf,-inf,-inf,0
2012-02-10,-inf,-inf,-inf,-inf,0
2012-02-13,-inf,-inf,-inf,-inf,0
2012-02-14,-inf,-inf,-inf,-inf,0
2012-02-15,-inf,-inf,-inf,-inf,0
2012-02-16,-inf,-inf,-inf,-inf,0
2012-02-17,-inf,-inf,-inf,-inf,0
2012-02-22,-inf,-inf,-inf,-inf,0
2012-02-23,-inf,-inf,-inf,-inf,0
2012-02-24,-inf,-inf,-inf,-inf,0
2012-02-27,-inf,-inf,-inf,-inf,0
2012-02-28,-inf,-inf,-inf,-inf,0
2012-02-29,-inf,-inf,-inf,-inf,0
2012-03-01,-inf,-inf,-inf,-inf,0
2012-03-02,-inf,-inf,-inf,-inf,0
2012-03-05,-inf,-inf,-inf,-inf,0
2012-03-06,-inf,-inf,-inf,-inf,0
2012-03-07,-inf,-inf,-inf,-inf,0
2012-03-08,-inf,-inf,-inf,-inf,0
2012-03-09,-inf,-inf,-inf,-inf,0
2012-03-12,-inf,-inf,-inf,-inf,0
2012-03-13,-inf,-inf,-inf,-inf,0
2012-03-14,-inf,-inf,-inf,-inf,0
2012-03-15,-inf,-inf,-inf,-inf,0
2012-03-16,-inf,-inf,-inf,-inf,0
2012-03-20,-inf,-inf,-inf,-inf,0
2012-03-21,-inf,-inf,-inf,-inf,0
2012-03-22,-inf,-inf,-inf,-inf,0
2012-03-23,-inf,-inf,-inf,-inf,0
2012-03-26,-inf,-inf,-inf,-inf,0
2012-03-27,-inf,-inf,-inf,-inf,0
2012-03-28,-inf,-inf,-inf,-inf,0
2012-03-29,-inf,-inf,-inf,-inf,0
2012-03-30,-inf,-inf,-inf,-inf,0
2012-04-02,-inf,-inf,-inf,-inf,0
2012-04-03,-inf,-inf,-inf,-inf,0
2012-04-04,-inf,-inf,-inf,-inf,0
2012-04-09,-inf,-inf,-inf,-inf,0
2012-04-10,-inf,-inf,-inf,-inf,0
2012-04-11,-inf,-inf,-inf,-inf,0
2012-04-12,-inf,-inf,-inf,-inf,0
2012-04-13,-inf,-inf,-inf,-inf,0
2012-04-16,-inf,-inf,-inf,-inf,0
2012-04-17,-inf,-inf,-inf,-inf,0
2012-04-18,-inf,-inf,-inf,-inf,0
2012-04-20,-inf,-inf,-inf,-inf,0
2012-04-23,-inf,-inf,-inf,-inf,0
2012-04-24,-inf,-inf,-inf,-inf,0
2012-04-25,-inf,-inf,-inf,-inf,0
2012-04-26,-inf,-inf,-inf,-inf,0
2012-04-27,-inf,-inf,-inf,-inf,0
2012-04-30,-inf,-inf,-inf,-inf,0
2012-05-02,-inf,-inf,-inf,-inf,0
2012-05-03,-inf,-inf,-inf,-inf,0
2012-05-04,-inf,-inf,-inf,-inf,0
2012-05-07,-inf,-inf,-inf,-inf,0
2012-05-08,-inf,-inf,-inf,-inf,0
2012-05-09,-inf,-inf,-inf,-inf,0
2012-05-10,-inf,-inf,-inf,-inf,0
2012-05-11,-inf,-inf,-inf,-inf,0
2012-05-14,-inf,-inf,-inf,-inf,0
2012-05-15,-inf,-inf,-inf,-inf,0
2012-05-16,-inf,-inf,-inf,-inf,0
2012-05-17,-inf,-inf,-inf,-inf,0
2012-05-22,-inf,-inf,-inf,-inf,0
2012-05-23,-inf,-inf,-inf,-inf,0
2012-05-24,-inf,-inf,-inf,-inf,0
2012-05-25,-inf,-inf,-inf,-inf,0
2012-05-28,-inf,-inf,-inf,-inf,0
2012-05-29,-inf,-inf,-inf,-inf,0
2012-05-30,-inf,-inf,-inf,-inf,0
2012-05-31,-inf,-inf,-inf,-inf,0
2012-06-01,-inf,-inf,-inf,-inf,0
2012-06-04,-inf,-inf,-inf,-inf,0
2012-06-05,-inf,-inf,-inf,-inf,0
2012-06-06,-inf,-inf,-inf,-inf,0
2012-06-08,-inf,-inf,-inf,-inf,0
2012-06-12,-inf,-inf,-inf,-inf,0
2012-06-13,-inf,-inf,-inf,-inf,0
2012-06-14,-inf,-inf,-inf,-inf,0
2012-06-15,-inf,-inf,-inf,-inf,0
2012-06-18,-inf,-inf,-inf,-inf,0
2012-06-19,-inf,-inf,-inf,-inf,0
2012-06-20,-inf,-inf,-inf,-inf,0
2012-06-21,-inf,-inf,-inf,-inf,0
2012-06-22,-inf,-inf,-inf,-inf,0
2012-06-25,-inf,-inf,-inf,-inf,0
2012-06-26,-inf,-inf,-inf,-inf,0
2012-06-27,-inf,-inf,-inf,-inf,0
2012-06-28,-inf,-inf,-inf,-inf,0
2012-06-29,-inf,-inf,-inf,-inf,0
2012-07-03,-inf,-inf,-inf,-inf,0
2012-07-04,-inf,-inf,-inf,-inf,0
2012-07-06,-inf,-inf,-inf,-inf,0
2012-07-09,-inf,-inf,-inf,-inf,0
2012-07-10,-inf,-inf,-inf,-inf,0
2012-07-11,-inf,-inf,-inf,-inf,0
2012-07-12,-inf,-inf,-inf,-inf,0
2012-07-13,-inf,-inf,-inf,-inf,0
2012-07-16,-inf,-inf,-inf,-inf,0
2012-07-17,-inf,-inf,-inf,-inf,0
2012-07-18,-inf,-inf,-inf,-inf,0
2012-07-19,-inf,-inf,-inf,-inf,0
2012-07-20,-inf,-inf,-inf,-inf,0
2012-07-23,-inf,-inf,-inf,-inf,0
2012-07-25,-inf,-inf,-inf,-inf,0
2012-07-26,-inf,-inf,-inf,-inf,0
2012-07-27,-inf,-inf,-inf,-inf,0
2012-07-30,-inf,-inf,-inf,-inf,0
2012-07-31,-inf,-inf,-inf,-inf,0
2012-08-01,-inf,-inf,-inf,-inf,0
2012-08-02,-inf,-inf,-inf,-inf,0
2012-08-03,-inf,-inf,-inf,-inf,0
2012-08-06,-inf,-inf,-inf,-inf,0
2012-08-07,-inf,-inf,-inf,-inf,0
2012-08-08,-inf,-inf,-inf,-inf,0
2012-08-09,-inf,-inf,-inf,-inf,0
2012-08-10,-inf,-inf,-inf,-inf,0
2012-08-14,-inf,-inf,-inf,-inf,0
2012-08-16,-inf,-inf,-inf,-inf,0
2012-08-17,-inf,-inf,-inf,-inf,0
2012-08-20,-inf,-inf,-inf,-inf,0
2012-08-21,-inf,-inf,-inf,-inf,0
2012-08-22,-inf,-inf,-inf,-inf,0
2012-08-23,-inf,-inf,-inf,-inf,0
2012-08-24,-inf,-inf,-inf,-inf,0
2012-08-27,-inf,-inf,-inf,-inf,0
2012-08-28,-inf,-inf,-inf,-inf,0
2012-08-29,-inf,-inf,-inf,-inf,0
2012-08-30,-inf,-inf,-inf,-inf,0
2012-08-31,-inf,-inf,-inf,-inf,0
2012-09-03,-inf,-inf,-inf,-inf,0
2012-09-04,-inf,-inf,-inf,-inf,0
2012-09-05,-inf,-inf,-inf,-inf,0
2012-09-06,-inf,-inf,-inf,-inf,0
2012-09-07,-inf,-inf,-inf,-inf,0
2012-09-10,-inf,-inf,-inf,-inf,0
2012-09-11,-inf,-inf,-inf,-inf,0
2012-09-12,-inf,-inf,-inf,-inf,0
2012-09-13,-inf,-inf,-inf,-inf,0
2012-09-14,-inf,-inf,-inf,-inf,0
2012-09-17,-inf,-inf,-inf,-inf,0
2012-09-18,-inf,-inf,-inf,-inf,0
2012-09-19,-inf,-inf,-inf,-inf,0
2012-09-20,-inf,-inf,-inf,-inf,0
2012-09-21,-inf,-inf,-inf,-inf,0
2012-09-24,-inf,-inf,-inf,-inf,0
2012-09-25,-inf,-inf,-inf,-inf,0
2012-09-26,-inf,-inf,-inf,-inf,0
2012-09-27,-inf,-inf,-inf,-inf,0
2012-09-28,-inf,-inf,-inf,-inf,0
2012-10-01,-inf,-inf,-inf,-inf,0
2012-10-02,-inf,-inf,-inf,-inf,0
2012-10-03,-inf,-inf,-inf,-inf,0
2012-10-04,-inf,-inf,-inf,-inf,0
2012-10-05,-inf,-inf,-inf,-inf,0
2012-10-08,-inf,-inf,-inf,-inf,0
2012-10-09,-inf,-inf,-inf,-inf,0
2012-10-10,-inf,-inf,-inf,-inf,0
2012-10-11,-inf,-inf,-inf,-inf,0
2012-10-15,-inf,-inf,-inf,-inf,0
2012-10-16,-inf,-inf,-inf,-inf,0
2012-10-17,-inf,-inf,-inf,-inf,0
2012-10-18,-inf,-inf,-inf,-inf,0
2012-10-19,-inf,-inf,-inf,-inf,0
2012-10-22,-inf,-inf,-inf,-inf,0
2012-10-23,-inf,-inf,-inf,-inf,0
2012-10-24,-inf,-inf,-inf,-inf,0
2012-10-25,-inf,-inf,-inf,-inf,0
2012-10-26,-inf,-inf,-inf,-inf,0
2012-10-29,-inf,-inf,-inf,-inf,0
2012-10-30,-inf,-inf,-inf,-inf,0
2012-10-31,-inf,-inf,-inf,-inf,0
2012-11-02,-inf,-inf,-inf,-inf,0
2012-11-06,-inf,-inf,-inf,-inf,0
2012-11-07,-inf,-inf,-inf,-inf,0
2012-11-08,-inf,-inf,-inf,-inf,0
2012-11-09,-inf,-inf,-inf,-inf,0
2012-11-12,-inf,-inf,-inf,-inf,0
2012-11-13,-inf,-inf,-inf,-inf,0
2012-11-14,-inf,-inf,-inf,-inf,0
2012-11-15,-inf,-inf,-inf,-inf,0
2012-11-16,-inf,-inf,-inf,-inf,0
2012-11-19,-inf,-inf,-inf,-inf,0
2012-11-20,-inf,-inf,-inf,-inf,0
2012-11-21,-inf,-inf,-inf,-inf,0
2012-11-22,-inf,-inf,-inf,-inf,0
2012-11-23,-inf,-inf,-inf,-inf,0
2012-11-26,-inf,-inf,-inf,-inf,0
2012-11-27,-inf,-inf,-inf,-inf,0
2012-11-28,-inf,-inf,-inf,-inf,0
2012-11-29,-inf,-inf,-inf,-inf,0
2012-11-30,-inf,-inf,-inf,-inf,0
2012-12-03,-inf,-inf,-inf,-inf,0
2012-12-04,-inf,-inf,-inf,-inf,0
2012-12-05,-inf,-inf,-inf,-inf,0
2012-12-06,-inf,-inf,-inf,-inf,0
2012-12-07,-inf,-inf,-inf,-inf,0
2012-12-10,-inf,-inf,-inf,-inf,0
2012-12-11,-inf,-inf,-inf,-inf,0
2012-12-12,-inf,-inf,-inf,-inf,0
2012-12-13,-inf,-inf,-inf,-inf,0
2012-12-14,-inf,-inf,-inf,-inf,0
2012-12-17,-inf,-inf,-inf,-inf,0
2012-12-18,-inf,-inf,-inf,-inf,0
2012-12-19,-inf,-inf,-inf,-inf,0
2012-12-20,-inf,-inf,-inf,-inf,0
2012-12-21,-inf,-inf,-inf,-inf,0
2012-12-26,-inf,-inf,-inf,-inf,0
2012-12-27,-inf,-inf,-inf,-inf,0
2012-12-28,-inf,-inf,-inf,-inf,0
2013-01-02,-inf,-inf,-inf,-inf,0
2013-01-03,-inf,-inf,-inf,-inf,0
2013-01-04,-inf,-inf,-inf,-inf,0
2013-01-07,-inf,-inf,-inf,-inf,0
2013-01-08,-inf,-inf,-inf,-inf,0
2013-01-09,-inf,-inf,-inf,-inf,0
2013-01-10,-inf,-inf,-inf,-inf,0
2013-01-11,-inf,-inf,-inf,-inf,0
2013-01-14,-inf,-inf,-inf,-inf,0
2013-01-15,-inf,-inf,-inf,-inf,0
2013-01-16,-inf,-inf,-inf,-inf,0
2013-01-17,-inf,-inf,-inf,-inf,0
2013-01-18,-inf,-inf,-inf,-inf,0
2013-01-21,-inf,-inf,-inf,-inf,0
2013-01-22,-inf,-inf,-inf,-inf,0
2013-01-23,-inf,-inf,-inf,-inf,0
2013-01-24,-inf,-inf,-inf,-inf,0
2013-01-25,-inf,-inf,-inf,-inf,0
2013-01-28,-inf,-inf,-inf,-inf,0
2013-01-29,-inf,-inf,-inf,-inf,0
2013-01-30,-inf,-inf,-inf,-inf,0
2013-01-31,-inf,-inf,-inf,-inf,0
2013-02-01,-inf,-inf,-inf,-inf,0
2013-02-04,-inf,-inf,-inf,-inf,0
2013-02-05,-inf,-inf,-inf,-inf,0
2013-02-06,-inf,-inf,-inf,-inf,0
2013-02-07,-inf,-inf,-inf,-inf,0
2013-02-08,-inf,-inf,-inf,-inf,0
2013-02-13,-inf,-inf,-inf,-inf,0
2013-02-14,-inf,-inf,-inf,-inf,0
2013-02-15,-inf,-inf,-inf,-inf,0
2013-02-18,-inf,-inf,-inf,-inf,0
2013-02-19,-inf,-inf,-inf,-inf,0
2013-02-20,-inf,-inf,-inf,-inf,0
2013-02-21,-inf,-inf,-inf,-inf,0
2013-02-22,-inf,-inf,-inf,-inf,0
2013-02-25,-inf,-inf,-inf,-inf,0
2013-02-26,-inf,-inf,-inf,-inf,0
2013-02-27,-inf,-inf,-inf,-inf,0
2013-02-28,-inf,-inf,-inf,-inf,0
2013-03-01,-inf,-inf,-inf,-inf,0
2013-03-04,-inf,-inf,-inf,-inf,0
2013-03-05,-inf,-inf,-inf,-inf,0
2013-03-06,-inf,-inf,-inf,-inf,0
2013-03-07,-inf,-inf,-inf,-inf,0
2013-03-11,-inf,-inf,-inf,-inf,0
2013-03-12,-inf,-inf,-inf,-inf,1
2013-03-13,-inf,-inf,-inf,-inf,1
2013-03-14,-inf,-inf,-inf,-inf,1
2013-03-18,inf,inf,inf,inf,0
2013-03-20,inf,inf,inf,inf,0
2013-03-21,inf,inf,inf,inf,1
2013-03-22,inf,inf,inf,inf,1
2013-03-25,inf,inf,inf,inf,0
2013-03-26,inf,inf,inf,inf,1
2013-03-27,inf,inf,inf,inf,1
2013-04-01,inf,inf,inf,inf,0
2013-04-02,inf,inf,inf,inf,1
2013-04-03,inf,inf,inf,inf,1
2013-04-04,inf,inf,inf,inf,0
2013-04-05,inf,inf,inf,inf,1
2013-04-08,inf,inf,inf,inf,0
2013-04-09,inf,inf,inf,inf,1
2013-04-10,inf,inf,inf,inf,1
2013-04-11,inf,inf,inf,inf,1
2013-04-12,inf,inf,inf,inf,1
2013-04-15,inf,inf,inf,inf,0
2013-04-16,inf,inf,inf,inf,1
2013-04-17,inf,inf,inf,inf,1
2013-04-18,inf,inf,inf,inf,1
2013-04-22,inf,inf,inf,inf,0
2013-04-23,inf,inf,inf,inf,1
2013-04-24,inf,inf,inf,inf,1
2013-04-25,inf,inf,inf,inf,1
2013-04-26,inf,inf,inf,inf,1
2013-04-29,inf,inf,inf,inf,0
2013-04-30,inf,inf,inf,inf,1
2013-05-02,inf,inf,inf,inf,0
2013-05-03,inf,inf,inf,inf,1
2013-05-06,inf,inf,inf,inf,0
2013-05-07,inf,inf,inf,inf,1
2013-05-08,inf,inf,inf,inf,1
2013-05-09,inf,inf,inf,inf,1
2013-05-10,inf,inf,inf,inf,1
2013-05-14,inf,inf,inf,inf,0
2013-05-15,inf,inf,inf,inf,1
2013-05-16,inf,inf,inf,inf,1
2013-05-17,inf,inf,inf,inf,1
2013-05-20,inf,inf,inf,inf,0
2013-05-21,inf,inf,inf,inf,1
2013-05-22,inf,inf,inf,inf,1
2013-05-23,inf,inf,inf,inf,1
2013-05-24,inf,inf,inf,inf,1
2013-05-27,inf,inf,inf,inf,0
2013-05-28,inf,inf,inf,inf,1
2013-05-29,inf,inf,inf,inf,1
2013-05-30,inf,inf,inf,inf,1
2013-05-31,inf,inf,inf,inf,1
2013-06-04,inf,inf,inf,inf,0
2013-06-05,inf,inf,inf,inf,1
2013-06-06,inf,inf,inf,inf,1
2013-06-07,inf,inf,inf,inf,1
2013-06-10,inf,inf,inf,inf,0
2013-06-11,inf,inf,inf,inf,1
2013-06-12,inf,inf,inf,inf,1
2013-06-13,inf,inf,inf,inf,1
2013-06-14,inf,inf,inf,inf,1
2013-06-17,inf,inf,inf,inf,0
2013-06-18,inf,inf,inf,inf,1
2013-06-19,inf,inf,inf,inf,1
2013-06-20,inf,inf,inf,inf,1
2013-06-21,inf,inf,inf,inf,1
2013-06-25,inf,inf,inf,inf,0
2013-06-26,inf,inf,inf,inf,1
2013-06-27,inf,inf,inf,inf,1
2013-06-28,inf,inf,inf,inf,1
2013-07-01,inf,inf,inf,inf,0
2013-07-02,inf,inf,inf,inf,1
2013-07-03,inf,inf,inf,inf,1
2013-07-04,inf,inf,inf,inf,1
2013-07-08,inf,inf,inf,inf,0
2013-07-09,inf,inf,inf,inf,1
2013-07-10,inf,inf,inf,inf,1
2013-07-11,inf,inf,inf,inf,1
2013-07-12,inf,inf,inf,inf,1
2013-07-15,inf,inf,inf,inf,0
2013-07-16,inf,inf,inf,inf,1
2013-07-17,inf,inf,inf,inf,1
2013-07-18,inf,inf,inf,inf,1
2013-07-19,inf,inf,inf,inf,1
2013-07-22,inf,inf,inf,inf,0
2013-07-23,inf,inf,inf,inf,1
2013-07-25,inf,inf,inf,inf,0
2013-07-26,inf,inf,inf,inf,1
2013-07-29,inf,inf,inf,inf,0
2013-07-30,inf,inf,inf,inf,1
2013-07-31,inf,inf,inf,inf,1
2013-08-01,inf,inf,inf,inf,1
2013-08-02,inf,inf,inf,inf,1
2013-08-05,inf,inf,inf,inf,0
2013-08-06,inf,inf,inf,inf,1
2013-08-07,inf,inf,inf,inf,1
2013-08-08,inf,inf,inf,inf,1
2013-08-09,inf,inf,inf,inf,1
2013-08-12,inf,inf,inf,inf,0
2013-08-13,inf,inf,inf,inf,1
2013-08-14,inf,inf,inf,inf,1
2013-08-15,inf,inf,inf,inf,1
2013-08-16,inf,inf,inf,inf,1
2013-08-20,inf,inf,inf,inf,0
2013-08-21,inf,inf,inf,inf,1
2013-08-22,inf,inf,inf,inf,1
2013-08-23,inf,inf,inf,inf,1
2013-08-26,inf,inf,inf,inf,0
2013-08-27,inf,inf,inf,inf,1
2013-08-28,inf,inf,inf,inf,1
2013-08-29,inf,inf,inf,inf,1
2013-08-30,inf,inf,inf,inf,1
2013-09-02,inf,inf,inf,inf,0
2013-09-03,inf,inf,inf,inf,1
2013-09-04,inf,inf,inf,inf,1
2013-09-05,inf,inf,inf,inf,1
2013-09-06,inf,inf,inf,inf,1
2013-09-09,inf,inf,inf,inf,0
2013-09-10,inf,inf,inf,inf,1
2013-09-11,inf,inf,inf,inf,1
2013-09-12,inf,inf,inf,inf,1
2013-09-13,-1.784266945141179e+35,-1.784266945141179e+35,-1.784266945141179e+35,-1.784266945141179e+35,1
2013-09-16,-1.784266945141179e+35,-1.784266945141179e+35,-1.784266945141179e+35,-1.784266945141179e+35,0
2013-09-17,-1.784266945141179e+35,-1.784266945141179e+35,-1.784266945141179e+35,-1.784266945141179e+35,1
2013-09-18,-1.784266945141179e+35,-1.784266945141179e+35,-1.784266945141179e+35,-1.784266945141179e+35,1
2013-09-19,-1.784266945141179e+35,-1.784266945141179e+35,-1.784266945141179e+35,-1.784266945141179e+35,0
2013-09-20,-1.784266945141179e+35,-1.784266945141179e+35,-1.784266945141179e+35,-1.784266945141179e+35,1
2013-09-23,-1.784266945141179e+35,-1.784266945141179e+35,-1.784266945141179e+35,-1.784266945141179e+35,0
2013-09-24,-1.784266945141179e+35,-1.784266945141179e+35,-1.784266945141179e+35,-1.784266945141179e+35,1
2013-09-25,-1.784266945141179e+35,-1.784266945141179e+35,-1.784266945141179e+35,-1.784266945141179e+35,1
2013-09-26,-1.784266945141179e+35,-1.784266945141179e+35,-1.784266945141179e+35,-1.784266945141179e+35,1
2013-09-27,-1.784266945141179e+35,-1.784266945141179e+35,-1.784266945141179e+35,-1.784266945141179e+35,1
2013-09-30,-1.784266945141179e+35,-1.784266945141179e+35,-1.784266945141179e+35,-1.784266945141179e+35,0
2013-10-01,-1.784266945141179e+35,-1.784266945141179e+35,-1.784266945141179e+35,-1.784266945141179e+35,1
2013-10-02,-1.784266945141179e+35,-1.784266945141179e+35,-1.784266945141179e+35,-1.784266945141179e+35,1
2013-10-03,-1.784266945141179e+35,-1.784266945141179e+35,-1.784266945141179e+35,-1.784266945141179e+35,1
2013-10-04,-1.784266945141179e+35,-1.784266945141179e+35,-1.784266945141179e+35,-1.784266945141179e+35,1
2013-10-07,-1.784266945141179e+35,-1.784266945141179e+35,-1.784266945141179e+35,-1.784266945141179e+35,0
2013-10-08,-1.784266945141179e+35,-1.784266945141179e+35,-1.784266945141179e+35,-1.784266945141179e+35,1
2013-10-09,-1.784266945141179e+35,-1.784266945141179e+35,-1.784266945141179e+35,-1.784266945141179e+35,1
2013-10-10,-1.784266945141179e+35,-1.784266945141179e+35,-1.784266945141179e+35,-1.784266945141179e+35,1
2013-10-11,-1.784266945141179e+35,-1.784266945141179e+35,-1.784266945141179e+35,-1.784266945141179e+35,1
2013-10-14,-1.784266945141179e+35,-1.784266945141179e+35,-1.784266945141179e+35,-1.784266945141179e+35,0
2013-10-15,-1.784266945141179e+35,-1.784266945141179e+35,-1.784266945141179e+35,-1.784266945141179e+35,1
2013-10-16,-1.784266945141179e+35,-1.784266945141179e+35,-1.784266945141179e+35,-1.784266945141179e+35,1
2013-10-17,-1.784266945141179e+35,-1.784266945141179e+35,-1.784266945141179e+35,-1.784266945141179e+35,1
2013-10-18,-1.784266945141179e+35,-1.784266945141179e+35,-1.784266945141179e+35,-1.784266945141179e+35,1
2013-10-21,-1.784266945141179e+35,-1.784266945141179e+35,-1.784266945141179e+35,-1.784266945141179e+35,0
2013-10-22,-1.784266945141179e+35,-1.784266945141179e+35,-1.784266945141179e+35,-1.784266945141179e+35,1
2013-10-23,-1.784266945141179e+35,-1.784266945141179e+35,-1.784266945141179e+35,-1.784266945141179e+35,1
2013-10-24,-1.784266945141179e+35,-1.784266945141179e+35,-1.784266945141179e+35,-1.784266945141179e+35,1
2013-10-25,-1.784266945141179e+35,-1.784266945141179e+35,-1.784266945141179e+35,-1.784266945141179e+35,1
2013-10-28,-1.784266945141179e+35,-1.784266945141179e+35,-1.784266945141179e+35,-1.784266945141179e+35,0
2013-10-29,-1.784266945141179e+35,-1.784266945141179e+35,-1.784266945141179e+35,-1.784266945141179e+35,1
2013-10-30,-1.784266945141179e+35,-1.784266945141179e+35,-1.784266945141179e+35,-1.784266945141179e+35,1
2013-10-31,-1.784266945141179e+35,-1.784266945141179e+35,-1.784266945141179e+35,-1.784266945141179e+35,1
2013-11-01,-1.784266945141179e+35,-1.784266945141179e+35,-1.784266945141179e+35,-1.784266945141179e+35,1
2013-11-05,-1.784266945141179e+35,-1.784266945141179e+35,-1.784266945141179e+35,-1.784266945141179e+35,1
2013-11-06,-1.784266945141179e+35,-1.784266945141179e+35,-1.784266945141179e+35,-1.784266945141179e+35,1
2013-11-07,-1.784266945141179e+35,-1.784266945141179e+35,-1.784266945141179e+35,-1.784266945141179e+35,1
2013-11-08,-1.784266945141179e+35,-1.784266945141179e+35,-1.784266945141179e+35,-1.784266945141179e+35,1
2013-11-11,-1.784266945141179e+35,-1.784266945141179e+35,-1.784266945141179e+35,-1.784266945141179e+35,0
2013-11-12,-1.784266945141179e+35,-1.784266945141179e+35,-1.784266945141179e+35,-1.784266945141179e+35,1
2013-11-13,-1.784266945141179e+35,-1.784266945141179e+35,-1.784266945141179e+35,-1.784266945141179e+35,0
2013-11-14,-1.784266945141179e+35,-1.784266945141179e+35,-1.784266945141179e+35,-1.784266945141179e+35,1
2013-11-15,-1.784266945141179e+35,-1.784266945141179e+35,-1.784266945141179e+35,-1.784266945141179e+35,0
2013-11-18,-1.784266945141179e+35,-1.784266945141179e+35,-1.784266945141179e+35,-1.784266945141179e+35,0
2013-11-19,-1.784266945141179e+35,-1.784266945141179e+35,-1.784266945141179e+35,-1.784266945141179e+35,1
2013-11-20,-1.784266945141179e+35,-1.784266945141179e+35,-1.784266945141179e+35,-1.784266945141179e+35,1
2013-11-21,-1.784266945141179e+35,-1.784266945141179e+35,-1.784266945141179e+35,-1.784266945141179e+35,1
2013-11-22,-1.784266945141179e+35,-1.784266945141179e+35,-1.784266945141179e+35,-1.784266945141179e+35,1
2013-11-25,-1.784266945141179e+35,-1.784266945141179e+35,-1.784266945141179e+35,-1.784266945141179e+35,0
2013-11-26,-1.784266945141179e+35,-1.784266945141179e+35,-1.784266945141179e+35,-1.784266945141179e+35,1
2013-11-27,-1.784266945141179e+35,-1.784266945141179e+35,-1.784266945141179e+35,-1.784266945141179e+35,1
2013-11-28,-1.784266945141179e+35,-1.784266945141179e+35,-1.784266945141179e+35,-1.784266945141179e+35,1
2013-11-29,-1.784266945141179e+35,-1.784266945141179e+35,-1.784266945141179e+35,-1.784266945141179e+35,1
2013-12-02,-1.784266945141179e+35,-1.784266945141179e+35,-1.784266945141179e+35,-1.784266945141179e+35,0
2013-12-03,-1.784266945141179e+35,-1.784266945141179e+35,-1.784266945141179e+35,-1.784266945141179e+35,1
2013-12-04,-1.784266945141179e+35,-1.784266945141179e+35,-1.784266945141179e+35,-1.784266945141179e+35,1
2013-12-05,-1.784266945141179e+35,-1.784266945141179e+35,-1.784266945141179e+35,-1.784266945141179e+35,1
2013-12-06,-1.784266945141179e+35,-1.784266945141179e+35,-1.784266945141179e+35,-1.784266945141179e+35,1
2013-12-09,-1.784266945141179e+35,-1.784266945141179e+35,-1.784266945141179e+35,-1.784266945141179e+35,0
2013-12-10,-1.784266945141179e+35,-1.784266945141179e+35,-1.784266945141179e+35,-1.784266945141179e+35,1
2013-12-11,-1.784266945141179e+35,-1.784266945141179e+35,-1.784266945141179e+35,-1.784266945141179e+35,1
2013-12-12,-1.784266945141179e+35,-1.784266945141179e+35,-1.784266945141179e+35,-1.784266945141179e+35,1
2013-12-13,-1.784266945141179e+35,-1.784266945141179e+35,-1.784266945141179e+35,-1.784266945141179e+35,1
2013-12-16,-1.784266945141179e+35,-1.784266945141179e+35,-1.784266945141179e+35,-1.784266945141179e+35,0
2013-12-17,-1.784266945141179e+35,-1.784266945141179e+35,-1.784266945141179e+35,-1.784266945141179e+35,1
2013-12-18,-1.784266945141179e+35,-1.784266945141179e+35,-1.784266945141179e+35,-1.784266945141179e+35,1
2013-12-19,-1.784266945141179e+35,-1.784266945141179e+35,-1.784266945141179e+35,-1.784266945141179e+35,1
2013-12-20,-1.784266945141179e+35,-1.784266945141179e+35,-1.784266945141179e+35,-1.784266945141179e+35,1
2013-12-23,-1.784266945141179e+35,-1.784266945141179e+35,-1.784266945141179e+35,-1.784266945141179e+35,0
2013-12-26,-1.784266945141179e+35,-1.784266945141179e+35,-1.784266945141179e+35,-1.784266945141179e+35,0
2013-12-27,-1.784266945141179e+35,-1.784266945141179e+35,-1.784266945141179e+35,-1.784266945141179e+35,1
2013-12-30,-1.784266945141179e+35,-1.784266945141179e+35,-1.784266945141179e+35,-1.784266945141179e+35,0
2014-01-02,-1.784266945141179e+35,-1.784266945141179e+35,-1.784266945141179e+35,-1.784266945141179e+35,0
2014-01-03,-1.784266945141179e+35,-1.784266945141179e+35,-1.784266945141179e+35,-1.784266945141179e+35,1
2014-01-07,-1.784266945141179e+35,-1.784266945141179e+35,-1.784266945141179e+35,-1.784266945141179e+35,0
2014-01-08,-1.784266945141179e+35,-1.784266945141179e+35,-1.784266945141179e+35,-1.784266945141179e+35,1
2014-01-09,-1.784266945141179e+35,-1.784266945141179e+35,-1.784266945141179e+35,-1.784266945141179e+35,1
2014-01-10,-1.784266945141179e+35,-1.784266945141179e+35,-1.784266945141179e+35,-1.784266945141179e+35,1
2014-01-13,-1.784266945141179e+35,-1.784266945141179e+35,-1.784266945141179e+35,-1.784266945141179e+35,0
2014-01-14,-1.784266945141179e+35,-1.784266945141179e+35,-1.784266945141179e+35,-1.784266945141179e+35,1
2014-01-15,-1.784266945141179e+35,-1.784266945141179e+35,-1.784266945141179e+35,-1.784266945141179e+35,1
2014-01-16,-1.784266945141179e+35,-1.784266945141179e+35,-1.784266945141179e+35,-1.784266945141179e+35,1
2014-01-17,-1.784266945141179e+35,-1.784266945141179e+35,-1.784266945141179e+35,-1.784266945141179e+35,1
2014-01-20,-1.784266945141179e+35,-1.784266945141179e+35,-1.784266945141179e+35,-1.784266945141179e+35,0
2014-01-21,-1.784266945141179e+35,-1.784266945141179e+35,-1.784266945141179e+35,-1.784266945141179e+35,1
2014-01-22,-1.784266945141179e+35,-1.784266945141179e+35,-1.784266945141179e+35,-1.784266945141179e+35,1
2014-01-23,-1.784266945141179e+35,-1.784266945141179e+35,-1.784266945141179e+35,-1.784266945141179e+35,1
2014-01-24,-1.784266945141179e+35,-1.784266945141179e+35,-1.784266945141179e+35,-1.784266945141179e+35,1
2014-01-27,-1.784266945141179e+35,-1.784266945141179e+35,-1.784266945141179e+35,-1.784266945141179e+35,0
2014-01-28,-1.784266945141179e+35,-1.784266945141179e+35,-1.784266945141179e+35,-1.784266945141179e+35,1
2014-01-29,-1.784266945141179e+35,-1.784266945141179e+35,-1.784266945141179e+35,-1.784266945141179e+35,1
2014-01-30,-1.784266945141179e+35,-1.784266945141179e+35,-1.784266945141179e+35,-1.784266945141179e+35,1
2014-01-31,-1.784266945141179e+35,-1.784266945141179e+35,-1.784266945141179e+35,-1.784266945141179e+35,1
2014-02-03,-1.784266945141179e+35,-1.784266945141179e+35,-1.784266945141179e+35,-1.784266945141179e+35,0
2014-02-04,-1.784266945141179e+35,-1.784266945141179e+35,-1.784266945141179e+35,-1.784266945141179e+35,1
2014-02-05,-1.784266945141179e+35,-1.784266945141179e+35,-1.784266945141179e+35,-1.784266945141179e+35,1
2014-02-06,-1.784266945141179e+35,-1.784266945141179e+35,-1.784266945141179e+35,-1.784266945141179e+35,1
2014-02-07,-1.784266945141179e+35,-1.784266945141179e+35,-1.784266945141179e+35,-1.784266945141179e+35,1
2014-02-10,-1.784266945141179e+35,-1.784266945141179e+35,-1.784266945141179e+35,-1.784266945141179e+35,0
2014-02-11,-1.784266945141179e+35,-1.784266945141179e+35,-1.784266945141179e+35,-1.784266945141179e+35,1
2014-02-12,-1.784266945141179e+35,-1.784266945141179e+35,-1.784266945141179e+35,-1.784266945141179e+35,1
2014-02-13,-1.784266945141179e+35,-1.784266945141179e+35,-1.784266945141179e+35,-1.784266945141179e+35,1
2014-02-14,-1.784266945141179e+35,-1.784266945141179e+35,-1.784266945141179e+35,-1.784266945141179e+35,1
2014-02-17,-1.784266945141179e+35,-1.784266945141179e+35,-1.784266945141179e+35,-1.784266945141179e+35,0
2014-02-18,-1.784266945141179e+35,-1.784266945141179e+35,-1.784266945141179e+35,-1.784266945141179e+35,1
2014-02-19,-1.784266945141179e+35,-1.784266945141179e+35,-1.784266945141179e+35,-1.784266945141179e+35,0
2014-02-20,-1.784266945141179e+35,-1.784266945141179e+35,-1.784266945141179e+35,-1.784266945141179e+35,1
2014-02-21,-1.784266945141179e+35,-1.784266945141179e+35,-1.784266945141179e+35,-1.784266945141179e+35,1
2014-02-24,-1.784266945141179e+35,-1.784266945141179e+35,-1.784266945141179e+35,-1.784266945141179e+35,0
2014-02-25,-1.784266945141179e+35,-1.784266945141179e+35,-1.784266945141179e+35,-1.784266945141179e+35,1
2014-02-26,-1.784266945141179e+35,-1.784266945141179e+35,-1.784266945141179e+35,-1.784266945141179e+35,1
2014-02-27,-1.784266945141179e+35,-1.784266945141179e+35,-1.784266945141179e+35,-1.784266945141179e+35,1
2014-02-28,-1.784266945141179e+35,-1.784266945141179e+35,-1.784266945141179e+35,-1.784266945141179e+35,0
2014-03-05,-1.784266945141179e+35,-1.784266945141179e+35,-1.784266945141179e+35,-1.784266945141179e+35,0
2014-03-06,-1.784266945141179e+35,-1.784266945141179e+35,-1.784266945141179e+35,-1.784266945141179e+35,1
2014-03-07,-1.784266945141179e+35,-1.784266945141179e+35,-1.784266945141179e+35,-1.784266945141179e+35,1
2014-03-10,-1.784266945141179e+35,-1.784266945141179e+35,-1.784266945141179e+35,-1.784266945141179e+35,0
2014-03-11,-1.784266945141179e+35,-1.784266945141179e+35,-1.784266945141179e+35,-1.784266945141179e+35,1
2014-03-12,-1.784266945141179e+35,-1.784266945141179e+35,-1.784266945141179e+35,-1.784266945141179e+35,1
2014-03-13,-1.784266945141179e+35,-1.784266945141179e+35,-1.784266945141179e+35,-1.784266945141179e+35,1
2014-03-14,-1.784266945141179e+35,-1.784266945141179e+35,-1.784266945141179e+35,-1.784266945141179e+35,1
2014-03-17,-1.784266945141179e+35,-1.784266945141179e+35,-1.784266945141179e+35,-1.784266945141179e+35,0
2014-03-18,-1.784266945141179e+35,-1.784266945141179e+35,-1.784266945141179e+35,-1.784266945141179e+35,1
2014-03-20,-1.784266945141179e+35,-1.784266945141179e+35,-1.784266945141179e+35,-1.784266945141179e+35,0
2014-03-21,-1.784266945141179e+35,-1.784266945141179e+35,-1.784266945141179e+35,-1.784266945141179e+35,1
2014-03-24,-1.784266945141179e+35,-1.784266945141179e+35,-1.784266945141179e+35,-1.784266945141179e+35,0
2014-03-25,2.0612252924275326e+31,2.0612252924275326e+31,2.0612252924275326e+31,2.0612252924275326e+31,3067
2014-03-26,2.0612252924275326e+31,2.0612252924275326e+31,2.0612252924275326e+31,2.0612252924275326e+31,3067
2014-03-27,2.0612252924275326e+31,2.0612252924275326e+31,2.0612252924275326e+31,2.0612252924275326e+31,3067
2014-03-28,2.0612252924275326e+31,2.0612252924275326e+31,2.0612252924275326e+31,2.0612252924275326e+31,3067
2014-03-31,2.0612252924275326e+31,2.0612252924275326e+31,2.0612252924275326e+31,2.0612252924275326e+31,0
2014-04-01,2.479235814860847e+31,2.479235814860847e+31,2.479235814860847e+31,2.479235814860847e+31,27
2014-04-02,2.479235814860847e+31,2.479235814860847e+31,2.479235814860847e+31,2.479235814860847e+31,27
2014-04-03,2.479235814860847e+31,2.479235814860847e+31,2.479235814860847e+31,2.479235814860847e+31,27
2014-04-04,2.479235814860847e+31,2.479235814860847e+31,2.479235814860847e+31,2.479235814860847e+31,27
2014-04-07,2.479235814860847e+31,2.479235814860847e+31,2.479235814860847e+31,2.479235814860847e+31,0
2014-04-08,2.479235814860847e+31,2.479235814860847e+31,2.479235814860847e+31,2.479235814860847e+31,27
2014-04-09,2.479235814860847e+31,2.479235814860847e+31,2.479235814860847e+31,2.479235814860847e+31,27
2014-04-10,2.479235814860847e+31,2.479235814860847e+31,2.479235814860847e+31,2.479235814860847e+31,27
2014-04-11,2.479235814860847e+31,2.479235814860847e+31,2.479235814860847e+31,2.479235814860847e+31,55
2014-04-14,2.479235814860847e+31,2.479235814860847e+31,2.479235814860847e+31,2.479235814860847e+31,0
2014-04-15,2.0612252924275326e+31,2.0612252924275326e+31,2.0612252924275326e+31,2.0612252924275326e+31,69
2014-04-16,2.0612252924275326e+31,2.0612252924275326e+31,2.0612252924275326e+31,2.0612252924275326e+31,69
2014-04-21,2.0612252924275326e+31,2.0612252924275326e+31,2.0612252924275326e+31,2.0612252924275326e+31,0
2014-04-22,2.0612252924275326e+31,2.0612252924275326e+31,2.0612252924275326e+31,2.0612252924275326e+31,69
2014-04-23,2.0612252924275326e+31,2.0612252924275326e+31,2.0612252924275326e+31,2.0612252924275326e+31,69
2014-04-24,2.0612252924275326e+31,2.0612252924275326e+31,2.0612252924275326e+31,2.0612252924275326e+31,69
2014-04-25,2.0612252924275326e+31,2.0612252924275326e+31,2.0612252924275326e+31,2.0612252924275326e+31,69
2014-04-28,2.0612252924275326e+31,2.0612252924275326e+31,2.0612252924275326e+31,2.0612252924275326e+31,0
2014-04-29,2.0612252924275326e+31,2.0612252924275326e+31,2.0612252924275326e+31,2.0612252924275326e+31,69
2014-04-30,2.0612252924275326e+31,2.0612252924275326e+31,2.0612252924275326e+31,2.0612252924275326e+31,69
2014-05-02,2.0612252924275326e+31,2.0612252924275326e+31,2.0612252924275326e+31,2.0612252924275326e+31,0
2014-05-05,2.0612252924275326e+31,2.0612252924275326e+31,2.0612252924275326e+31,2.0612252924275326e+31,0
2014-05-06,2.0612252924275326e+31,2.0612252924275326e+31,2.0612252924275326e+31,2.0612252924275326e+31,13
2014-05-07,2.0612252924275326e+31,2.0612252924275326e+31,2.0612252924275326e+31,2.0612252924275326e+31,13
2014-05-08,2.0612252924275326e+31,2.0612252924275326e+31,2.0612252924275326e+31,2.0612252924275326e+31,13
2014-05-09,2.0612252924275326e+31,2.0612252924275326e+31,2.0612252924275326e+31,2.0612252924275326e+31,13
2014-05-12,2.0612252924275326e+31,2.0612252924275326e+31,2.0612252924275326e+31,2.0612252924275326e+31,0
2014-05-13,2.0612252924275326e+31,2.0612252924275326e+31,2.0612252924275326e+31,2.0612252924275326e+31,13
2014-05-14,2.0612252924275326e+31,2.0612252924275326e+31,2.0612252924275326e+31,2.0612252924275326e+31,13
2014-05-15,2.0612252924275326e+31,2.0612252924275326e+31,2.0612252924275326e+31,2.0612252924275326e+31,13
2014-05-16,2.0612252924275326e+31,2.0612252924275326e+31,2.0612252924275326e+31,2.0612252924275326e+31,13
2014-05-19,2.0612252924275326e+31,2.0612252924275326e+31,2.0612252924275326e+31,2.0612252924275326e+31,0
2014-05-20,2.0612252924275326e+31,2.0612252924275326e+31,2.0612252924275326e+31,2.0612252924275326e+31,13
2014-05-21,2.0612252924275326e+31,2.0612252924275326e+31,2.0612252924275326e+31,2.0612252924275326e+31,13
2014-05-22,2.0612252924275326e+31,2.0612252924275326e+31,2.0612252924275326e+31,2.0612252924275326e+31,13
2014-05-23,2.0612252924275326e+31,2.0612252924275326e+31,2.0612252924275326e+31,2.0612252924275326e+31,13
2014-05-26,2.0612252924275326e+31,2.0612252924275326e+31,2.0612252924275326e+31,2.0612252924275326e+31,0
2014-05-27,2.0612252924275326e+31,2.0612252924275326e+31,2.0612252924275326e+31,2.0612252924275326e+31,13
2014-05-28,2.0612252924275326e+31,2.0612252924275326e+31,2.0612252924275326e+31,2.0612252924275326e+31,0
2014-05-29,2.0612252924275326e+31,2.0612252924275326e+31,2.0612252924275326e+31,2.0612252924275326e+31,13
2014-05-30,2.0612252924275326e+31,2.0612252924275326e+31,2.0612252924275326e+31,2.0612252924275326e+31,13
2014-06-03,2.0612252924275326e+31,2.0612252924275326e+31,2.0612252924275326e+31,2.0612252924275326e+31,0
2014-06-04,2.0612252924275326e+31,2.0612252924275326e+31,2.0612252924275326e+31,2.0612252924275326e+31,13
2014-06-05,2.0612252924275326e+31,2.0612252924275326e+31,2.0612252924275326e+31,2.0612252924275326e+31,13
2014-06-06,2.0612252924275326e+31,2.0612252924275326e+31,2.0612252924275326e+31,2.0612252924275326e+31,13
2014-06-09,2.0612252924275326e+31,2.0612252924275326e+31,2.0612252924275326e+31,2.0612252924275326e+31,0
2014-06-10,2.0612252924275326e+31,2.0612252924275326e+31,2.0612252924275326e+31,2.0612252924275326e+31,13
2014-06-11,2.0612252924275326e+31,2.0612252924275326e+31,2.0612252924275326e+31,2.0612252924275326e+31,13
2014-06-12,2.0612252924275326e+31,2.0612252924275326e+31,2.0612252924275326e+31,2.0612252924275326e+31,13
2014-06-13,2.0612252924275326e+31,2.0612252924275326e+31,2.0612252924275326e+31,2.0612252924275326e+31,13
2014-06-16,2.0612252924275326e+31,2.0612252924275326e+31,2.0612252924275326e+31,2.0612252924275326e+31,0
2014-06-17,2.0612252924275326e+31,2.0612252924275326e+31,2.0612252924275326e+31,2.0612252924275326e+31,13
2014-06-18,2.0612252924275326e+31,2.0612252924275326e+31,2.0612252924275326e+31,2.0612252924275326e+31,13
2014-06-19,2.0612252924275326e+31,2.0612252924275326e+31,2.0612252924275326e+31,2.0612252924275326e+31,13
2014-06-20,2.0612252924275326e+31,2.0612252924275326e+31,2.0612252924275326e+31,2.0612252924275326e+31,13
2014-06-25,2.0612252924275326e+31,2.0612252924275326e+31,2.0612252924275326e+31,2.0612252924275326e+31,0
2014-06-26,2.0612252924275326e+31,2.0612252924275326e+31,2.0612252924275326e+31,2.0612252924275326e+31,13
2014-06-27,2.0612252924275326e+31,2.0612252924275326e+31,2.0612252924275326e+31,2.0612252924275326e+31,0
2014-06-30,2.0612252924275326e+31,2.0612252924275326e+31,2.0612252924275326e+31,2.0612252924275326e+31,0
2014-07-01,1.9603265301337662e+31,1.9603265301337662e+31,1.9603265301337662e+31,1.9603265301337662e+31,600
2014-07-02,1.9603265301337662e+31,1.9603265301337662e+31,1.9603265301337662e+31,1.9603265301337662e+31,13
2014-07-03,1.9603265301337662e+31,1.9603265301337662e+31,1.9603265301337662e+31,1.9603265301337662e+31,13
2014-07-04,1.9603265301337662e+31,1.9603265301337662e+31,1.9603265301337662e+31,1.9603265301337662e+31,13
2014-07-07,1.9603265301337662e+31,1.9603265301337662e+31,1.9603265301337662e+31,1.9603265301337662e+31,0
2014-07-08,1.9603265301337662e+31,1.9603265301337662e+31,1.9603265301337662e+31,1.9603265301337662e+31,13
2014-07-09,1.9603265301337662e+31,1.9603265301337662e+31,1.9603265301337662e+31,1.9603265301337662e+31,13
2014-07-10,1.9603265301337662e+31,1.9603265301337662e+31,1.9603265301337662e+31,1.9603265301337662e+31,13
2014-07-11,1.9603265301337662e+31,1.9603265301337662e+31,1.9603265301337662e+31,1.9603265301337662e+31,13
2014-07-14,1.9603265301337662e+31,1.9603265301337662e+31,1.9603265301337662e+31,1.9603265301337662e+31,0
2014-07-15,1.9603265301337662e+31,1.9603265301337662e+31,1.9603265301337662e+31,1.9603265301337662e+31,13
2014-07-16,1.9603265301337662e+31,1.9603265301337662e+31,1.9603265301337662e+31,1.9603265301337662e+31,13
2014-07-17,1.9603265301337662e+31,1.9603265301337662e+31,1.9603265301337662e+31,1.9603265301337662e+31,13
2014-07-18,1.9603265301337662e+31,1.9603265301337662e+31,1.9603265301337662e+31,1.9603265301337662e+31,13
2014-07-21,1.9603265301337662e+31,1.9603265301337662e+31,1.9603265301337662e+31,1.9603265301337662e+31,0
2014-07-22,1.9603265301337662e+31,1.9603265301337662e+31,1.9603265301337662e+31,1.9603265301337662e+31,13
2014-07-23,1.9603265301337662e+31,1.9603265301337662e+31,1.9603265301337662e+31,1.9603265301337662e+31,13
2014-07-25,1.9603265301337662e+31,1.9603265301337662e+31,1.9603265301337662e+31,1.9603265301337662e+31,0
2014-07-28,1.9603265301337662e+31,1.9603265301337662e+31,1.9603265301337662e+31,1.9603265301337662e+31,0
2014-07-29,1.9603265301337662e+31,1.9603265301337662e+31,1.9603265301337662e+31,1.9603265301337662e+31,13
2014-07-30,1.9603265301337662e+31,1.9603265301337662e+31,1.9603265301337662e+31,1.9603265301337662e+31,13
2014-07-31,1.9603265301337662e+31,1.9603265301337662e+31,1.9603265301337662e+31,1.9603265301337662e+31,13
2014-08-01,1.9603265301337662e+31,1.9603265301337662e+31,1.9603265301337662e+31,1.9603265301337662e+31,13
2014-08-04,1.9603265301337662e+31,1.9603265301337662e+31,1.9603265301337662e+31,1.9603265301337662e+31,0
2014-08-05,1.9603265301337662e+31,1.9603265301337662e+31,1.9603265301337662e+31,1.9603265301337662e+31,13
2014-08-06,1.9603265301337662e+31,1.9603265301337662e+31,1.9603265301337662e+31,1.9603265301337662e+31,13
2014-08-07,1.9603265301337662e+31,1.9603265301337662e+31,1.9603265301337662e+31,1.9603265301337662e+31,13
2014-08-08,1.9603265301337662e+31,1.9603265301337662e+31,1.9603265301337662e+31,1.9603265301337662e+31,13
2014-08-11,1.9603265301337662e+31,1.9603265301337662e+31,1.9603265301337662e+31,1.9603265301337662e+31,0
2014-08-12,1.9603265301337662e+31,1.9603265301337662e+31,1.9603265301337662e+31,1.9603265301337662e+31,13
2014-08-13,1.9603265301337662e+31,1.9603265301337662e+31,1.9603265301337662e+31,1.9603265301337662e+31,13
2014-08-14,1.9603265301337662e+31,1.9603265301337662e+31,1.9603265301337662e+31,1.9603265301337662e+31,13
2014-08-15,1.9603265301337662e+31,1.9603265301337662e+31,1.9603265301337662e+31,1.9603265301337662e+31,13
2014-08-19,1.9603265301337662e+31,1.9603265301337662e+31,1.9603265301337662e+31,1.9603265301337662e+31,0
2014-08-20,1.9603265301337662e+31,1.9603265301337662e+31,1.9603265301337662e+31,1.9603265301337662e+31,247
2014-08-21,1.9603265301337662e+31,1.9603265301337662e+31,1.9603265301337662e+31,1.9603265301337662e+31,247
2014-08-22,1.9603265301337662e+31,1.9603265301337662e+31,1.9603265301337662e+31,1.9603265301337662e+31,247
2014-08-25,1.9603265301337662e+31,1.9603265301337662e+31,1.9603265301337662e+31,1.9603265301337662e+31,0
2014-08-26,1.9603265301337662e+31,1.9603265301337662e+31,1.9603265301337662e+31,1.9603265301337662e+31,247
2014-08-27,1.9603265301337662e+31,1.9603265301337662e+31,1.9603265301337662e+31,1.9603265301337662e+31,247
2014-08-28,1.9603265301337662e+31,1.9603265301337662e+31,1.9603265301337662e+31,1.9603265301337662e+31,247
2014-08-29,1.9603265301337662e+31,1.9603265301337662e+31,1.9603265301337662e+31,1.9603265301337662e+31,247
2014-09-01,1.9603265301337662e+31,1.9603265301337662e+31,1.9603265301337662e+31,1.9603265301337662e+31,0
2014-09-02,1.9603265301337662e+31,1.9603265301337662e+31,1.9603265301337662e+31,1.9603265301337662e+31,247
2014-09-03,1.9603265301337662e+31,1.9603265301337662e+31,1.9603265301337662e+31,1.9603265301337662e+31,247
2014-09-04,1.9603265301337662e+31,1.9603265301337662e+31,1.9603265301337662e+31,1.9603265301337662e+31,247
2014-09-05,1.9603265301337662e+31,1.9603265301337662e+31,1.9603265301337662e+31,1.9603265301337662e+31,247
2014-09-08,1.9603265301337662e+31,1.9603265301337662e+31,1.9603265301337662e+31,1.9603265301337662e+31,0
2014-09-09,1.9603265301337662e+31,1.9603265301337662e+31,1.9603265301337662e+31,1.9603265301337662e+31,247
2014-09-10,1.9603265301337662e+31,1.9603265301337662e+31,1.9603265301337662e+31,1.9603265301337662e+31,247
2014-09-11,1.9603265301337662e+31,1.9603265301337662e+31,1.9603265301337662e+31,1.9603265301337662e+31,247
2014-09-12,1.9603265301337662e+31,1.9603265301337662e+31,1.9603265301337662e+31,1.9603265301337662e+31,247
2014-09-15,-2.3155222371900982e+27,-2.3155222371900982e+27,-2.3155222371900982e+27,-2.3155222371900982e+27,0
2014-09-16,-2.3155222371900982e+27,-2.3155222371900982e+27,-2.3155222371900982e+27,-2.3155222371900982e+27,247
2014-09-17,-2.3155222371900982e+27,-2.3155222371900982e+27,-2.3155222371900982e+27,-2.3155222371900982e+27,247
2014-09-18,-2.3155222371900982e+27,-2.3155222371900982e+27,-2.3155222371900982e+27,-2.3155222371900982e+27,247
2014-09-19,-2.3155222371900982e+27,-2.3155222371900982e+27,-2.3155222371900982e+27,-2.3155222371900982e+27,247
2014-09-22,-2.3155222371900982e+27,-2.3155222371900982e+27,-2.3155222371900982e+27,-2.3155222371900982e+27,0
2014-09-23,-2.3155222371900982e+27,-2.3155222371900982e+27,-2.3155222371900982e+27,-2.3155222371900982e+27,247
2014-09-24,-2.3155222371900982e+27,-2.3155222371900982e+27,-2.3155222371900982e+27,-2.3155222371900982e+27,247
2014-09-25,-2.3155222371900982e+27,-2.3155222371900982e+27,-2.3155222371900982e+27,-2.3155222371900982e+27,247
2014-09-26,-2.3155222371900982e+27,-2.3155222371900982e+27,-2.3155222371900982e+27,-2.3155222371900982e+27,247
2014-09-29,-2.3155222371900982e+27,-2.3155222371900982e+27,-2.3155222371900982e+27,-2.3155222371900982e+27,0
2014-09-30,-2.3155222371900982e+27,-2.3155222371900982e+27,-2.3155222371900982e+27,-2.3155222371900982e+27,247
2014-10-01,-2.3155222371900982e+27,-2.3155222371900982e+27,-2.3155222371900982e+27,-2.3155222371900982e+27,247
2014-10-02,-2.3155222371900982e+27,-2.3155222371900982e+27,-2.3155222371900982e+27,-2.3155222371900982e+27,247
2014-10-03,-2.3155222371900982e+27,-2.3155222371900982e+27,-2.3155222371900982e+27,-2.3155222371900982e+27,247
2014-10-06,-2.3155222371900982e+27,-2.3155222371900982e+27,-2.3155222371900982e+27,-2.3155222371900982e+27,0
2014-10-07,-2.3155222371900982e+27,-2.3155222371900982e+27,-2.3155222371900982e+27,-2.3155222371900982e+27,247
2014-10-08,-2.3155222371900982e+27,-2.3155222371900982e+27,-2.3155222371900982e+27,-2.3155222371900982e+27,247
2014-10-09,-2.3155222371900982e+27,-2.3155222371900982e+27,-2.3155222371900982e+27,-2.3155222371900982e+27,247
2014-10-10,-2.3155222371900982e+27,-2.3155222371900982e+27,-2.3155222371900982e+27,-2.3155222371900982e+27,247
2014-10-13,-2.3155222371900982e+27,-2.3155222371900982e+27,-2.3155222371900982e+27,-2.3155222371900982e+27,0
2014-10-14,-2.3155222371900982e+27,-2.3155222371900982e+27,-2.3155222371900982e+27,-2.3155222371900982e+27,247
2014-10-15,-2.3155222371900982e+27,-2.3155222371900982e+27,-2.3155222371900982e+27,-2.3155222371900982e+27,247
2014-10-16,-2.3155222371900982e+27,-2.3155222371900982e+27,-2.3155222371900982e+27,-2.3155222371900982e+27,247
2014-10-17,-2.3155222371900982e+27,-2.3155222371900982e+27,-2.3155222371900982e+27,-2.3155222371900982e+27,247
2014-10-20,-2.3155222371900982e+27,-2.3155222371900982e+27,-2.3155222371900982e+27,-2.3155222371900982e+27,0
2014-10-21,-2.3155222371900982e+27,-2.3155222371900982e+27,-2.3155222371900982e+27,-2.3155222371900982e+27,247
2014-10-22,-2.3155222371900982e+27,-2.3155222371900982e+27,-2.3155222371900982e+27,-2.3155222371900982e+27,247
2014-10-23,-2.3155222371900982e+27,-2.3155222371900982e+27,-2.3155222371900982e+27,-2.3155222371900982e+27,247
2014-10-24,-2.3155222371900982e+27,-2.3155222371900982e+27,-2.3155222371900982e+27,-2.3155222371900982e+27,247
2014-10-27,-2.3155222371900982e+27,-2.3155222371900982e+27,-2.3155222371900982e+27,-2.3155222371900982e+27,0
2014-10-28,-2.3155222371900982e+27,-2.3155222371900982e+27,-2.3155222371900982e+27,-2.3155222371900982e+27,247
2014-10-29,-2.3155222371900982e+27,-2.3155222371900982e+27,-2.3155222371900982e+27,-2.3155222371900982e+27,247
2014-10-30,-2.3155222371900982e+27,-2.3155222371900982e+27,-2.3155222371900982e+27,-2.3155222371900982e+27,247
2014-10-31,-2.3155222371900982e+27,-2.3155222371900982e+27,-2.3155222371900982e+27,-2.3155222371900982e+27,247
2014-11-03,-2.3155222371900982e+27,-2.3155222371900982e+27,-2.3155222371900982e+27,-2.3155222371900982e+27,0
2014-11-04,-2.3155222371900982e+27,-2.3155222371900982e+27,-2.3155222371900982e+27,-2.3155222371900982e+27,247
2014-11-05,-2.3155222371900982e+27,-2.3155222371900982e+27,-2.3155222371900982e+27,-2.3155222371900982e+27,247
2014-11-06,-2.3155222371900982e+27,-2.3155222371900982e+27,-2.3155222371900982e+27,-2.3155222371900982e+27,247
2014-11-07,-2.3155222371900982e+27,-2.3155222371900982e+27,-2.3155222371900982e+27,-2.3155222371900982e+27,247
2014-11-10,-2.3155222371900982e+27,-2.3155222371900982e+27,-2.3155222371900982e+27,-2.3155222371900982e+27,0
2014-11-11,-2.3155222371900982e+27,-2.3155222371900982e+27,-2.3155222371900982e+27,-2.3155222371900982e+27,247
2014-11-12,-2.3155222371900982e+27,-2.3155222371900982e+27,-2.3155222371900982e+27,-2.3155222371900982e+27,247
2014-11-13,-2.3155222371900982e+27,-2.3155222371900982e+27,-2.3155222371900982e+27,-2.3155222371900982e+27,247
2014-11-14,-2.3155222371900982e+27,-2.3155222371900982e+27,-2.3155222371900982e+27,-2.3155222371900982e+27,247
2014-11-17,-2.3155222371900982e+27,-2.3155222371900982e+27,-2.3155222371900982e+27,-2.3155222371900982e+27,0
2014-11-18,-2.3155222371900982e+27,-2.3155222371900982e+27,-2.3155222371900982e+27,-2.3155222371900982e+27,13
2014-11-19,-2.3155222371900982e+27,-2.3155222371900982e+27,-2.3155222371900982e+27,-2.3155222371900982e+27,13
2014-11-20,-2.3155222371900982e+27,-2.3155222371900982e+27,-2.3155222371900982e+27,-2.3155222371900982e+27,13
2014-11-21,-2.3155222371900982e+27,-2.3155222371900982e+27,-2.3155222371900982e+27,-2.3155222371900982e+27,13
2014-11-24,-2.3155222371900982e+27,-2.3155222371900982e+27,-2.3155222371900982e+27,-2.3155222371900982e+27,0
2014-11-25,-2.3155222371900982e+27,-2.3155222371900982e+27,-2.3155222371900982e+27,-2.3155222371900982e+27,13
2014-11-26,-2.3155222371900982e+27,-2.3155222371900982e+27,-2.3155222371900982e+27,-2.3155222371900982e+27,13
2014-11-27,-2.3155222371900982e+27,-2.3155222371900982e+27,-2.3155222371900982e+27,-2.3155222371900982e+27,13
2014-11-28,-2.3155222371900982e+27,-2.3155222371900982e+27,-2.3155222371900982e+27,-2.3155222371900982e+27,13
2014-12-01,-2.3155222371900982e+27,-2.3155222371900982e+27,-2.3155222371900982e+27,-2.3155222371900982e+27,0
2014-12-02,-2.3155222371900982e+27,-2.3155222371900982e+27,-2.3155222371900982e+27,-2.3155222371900982e+27,27
2014-12-03,-2.3155222371900982e+27,-2.3155222371900982e+27,-2.3155222371900982e+27,-2.3155222371900982e+27,27
2014-12-04,-2.3155222371900982e+27,-2.3155222371900982e+27,-2.3155222371900982e+27,-2.3155222371900982e+27,27
2014-12-05,-2.3155222371900982e+27,-2.3155222371900982e+27,-2.3155222371900982e+27,-2.3155222371900982e+27,27
2014-12-09,-2.3155222371900982e+27,-2.3155222371900982e+27,-2.3155222371900982e+27,-2.3155222371900982e+27,0
2014-12-10,-2.3155222371900982e+27,-2.3155222371900982e+27,-2.3155222371900982e+27,-2.3155222371900982e+27,13
2014-12-11,-2.3155222371900982e+27,-2.3155222371900982e+27,-2.3155222371900982e+27,-2.3155222371900982e+27,13
2014-12-12,-2.3155222371900982e+27,-2.3155222371900982e+27,-2.3155222371900982e+27,-2.3155222371900982e+27,13
2014-12-15,-2.3155222371900982e+27,-2.3155222371900982e+27,-2.3155222371900982e+27,-2.3155222371900982e+27,0
2014-12-16,-2.3155222371900982e+27,-2.3155222371900982e+27,-2.3155222371900982e+27,-2.3155222371900982e+27,13
2014-12-17,-2.3155222371900982e+27,-2.3155222371900982e+27,-2.3155222371900982e+27,-2.3155222371900982e+27,13
2014-12-18,-2.3155222371900982e+27,-2.3155222371900982e+27,-2.3155222371900982e+27,-2.3155222371900982e+27,13
2014-12-19,-2.3155222371900982e+27,-2.3155222371900982e+27,-2.3155222371900982e+27,-2.3155222371900982e+27,13
2014-12-22,-2.3155222371900982e+27,-2.3155222371900982e+27,-2.3155222371900982e+27,-2.3155222371900982e+27,0
2014-12-23,-2.3155222371900982e+27,-2.3155222371900982e+27,-2.3155222371900982e+27,-2.3155222371900982e+27,13
2014-12-26,-2.3155222371900982e+27,-2.3155222371900982e+27,-2.3155222371900982e+27,-2.3155222371900982e+27,0
2014-12-29,-2.3155222371900982e+27,-2.3155222371900982e+27,-2.3155222371900982e+27,-2.3155222371900982e+27,0
2014-12-30,-2.3155222371900982e+27,-2.3155222371900982e+27,-2.3155222371900982e+27,-2.3155222371900982e+27,13
2015-01-02,-2.3155222371900982e+27,-2.3155222371900982e+27,-2.3155222371900982e+27,-2.3155222371900982e+27,0
2015-01-06,-2.3155222371900982e+27,-2.3155222371900982e+27,-2.3155222371900982e+27,-2.3155222371900982e+27,13
2015-01-07,-2.3155222371900982e+27,-2.3155222371900982e+27,-2.3155222371900982e+27,-2.3155222371900982e+27,13
2015-01-08,-2.3155222371900982e+27,-2.3155222371900982e+27,-2.3155222371900982e+27,-2.3155222371900982e+27,13
2015-01-09,-2.3155222371900982e+27,-2.3155222371900982e+27,-2.3155222371900982e+27,-2.3155222371900982e+27,0
2015-01-12,-2.3155222371900982e+27,-2.3155222371900982e+27,-2.3155222371900982e+27,-2.3155222371900982e+27,13
2015-01-13,-2.3155222371900982e+27,-2.3155222371900982e+27,-2.3155222371900982e+27,-2.3155222371900982e+27,13
2015-01-14,-2.3155222371900982e+27,-2.3155222371900982e+27,-2.3155222371900982e+27,-2.3155222371900982e+27,13
2015-01-15,-2.3155222371900982e+27,-2.3155222371900982e+27,-2.3155222371900982e+27,-2.3155222371900982e+27,13
2015-01-16,-2.3155222371900982e+27,-2.3155222371900982e+27,-2.3155222371900982e+27,-2.3155222371900982e+27,0
2015-01-19,-2.3155222371900982e+27,-2.3155222371900982e+27,-2.3155222371900982e+27,-2.3155222371900982e+27,13
2015-01-20,-2.3155222371900982e+27,-2.3155222371900982e+27,-2.3155222371900982e+27,-2.3155222371900982e+27,13
2015-01-21,-2.3155222371900982e+27,-2.3155222371900982e+27,-2.3155222371900982e+27,-2.3155222371900982e+27,13
2015-01-22,-2.3155222371900982e+27,-2.3155222371900982e+27,-2.3155222371900982e+27,-2.3155222371900982e+27,0
2015-01-23,-2.3155222371900982e+27,-2.3155222371900982e+27,-2.3155222371900982e+27,-2.3155222371900982e+27,13
2015-01-26,-2.3155222371900982e+27,-2.3155222371900982e+27,-2.3155222371900982e+27,-2.3155222371900982e+27,13
2015-01-27,-2.3155222371900982e+27,-2.3155222371900982e+27,-2.3155222371900982e+27,-2.3155222371900982e+27,13
2015-01-28,-2.3155222371900982e+27,-2.3155222371900982e+27,-2.3155222371900982e+27,-2.3155222371900982e+27,13
2015-01-29,-2.3155222371900982e+27,-2.3155222371900982e+27,-2.3155222371900982e+27,-2.3155222371900982e+27,13
2015-01-30,-2.3155222371900982e+27,-2.3155222371900982e+27,-2.3155222371900982e+27,-2.3155222371900982e+27,0
2015-02-02,-2.3155222371900982e+27,-2.3155222371900982e+27,-2.3155222371900982e+27,-2.3155222371900982e+27,13
2015-02-03,-2.3155222371900982e+27,-2.3155222371900982e+27,-2.3155222371900982e+27,-2.3155222371900982e+27,13
2015-02-04,-2.3155222371900982e+27,-2.3155222371900982e+27,-2.3155222371900982e+27,-2.3155222371900982e+27,13
2015-02-05,-2.3155222371900982e+27,-2.3155222371900982e+27,-2.3155222371900982e+27,-2.3155222371900982e+27,13
2015-02-06,-2.3155222371900982e+27,-2.3155222371900982e+27,-2.3155222371900982e+27,-2.3155222371900982e+27,0
2015-02-09,-2.3155222371900982e+27,-2.3155222371900982e+27,-2.3155222371900982e+27,-2.3155222371900982e+27,13
2015-02-10,-2.3155222371900982e+27,-2.3155222371900982e+27,-2.3155222371900982e+27,-2.3155222371900982e+27,13
2015-02-11,-2.3155222371900982e+27,-2.3155222371900982e+27,-2.3155222371900982e+27,-2.3155222371900982e+27,13
2015-02-12,-2.3155222371900982e+27,-2.3155222371900982e+27,-2.3155222371900982e+27,-2.3155222371900982e+27,13
2015-02-13,-2.3155222371900982e+27,-2.3155222371900982e+27,-2.3155222371900982e+27,-2.3155222371900982e+27,0
2015-02-18,-2.3155222371900982e+27,-2.3155222371900982e+27,-2.3155222371900982e+27,-2.3155222371900982e+27,13
2015-02-19,-2.3155222371900982e+27,-2.3155222371900982e+27,-2.3155222371900982e+27,-2.3155222371900982e+27,13
2015-02-20,-2.3155222371900982e+27,-2.3155222371900982e+27,-2.3155222371900982e+27,-2.3155222371900982e+27,0
2015-02-23,-2.3155222371900982e+27,-2.3155222371900982e+27,-2.3155222371900982e+27,-2.3155222371900982e+27,13
2015-02-24,-2.3155222371900982e+27,-2.3155222371900982e+27,-2.3155222371900982e+27,-2.3155222371900982e+27,13
2015-02-25,-2.3155222371900982e+27,-2.3155222371900982e+27,-2.3155222371900982e+27,-2.3155222371900982e+27,13
2015-02-26,-1.464227429429196e+27,-1.464227429429196e+27,-1.464227429429196e+27,-2.315522486872129e+27,41
2015-02-27,-1.464227429429196e+27,-1.464227429429196e+27,-1.464227429429196e+27,-1.464227429429196e+27,0
2015-03-02,-1.464227429429196e+27,-1.464227429429196e+27,-1.464227429429196e+27,-2.315522486872129e+27,41
2015-03-03,-1.464227429429196e+27,-1.464227429429196e+27,-1.464227429429196e+27,-2.315522486872129e+27,41
2015-03-04,-1.464227429429196e+27,-1.464227429429196e+27,-1.464227429429196e+27,-2.315522486872129e+27,41
2015-03-05,-1.9579782939683991e+27,-1.9579782939683991e+27,-1.9579782939683991e+27,-1.9579782939683991e+27,27
2015-03-06,-1.9579782939683991e+27,-1.9579782939683991e+27,-1.9579782939683991e+27,-1.9579782939683991e+27,0
2015-03-09,-1.9579782939683991e+27,-1.9579782939683991e+27,-1.9579782939683991e+27,-1.9579782939683991e+27,548
2015-03-10,-1.9579782939683991e+27,-1.9579782939683991e+27,-1.9579782939683991e+27,-1.9579782939683991e+27,548
2015-03-11,-1.9579782939683991e+27,-1.9579782939683991e+27,-1.9579782939683991e+27,-1.9579782939683991e+27,548
2015-03-12,-1.9579782939683991e+27,-1.9579782939683991e+27,-1.9579782939683991e+27,-1.9579782939683991e+27,548
2015-03-13,-1.9579782939683991e+27,-1.9579782939683991e+27,-1.9579782939683991e+27,-1.9579782939683991e+27,0
2015-03-16,-1.9579782939683991e+27,-1.9579782939683991e+27,-1.9579782939683991e+27,-1.9579782939683991e+27,548
2015-03-17,-1.9579782939683991e+27,-1.9579782939683991e+27,-1.9579782939683991e+27,-1.9579782939683991e+27,548
2015-03-18,-1.9579782939683991e+27,-1.9579782939683991e+27,-1.9579782939683991e+27,-1.9579782939683991e+27,548
2015-03-20,-1.9579782939683991e+27,-1.9579782939683991e+27,-1.9579782939683991e+27,-1.9579782939683991e+27,16
2015-03-23,-1.9579782939683991e+27,-1.9579782939683991e+27,-1.9579782939683991e+27,-1.9579782939683991e+27,16
2015-03-24,-1.9579782939683991e+27,-1.9579782939683991e+27,-1.9579782939683991e+27,-1.9579782939683991e+27,16
2015-03-25,-1.9579782939683991e+27,-1.9579782939683991e+27,-1.9579782939683991e+27,-1.9579782939683991e+27,16
2015-03-26,-1.9579782939683991e+27,-1.9579782939683991e+27,-1.9579782939683991e+27,-1.9579782939683991e+27,16
2015-03-27,9.777504842925622e+22,9.777504842925622e+22,9.777504842925622e+22,9.777504842925622e+22,0
2015-03-30,9.777504842925622e+22,9.777504842925622e+22,9.777504842925622e+22,9.777504842925622e+22,16
2015-03-31,9.777504842925622e+22,9.777504842925622e+22,9.777504842925622e+22,9.777504842925622e+22,16
2015-04-01,9.777504842925622e+22,9.777504842925622e+22,9.777504842925622e+22,9.777504842925622e+22,16
2015-04-06,9.777504842925622e+22,9.777504842925622e+22,9.777504842925622e+22,9.777504842925622e+22,16
2015-04-07,9.777504842925622e+22,9.777504842925622e+22,9.777504842925622e+22,9.777504842925622e+22,16
2015-04-08,9.777504842925622e+22,9.777504842925622e+22,9.777504842925622e+22,9.777504842925622e+22,16
2015-04-09,9.777504842925622e+22,9.777504842925622e+22,9.777504842925622e+22,9.777504842925622e+22,16
2015-04-10,9.777504842925622e+22,9.777504842925622e+22,9.777504842925622e+22,9.777504842925622e+22,0
2015-04-13,9.777504842925622e+22,9.777504842925622e+22,9.777504842925622e+22,9.777504842925622e+22,16
2015-04-14,1.3433438749872294e+23,1.3433438749872294e+23,1.3433438749872294e+23,9.777503396552115e+22,416
2015-04-15,1.3433438749872294e+23,1.3433438749872294e+23,1.3433438749872294e+23,9.777503396552115e+22,416
2015-04-16,1.3433438749872294e+23,1.3433438749872294e+23,1.3433438749872294e+23,9.777503396552115e+22,416
2015-04-17,1.3433438749872294e+23,1.3433438749872294e+23,1.3433438749872294e+23,1.3433438749872294e+23,0
2015-04-20,1.3433438749872294e+23,1.3433438749872294e+23,1.3433438749872294e+23,9.777503396552115e+22,416
2015-04-21,1.3433438749872294e+23,1.3433438749872294e+23,1.3433438749872294e+23,9.777503396552115e+22,416
2015-04-22,1.3433438749872294e+23,1.3433438749872294e+23,1.3433438749872294e+23,9.777503396552115e+22,416
2015-04-23,1.3433438749872294e+23,1.3433438749872294e+23,1.3433438749872294e+23,9.777503396552115e+22,416
2015-04-24,1.3433438749872294e+23,1.3433438749872294e+23,1.3433438749872294e+23,1.3433438749872294e+23,0
2015-04-27,1.3433438749872294e+23,1.3433438749872294e+23,1.3433438749872294e+23,9.777503396552115e+22,416
2015-04-28,1.3433438749872294e+23,1.3433438749872294e+23,1.3433438749872294e+23,9.777503396552115e+22,416
2015-04-29,1.3433438749872294e+23,1.3433438749872294e+23,1.3433438749872294e+23,9.777503396552115e+22,416
2015-04-30,1.3433438749872294e+23,1.3433438749872294e+23,1.3433438749872294e+23,1.3433438749872294e+23,38538
2015-05-04,1.3433438749872294e+23,1.3433438749872294e+23,1.3433438749872294e+23,1.3433438749872294e+23,38538
2015-05-05,1.3433438749872294e+23,1.3433438749872294e+23,1.3433438749872294e+23,1.3433438749872294e+23,38538
2015-05-06,1.3433438749872294e+23,1.3433438749872294e+23,1.3433438749872294e+23,1.3433438749872294e+23,38538
2015-05-07,1.3433438749872294e+23,1.3433438749872294e+23,1.3433438749872294e+23,1.3433438749872294e+23,38538
2015-05-08,1.3433438749872294e+23,1.3433438749872294e+23,1.3433438749872294e+23,1.3433438749872294e+23,0
2015-05-11,1.3433438749872294e+23,1.3433438749872294e+23,1.3433438749872294e+23,1.3433438749872294e+23,38538
2015-05-12,1.3433438749872294e+23,1.3433438749872294e+23,1.3433438749872294e+23,1.3433438749872294e+23,38538
2015-05-13,1.3433438749872294e+23,1.3433438749872294e+23,1.3433438749872294e+23,1.3433438749872294e+23,38538
2015-05-14,1.3433438749872294e+23,1.3433438749872294e+23,1.3433438749872294e+23,1.3433438749872294e+23,38538
2015-05-15,1.3433438749872294e+23,1.3433438749872294e+23,1.3433438749872294e+23,1.3433438749872294e+23,0
2015-05-19,1.3433438749872294e+23,1.3433438749872294e+23,1.3433438749872294e+23,1.3433438749872294e+23,38538
2015-05-20,1.3433438749872294e+23,1.3433438749872294e+23,1.3433438749872294e+23,1.3433438749872294e+23,38538
2015-05-21,1.3433438749872294e+23,1.3433438749872294e+23,1.3433438749872294e+23,1.3433438749872294e+23,38538
2015-05-22,1.3433438749872294e+23,1.3433438749872294e+23,1.3433438749872294e+23,1.3433438749872294e+23,0
2015-05-25,1.3433438749872294e+23,1.3433438749872294e+23,1.3433438749872294e+23,1.3433438749872294e+23,0
2015-05-26,1.3433438749872294e+23,1.3433438749872294e+23,1.3433438749872294e+23,1.3433438749872294e+23,38538
2015-05-27,1.3433438749872294e+23,1.3433438749872294e+23,1.3433438749872294e+23,1.3433438749872294e+23,38538
2015-05-28,1.3433438749872294e+23,1.3433438749872294e+23,1.3433438749872294e+23,1.3433438749872294e+23,38538
2015-05-29,1.3433438749872294e+23,1.3433438749872294e+23,1.3433438749872294e+23,1.3433438749872294e+23,0
2015-06-01,1.3433438749872294e+23,1.3433438749872294e+23,1.3433438749872294e+23,1.3433438749872294e+23,38538
2015-06-02,1.3433438749872294e+23,1.3433438749872294e+23,1.3433438749872294e+23,1.3433438749872294e+23,38538
2015-06-03,1.3433438749872294e+23,1.3433438749872294e+23,1.3433438749872294e+23,1.3433438749872294e+23,38538
2015-06-04,1.3433438749872294e+23,1.3433438749872294e+23,1.3433438749872294e+23,1.3433438749872294e+23,38538
2015-06-05,1.3433438749872294e+23,1.3433438749872294e+23,1.3433438749872294e+23,1.3433438749872294e+23,0
2015-06-09,1.3433438749872294e+23,1.3433438749872294e+23,1.3433438749872294e+23,1.3433438749872294e+23,38538
2015-06-10,1.3433438749872294e+23,1.3433438749872294e+23,1.3433438749872294e+23,1.3433438749872294e+23,38538
2015-06-11,1.3433438749872294e+23,1.3433438749872294e+23,1.3433438749872294e+23,1.3433438749872294e+23,38538
2015-06-12,1.3433438749872294e+23,1.3433438749872294e+23,1.3433438749872294e+23,1.3433438749872294e+23,0
2015-06-15,1.3433438749872294e+23,1.3433438749872294e+23,1.3433438749872294e+23,1.3433438749872294e+23,38538
2015-06-16,1.3433438749872294e+23,1.3433438749872294e+23,1.3433438749872294e+23,1.3433438749872294e+23,38538
2015-06-17,1.3433438749872294e+23,1.3433438749872294e+23,1.3433438749872294e+23,1.3433438749872294e+23,38538
2015-06-18,1.3433438749872294e+23,1.3433438749872294e+23,1.3433438749872294e+23,1.3433438749872294e+23,38538
2015-06-19,1.3433438749872294e+23,1.3433438749872294e+23,1.3433438749872294e+23,1.3433438749872294e+23,0
2015-06-22,1.3433438749872294e+23,1.3433438749872294e+23,1.3433438749872294e+23,1.3433438749872294e+23,38538
2015-06-23,1.3433438749872294e+23,1.3433438749872294e+23,1.3433438749872294e+23,1.3433438749872294e+23,38538
2015-06-25,1.3433438749872294e+23,1.3433438749872294e+23,1.3433438749872294e+23,1.3433438749872294e+23,38538
2015-06-26,1.3433438749872294e+23,1.3433438749872294e+23,1.3433438749872294e+23,1.3433438749872294e+23,0
2015-06-30,1.3433438749872294e+23,1.3433438749872294e+23,1.3433438749872294e+23,1.3433438749872294e+23,38538
2015-07-01,1.3433438749872294e+23,1.3433438749872294e+23,1.3433438749872294e+23,1.3433438749872294e+23,37
2015-07-02,1.3433438749872294e+23,1.3433438749872294e+23,1.3433438749872294e+23,1.3433438749872294e+23,37
2015-07-03,1.3433438749872294e+23,1.3433438749872294e+23,1.3433438749872294e+23,1.3433438749872294e+23,0
2015-07-06,1.3433438749872294e+23,1.3433438749872294e+23,1.3433438749872294e+23,1.3433438749872294e+23,37
2015-07-07,1.3433438749872294e+23,1.3433438749872294e+23,1.3433438749872294e+23,1.3433438749872294e+23,37
2015-07-08,1.3433438749872294e+23,1.3433438749872294e+23,1.3433438749872294e+23,1.3433438749872294e+23,37
2015-07-09,1.3433438749872294e+23,1.3433438749872294e+23,1.3433438749872294e+23,1.3433438749872294e+23,37
2015-07-10,1.3433438749872294e+23,1.3433438749872294e+23,1.3433438749872294e+23,1.3433438749872294e+23,0
2015-07-13,1.3433438749872294e+23,1.3433438749872294e+23,1.3433438749872294e+23,1.3433438749872294e+23,37
2015-07-14,1.3433438749872294e+23,1.3433438749872294e+23,1.3433438749872294e+23,1.3433438749872294e+23,37
2015-07-15,1.3433438749872294e+23,1.3433438749872294e+23,1.3433438749872294e+23,1.3433438749872294e+23,37
2015-07-16,1.3433438749872294e+23,1.3433438749872294e+23,1.3433438749872294e+23,1.3433438749872294e+23,37
2015-07-17,1.3433438749872294e+23,1.3433438749872294e+23,1.3433438749872294e+23,1.3433438749872294e+23,0
2015-07-20,1.3433438749872294e+23,1.3433438749872294e+23,1.3433438749872294e+23,1.3433438749872294e+23,37
2015-07-21,1.3433438749872294e+23,1.3433438749872294e+23,1.3433438749872294e+23,1.3433438749872294e+23,37
2015-07-22,1.3433438749872294e+23,1.3433438749872294e+23,1.3433438749872294e+23,1.3433438749872294e+23,37
2015-07-23,1.3433438749872294e+23,1.3433438749872294e+23,1.3433438749872294e+23,1.3433438749872294e+23,37
2015-07-27,1.3433438749872294e+23,1.3433438749872294e+23,1.3433438749872294e+23,1.3433438749872294e+23,37
2015-07-28,1.3433438749872294e+23,1.3433438749872294e+23,1.3433438749872294e+23,1.3433438749872294e+23,37
2015-07-29,1.3433438749872294e+23,1.3433438749872294e+23,1.3433438749872294e+23,1.3433438749872294e+23,37
2015-07-30,1.3433438749872294e+23,1.3433438749872294e+23,1.3433438749872294e+23,1.3433438749872294e+23,37
2015-07-31,1.3433438749872294e+23,1.3433438749872294e+23,1.3433438749872294e+23,1.3433438749872294e+23,0
2015-08-03,1.3433438749872294e+23,1.3433438749872294e+23,1.3433438749872294e+23,1.3433438749872294e+23,37
2015-08-04,1.3433438749872294e+23,1.3433438749872294e+23,1.3433438749872294e+23,1.3433438749872294e+23,37
2015-08-05,1.3433438749872294e+23,1.3433438749872294e+23,1.3433438749872294e+23,1.3433438749872294e+23,37
2015-08-06,1.3433438749872294e+23,1.3433438749872294e+23,1.3433438749872294e+23,1.3433438749872294e+23,37
2015-08-07,1.3433438749872294e+23,1.3433438749872294e+23,1.3433438749872294e+23,1.3433438749872294e+23,0
2015-08-10,1.3433438749872294e+23,1.3433438749872294e+23,1.3433438749872294e+23,1.3433438749872294e+23,37
2015-08-11,1.3433438749872294e+23,1.3433438749872294e+23,1.3433438749872294e+23,1.3433438749872294e+23,37
2015-08-12,1.3433438749872294e+23,1.3433438749872294e+23,1.3433438749872294e+23,1.3433438749872294e+23,37
2015-08-13,1.3433438749872294e+23,1.3433438749872294e+23,1.3433438749872294e+23,1.3433438749872294e+23,37
2015-08-14,1.3433438749872294e+23,1.3433438749872294e+23,1.3433438749872294e+23,1.3433438749872294e+23,0
2015-08-17,1.3433438749872294e+23,1.3433438749872294e+23,1.3433438749872294e+23,1.3433438749872294e+23,37
2015-08-18,1.3433438749872294e+23,1.3433438749872294e+23,1.3433438749872294e+23,1.3433438749872294e+23,37
2015-08-19,1.3433438749872294e+23,1.3433438749872294e+23,1.3433438749872294e+23,1.3433438749872294e+23,37
2015-08-20,1.3433438749872294e+23,1.3433438749872294e+23,1.3433438749872294e+23,1.3433438749872294e+23,37
2015-08-21,1.3433438749872294e+23,1.3433438749872294e+23,1.3433438749872294e+23,1.3433438749872294e+23,0
2015-08-24,1.3433438749872294e+23,1.3433438749872294e+23,1.3433438749872294e+23,1.3433438749872294e+23,37
2015-08-25,1.3433438749872294e+23,1.3433438749872294e+23,1.3433438749872294e+23,1.3433438749872294e+23,37
2015-08-26,1.3433438749872294e+23,1.3433438749872294e+23,1.3433438749872294e+23,1.3433438749872294e+23,37
2015-08-27,1.3433438749872294e+23,1.3433438749872294e+23,1.3433438749872294e+23,1.3433438749872294e+23,37
2015-08-28,1.3433438749872294e+23,1.3433438749872294e+23,1.3433438749872294e+23,1.3433438749872294e+23,0
2015-08-31,1.3433438749872294e+23,1.3433438749872294e+23,1.3433438749872294e+23,1.3433438749872294e+23,69
2015-09-01,1.3433438749872294e+23,1.3433438749872294e+23,1.3433438749872294e+23,1.3433438749872294e+23,69
2015-09-02,1.3433438749872294e+23,1.3433438749872294e+23,1.3433438749872294e+23,1.3433438749872294e+23,69
2015-09-03,1.3433438749872294e+23,1.3433438749872294e+23,1.3433438749872294e+23,1.3433438749872294e+23,69
2015-09-04,1.3433438749872294e+23,1.3433438749872294e+23,1.3433438749872294e+23,1.3433438749872294e+23,0
2015-09-07,1.3433438749872294e+23,1.3433438749872294e+23,1.3433438749872294e+23,1.3433438749872294e+23,0
2015-09-08,1.3433438749872294e+23,1.3433438749872294e+23,1.3433438749872294e+23,1.3433438749872294e+23,69
2015-09-09,1.3433438749872294e+23,1.3433438749872294e+23,1.3433438749872294e+23,1.3433438749872294e+23,69
2015-09-10,1.3433438749872294e+23,1.3433438749872294e+23,1.3433438749872294e+23,1.3433438749872294e+23,69
2015-09-11,1.3433438749872294e+23,1.3433438749872294e+23,1.3433438749872294e+23,1.3433438749872294e+23,0
2015-09-14,1.3433438749872294e+23,1.3433438749872294e+23,1.3433438749872294e+23,1.3433438749872294e+23,0
2015-09-15,1.3433438749872294e+23,1.3433438749872294e+23,1.3433438749872294e+23,1.3433438749872294e+23,0
2015-09-16,1.3433438749872294e+23,1.3433438749872294e+23,1.3433438749872294e+23,1.3433438749872294e+23,0
2015-09-17,1.3433438749872294e+23,1.3433438749872294e+23,1.3433438749872294e+23,1.3433438749872294e+23,0
2015-09-18,1.3433438749872294e+23,1.3433438749872294e+23,1.3433438749872294e+23,1.3433438749872294e+23,0
2015-09-21,-5.898530788076421e+18,-5.898530788076421e+18,-5.898530788076421e+18,-5.898530788076421e+18,0
2015-09-22,-5.898530788076421e+18,-5.898530788076421e+18,-5.898530788076421e+18,-5.898530788076421e+18,0
2015-09-23,-5.898530788076421e+18,-5.898530788076421e+18,-5.898530788076421e+18,-5.898530788076421e+18,0
2015-09-24,-5.898530788076421e+18,-5.898530788076421e+18,-5.898530788076421e+18,-5.898530788076421e+18,0
2015-09-25,-5.898530788076421e+18,-5.898530788076421e+18,-5.898530788076421e+18,-5.898530788076421e+18,0
2015-09-28,-5.898530788076421e+18,-5.898530788076421e+18,-5.898530788076421e+18,-5.898530788076421e+18,0
2015-09-29,-5.898530788076421e+18,-5.898530788076421e+18,-5.898530788076421e+18,-5.898530788076421e+18,0
2015-09-30,-5.898530788076421e+18,-5.898530788076421e+18,-5.898530788076421e+18,-5.898530788076421e+18,0
2015-10-01,-5.898530788076421e+18,-5.898530788076421e+18,-5.898530788076421e+18,-5.898530788076421e+18,0
2015-10-02,-5.898530788076421e+18,-5.898530788076421e+18,-5.898530788076421e+18,-5.898530788076421e+18,0
2015-10-05,-5.898530788076421e+18,-5.898530788076421e+18,-5.898530788076421e+18,-5.898530788076421e+18,0
2015-10-06,-5.898530788076421e+18,-5.898530788076421e+18,-5.898530788076421e+18,-5.898530788076421e+18,0
2015-10-07,-5.898530788076421e+18,-5.898530788076421e+18,-5.898530788076421e+18,-5.898530788076421e+18,0
2015-10-08,-5.898530788076421e+18,-5.898530788076421e+18,-5.898530788076421e+18,-5.898530788076421e+18,0
2015-10-09,-5.898530788076421e+18,-5.898530788076421e+18,-5.898530788076421e+18,-5.898530788076421e+18,0
2015-10-13,-5.898530788076421e+18,-5.898530788076421e+18,-5.898530788076421e+18,-5.898530788076421e+18,0
2015-10-14,-5.898530788076421e+18,-5.898530788076421e+18,-5.898530788076421e+18,-5.898530788076421e+18,0
2015-10-15,-5.898530788076421e+18,-5.898530788076421e+18,-5.898530788076421e+18,-5.898530788076421e+18,0
2015-10-16,-5.898530788076421e+18,-5.898530788076421e+18,-5.898530788076421e+18,-5.898530788076421e+18,0
2015-10-19,-5.898530788076421e+18,-5.898530788076421e+18,-5.898530788076421e+18,-5.898530788076421e+18,0
2015-10-20,-5.898530788076421e+18,-5.898530788076421e+18,-5.898530788076421e+18,-5.898530788076421e+18,0
2015-10-21,-5.898530788076421e+18,-5.898530788076421e+18,-5.898530788076421e+18,-5.898530788076421e+18,0
2015-10-22,-5.898530788076421e+18,-5.898530788076421e+18,-5.898530788076421e+18,-5.898530788076421e+18,0
2015-10-23,-5.898530788076421e+18,-5.898530788076421e+18,-5.898530788076421e+18,-5.898530788076421e+18,0
2015-10-26,-5.898530788076421e+18,-5.898530788076421e+18,-5.898530788076421e+18,-5.898530788076421e+18,0
2015-10-27,-5.898530788076421e+18,-5.898530788076421e+18,-5.898530788076421e+18,-5.898530788076421e+18,0
2015-10-28,-5.898530788076421e+18,-5.898530788076421e+18,-5.898530788076421e+18,-5.898530788076421e+18,0
2015-10-29,-5.898530788076421e+18,-5.898530788076421e+18,-5.898530788076421e+18,-5.898530788076421e+18,0
2015-10-30,-5.898530788076421e+18,-5.898530788076421e+18,-5.898530788076421e+18,-5.898530788076421e+18,0
2015-11-02,-5.898530788076421e+18,-5.898530788076421e+18,-5.898530788076421e+18,-5.898530788076421e+18,0
2015-11-03,-5.898530788076421e+18,-5.898530788076421e+18,-5.898530788076421e+18,-5.898530788076421e+18,0
2015-11-04,-5.898530788076421e+18,-5.898530788076421e+18,-5.898530788076421e+18,-5.898530788076421e+18,0
2015-11-05,-5.898530788076421e+18,-5.898530788076421e+18,-5.898530788076421e+18,-5.898530788076421e+18,0
2015-11-06,-5.898530788076421e+18,-5.898530788076421e+18,-5.898530788076421e+18,-5.898530788076421e+18,0
2015-11-09,-5.898530788076421e+18,-5.898530788076421e+18,-5.898530788076421e+18,-5.898530788076421e+18,0
2015-11-10,-5.898530788076421e+18,-5.898530788076421e+18,-5.898530788076421e+18,-5.898530788076421e+18,0
2015-11-11,-5.898530788076421e+18,-5.898530788076421e+18,-5.898530788076421e+18,-5.898530788076421e+18,0
2015-11-12,-5.898530788076421e+18,-5.898530788076421e+18,-5.898530788076421e+18,-5.898530788076421e+18,0
2015-11-13,-5.898530788076421e+18,-5.898530788076421e+18,-5.898530788076421e+18,-5.898530788076421e+18,0
2015-11-16,-5.898530788076421e+18,-5.898530788076421e+18,-5.898530788076421e+18,-5.898530788076421e+18,0
2015-11-17,-5.898530788076421e+18,-5.898530788076421e+18,-5.898530788076421e+18,-5.898530788076421e+18,0
2015-11-18,-5.898530788076421e+18,-5.898530788076421e+18,-5.898530788076421e+18,-5.898530788076421e+18,0
2015-11-19,-5.898530788076421e+18,-5.898530788076421e+18,-5.898530788076421e+18,-5.898530788076421e+18,0
2015-11-20,-5.898530788076421e+18,-5.898530788076421e+18,-5.898530788076421e+18,-5.898530788076421e+18,0
2015-11-23,-5.898530788076421e+18,-5.898530788076421e+18,-5.898530788076421e+18,-5.898530788076421e+18,0
2015-11-24,-5.898530788076421e+18,-5.898530788076421e+18,-5.898530788076421e+18,-5.898530788076421e+18,0
2015-11-25,-5.898530788076421e+18,-5.898530788076421e+18,-5.898530788076421e+18,-5.898530788076421e+18,0
2015-11-26,-5.898530788076421e+18,-5.898530788076421e+18,-5.898530788076421e+18,-5.898530788076421e+18,0
2015-11-27,-5.898530788076421e+18,-5.898530788076421e+18,-5.898530788076421e+18,-5.898530788076421e+18,0
2015-11-30,-5.898530788076421e+18,-5.898530788076421e+18,-5.898530788076421e+18,-5.898530788076421e+18,0
2015-12-01,-5.898530788076421e+18,-5.898530788076421e+18,-5.898530788076421e+18,-5.898530788076421e+18,0
2015-12-02,-5.898530788076421e+18,-5.898530788076421e+18,-5.898530788076421e+18,-5.898530788076421e+18,0
2015-12-03,-5.898530788076421e+18,-5.898530788076421e+18,-5.898530788076421e+18,-5.898530788076421e+18,0
2015-12-04,-5.898530788076421e+18,-5.898530788076421e+18,-5.898530788076421e+18,-5.898530788076421e+18,0
2015-12-08,-5.898530788076421e+18,-5.898530788076421e+18,-5.898530788076421e+18,-5.898530788076421e+18,0
2015-12-09,-5.898530788076421e+18,-5.898530788076421e+18,-5.898530788076421e+18,-5.898530788076421e+18,0
2015-12-10,-5.898530788076421e+18,-5.898530788076421e+18,-5.898530788076421e+18,-5.898530788076421e+18,0
2015-12-11,-5.898530788076421e+18,-5.898530788076421e+18,-5.898530788076421e+18,-5.898530788076421e+18,0
2015-12-14,-5.898530788076421e+18,-5.898530788076421e+18,-5.898530788076421e+18,-5.898530788076421e+18,0
2015-12-15,-5.898530788076421e+18,-5.898530788076421e+18,-5.898530788076421e+18,-5.898530788076421e+18,0
2015-12-16,-5.898530788076421e+18,-5.898530788076421e+18,-5.898530788076421e+18,-5.898530788076421e+18,0
2015-12-17,-5.898530788076421e+18,-5.898530788076421e+18,-5.898530788076421e+18,-5.898530788076421e+18,0
2015-12-18,-5.898530788076421e+18,-5.898530788076421e+18,-5.898530788076421e+18,-5.898530788076421e+18,0
2015-12-21,-5.898530788076421e+18,-5.898530788076421e+18,-5.898530788076421e+18,-5.898530788076421e+18,0
2015-12-22,-5.898530788076421e+18,-5.898530788076421e+18,-5.898530788076421e+18,-5.898530788076421e+18,0
2015-12-23,-5.898530788076421e+18,-5.898530788076421e+18,-5.898530788076421e+18,-5.898530788076421e+18,0
2015-12-28,-5.898530788076421e+18,-5.898530788076421e+18,-5.898530788076421e+18,-5.898530788076421e+18,0
2015-12-29,-5.898530788076421e+18,-5.898530788076421e+18,-5.898530788076421e+18,-5.898530788076421e+18,0
2015-12-30,-5.898530788076421e+18,-5.898530788076421e+18,-5.898530788076421e+18,-5.898530788076421e+18,0
2016-01-04,-5.898530788076421e+18,-5.898530788076421e+18,-5.898530788076421e+18,-5.898530788076421e+18,0
2016-01-05,-5.898530788076421e+18,-5.898530788076421e+18,-5.898530788076421e+18,-5.898530788076421e+18,0
2016-01-06,-5.898530788076421e+18,-5.898530788076421e+18,-5.898530788076421e+18,-5.898530788076421e+18,0
2016-01-07,-5.898530788076421e+18,-5.898530788076421e+18,-5.898530788076421e+18,-5.898530788076421e+18,0
2016-01-08,-5.898530788076421e+18,-5.898530788076421e+18,-5.898530788076421e+18,-5.898530788076421e+18,0
2016-01-12,-5.898530788076421e+18,-5.898530788076421e+18,-5.898530788076421e+18,-5.898530788076421e+18,0
2016-01-13,-5.898530788076421e+18,-5.898530788076421e+18,-5.898530788076421e+18,-5.898530788076421e+18,0
2016-01-14,-5.898530788076421e+18,-5.898530788076421e+18,-5.898530788076421e+18,-5.898530788076421e+18,0
2016-01-15,-5.898530788076421e+18,-5.898530788076421e+18,-5.898530788076421e+18,-5.898530788076421e+18,0
2016-01-18,-5.898530788076421e+18,-5.898530788076421e+18,-5.898530788076421e+18,-5.898530788076421e+18,0
2016-01-19,-5.898530788076421e+18,-5.898530788076421e+18,-5.898530788076421e+18,-5.898530788076421e+18,0
2016-01-20,-5.898530788076421e+18,-5.898530788076421e+18,-5.898530788076421e+18,-5.898530788076421e+18,0
2016-01-21,-5.898530788076421e+18,-5.898530788076421e+18,-5.898530788076421e+18,-5.898530788076421e+18,0
2016-01-22,-5.898530788076421e+18,-5.898530788076421e+18,-5.898530788076421e+18,-5.898530788076421e+18,0
2016-01-25,-5.898530788076421e+18,-5.898530788076421e+18,-5.898530788076421e+18,-5.898530788076421e+18,0
2016-01-26,-5.898530788076421e+18,-5.898530788076421e+18,-5.898530788076421e+18,-5.898530788076421e+18,0
2016-01-27,-5.898530788076421e+18,-5.898530788076421e+18,-5.898530788076421e+18,-5.898530788076421e+18,0
2016-01-28,-5.898530788076421e+18,-5.898530788076421e+18,-5.898530788076421e+18,-5.898530788076421e+18,0
2016-01-29,-5.898530788076421e+18,-5.898530788076421e+18,-5.898530788076421e+18,-5.898530788076421e+18,0
2016-02-01,-5.898530788076421e+18,-5.898530788076421e+18,-5.898530788076421e+18,-5.898530788076421e+18,0
2016-02-02,-5.898530788076421e+18,-5.898530788076421e+18,-5.898530788076421e+18,-5.898530788076421e+18,0
2016-02-03,-5.898530788076421e+18,-5.898530788076421e+18,-5.898530788076421e+18,-5.898530788076421e+18,0
2016-02-04,-5.898530788076421e+18,-5.898530788076421e+18,-5.898530788076421e+18,-5.898530788076421e+18,0
2016-02-05,-5.898530788076421e+18,-5.898530788076421e+18,-5.898530788076421e+18,-5.898530788076421e+18,0
2016-02-10,-5.898530788076421e+18,-5.898530788076421e+18,-5.898530788076421e+18,-5.898530788076421e+18,0
2016-02-11,-5.898530788076421e+18,-5.898530788076421e+18,-5.898530788076421e+18,-5.898530788076421e+18,0
2016-02-12,-5.898530788076421e+18,-5.898530788076421e+18,-5.898530788076421e+18,-5.898530788076421e+18,0
2016-02-15,-5.898530788076421e+18,-5.898530788076421e+18,-5.898530788076421e+18,-5.898530788076421e+18,0
2016-02-16,-5.898530788076421e+18,-5.898530788076421e+18,-5.898530788076421e+18,-5.898530788076421e+18,0
2016-02-17,-5.898530788076421e+18,-5.898530788076421e+18,-5.898530788076421e+18,-5.898530788076421e+18,0
2016-02-18,-5.898530788076421e+18,-5.898530788076421e+18,-5.898530788076421e+18,-5.898530788076421e+18,0
2016-02-19,-5.898530788076421e+18,-5.898530788076421e+18,-5.898530788076421e+18,-5.898530788076421e+18,0
2016-02-22,-5.898530788076421e+18,-5.898530788076421e+18,-5.898530788076421e+18,-5.898530788076421e+18,0
2016-02-23,-5.898530788076421e+18,-5.898530788076421e+18,-5.898530788076421e+18,-5.898530788076421e+18,0
2016-02-24,-5.898530788076421e+18,-5.898530788076421e+18,-5.898530788076421e+18,-5.898530788076421e+18,0
2016-02-25,-5.898530788076421e+18,-5.898530788076421e+18,-5.898530788076421e+18,-5.898530788076421e+18,0
2016-02-26,-5.898530788076421e+18,-5.898530788076421e+18,-5.898530788076421e+18,-5.898530788076421e+18,0
2016-02-29,-5.898530788076421e+18,-5.898530788076421e+18,-5.898530788076421e+18,-5.898530788076421e+18,0
2016-03-01,-5.898530788076421e+18,-5.898530788076421e+18,-5.898530788076421e+18,-5.898530788076421e+18,0
2016-03-02,-5.898530788076421e+18,-5.898530788076421e+18,-5.898530788076421e+18,-5.898530788076421e+18,0
2016-03-03,-5.898530788076421e+18,-5.898530788076421e+18,-5.898530788076421e+18,-5.898530788076421e+18,0
2016-03-04,-5.898530788076421e+18,-5.898530788076421e+18,-5.898530788076421e+18,-5.898530788076421e+18,0
2016-03-07,-5.898530788076421e+18,-5.898530788076421e+18,-5.898530788076421e+18,-5.898530788076421e+18,0
2016-03-08,-5.898530788076421e+18,-5.898530788076421e+18,-5.898530788076421e+18,-5.898530788076421e+18,0
2016-03-09,-5.898530788076421e+18,-5.898530788076421e+18,-5.898530788076421e+18,-5.898530788076421e+18,0
2016-03-10,-5.898530788076421e+18,-5.898530788076421e+18,-5.898530788076421e+18,-5.898530788076421e+18,0
2016-03-11,-5.898530788076421e+18,-5.898530788076421e+18,-5.898530788076421e+18,-5.898530788076421e+18,0
2016-03-14,-5.898530788076421e+18,-5.898530788076421e+18,-5.898530788076421e+18,-5.898530788076421e+18,0
2016-03-15,-5.898530788076421e+18,-5.898530788076421e+18,-5.898530788076421e+18,-5.898530788076421e+18,0
2016-03-16,-5.898530788076421e+18,-5.898530788076421e+18,-5.898530788076421e+18,-5.898530788076421e+18,0
2016-03-17,-5.898530788076421e+18,-5.898530788076421e+18,-5.898530788076421e+18,-5.898530788076421e+18,0
2016-03-18,-8.026482161764794e+18,-8.026482161764794e+18,-8.026482161764794e+18,-8.026482161764794e+18,2
2016-03-21,-8.026482161764794e+18,-8.026482161764794e+18,-8.026482161764794e+18,-8.026482161764794e+18,0
2016-03-22,-8.026482161764794e+18,-8.026482161764794e+18,-8.026482161764794e+18,-8.026482161764794e+18,0
2016-03-23,-8.026482161764794e+18,-8.026482161764794e+18,-8.026482161764794e+18,-8.026482161764794e+18,0
2016-03-28,-8.026482161764794e+18,-8.026482161764794e+18,-8.026482161764794e+18,-8.026482161764794e+18,0
2016-03-29,-8.026482161764794e+18,-8.026482161764794e+18,-8.026482161764794e+18,-8.026482161764794e+18,0
2016-03-30,-8.026482161764794e+18,-8.026482161764794e+18,-8.026482161764794e+18,-8.026482161764794e+18,0
2016-03-31,-8.026482161764794e+18,-8.026482161764794e+18,-8.026482161764794e+18,-8.026482161764794e+18,0
2016-04-01,-8.026482161764794e+18,-8.026482161764794e+18,-8.026482161764794e+18,-8.026482161764794e+18,0
2016-04-04,259230720327680.0,259230720327680.0,259230720327680.0,259230720327680.0,0
2016-04-05,259230720327680.0,259230720327680.0,259230720327680.0,259230720327680.0,0
2016-04-06,259230720327680.0,259230720327680.0,259230720327680.0,259230720327680.0,0
2016-04-07,259230720327680.0,259230720327680.0,259230720327680.0,259230720327680.0,0
2016-04-08,259230720327680.0,259230720327680.0,259230720327680.0,259230720327680.0,0
2016-04-11,259230720327680.0,259230720327680.0,259230720327680.0,259230720327680.0,0
2016-04-12,259230720327680.0,259230720327680.0,259230720327680.0,259230720327680.0,0
2016-04-13,259230720327680.0,259230720327680.0,259230720327680.0,259230720327680.0,0
2016-04-14,259230720327680.0,259230720327680.0,259230720327680.0,259230720327680.0,0
2016-04-15,259230720327680.0,259230720327680.0,259230720327680.0,259230720327680.0,0
2016-04-18,259230720327680.0,259230720327680.0,259230720327680.0,259230720327680.0,0
2016-04-20,259230720327680.0,259230720327680.0,259230720327680.0,259230720327680.0,0
2016-04-21,259230720327680.0,259230720327680.0,259230720327680.0,259230720327680.0,0
2016-04-22,259230720327680.0,259230720327680.0,259230720327680.0,259230720327680.0,0
2016-04-25,259230720327680.0,259230720327680.0,259230720327680.0,259230720327680.0,0
2016-04-26,259230720327680.0,259230720327680.0,259230720327680.0,259230720327680.0,0
2016-04-27,259230720327680.0,259230720327680.0,259230720327680.0,259230720327680.0,0
2016-04-28,259230720327680.0,259230720327680.0,259230720327680.0,259230720327680.0,0
2016-04-29,259230720327680.0,259230720327680.0,259230720327680.0,259230720327680.0,0
2016-05-02,259230720327680.0,259230720327680.0,259230720327680.0,259230720327680.0,0
2016-05-03,259230720327680.0,259230720327680.0,259230720327680.0,259230720327680.0,0
2016-05-04,259230720327680.0,259230720327680.0,259230720327680.0,259230720327680.0,0
2016-05-05,259230720327680.0,259230720327680.0,259230720327680.0,259230720327680.0,0
2016-05-06,259230720327680.0,259230720327680.0,259230720327680.0,259230720327680.0,0
2016-05-10,259230720327680.0,259230720327680.0,259230720327680.0,259230720327680.0,0
2016-05-11,259230720327680.0,259230720327680.0,259230720327680.0,259230720327680.0,0
2016-05-12,259230720327680.0,259230720327680.0,259230720327680.0,259230720327680.0,0
2016-05-13,259230720327680.0,259230720327680.0,259230720327680.0,259230720327680.0,0
2016-05-16,259230720327680.0,259230720327680.0,259230720327680.0,259230720327680.0,0
2016-05-17,259230720327680.0,259230720327680.0,259230720327680.0,259230720327680.0,0
2016-05-18,259230720327680.0,259230720327680.0,259230720327680.0,259230720327680.0,0
2016-05-19,259230720327680.0,259230720327680.0,259230720327680.0,259230720327680.0,0
2016-05-20,259230720327680.0,259230720327680.0,259230720327680.0,259230720327680.0,0
2016-05-23,259230720327680.0,259230720327680.0,259230720327680.0,259230720327680.0,0
2016-05-24,259230720327680.0,259230720327680.0,259230720327680.0,259230720327680.0,0
2016-05-25,259230720327680.0,259230720327680.0,259230720327680.0,259230720327680.0,0
2016-05-26,259230720327680.0,259230720327680.0,259230720327680.0,259230720327680.0,0
2016-05-27,259230720327680.0,259230720327680.0,259230720327680.0,259230720327680.0,0
2016-05-31,259230720327680.0,259230720327680.0,259230720327680.0,259230720327680.0,0
2016-06-01,259230720327680.0,259230720327680.0,259230720327680.0,259230720327680.0,0
2016-06-02,259230720327680.0,259230720327680.0,259230720327680.0,259230720327680.0,0
2016-06-03,259230720327680.0,259230720327680.0,259230720327680.0,259230720327680.0,0
2016-06-06,259230720327680.0,259230720327680.0,259230720327680.0,259230720327680.0,0
2016-06-07,259230720327680.0,259230720327680.0,259230720327680.0,259230720327680.0,0
2016-06-08,259230720327680.0,259230720327680.0,259230720327680.0,259230720327680.0,0
2016-06-09,259230720327680.0,259230720327680.0,259230720327680.0,259230720327680.0,0
2016-06-10,259230720327680.0,259230720327680.0,259230720327680.0,259230720327680.0,0
2016-06-13,259230720327680.0,259230720327680.0,259230720327680.0,259230720327680.0,0
2016-06-14,259230720327680.0,259230720327680.0,259230720327680.0,259230720327680.0,0
2016-06-15,259230720327680.0,259230720327680.0,259230720327680.0,259230720327680.0,0
2016-06-16,259230720327680.0,259230720327680.0,259230720327680.0,259230720327680.0,0
2016-06-17,259230720327680.0,259230720327680.0,259230720327680.0,259230720327680.0,0
2016-06-20,215824673538048.0,215824673538048.0,215824673538048.0,215824673538048.0,2292
2016-06-21,215824673538048.0,215824673538048.0,215824673538048.0,215824673538048.0,0
2016-06-22,215824673538048.0,215824673538048.0,215824673538048.0,215824673538048.0,0
2016-06-23,215824673538048.0,215824673538048.0,215824673538048.0,215824673538048.0,0
2016-06-27,215824673538048.0,215824673538048.0,215824673538048.0,215824673538048.0,0
2016-06-28,215824673538048.0,215824673538048.0,215824673538048.0,215824673538048.0,0
2016-06-29,215824673538048.0,215824673538048.0,215824673538048.0,215824673538048.0,0
2016-06-30,215824673538048.0,215824673538048.0,215824673538048.0,215824673538048.0,0
2016-07-01,215824673538048.0,215824673538048.0,215824673538048.0,215824673538048.0,0
2016-07-06,215824673538048.0,215824673538048.0,215824673538048.0,215824673538048.0,0
2016-07-07,215824673538048.0,215824673538048.0,215824673538048.0,215824673538048.0,0
2016-07-08,215824673538048.0,215824673538048.0,215824673538048.0,215824673538048.0,0
2016-07-11,302636783894528.0,302636783894528.0,302636783894528.0,302636783894528.0,69
2016-07-12,302636783894528.0,302636783894528.0,302636783894528.0,302636783894528.0,0
2016-07-13,302636783894528.0,302636783894528.0,302636783894528.0,302636783894528.0,0
2016-07-14,302636783894528.0,302636783894528.0,302636783894528.0,302636783894528.0,0
2016-07-15,302636783894528.0,302636783894528.0,302636783894528.0,302636783894528.0,0
2016-07-18,424414977982464.0,424414977982464.0,424414977982464.0,424414977982464.0,69
2016-07-19,424414977982464.0,424414977982464.0,424414977982464.0,424414977982464.0,0
2016-07-20,424414977982464.0,424414977982464.0,424414977982464.0,424414977982464.0,0
2016-07-21,424414977982464.0,424414977982464.0,424414977982464.0,424414977982464.0,0
2016-07-22,424414977982464.0,424414977982464.0,424414977982464.0,424414977982464.0,0
2016-07-25,424414977982464.0,424414977982464.0,424414977982464.0,424414977982464.0,0
2016-07-26,424414977982464.0,424414977982464.0,424414977982464.0,424414977982464.0,0
2016-07-27,424414977982464.0,424414977982464.0,424414977982464.0,424414977982464.0,0
2016-07-28,424414977982464.0,424414977982464.0,424414977982464.0,424414977982464.0,0
2016-07-29,424414977982464.0,424414977982464.0,424414977982464.0,424414977982464.0,0
2016-08-01,424414977982464.0,424414977982464.0,424414977982464.0,424414977982464.0,0
2016-08-02,424414977982464.0,424414977982464.0,424414977982464.0,424414977982464.0,0
2016-08-03,424414977982464.0,424414977982464.0,424414977982464.0,424414977982464.0,0
2016-08-04,476261172379648.0,476261172379648.0,476261172379648.0,476261172379648.0,69
2016-08-05,476261172379648.0,476261172379648.0,476261172379648.0,476261172379648.0,27
2016-08-08,476261172379648.0,476261172379648.0,476261172379648.0,476261172379648.0,0
2016-08-09,476261172379648.0,476261172379648.0,476261172379648.0,476261172379648.0,0
2016-08-10,476261172379648.0,476261172379648.0,476261172379648.0,476261172379648.0,0
2016-08-11,476261172379648.0,476261172379648.0,476261172379648.0,476261172379648.0,0
2016-08-12,476261172379648.0,476261172379648.0,476261172379648.0,476261172379648.0,0
2016-08-16,476261172379648.0,476261172379648.0,476261172379648.0,476261172379648.0,0
2016-08-17,476261172379648.0,476261172379648.0,476261172379648.0,476261172379648.0,0
2016-08-18,476261172379648.0,476261172379648.0,476261172379648.0,476261172379648.0,0
2016-08-19,476261172379648.0,476261172379648.0,476261172379648.0,476261172379648.0,0
2016-08-22,476261172379648.0,476261172379648.0,476261172379648.0,476261172379648.0,69
2016-08-23,476261172379648.0,476261172379648.0,476261172379648.0,476261172379648.0,0
2016-08-24,476261172379648.0,476261172379648.0,476261172379648.0,476261172379648.0,0
2016-08-25,476261172379648.0,476261172379648.0,476261172379648.0,476261172379648.0,0
2016-08-26,476261172379648.0,476261172379648.0,476261172379648.0,476261172379648.0,0
2016-08-29,476261172379648.0,476261172379648.0,476261172379648.0,476261172379648.0,0
2016-08-30,476261172379648.0,476261172379648.0,476261172379648.0,476261172379648.0,0
2016-08-31,476261172379648.0,476261172379648.0,476261172379648.0,476261172379648.0,0
2016-09-01,476261172379648.0,476261172379648.0,476261172379648.0,476261172379648.0,0
2016-09-02,476261172379648.0,476261172379648.0,476261172379648.0,476261172379648.0,0
2016-09-05,476261172379648.0,476261172379648.0,476261172379648.0,476261172379648.0,0
2016-09-06,476261172379648.0,476261172379648.0,476261172379648.0,476261172379648.0,0
2016-09-07,476261172379648.0,476261172379648.0,476261172379648.0,476261172379648.0,0
2016-09-08,476261172379648.0,476261172379648.0,476261172379648.0,476261172379648.0,0
2016-09-09,476261172379648.0,476261172379648.0,476261172379648.0,476261172379648.0,0
2016-09-12,476261172379648.0,476261172379648.0,476261172379648.0,476261172379648.0,0
2016-09-13,476261172379648.0,476261172379648.0,476261172379648.0,476261172379648.0,0
2016-09-14,476261172379648.0,476261172379648.0,476261172379648.0,476261172379648.0,0
2016-09-15,476261172379648.0,476261172379648.0,476261172379648.0,476261172379648.0,0
2016-09-16,476261172379648.0,476261172379648.0,476261172379648.0,476261172379648.0,0
2016-09-19,476261172379648.0,476261172379648.0,476261172379648.0,476261172379648.0,0
2016-09-20,476261172379648.0,476261172379648.0,476261172379648.0,476261172379648.0,0
2016-09-21,476261172379648.0,476261172379648.0,476261172379648.0,476261172379648.0,0
2016-09-22,476261172379648.0,476261172379648.0,476261172379648.0,476261172379648.0,0
2016-09-23,476261172379648.0,476261172379648.0,476261172379648.0,476261172379648.0,0
2016-09-26,-26140663808.0,-26140663808.0,-26140663808.0,-26140663808.0,0
2016-09-27,-26140663808.0,-26140663808.0,-26140663808.0,-26140663808.0,0
2016-09-28,-26140663808.0,-26140663808.0,-26140663808.0,-26140663808.0,0
2016-09-29,-26140663808.0,-26140663808.0,-26140663808.0,-26140663808.0,0
2016-09-30,-26140663808.0,-26140663808.0,-26140663808.0,-26140663808.0,0
2016-10-03,-26140663808.0,-26140663808.0,-26140663808.0,-26140663808.0,0
2016-10-04,-26140663808.0,-26140663808.0,-26140663808.0,-26140663808.0,58
2016-10-05,-26140663808.0,-26140663808.0,-26140663808.0,-26140663808.0,0
2016-10-06,-26140663808.0,-26140663808.0,-26140663808.0,-26140663808.0,0
2016-10-07,-26140663808.0,-26140663808.0,-26140663808.0,-26140663808.0,0
2016-10-10,-26140663808.0,-26140663808.0,-26140663808.0,-26140663808.0,0
2016-10-11,-26140663808.0,-26140663808.0,-26140663808.0,-26140663808.0,11
2016-10-13,-26140663808.0,-26140663808.0,-26140663808.0,-26140663808.0,0
2016-10-14,-26140663808.0,-26140663808.0,-26140663808.0,-26140663808.0,0
2016-10-17,-26140663808.0,-26140663808.0,-26140663808.0,-26140663808.0,0
2016-10-18,-26140663808.0,-26140663808.0,-26140663808.0,-26140663808.0,0
2016-10-19,-26140663808.0,-26140663808.0,-26140663808.0,-26140663808.0,0
2016-10-20,-26140663808.0,-26140663808.0,-26140663808.0,-26140663808.0,0
2016-10-21,-26140663808.0,-26140663808.0,-26140663808.0,-26140663808.0,0
2016-10-24,-26140663808.0,-26140663808.0,-26140663808.0,-26140663808.0,0
2016-10-25,-26140663808.0,-26140663808.0,-26140663808.0,-26140663808.0,0
2016-10-26,-26140663808.0,-26140663808.0,-26140663808.0,-26140663808.0,0
2016-10-27,-26140663808.0,-26140663808.0,-26140663808.0,-26140663808.0,0
2016-10-28,-26140663808.0,-26140663808.0,-26140663808.0,-26140663808.0,0
2016-10-31,-26140663808.0,-26140663808.0,-26140663808.0,-26140663808.0,0
2016-11-01,-26140663808.0,-26140663808.0,-26140663808.0,-26140663808.0,0
2016-11-02,-26140663808.0,-26140663808.0,-26140663808.0,-26140663808.0,0
2016-11-03,-26140663808.0,-26140663808.0,-26140663808.0,-26140663808.0,0
2016-11-04,-26140663808.0,-26140663808.0,-26140663808.0,-26140663808.0,69
2016-11-08,-26140663808.0,-26140663808.0,-26140663808.0,-26140663808.0,0
2016-11-09,-26140663808.0,-26140663808.0,-26140663808.0,-26140663808.0,0
2016-11-10,-26140663808.0,-26140663808.0,-26140663808.0,-26140663808.0,0
2016-11-11,-26140663808.0,-26140663808.0,-26140663808.0,-26140663808.0,0
2016-11-14,-51420995584.0,-51420995584.0,-51420995584.0,-51420995584.0,62
2016-11-15,-51420995584.0,-51420995584.0,-51420995584.0,-51420995584.0,0
2016-11-16,-51420995584.0,-51420995584.0,-51420995584.0,-51420995584.0,0
2016-11-17,-51420995584.0,-51420995584.0,-51420995584.0,-51420995584.0,0
2016-11-18,-51420995584.0,-51420995584.0,-51420995584.0,-51420995584.0,0
2016-11-21,-51420995584.0,-51420995584.0,-51420995584.0,-51420995584.0,0
2016-11-22,-51420995584.0,-51420995584.0,-51420995584.0,-51420995584.0,0
2016-11-23,-51420995584.0,-51420995584.0,-51420995584.0,-51420995584.0,0
2016-11-24,-51420995584.0,-51420995584.0,-51420995584.0,-51420995584.0,0
2016-11-25,-51420995584.0,-51420995584.0,-51420995584.0,-51420995584.0,0
2016-11-28,-51420995584.0,-51420995584.0,-51420995584.0,-51420995584.0,0
2016-11-29,-51420995584.0,-51420995584.0,-51420995584.0,-51420995584.0,0
2016-11-30,-51420995584.0,-51420995584.0,-51420995584.0,-51420995584.0,0
2016-12-01,-51420995584.0,-51420995584.0,-51420995584.0,-51420995584.0,0
2016-12-02,-51420995584.0,-51420995584.0,-51420995584.0,-51420995584.0,0
2016-12-05,-51420995584.0,-51420995584.0,-51420995584.0,-51420995584.0,0
2016-12-06,-51420995584.0,-51420995584.0,-51420995584.0,-51420995584.0,0
2016-12-07,-51420995584.0,-51420995584.0,-51420995584.0,-51420995584.0,0
2016-12-08,-51420995584.0,-51420995584.0,-51420995584.0,-51420995584.0,0
2016-12-09,-51420995584.0,-51420995584.0,-51420995584.0,-51420995584.0,0
2016-12-13,-51420995584.0,-51420995584.0,-51420995584.0,-51420995584.0,0
2016-12-14,-51420995584.0,-51420995584.0,-51420995584.0,-51420995584.0,0
2016-12-15,-51420995584.0,-51420995584.0,-51420995584.0,-51420995584.0,0
2016-12-16,-51420995584.0,-51420995584.0,-51420995584.0,-51420995584.0,0
2016-12-19,-51420995584.0,-51420995584.0,-51420995584.0,-51420995584.0,0
2016-12-20,-51420995584.0,-51420995584.0,-51420995584.0,-51420995584.0,0
2016-12-21,-51420995584.0,-51420995584.0,-51420995584.0,-51420995584.0,0
2016-12-22,-51420995584.0,-51420995584.0,-51420995584.0,-51420995584.0,0
2016-12-23,-51420995584.0,-51420995584.0,-51420995584.0,-51420995584.0,0
2016-12-26,-51420995584.0,-51420995584.0,-51420995584.0,-51420995584.0,0
2016-12-27,-51420995584.0,-51420995584.0,-51420995584.0,-51420995584.0,0
2016-12-28,-51420995584.0,-51420995584.0,-51420995584.0,-51420995584.0,0
2016-12-29,-51420995584.0,-51420995584.0,-51420995584.0,-51420995584.0,0
2016-12-30,-51420995584.0,-51420995584.0,-51420995584.0,-51420995584.0,0
2017-01-02,-51420995584.0,-51420995584.0,-51420995584.0,-51420995584.0,0
2017-01-03,-51420995584.0,-51420995584.0,-51420995584.0,-51420995584.0,0
2017-01-04,-51420995584.0,-51420995584.0,-51420995584.0,-51420995584.0,0
2017-01-05,-51420995584.0,-51420995584.0,-51420995584.0,-51420995584.0,0
2017-01-09,-51420995584.0,-51420995584.0,-51420995584.0,-51420995584.0,0
2017-01-10,-51420995584.0,-51420995584.0,-51420995584.0,-51420995584.0,0
2017-01-11,-51420995584.0,-51420995584.0,-51420995584.0,-51420995584.0,0
2017-01-12,-51420995584.0,-51420995584.0,-51420995584.0,-51420995584.0,0
2017-01-13,-51420995584.0,-51420995584.0,-51420995584.0,-51420995584.0,0
2017-01-16,-51420995584.0,-51420995584.0,-51420995584.0,-51420995584.0,0
2017-01-17,-51420995584.0,-51420995584.0,-51420995584.0,-51420995584.0,0
2017-01-18,-51420995584.0,-51420995584.0,-51420995584.0,-51420995584.0,0
2017-01-19,-51420995584.0,-51420995584.0,-51420995584.0,-51420995584.0,0
2017-01-20,-51420995584.0,-51420995584.0,-51420995584.0,-51420995584.0,0
2017-01-23,-51420995584.0,-51420995584.0,-51420995584.0,-51420995584.0,0
2017-01-24,-51420995584.0,-51420995584.0,-51420995584.0,-51420995584.0,0
2017-01-25,-100459552768.0,-100459552768.0,-100459552768.0,-100459552768.0,27
2017-01-26,-100459552768.0,-100459552768.0,-100459552768.0,-100459552768.0,0
2017-01-27,-100459552768.0,-100459552768.0,-100459552768.0,-100459552768.0,0
2017-01-30,-100459552768.0,-100459552768.0,-100459552768.0,-100459552768.0,0
2017-01-31,-100459552768.0,-100459552768.0,-100459552768.0,-100459552768.0,0
2017-02-01,-100459552768.0,-100459552768.0,-100459552768.0,-100459552768.0,0
2017-02-02,-100459552768.0,-100459552768.0,-100459552768.0,-100459552768.0,0
2017-02-03,-100459552768.0,-100459552768.0,-100459552768.0,-100459552768.0,0
2017-02-06,-100459552768.0,-100459552768.0,-100459552768.0,-100459552768.0,0
2017-02-07,-100459552768.0,-100459552768.0,-100459552768.0,-100459552768.0,0
2017-02-08,-100459552768.0,-100459552768.0,-100459552768.0,-100459552768.0,0
2017-02-09,-100459552768.0,-100459552768.0,-100459552768.0,-100459552768.0,41
2017-02-10,-100459552768.0,-100459552768.0,-100459552768.0,-100459552768.0,27
2017-02-13,-100459552768.0,-100459552768.0,-100459552768.0,-100459552768.0,0
2017-02-14,-100459552768.0,-100459552768.0,-100459552768.0,-100459552768.0,0
2017-02-15,-100459552768.0,-100459552768.0,-100459552768.0,-100459552768.0,27
2017-02-16,-100459552768.0,-100459552768.0,-100459552768.0,-100459552768.0,4
2017-02-17,-100459552768.0,-100459552768.0,-100459552768.0,-100459552768.0,0
2017-02-20,-100459552768.0,-100459552768.0,-100459552768.0,-100459552768.0,0
2017-02-21,-100459552768.0,-100459552768.0,-100459552768.0,-100459552768.0,27
2017-02-22,-100459552768.0,-100459552768.0,-100459552768.0,-100459552768.0,0
2017-02-23,-100459552768.0,-100459552768.0,-100459552768.0,-100459552768.0,134
2017-02-24,-100459552768.0,-100459552768.0,-100459552768.0,-100459552768.0,0
2017-03-01,-100459552768.0,-100459552768.0,-100459552768.0,-100459552768.0,0
2017-03-02,-100459552768.0,-100459552768.0,-100459552768.0,-100459552768.0,0
2017-03-03,-100459552768.0,-100459552768.0,-100459552768.0,-100459552768.0,0
2017-03-06,-100459552768.0,-100459552768.0,-100459552768.0,-100459552768.0,0
2017-03-07,-100459552768.0,-100459552768.0,-100459552768.0,-100459552768.0,0
2017-03-08,-100459552768.0,-100459552768.0,-100459552768.0,-100459552768.0,0
2017-03-09,-100459552768.0,-100459552768.0,-100459552768.0,-100459552768.0,0
2017-03-10,-100459552768.0,-100459552768.0,-100459552768.0,-100459552768.0,0
2017-03-13,-100459552768.0,-100459552768.0,-100459552768.0,-100459552768.0,0
2017-03-14,-102378749952.0,-102378749952.0,-102378749952.0,-102378749952.0,20
2017-03-15,-102378749952.0,-102378749952.0,-102378749952.0,-102378749952.0,0
2017-03-16,-102378749952.0,-102378749952.0,-102378749952.0,-102378749952.0,0
2017-03-17,-102378749952.0,-102378749952.0,-102378749952.0,-102378749952.0,0
2017-03-20,-102378749952.0,-102378749952.0,-102378749952.0,-102378749952.0,0
2017-03-21,-102378749952.0,-102378749952.0,-102378749952.0,-102378749952.0,0
2017-03-22,-102378749952.0,-102378749952.0,-102378749952.0,-102378749952.0,0
2017-03-23,-102378749952.0,-102378749952.0,-102378749952.0,-102378749952.0,0
2017-03-24,-102378749952.0,-102378749952.0,-102378749952.0,-102378749952.0,0
2017-03-27,-102378749952.0,-102378749952.0,-102378749952.0,-102378749952.0,0
2017-03-28,-102378749952.0,-102378749952.0,-102378749952.0,-102378749952.0,0
2017-03-29,-102378749952.0,-102378749952.0,-102378749952.0,-102378749952.0,0
2017-03-30,-102378749952.0,-102378749952.0,-102378749952.0,-102378749952.0,0
2017-03-31,-102378749952.0,-102378749952.0,-102378749952.0,-102378749952.0,0
2017-04-03,-102378749952.0,-102378749952.0,-102378749952.0,-102378749952.0,0
2017-04-04,-102378749952.0,-102378749952.0,-102378749952.0,-102378749952.0,0
2017-04-05,-102378749952.0,-102378749952.0,-102378749952.0,-102378749952.0,0
2017-04-06,-102378749952.0,-102378749952.0,-102378749952.0,-102378749952.0,0
2017-04-07,-102378749952.0,-102378749952.0,-102378749952.0,-102378749952.0,0
2017-04-10,9170189.0,9170189.0,9170189.0,9170189.0,0
2017-04-11,9170189.0,9170189.0,9170189.0,9170189.0,0
2017-04-12,9170189.0,9170189.0,9170189.0,9170189.0,0
2017-04-17,9170189.0,9170189.0,9170189.0,9170189.0,0
2017-04-18,9170189.0,9170189.0,9170189.0,9170189.0,0
2017-04-20,9170189.0,9170189.0,9170189.0,9170189.0,0
2017-04-21,9170189.0,9170189.0,9170189.0,9170189.0,0
2017-04-24,9170189.0,9170189.0,9170189.0,9170189.0,0
2017-04-25,9170189.0,9170189.0,9170189.0,9170189.0,0
2017-04-26,9170189.0,9170189.0,9170189.0,9170189.0,0
2017-04-27,9170189.0,9170189.0,9170189.0,9170189.0,0
2017-04-28,9081272.0,9081272.0,9081272.0,9081272.0,1389
2017-05-02,9081272.0,9081272.0,9081272.0,9081272.0,0
2017-05-03,9081272.0,9081272.0,9081272.0,9081272.0,0
2017-05-04,9081272.0,9081272.0,9081272.0,9081272.0,0
2017-05-05,9081272.0,9081272.0,9081272.0,9081272.0,0
2017-05-08,9081272.0,9081272.0,9081272.0,9081272.0,0
2017-05-09,9081272.0,9081272.0,9081272.0,9081272.0,0
2017-05-10,9081272.0,9081272.0,9081272.0,9081272.0,0
2017-05-11,9081272.0,9081272.0,9081272.0,9081272.0,0
2017-05-12,9081272.0,9081272.0,9081272.0,9081272.0,0
2017-05-15,9081272.0,9081272.0,9081272.0,9081272.0,0
2017-05-16,9081272.0,9081272.0,9081272.0,9081272.0,0
2017-05-17,9081272.0,9081272.0,9081272.0,9081272.0,0
2017-05-18,9081272.0,9081272.0,9081272.0,9081272.0,0
2017-05-19,9081272.0,9081272.0,9081272.0,9081272.0,0
2017-05-22,9081272.0,9081272.0,9081272.0,9081272.0,0
2017-05-23,11090771.0,11090771.0,11090771.0,11090771.0,694
2017-05-24,11090771.0,11090771.0,11090771.0,11090771.0,0
2017-05-26,14926007.0,14926007.0,14926007.0,14926007.0,305
2017-05-29,14926007.0,14926007.0,14926007.0,14926007.0,0
2017-05-30,14926007.0,14926007.0,14926007.0,14926007.0,0
2017-05-31,14926007.0,14926007.0,14926007.0,14926007.0,0
2017-06-01,14926007.0,14926007.0,14926007.0,14926007.0,0
2017-06-02,14926007.0,14926007.0,14926007.0,14926007.0,0
2017-06-05,14926007.0,14926007.0,14926007.0,14926007.0,0
2017-06-06,14926007.0,14926007.0,14926007.0,14926007.0,0
2017-06-07,14926007.0,14926007.0,14926007.0,14926007.0,0
2017-06-08,17059988.0,17059988.0,17059988.0,17059988.0,62
2017-06-09,19193968.0,19193968.0,19193968.0,19193968.0,41
2017-06-12,19193968.0,19193968.0,19193968.0,19193968.0,0
2017-06-13,19193968.0,19193968.0,19193968.0,19193968.0,0
2017-06-14,20047560.0,20047560.0,20047560.0,20047560.0,69
2017-06-16,20047560.0,20047560.0,20047560.0,20047560.0,0
2017-06-20,20047560.0,20047560.0,20047560.0,20047560.0,0
2017-06-21,20047560.0,20047560.0,20047560.0,20047560.0,0
2017-06-22,24060630.0,24060630.0,24060630.0,24060630.0,41
2017-06-23,24060630.0,24060630.0,24060630.0,24060630.0,41
2017-06-26,28577556.0,28577556.0,28577556.0,28577556.0,27
2017-06-27,28577556.0,28577556.0,28577556.0,28577556.0,0
2017-06-28,28577556.0,28577556.0,28577556.0,28577556.0,138
2017-06-30,28577556.0,28577556.0,28577556.0,28577556.0,0
2017-07-03,28577556.0,28577556.0,28577556.0,28577556.0,0
2017-07-04,28577556.0,28577556.0,28577556.0,28577556.0,0
2017-07-06,27729892.0,27729892.000000004,27729892.000000004,27729892.000000004,55
2017-07-07,29431144.0,29431144.0,29431144.0,29431144.0,2488
2017-07-10,28577556.0,28577556.0,28577556.0,28577556.0,3473
2017-07-11,28577556.0,28577556.0,28577556.0,28577556.0,3248
2017-07-12,28577556.0,28577556.0,28577556.0,28577556.0,0
2017-07-13,28577556.0,28577556.0,28577556.0,28577556.0,0
2017-07-14,28577556.0,28577556.0,28577556.0,28577556.0,0
2017-07-17,28577556.0,28577556.0,28577556.0,28577556.0,62
2017-07-18,28577556.0,28577556.0,28577556.0,28577556.0,0
2017-07-19,28577556.0,28577556.0,28577556.0,28577556.0,0
2017-07-20,28577556.0,28577556.0,28577556.0,28577556.0,0
2017-07-21,28577556.0,28577556.0,28577556.0,28577556.0,0
2017-07-25,28577556.0,28577556.0,28577556.0,28577556.0,62
2017-07-26,28577556.0,28577556.0,28577556.0,28577556.0,0
2017-07-27,28577556.0,28577556.0,28577556.0,28577556.0,0
2017-07-28,28577556.0,28577556.0,28577556.0,28577556.0,0
2017-07-31,28577556.0,28577556.0,28577556.0,28577556.0,9208
2017-08-01,28577556.0,28577556.0,28577556.0,28577556.0,0
2017-08-02,28577556.0,28577556.0,28577556.0,28577556.0,0
2017-08-03,31991922.0,31991922.0,31991922.0,31991922.0,69
2017-08-04,31991922.0,31991922.0,31991922.0,31991922.0,0
2017-08-07,31991922.0,31991922.0,31991922.0,31991922.0,0
2017-08-08,31991922.0,31991922.0,31991922.0,31991922.0,0
2017-08-09,31991922.0,31991922.0,31991922.0,31991922.0,0
2017-08-10,31991922.0,31991922.0,31991922.0,31991922.0,0
2017-08-11,31991922.0,31991922.0,31991922.0,31991922.0,0
2017-08-14,31991922.0,31991922.0,31991922.0,31991922.0,0
2017-08-16,34125900.0,34125900.0,34125900.0,34125900.0,2778
2017-08-17,34125900.0,34125900.0,34125900.0,34125900.0,2778
2017-08-18,34125900.0,34125900.0,34125900.0,34125900.0,0
2017-08-21,34125900.0,34125900.0,34125900.0,34125900.0,0
2017-08-22,34125900.0,34125900.0,34125900.0,34125900.0,0
2017-08-23,37113472.0,37113472.0,37113472.0,37113472.0,444
2017-08-24,37113472.0,37113472.0,37113472.0,37113472.0,0
2017-08-25,37113472.0,37113472.0,37113472.0,37113472.0,6
2017-08-28,37113472.0,37113472.0,37113472.0,37113472.0,0
2017-08-29,37113472.0,37113472.0,37113472.0,37113472.0,0
2017-08-30,37113472.0,37113472.0,37113472.0,37113472.0,0
2017-08-31,42655896.0,42655896.0,42655896.0,42655896.0,83
2017-09-01,42655896.0,42655896.0,42655896.0,42655896.0,0
2017-09-04,42655896.0,42655896.0,42655896.0,42655896.0,1
2017-09-05,51191812.0,51191812.0,51191812.0,51191812.0,9
2017-09-06,87451704.0,87451704.0,87451704.0,87451704.0,40
2017-09-07,87451704.0,87451704.0,87451704.0,87451704.0,2
2017-09-08,93853640.0,93853640.0,93853640.0,93853640.0,69
2017-09-12,93853640.0,93853640.0,93853640.0,93853640.0,0
2017-09-13,110919568.0,110919568.00000001,110919568.00000001,110919568.00000001,130
2017-09-14,110919568.0,110919568.00000001,110919568.00000001,110919568.00000001,0
2017-09-15,119449552.0,119449551.99999999,119449551.99999999,119449551.99999999,18
2017-09-18,127979560.0,127979560.0,127979560.0,127979560.0,69
2017-09-19,127979560.0,127979560.0,127979560.0,127979560.0,0
2017-09-20,127979560.0,127979560.0,127979560.0,127979560.0,40
2017-09-21,127979560.0,127979560.0,127979560.0,127979560.0,0
2017-09-22,152941184.0,152941184.0,152941184.0,152941184.0,842
2017-09-25,-154867.390625,-154867.390625,-154867.390625,-154867.390625,2
2017-09-26,-154867.390625,-154867.390625,-154867.390625,-154867.390625,0
2017-09-27,-185842.109375,-185842.109375,-185842.109375,-185842.109375,901
2017-09-28,-185842.109375,-185842.109375,-185842.109375,-185842.109375,33
2017-09-29,-219024.03125,-219024.03125,-219024.03125,-219024.03125,13
2017-10-02,-219024.03125,-219024.03125,-219024.03125,-219024.03125,13
2017-10-03,-219024.03125,-219024.03125,-219024.03125,-219024.03125,1
2017-10-04,-219024.03125,-219024.03125,-219024.03125,-219024.03125,0
2017-10-05,-243364.828125,-243364.828125,-243364.828125,-243364.828125,19
2017-10-06,-243364.828125,-243364.828125,-243364.828125,-243364.828125,211
2017-10-09,-265486.125,-265486.125,-265486.125,-265486.125,783
2017-10-10,-265486.125,-265486.125,-265486.125,-265486.125,13
2017-10-11,-287613.53125,-287613.53125,-287613.53125,-287613.53125,55
2017-10-13,-285400.15625,-285400.15625,-285400.15625,-285400.15625,4
2017-10-16,-287613.53125,-287613.53125,-287613.53125,-287613.53125,9
2017-10-17,-309734.78125,-309734.78125,-309734.78125,-309734.78125,27
2017-10-18,-347349.625,-347349.625,-347349.625,-347349.625,27
2017-10-19,-347349.625,-347349.625,-347349.625,-347349.625,2848
2017-10-20,-347349.625,-347349.625,-347349.625,-347349.625,0
2017-10-23,-415933.0,-415933.0,-415933.0,-415933.0,9
2017-10-24,-415933.0,-415933.0,-415933.0,-415933.0,0
2017-10-25,-464608.375,-464608.37500000006,-464608.37500000006,-464608.37500000006,6
2017-10-26,-553105.8125,-553105.8125,-553105.8125,-553105.8125,44
2017-10-27,-659297.75,-659297.75,-659297.75,-659297.75,12
2017-10-30,-659297.75,-659297.75,-659297.75,-659297.75,5
2017-10-31,-659297.75,-659297.75,-659297.75,-659297.75,0
2017-11-02,-818591.9375,-818591.9375,-818591.9375,-818591.9375,11
2017-11-03,-818591.9375,-818591.9375,-818591.9375,-818591.9375,12
2017-11-06,-818591.9375,-818591.9375,-818591.9375,-818591.9375,0
2017-11-07,-946917.4375,-946917.4375,-946917.4375,-946917.4375,4
2017-11-08,-862840.5625,-862840.5625,-862840.5625,-862840.5625,13
2017-11-09,-946917.4375,-946917.4375,-946917.4375,-946917.4375,20
2017-11-10,-946917.4375,-946917.4375,-946917.4375,-946917.4375,0
2017-11-13,-884968.125,-884968.125,-884968.125,-884968.125,1
2017-11-14,-884968.125,-884968.125,-884968.125,-884968.125,0
2017-11-15,-796470.625,-796470.625,-796470.625,-796470.625,16
2017-11-16,-818591.9375,-818591.9375,-818591.9375,-818591.9375,2
2017-11-17,-818591.9375,-818591.9375,-818591.9375,-818591.9375,0
2017-11-20,-818591.9375,-818591.9375,-818591.9375,-818591.9375,0
2017-11-21,-818591.9375,-818591.9375,-818591.9375,-818591.9375,13
2017-11-22,-818591.9375,-818591.9375,-818591.9375,-818591.9375,4
2017-11-23,-818591.9375,-818591.9375,-818591.9375,-818591.9375,0
2017-11-24,-862840.5625,-862840.5625,-862840.5625,-862840.5625,20
2017-11-27,-862840.5625,-862840.5625,-862840.5625,-862840.5625,0
2017-11-28,-862840.5625,-862840.5625,-862840.5625,-862840.5625,0
2017-11-29,-880541.3125,-880541.3125,-880541.3125,-880541.3125,11
2017-11-30,-880541.3125,-880541.3125,-880541.3125,-880541.3125,31
2017-12-01,-880541.3125,-880541.3125,-880541.3125,-880541.3125,0
2017-12-04,-880541.3125,-880541.3125,-880541.3125,-880541.3125,0
2017-12-05,-924790.0625,-924790.0625,-924790.0625,-924790.0625,20
2017-12-06,-924790.0625,-924790.0625,-924790.0625,-924790.0625,27
2017-12-07,-924790.0625,-924790.0625,-924790.0625,-924790.0625,16
2017-12-11,-924790.0625,-924790.0625,-924790.0625,-924790.0625,0
2017-12-12,-1106211.625,-1106211.625,-1106211.625,-1106211.625,1
2017-12-13,-1084084.125,-1084084.125,-1084084.125,-1084084.125,5
2017-12-14,-1084084.125,-1084084.125,-1084084.125,-1084084.125,0
2017-12-15,-1084084.125,-1084084.125,-1084084.125,-1084084.125,0
2017-12-18,-1084084.125,-1084084.125,-1084084.125,-1084084.125,0
2017-12-19,-1084084.125,-1084084.125,-1084084.125,-1084084.125,0
2017-12-20,-1084084.125,-1084084.125,-1084084.125,-1084084.125,0
2017-12-21,-1084084.125,-1084084.125,-1084084.125,-1084084.125,0
2017-12-22,-1057536.125,-1057536.125,-1057536.125,-1057536.125,394
2017-12-26,-1061963.0,-1061963.0,-1061963.0,-1061963.0,27
2017-12-27,-1061963.0,-1061963.0,-1061963.0,-1061963.0,6
2017-12-28,-1061963.0,-1061963.0,-1061963.0,-1061963.0,0
2017-12-29,-1061963.0,-1061963.0,-1061963.0,-1061963.0,0
2018-01-01,-1061963.0,-1061963.0,-1061963.0,-1061963.0,0
2018-01-02,-1061963.0,-1061963.0,-1061963.0,-1061963.0,0
2018-01-03,-1061963.0,-1061963.0,-1061963.0,-1061963.0,0
2018-01-04,-1061963.0,-1061963.0,-1061963.0,-1061963.0,6
2018-01-05,-1061963.0,-1061963.0,-1061963.0,-1061963.0,2
2018-01-08,-1106211.625,-1106211.625,-1106211.625,-1106211.625,8
2018-01-09,-1106211.625,-1106211.625,-1106211.625,-1106211.625,6
2018-01-10,-1106211.625,-1106211.625,-1106211.625,-1106211.625,1
2018-01-11,-1106211.625,-1106211.625,-1106211.625,-1106211.625,0
2018-01-12,-1106211.625,-1106211.625,-1106211.625,-1106211.625,38
2018-01-15,-1106211.625,-1106211.625,-1106211.625,-1106211.625,55
2018-01-16,-1106211.625,-1106211.625,-1106211.625,-1106211.625,15
2018-01-17,-1238957.75,-1238957.75,-1238957.75,-1238957.75,34
2018-01-18,-1238957.75,-1238957.75,-1238957.75,-1238957.75,69
2018-01-19,-1283206.25,-1283206.25,-1283206.25,-1283206.25,19
2018-01-22,-1283206.25,-1283206.25,-1283206.25,-1283206.25,0
2018-01-23,-1283206.25,-1283206.25,-1283206.25,-1283206.25,36
2018-01-24,-1327455.0,-1327455.0,-1327455.0,-1327455.0,43
2018-01-25,-1327455.0,-1327455.0,-1327455.0,-1327455.0,100
2018-01-26,-1415946.375,-1415946.375,-1415946.375,-1415946.375,277
2018-01-29,-1415946.375,-1415946.375,-1415946.375,-1415946.375,50
2018-01-30,-1415946.375,-1415946.375,-1415946.375,-1415946.375,2
2018-01-31,-1150460.25,-1150460.25,-1150460.25,-1150460.25,4
2018-02-01,-1371697.625,-1371697.625,-1371697.625,-1371697.625,27
2018-02-02,-1371697.625,-1371697.625,-1371697.625,-1371697.625,0
2018-02-05,-1371697.625,-1371697.625,-1371697.625,-1371697.625,0
2018-02-06,-1327455.0,-1327455.0,-1327455.0,-1327455.0,833
2018-02-07,-1327455.0,-1327455.0,-1327455.0,-1327455.0,233
2018-02-08,-1327455.0,-1327455.0,-1327455.0,-1327455.0,0
2018-02-09,-1460195.0,-1460195.0,-1460195.0,-1460195.0,22
2018-02-12,-1460195.0,-1460195.0,-1460195.0,-1460195.0,0
2018-02-13,-1460195.0,-1460195.0,-1460195.0,-1460195.0,0
2018-02-14,-1460195.0,-1460195.0,-1460195.0,-1460195.0,13
2018-02-15,-1460195.0,-1460195.0,-1460195.0,-1460195.0,29
2018-02-16,-1460195.0,-1460195.0,-1460195.0,-1460195.0,5
2018-02-19,-1460195.0,-1460195.0,-1460195.0,-1460195.0,188
2018-02-20,-1486749.125,-1486749.125,-1486749.125,-1486749.125,104
2018-02-21,-1570820.0,-1570820.0,-1570820.0,-1570820.0,151
2018-02-22,-1747814.875,-1747814.875,-1747814.875,-1747814.875,111
2018-02-23,-1814184.875,-1814184.875,-1814184.875,-1814184.875,56
2018-02-26,-1814184.875,-1814184.875,-1814184.875,-1814184.875,45
2018-02-27,-1902682.0,-1902681.9999999998,-1902681.9999999998,-1902681.9999999998,97
2018-02-28,-1823037.875,-1823037.875,-1823037.875,-1823037.875,1
2018-03-01,-1823037.875,-1823037.875,-1823037.875,-1823037.875,34
2018-03-02,-1991179.625,-1991179.625,-1991179.625,-1991179.625,23
2018-03-05,-1991179.625,-1991179.625,-1991179.625,-1991179.625,0
2018-03-06,-1991179.625,-1991179.625,-1991179.625,-1991179.625,22
2018-03-07,-2013300.875,-2013300.8750000002,-2013300.8750000002,-2013300.8750000002,55
2018-03-08,-2035428.25,-2035428.25,-2035428.25,-2035428.25,111
2018-03-09,-2123926.0,-2123926.0,-2123926.0,-2123926.0,112
2018-03-12,-2347382.75,-2347382.75,-2347382.75,-2347382.75,2
2018-03-13,-2347382.75,-2347382.75,-2347382.75,-2347382.75,0
2018-03-14,-2345169.0,-2345169.0,-2345169.0,-2345169.0,20
2018-03-15,-2345169.0,-2345169.0,-2345169.0,-2345169.0,0
2018-03-16,-2345169.0,-2345169.0,-2345169.0,-2345169.0,2
2018-03-19,-2345169.0,-2345169.0,-2345169.0,-2345169.0,0
2018-03-20,-2345169.0,-2345169.0,-2345169.0,-2345169.0,34
2018-03-21,-2345169.0,-2345169.0,-2345169.0,-2345169.0,0
2018-03-22,-2300920.5,-2300920.5,-2300920.5,-2300920.5,11
2018-03-23,-2300920.5,-2300920.5,-2300920.5,-2300920.5,141
2018-03-26,-2300920.5,-2300920.5,-2300920.5,-2300920.5,0
2018-03-27,-2433666.75,-2433666.75,-2433666.75,-2433666.75,2
2018-03-28,-2433666.75,-2433666.75,-2433666.75,-2433666.75,0
2018-03-29,-2433666.75,-2433666.75,-2433666.75,-2433666.75,0
2018-03-30,-2433666.75,-2433666.75,-2433666.75,-2433666.75,0
2018-04-02,-2433666.75,-2433666.75,-2433666.75,-2433666.75,27
2018-04-03,-2433666.75,-2433666.75,-2433666.75,-2433666.75,2
2018-04-04,-2654910.0,-2654910.0,-2654910.0,-2654910.0,100
2018-04-05,-2831898.75,-2831898.75,-2831898.75,-2831898.75,101
2018-04-06,-2831898.75,-2831898.75,-2831898.75,-2831898.75,0
2018-04-09,-3539878.5,-3539878.5,-3539878.5,-3539878.5,27
2018-04-10,-3539878.5,-3539878.5,-3539878.5,-3539878.5,318
2018-04-11,-4247852.0,-4247852.0,-4247852.0,-4247852.0,27
2018-04-12,-4424846.5,-4424846.5,-4424846.5,-4424846.5,44
2018-04-13,-4424846.5,-4424846.5,-4424846.5,-4424846.5,68
2018-04-16,-4424846.5,-4424846.5,-4424846.5,-4424846.5,27
2018-04-17,-4424846.5,-4424846.5,-4424846.5,-4424846.5,308
2018-04-18,-4424846.5,-4424846.5,-4424846.5,-4424846.5,108
2018-04-19,-4424846.5,-4424846.5,-4424846.5,-4424846.5,108
2018-04-20,-8849700.0,-8849700.0,-8849700.0,-8849700.0,30
2018-04-23,-4424846.5,-4424846.5,-4424846.5,-4424846.5,40
2018-04-24,-8849700.0,-8849700.0,-8849700.0,-8849700.0,44
2018-04-25,-8849700.0,-8849700.0,-8849700.0,-8849700.0,2
2018-04-26,-8849700.0,-8849700.0,-8849700.0,-8849700.0,0
2018-04-27,-8849700.0,-8849700.0,-8849700.0,-8849700.0,18
2018-04-30,-8849700.0,-8849700.0,-8849700.0,-8849700.0,0
2018-05-01,-8849700.0,-8849700.0,-8849700.0,-8849700.0,0
2018-05-02,-8849700.0,-8849700.0,-8849700.0,-8849700.0,0
2018-05-03,-8849700.0,-8849700.0,-8849700.0,-8849700.0,38
2018-05-04,-8849700.0,-8849700.0,-8849700.0,-8849700.0,88
2018-05-07,-8849700.0,-8849700.0,-8849700.0,-8849700.0,5
2018-05-08,-8849700.0,-8849700.0,-8849700.0,-8849700.0,0
2018-05-09,-8849700.0,-8849700.0,-8849700.0,-8849700.0,0
2018-05-10,-8849700.0,-8849700.0,-8849700.0,-8849700.0,0
2018-05-11,-4424846.5,-4424846.5,-4424846.5,-4424846.5,15
2018-05-14,-4424846.5,-4424846.5,-4424846.5,-4424846.5,0
2018-05-15,-4424846.5,-4424846.5,-4424846.5,-4424846.5,230
2018-05-16,-8849700.0,-8849700.0,-8849700.0,-8849700.0,15
2018-05-17,-8849700.0,-8849700.0,-8849700.0,-8849700.0,12
2018-05-18,-8849700.0,-8849700.0,-8849700.0,-8849700.0,31
2018-05-21,-8849700.0,-8849700.0,-8849700.0,-8849700.0,19
2018-05-22,-8849700.0,-8849700.0,-8849700.0,-8849700.0,208
2018-05-23,-8849700.0,-8849700.0,-8849700.0,-8849700.0,0
2018-05-24,-8849700.0,-8849700.0,-8849700.0,-8849700.0,13
2018-05-25,-13274551.0,-13274551.0,-13274551.0,-13274551.0,48
2018-05-28,-13274551.0,-13274551.0,-13274551.0,-13274551.0,13
2018-05-29,-17699400.0,-17699400.0,-17699400.0,-17699400.0,36
2018-05-30,-17699400.0,-17699400.0,-17699400.0,-17699400.0,27
2018-05-31,-17699400.0,-17699400.0,-17699400.0,-17699400.0,0
2018-06-01,-26549102.0,-26549102.0,-26549102.0,-26549102.0,22
2018-06-04,-26549102.0,-26549102.0,-26549102.0,-26549102.0,22
2018-06-05,-26549102.0,-26549102.0,-26549102.0,-26549102.0,19
2018-06-06,-30973948.0,-30973947.999999996,-30973947.999999996,-30973947.999999996,56
2018-06-07,-35398800.0,-35398800.0,-35398800.0,-35398800.0,65
2018-06-08,-35398800.0,-35398800.0,-35398800.0,-35398800.0,88
2018-06-11,-30973948.0,-30973947.999999996,-30973947.999999996,-30973947.999999996,108
2018-06-12,-30973948.0,-30973947.999999996,-30973947.999999996,-30973947.999999996,61
2018-06-13,-30973948.0,-30973947.999999996,-30973947.999999996,-30973947.999999996,27
2018-06-14,-30973948.0,-30973947.999999996,-30973947.999999996,-30973947.999999996,59
2018-06-15,-30973948.0,-30973947.999999996,-30973947.999999996,-30973947.999999996,23
2018-06-18,-30973948.0,-30973947.999999996,-30973947.999999996,-30973947.999999996,137
2018-06-19,-30973948.0,-30973947.999999996,-30973947.999999996,-30973947.999999996,41
2018-06-20,-30973948.0,-30973947.999999996,-30973947.999999996,-30973947.999999996,136
2018-06-21,-30973948.0,-30973947.999999996,-30973947.999999996,-30973947.999999996,147
2018-06-22,-35398800.0,-35398800.0,-35398800.0,-35398800.0,218
2018-06-25,-35398800.0,-35398800.0,-35398800.0,-35398800.0,6
2018-06-26,-39823652.0,-39823652.0,-39823652.0,-39823652.0,4
2018-06-27,-39823652.0,-39823652.0,-39823652.0,-39823652.0,8
2018-06-28,-39823652.0,-39823652.0,-39823652.0,-39823652.0,5
2018-06-29,-39823652.0,-39823652.0,-39823652.0,-39823652.0,0
2018-07-02,-39823652.0,-39823652.0,-39823652.0,-39823652.0,0
2018-07-03,-39823652.0,-39823652.0,-39823652.0,-39823652.0,19
2018-07-04,-48673348.0,-48673348.0,-48673348.0,-48673348.0,327
2018-07-05,-48673348.0,-48673348.0,-48673348.0,-48673348.0,0
2018-07-06,-53098204.0,-53098204.0,-53098204.0,-53098204.0,8
2018-07-09,-53098204.0,-53098204.0,-53098204.0,-53098204.0,68
2018-07-10,-53098204.0,-53098204.0,-53098204.0,-53098204.0,0
2018-07-11,-53098204.0,-53098204.0,-53098204.0,-53098204.0,2
2018-07-12,-53098204.0,-53098204.0,-53098204.0,-53098204.0,27
2018-07-13,-53098204.0,-53098204.0,-53098204.0,-53098204.0,0
2018-07-16,-53098204.0,-53098204.0,-53098204.0,-53098204.0,13
2018-07-17,-53098204.0,-53098204.0,-53098204.0,-53098204.0,0
2018-07-18,-44248500.0,-44248500.0,-44248500.0,-44248500.0,70
2018-07-19,-44248500.0,-44248500.0,-44248500.0,-44248500.0,63
2018-07-20,-44248500.0,-44248500.0,-44248500.0,-44248500.0,87
2018-07-23,-44248500.0,-44248500.0,-44248500.0,-44248500.0,0
2018-07-24,-44248500.0,-44248500.0,-44248500.0,-44248500.0,0
2018-07-25,-39823652.0,-39823652.0,-39823652.0,-39823652.0,138
2018-07-26,-39823652.0,-39823652.0,-39823652.0,-39823652.0,8
2018-07-27,-39823652.0,-39823652.0,-39823652.0,-39823652.0,0
2018-07-30,-35398800.0,-35398800.0,-35398800.0,-35398800.0,2
2018-07-31,-35398800.0,-35398800.0,-35398800.0,-35398800.0,0
2018-08-01,-39823652.0,-39823652.0,-39823652.0,-39823652.0,13
2018-08-02,-39823652.0,-39823652.0,-39823652.0,-39823652.0,5
2018-08-03,-39823652.0,-39823652.0,-39823652.0,-39823652.0,8
2018-08-06,-39823652.0,-39823652.0,-39823652.0,-39823652.0,76
2018-08-07,-48673348.0,-48673348.0,-48673348.0,-48673348.0,236
2018-08-08,-48673348.0,-48673348.0,-48673348.0,-48673348.0,12
2018-08-09,-48673348.0,-48673348.0,-48673348.0,-48673348.0,15
2018-08-10,-48673348.0,-48673348.0,-48673348.0,-48673348.0,211
2018-08-13,-48673348.0,-48673348.0,-48673348.0,-48673348.0,421
2018-08-14,-53098204.0,-53098204.0,-53098204.0,-53098204.0,2701
2018-08-15,-53098204.0,-53098204.0,-53098204.0,-53098204.0,0
2018-08-16,-61947904.0,-61947904.0,-61947904.0,-61947904.0,750
2018-08-17,-61947904.0,-61947904.0,-61947904.0,-61947904.0,0
2018-08-20,-61947904.0,-61947904.0,-61947904.0,-61947904.0,0
2018-08-21,-928.3805541992188,-928.3805541992188,-928.3805541992188,-928.3805541992188,31
2018-08-22,-928.3805541992188,-928.3805541992188,-928.3805541992188,-928.3805541992188,233
2018-08-23,-928.3805541992188,-928.3805541992188,-928.3805541992188,-928.3805541992188,0
2018-08-24,-1057.4931640625,-1057.4931640625,-1057.4931640625,-1057.4931640625,277
2018-08-27,-971.4180908203125,-971.4180908203125,-971.4180908203125,-971.4180908203125,88
2018-08-28,-1149.7161865234375,-1149.7161865234375,-1149.7161865234375,-1149.7161865234375,112
2018-08-29,-1149.7161865234375,-1149.7161865234375,-1149.7161865234375,-1149.7161865234375,63
2018-08-30,-1149.7161865234375,-1149.7161865234375,-1149.7161865234375,-1149.7161865234375,87
2018-08-31,-1100.530517578125,-1100.530517578125,-1100.530517578125,-1100.530517578125,29
2018-09-03,-971.4180908203125,-971.4180908203125,-971.4180908203125,-971.4180908203125,29
2018-09-04,-971.4180908203125,-971.4180908203125,-971.4180908203125,-971.4180908203125,8
2018-09-05,-971.4180908203125,-971.4180908203125,-971.4180908203125,-971.4180908203125,500
2018-09-06,-1100.530517578125,-1100.530517578125,-1100.530517578125,-1100.530517578125,26
2018-09-07,-1149.7161865234375,-1149.7161865234375,-1149.7161865234375,-1149.7161865234375,305
2018-09-10,-1149.7161865234375,-1149.7161865234375,-1149.7161865234375,-1149.7161865234375,0
2018-09-11,-1100.530517578125,-1100.530517578125,-1100.530517578125,-1100.530517578125,347
2018-09-12,-1149.7161865234375,-1149.7161865234375,-1149.7161865234375,-1149.7161865234375,126
2018-09-13,-971.4180908203125,-971.4180908203125,-971.4180908203125,-971.4180908203125,45
2018-09-14,-971.4180908203125,-971.4180908203125,-971.4180908203125,-971.4180908203125,651
2018-09-17,-971.4180908203125,-971.4180908203125,-971.4180908203125,-971.4180908203125,0
2018-09-18,-928.3805541992188,-928.3805541992188,-928.3805541992188,-928.3805541992188,100
2018-09-19,-928.3805541992188,-928.3805541992188,-928.3805541992188,-928.3805541992188,0
2018-09-20,-879.1947631835938,-879.1947631835938,-879.1947631835938,-879.1947631835938,277
2018-09-21,-879.1947631835938,-879.1947631835938,-879.1947631835938,-879.1947631835938,0
2018-09-24,1.7278972864151,1.7278972864151003,1.7278972864151003,1.7278972864151003,34
2018-09-25,1.7278972864151,1.7278972864151003,1.7278972864151003,1.7278972864151003,416
2018-09-26,1.7278972864151,1.7278972864151003,1.7278972864151003,1.7278972864151003,491
2018-09-27,1.7278972864151,1.7278972864151003,1.7278972864151003,1.7278972864151003,76
2018-09-28,1.8168331384658813,1.8168331384658813,1.8168331384658813,1.8168331384658813,13
2018-10-01,1.9184744358062744,1.9184744358062744,1.9184744358062744,1.9184744358062744,3743
2018-10-02,1.9184744358062744,1.9184744358062744,1.9184744358062744,1.9184744358062744,0
2018-10-03,1.9184744358062744,1.9184744358062744,1.9184744358062744,1.9184744358062744,914
2018-10-04,1.9184744358062744,1.9184744358062744,1.9184744358062744,1.9184744358062744,69
2018-10-05,2.0074100494384766,2.0074100494384766,2.0074100494384766,2.0074100494384766,660
2018-10-08,1.8168331384658813,1.8168331384658813,1.8168331384658813,1.8168331384658813,55
2018-10-09,1.6389613151550293,1.6389613151550293,1.6389613151550293,1.6389613151550293,718
2018-10-10,1.8168331384658813,1.8168331384658813,1.8168331384658813,1.8168331384658813,51
2018-10-11,1.8168331384658813,1.8168331384658813,1.8168331384658813,1.8168331384658813,864
2018-10-12,1.8168331384658813,1.8168331384658813,1.8168331384658813,1.8168331384658813,0
2018-10-15,1.9184744358062744,1.9184744358062744,1.9184744358062744,1.9184744358062744,1914
2018-10-16,2.0074100494384766,2.0074100494384766,2.0074100494384766,2.0074100494384766,91
2018-10-17,2.0074100494384766,2.0074100494384766,2.0074100494384766,2.0074100494384766,1
2018-10-18,1.9184744358062744,1.9184744358062744,1.9184744358062744,1.9184744358062744,125
2018-10-19,1.8168331384658813,1.8168331384658813,1.8168331384658813,1.8168331384658813,147
2018-10-22,1.8168331384658813,1.8168331384658813,1.8168331384658813,1.8168331384658813,13
2018-10-23,2.0074100494384766,2.0074100494384766,2.0074100494384766,2.0074100494384766,370
2018-10-24,2.0074100494384766,2.0074100494384766,2.0074100494384766,2.0074100494384766,397
2018-10-25,2.0074100494384766,2.0074100494384766,2.0074100494384766,2.0074100494384766,2193
2018-10-26,2.0074100494384766,2.0074100494384766,2.0074100494384766,2.0074100494384766,504
2018-10-29,2.096346139907837,2.096346139907837,2.096346139907837,2.096346139907837,978
2018-10-30,2.464794397354126,2.464794397354126,2.464794397354126,2.464794397354126,27
2018-10-31,2.464794397354126,2.464794397354126,2.464794397354126,2.464794397354126,9
2018-11-01,2.464794397354126,2.464794397354126,2.464794397354126,2.464794397354126,34
2018-11-02,2.464794397354126,2.464794397354126,2.464794397354126,2.464794397354126,833
2018-11-05,2.464794397354126,2.464794397354126,2.464794397354126,2.464794397354126,0
2018-11-06,2.464794397354126,2.464794397354126,2.464794397354126,2.464794397354126,387
2018-11-07,2.464794397354126,2.464794397354126,2.464794397354126,2.464794397354126,41
2018-11-08,2.464794397354126,2.464794397354126,2.464794397354126,2.464794397354126,972
2018-11-09,2.464794397354126,2.464794397354126,2.464794397354126,2.464794397354126,4
2018-11-12,2.464794397354126,2.464794397354126,2.464794397354126,2.464794397354126,69
2018-11-13,2.464794397354126,2.464794397354126,2.464794397354126,2.464794397354126,626
2018-11-14,2.464794397354126,2.464794397354126,2.464794397354126,2.464794397354126,0
2018-11-15,2.5537304878234863,2.5537304878234863,2.5537304878234863,2.5537304878234863,215
2018-11-16,2.5537304878234863,2.5537304878234863,2.5537304878234863,2.5537304878234863,0
2018-11-19,2.096346139907837,2.096346139907837,2.096346139907837,2.096346139907837,12
2018-11-20,1.8168331384658813,1.8168331384658813,1.8168331384658813,1.8168331384658813,1431
2018-11-21,1.8168331384658813,1.8168331384658813,1.8168331384658813,1.8168331384658813,0
2018-11-22,1.8168331384658813,1.8168331384658813,1.8168331384658813,1.8168331384658813,5
2018-11-23,1.8168331384658813,1.8168331384658813,1.8168331384658813,1.8168331384658813,20
2018-11-26,1.8168331384658813,1.8168331384658813,1.8168331384658813,1.8168331384658813,0
2018-11-27,2.5537304878234863,2.5537304878234863,2.5537304878234863,2.5537304878234863,58
2018-11-28,3.100050926208496,3.100050926208496,3.100050926208496,3.100050926208496,2442
2018-11-29,3.100050926208496,3.100050926208496,3.100050926208496,3.100050926208496,13
2018-11-30,3.646371603012085,3.646371603012085,3.646371603012085,3.646371603012085,946
2018-12-03,3.646371603012085,3.646371603012085,3.646371603012085,3.646371603012085,944
2018-12-04,3.4684994220733643,3.4684994220733643,3.4684994220733643,3.4684994220733643,778
2018-12-05,3.4684994220733643,3.4684994220733643,3.4684994220733643,3.4684994220733643,0
2018-12-06,3.290627956390381,3.290627956390381,3.290627956390381,3.290627956390381,80
2018-12-07,3.290627956390381,3.290627956390381,3.290627956390381,3.290627956390381,0
2018-12-10,3.646371603012085,3.646371603012085,3.646371603012085,3.646371603012085,70
2018-12-11,3.646371603012085,3.646371603012085,3.646371603012085,3.646371603012085,0
2018-12-12,3.646371603012085,3.646371603012085,3.646371603012085,3.646371603012085,0
2018-12-13,3.646371603012085,3.646371603012085,3.646371603012085,3.646371603012085,0
2018-12-14,3.4684994220733643,3.4684994220733643,3.4684994220733643,3.4684994220733643,41
2018-12-17,3.4684994220733643,3.4684994220733643,3.4684994220733643,3.4684994220733643,1
2018-12-18,3.4684994220733643,3.4684994220733643,3.4684994220733643,3.4684994220733643,339
2018-12-19,3.379563808441162,3.379563808441162,3.379563808441162,3.379563808441162,972
2018-12-20,3.379563808441162,3.379563808441162,3.379563808441162,3.379563808441162,1060
2018-12-21,3.4684994220733643,3.4684994220733643,3.4684994220733643,3.4684994220733643,694
2018-12-24,3.4684994220733643,3.4684994220733643,3.4684994220733643,3.4684994220733643,0
2018-12-25,3.4684994220733643,3.4684994220733643,3.4684994220733643,3.4684994220733643,0
2018-12-26,3.5574352741241455,3.5574352741241455,3.5574352741241455,3.5574352741241455,487
2018-12-27,3.5574352741241455,3.5574352741241455,3.5574352741241455,3.5574352741241455,69
2018-12-28,3.5574352741241455,3.5574352741241455,3.5574352741241455,3.5574352741241455,0
2018-12-31,3.5574352741241455,3.5574352741241455,3.5574352741241455,3.5574352741241455,0
2019-01-01,3.5574352741241455,3.5574352741241455,3.5574352741241455,3.5574352741241455,0
2019-01-02,3.5574352741241455,3.5574352741241455,3.5574352741241455,3.5574352741241455,83
2019-01-03,3.646371603012085,3.646371603012085,3.646371603012085,3.646371603012085,1403
2019-01-04,8.22021770477295,8.22021770477295,8.22021770477295,8.22021770477295,833
2019-01-07,11.879294395446777,11.879294395446777,11.879294395446777,11.879294395446777,1992
2019-01-08,14.623600959777832,14.623600959777834,14.623600959777834,14.623600959777834,3062
2019-01-09,14.623600959777832,14.623600959777834,14.623600959777834,14.623600959777834,0
2019-01-10,16.453140258789062,16.453140258789062,16.453140258789062,16.453140258789062,783
2019-01-11,19.65483283996582,19.65483283996582,19.65483283996582,19.65483283996582,2
2019-01-14,19.65483283996582,19.65483283996582,19.65483283996582,19.65483283996582,0
2019-01-15,19.65483283996582,19.65483283996582,19.65483283996582,19.65483283996582,352
2019-01-16,23.580717086791992,23.580717086791992,23.580717086791992,23.580717086791992,69
2019-01-17,23.580717086791992,23.580717086791992,23.580717086791992,23.580717086791992,0
2019-01-18,23.580717086791992,23.580717086791992,23.580717086791992,23.580717086791992,0
2019-01-21,23.580717086791992,23.580717086791992,23.580717086791992,23.580717086791992,0
2019-01-22,21.48436737060547,21.48436737060547,21.48436737060547,21.48436737060547,696
2019-01-23,21.941755294799805,21.941755294799805,21.941755294799805,21.941755294799805,1389
2019-01-24,21.48436737060547,21.48436737060547,21.48436737060547,21.48436737060547,708
2019-01-25,21.48436737060547,21.48436737060547,21.48436737060547,21.48436737060547,1404
2019-01-28,21.48436737060547,21.48436737060547,21.48436737060547,21.48436737060547,5731
2019-01-29,21.48436737060547,21.48436737060547,21.48436737060547,21.48436737060547,13
2019-01-30,21.48436737060547,21.48436737060547,21.48436737060547,21.48436737060547,0
2019-01-31,25.778703689575195,25.778703689575195,25.778703689575195,25.778703689575195,38
2019-02-01,25.778703689575195,25.778703689575195,25.778703689575195,25.778703689575195,0
2019-02-04,20.658538818359375,20.658538818359375,20.658538818359375,20.658538818359375,37
2019-02-05,20.569599151611328,20.569599151611328,20.569599151611328,20.569599151611328,105
2019-02-06,20.658538818359375,20.658538818359375,20.658538818359375,20.658538818359375,59
2019-02-07,21.02698516845703,21.02698516845703,21.02698516845703,21.02698516845703,200
2019-02-08,20.112215042114258,20.112215042114258,20.112215042114258,20.112215042114258,708
2019-02-11,20.112215042114258,20.112215042114258,20.112215042114258,20.112215042114258,0
2019-02-12,19.19744873046875,19.19744873046875,19.19744873046875,19.19744873046875,921
2019-02-13,17.367910385131836,17.367910385131836,17.367910385131836,17.367910385131836,138
2019-02-14,17.367910385131836,17.367910385131836,17.367910385131836,17.367910385131836,118
2019-02-15,17.367910385131836,17.367910385131836,17.367910385131836,17.367910385131836,0
2019-02-18,16.453140258789062,16.453140258789062,16.453140258789062,16.453140258789062,52
2019-02-19,19.65483283996582,19.65483283996582,19.65483283996582,19.65483283996582,25
2019-02-20,23.580717086791992,23.580717086791992,23.580717086791992,23.580717086791992,5043
2019-02-21,23.580717086791992,23.580717086791992,23.580717086791992,23.580717086791992,201
2019-02-22,27.430368423461914,27.430368423461914,27.430368423461914,27.430368423461914,20
2019-02-25,32.906280517578125,32.906280517578125,32.906280517578125,32.906280517578125,43
2019-02-26,47.364715576171875,47.364715576171875,47.364715576171875,47.364715576171875,125
2019-02-27,56.86814880371094,56.86814880371094,56.86814880371094,56.86814880371094,162
2019-02-28,56.86814880371094,56.86814880371094,56.86814880371094,56.86814880371094,0
2019-03-01,56.86814880371094,56.86814880371094,56.86814880371094,56.86814880371094,0
2019-03-04,56.86814880371094,56.86814880371094,56.86814880371094,56.86814880371094,0
2019-03-05,56.86814880371094,56.86814880371094,56.86814880371094,56.86814880371094,0
2019-03-06,73.1434097290039,73.1434097290039,73.1434097290039,73.1434097290039,36
2019-03-07,73.1434097290039,73.1434097290039,73.1434097290039,73.1434097290039,0
2019-03-08,73.1434097290039,73.1434097290039,73.1434097290039,73.1434097290039,0
2019-03-11,73.1434097290039,73.1434097290039,73.1434097290039,73.1434097290039,0
2019-03-12,73.1434097290039,73.1434097290039,73.1434097290039,73.1434097290039,0
2019-03-13,73.1434097290039,73.1434097290039,73.1434097290039,73.1434097290039,0
2019-03-14,59.891971588134766,59.891971588134766,59.891971588134766,59.891971588134766,507
2019-03-15,71.86019897460938,71.86019897460938,71.86019897460938,71.86019897460938,16
2019-03-18,63.99571990966797,63.99571990966797,63.99571990966797,63.99571990966797,11
2019-03-19,63.99571990966797,63.99571990966797,63.99571990966797,63.99571990966797,0
2019-03-20,63.99571990966797,63.99571990966797,63.99571990966797,63.99571990966797,1057
2019-03-21,63.99571990966797,63.99571990966797,63.99571990966797,63.99571990966797,13
2019-03-22,68.56957244873047,68.56957244873047,68.56957244873047,68.56957244873047,162
2019-03-25,68.56957244873047,68.56957244873047,68.56957244873047,68.56957244873047,0
2019-03-26,-0.51808762550354,-0.51808762550354,-0.51808762550354,-0.51808762550354,0
2019-03-27,-0.51808762550354,-0.51808762550354,-0.51808762550354,-0.51808762550354,0
2019-03-28,-0.51808762550354,-0.51808762550354,-0.51808762550354,-0.51808762550354,0
2019-03-29,-0.51808762550354,-0.51808762550354,-0.51808762550354,-0.51808762550354,0
2019-04-01,-0.4904409348964691,-0.49044093489646906,-0.49044093489646906,-0.49044093489646906,13
2019-04-02,-0.4766175150871277,-0.4766175150871277,-0.4766175150871277,-0.4766175150871277,86
2019-04-03,-0.4766175150871277,-0.4766175150871277,-0.4766175150871277,-0.4766175150871277,0
2019-04-04,-0.4662500321865082,-0.46625003218650823,-0.46625003218650823,-0.46625003218650823,1
2019-04-05,-0.4731616973876953,-0.4731616973876953,-0.4731616973876953,-0.4731616973876953,183
2019-04-08,-0.37851017713546753,-0.37851017713546753,-0.37851017713546753,-0.37851017713546753,1
2019-04-09,-0.37851017713546753,-0.37851017713546753,-0.37851017713546753,-0.37851017713546753,0
2019-04-10,-0.37851017713546753,-0.37851017713546753,-0.37851017713546753,-0.37851017713546753,0
2019-04-11,-0.46970582008361816,-0.46970582008361816,-0.46970582008361816,-0.46970582008361816,2
2019-04-12,-0.46970582008361816,-0.46970582008361816,-0.46970582008361816,-0.46970582008361816,0
2019-04-15,-0.46970582008361816,-0.46970582008361816,-0.46970582008361816,-0.46970582008361816,0
2019-04-16,-0.46970582008361816,-0.46970582008361816,-0.46970582008361816,-0.46970582008361816,0
2019-04-17,-0.46970582008361816,-0.46970582008361816,-0.46970582008361816,-0.46970582008361816,0
2019-04-18,-0.46970582008361816,-0.46970582008361816,-0.46970582008361816,-0.46970582008361816,0
2019-04-19,-0.46970582008361816,-0.46970582008361816,-0.46970582008361816,-0.46970582008361816,0
2019-04-22,-0.5388226509094238,-0.5388226509094238,-0.5388226509094238,-0.5388226509094238,302
2019-04-23,-0.621762752532959,-0.621762752532959,-0.621762752532959,-0.621762752532959,38
2019-04-24,-0.621762752532959,-0.621762752532959,-0.621762752532959,-0.621762752532959,186
2019-04-25,-0.621762752532959,-0.621762752532959,-0.621762752532959,-0.621762752532959,2
2019-04-26,-0.621762752532959,-0.621762752532959,-0.621762752532959,-0.621762752532959,953
2019-04-29,-0.621762752532959,-0.621762752532959,-0.621762752532959,-0.621762752532959,0
2019-04-30,-0.621762752532959,-0.621762752532959,-0.621762752532959,-0.621762752532959,0
2019-05-01,-0.621762752532959,-0.621762752532959,-0.621762752532959,-0.621762752532959,0
2019-05-02,-0.621762752532959,-0.621762752532959,-0.621762752532959,-0.621762752532959,0
2019-05-03,-0.7460768818855286,-0.7460768818855286,-0.7460768818855286,-0.7460768818855286,1
2019-05-06,-0.621762752532959,-0.621762752532959,-0.621762752532959,-0.621762752532959,280
2019-05-07,-0.621762752532959,-0.621762752532959,-0.621762752532959,-0.621762752532959,0
2019-05-08,-0.6907834410667419,-0.6907834410667419,-0.6907834410667419,-0.6907834410667419,446
2019-05-09,-0.6907834410667419,-0.6907834410667419,-0.6907834410667419,-0.6907834410667419,339
2019-05-10,-0.6907834410667419,-0.6907834410667419,-0.6907834410667419,-0.6907834410667419,0
2019-05-13,-0.6907834410667419,-0.6907834410667419,-0.6907834410667419,-0.6907834410667419,2084
2019-05-14,-0.6907834410667419,-0.6907834410667419,-0.6907834410667419,-0.6907834410667419,1264
2019-05-15,-0.6907834410667419,-0.6907834410667419,-0.6907834410667419,-0.6907834410667419,979
2019-05-16,-0.6907834410667419,-0.6907834410667419,-0.6907834410667419,-0.6907834410667419,1383
2019-05-17,-0.6907834410667419,-0.6907834410667419,-0.6907834410667419,-0.6907834410667419,48
2019-05-20,-0.6907834410667419,-0.6907834410667419,-0.6907834410667419,-0.6907834410667419,0
2019-05-21,-0.704606831073761,-0.704606831073761,-0.704606831073761,-0.704606831073761,43
2019-05-22,-0.704606831073761,-0.704606831073761,-0.704606831073761,-0.704606831073761,0
2019-05-23,-0.704606831073761,-0.704606831073761,-0.704606831073761,-0.704606831073761,0
2019-05-24,-0.704606831073761,-0.704606831073761,-0.704606831073761,-0.704606831073761,0
2019-05-27,-0.6907834410667419,-0.6907834410667419,-0.6907834410667419,-0.6907834410667419,2778
2019-05-28,-0.6907834410667419,-0.6907834410667419,-0.6907834410667419,-0.6907834410667419,1479
2019-05-29,-0.6907834410667419,-0.6907834410667419,-0.6907834410667419,-0.6907834410667419,555
2019-05-30,-0.6907834410667419,-0.6907834410667419,-0.6907834410667419,-0.6907834410667419,1111
2019-05-31,-0.6907834410667419,-0.6907834410667419,-0.6907834410667419,-0.6907834410667419,0
2019-06-03,-0.6907834410667419,-0.6907834410667419,-0.6907834410667419,-0.6907834410667419,0
2019-06-04,-0.6907834410667419,-0.6907834410667419,-0.6907834410667419,-0.6907834410667419,0
2019-06-05,-0.6907834410667419,-0.6907834410667419,-0.6907834410667419,-0.6907834410667419,13
2019-06-06,-0.677056074142456,-0.677056074142456,-0.677056074142456,-0.677056074142456,50
2019-06-07,-0.6907834410667419,-0.6907834410667419,-0.6907834410667419,-0.6907834410667419,1
2019-06-10,-0.621762752532959,-0.621762752532959,-0.621762752532959,-0.621762752532959,137
2019-06-11,-0.621762752532959,-0.621762752532959,-0.621762752532959,-0.621762752532959,0
2019-06-12,-0.621762752532959,-0.621762752532959,-0.621762752532959,-0.621762752532959,280
2019-06-13,-0.621762752532959,-0.621762752532959,-0.621762752532959,-0.621762752532959,0
2019-06-14,-0.6907834410667419,-0.6907834410667419,-0.6907834410667419,-0.6907834410667419,1720
2019-06-17,-0.6907834410667419,-0.6907834410667419,-0.6907834410667419,-0.6907834410667419,0
2019-06-18,-0.6907834410667419,-0.6907834410667419,-0.6907834410667419,-0.6907834410667419,6793
2019-06-19,-0.71843022108078,-0.71843022108078,-0.71843022108078,-0.71843022108078,229
2019-06-20,-0.71843022108078,-0.71843022108078,-0.71843022108078,-0.71843022108078,104
2019-06-21,-0.71843022108078,-0.71843022108078,-0.71843022108078,-0.71843022108078,211
2019-06-24,-0.71843022108078,-0.71843022108078,-0.71843022108078,-0.71843022108078,0
2019-06-25,-0.71843022108078,-0.71843022108078,-0.71843022108078,-0.71843022108078,56
2019-06-26,-0.71843022108078,-0.71843022108078,-0.71843022108078,-0.71843022108078,90
2019-06-27,-0.7218860387802124,-0.7218860387802124,-0.7218860387802124,-0.7218860387802124,1579
2019-06-28,-0.7599002718925476,-0.7599002718925476,-0.7599002718925476,-0.7599002718925476,83
2019-07-01,-0.7599002718925476,-0.7599002718925476,-0.7599002718925476,-0.7599002718925476,0
2019-07-02,-0.7599002718925476,-0.7599002718925476,-0.7599002718925476,-0.7599002718925476,25
2019-07-03,-0.7460768818855286,-0.7460768818855286,-0.7460768818855286,-0.7460768818855286,143
2019-07-04,-0.7495326399803162,-0.7495326399803162,-0.7495326399803162,-0.7495326399803162,1535
2019-07-05,-0.7495326399803162,-0.7495326399803162,-0.7495326399803162,-0.7495326399803162,0
2019-07-08,-0.829016923904419,-0.829016923904419,-0.829016923904419,-0.829016923904419,55
2019-07-09,-0.829016923904419,-0.829016923904419,-0.829016923904419,-0.829016923904419,1489
2019-07-10,-0.829016923904419,-0.829016923904419,-0.829016923904419,-0.829016923904419,111
2019-07-11,-0.8981338143348694,-0.8981338143348694,-0.8981338143348694,-0.8981338143348694,208
2019-07-12,-1.0017129182815552,-1.0017129182815552,-1.0017129182815552,-1.0017129182815552,394
2019-07-15,-1.0017129182815552,-1.0017129182815552,-1.0017129182815552,-1.0017129182815552,750
2019-07-16,-1.0362712144851685,-1.0362712144851685,-1.0362712144851685,-1.0362712144851685,1870
2019-07-17,-1.1053880453109741,-1.1053880453109741,-1.1053880453109741,-1.1053880453109741,2546
2019-07-18,-1.0362712144851685,-1.0362712144851685,-1.0362712144851685,-1.0362712144851685,236
2019-07-19,-1.0362712144851685,-1.0362712144851685,-1.0362712144851685,-1.0362712144851685,8
2019-07-22,-1.1053880453109741,-1.1053880453109741,-1.1053880453109741,-1.1053880453109741,3683
2019-07-23,-1.1053880453109741,-1.1053880453109741,-1.1053880453109741,-1.1053880453109741,0
2019-07-24,-1.1053880453109741,-1.1053880453109741,-1.1053880453109741,-1.1053880453109741,0
2019-07-25,-1.0742853879928589,-1.0742853879928589,-1.0742853879928589,-1.0742853879928589,55
2019-07-26,-1.0362712144851685,-1.0362712144851685,-1.0362712144851685,-1.0362712144851685,547
2019-07-29,-1.0293594598770142,-1.0293594598770142,-1.0293594598770142,-1.0293594598770142,13
2019-07-30,-1.0293594598770142,-1.0293594598770142,-1.0293594598770142,-1.0293594598770142,37
2019-07-31,-1.0293594598770142,-1.0293594598770142,-1.0293594598770142,-1.0293594598770142,16
2019-08-01,-1.0293594598770142,-1.0293594598770142,-1.0293594598770142,-1.0293594598770142,0
2019-08-02,-1.0293594598770142,-1.0293594598770142,-1.0293594598770142,-1.0293594598770142,955
2019-08-05,-1.0362712144851685,-1.0362712144851685,-1.0362712144851685,-1.0362712144851685,821
2019-08-06,-1.2089670896530151,-1.2089670896530151,-1.2089670896530151,-1.2089670896530151,187
2019-08-07,-1.3816629648208618,-1.3816629648208618,-1.3816629648208618,-1.3816629648208618,48
2019-08-08,-1.3816629648208618,-1.3816629648208618,-1.3816629648208618,-1.3816629648208618,0
2019-08-09,-1.3816629648208618,-1.3816629648208618,-1.3816629648208618,-1.3816629648208618,0
2019-08-12,-1.3816629648208618,-1.3816629648208618,-1.3816629648208618,-1.3816629648208618,2
2019-08-13,-1.3816629648208618,-1.3816629648208618,-1.3816629648208618,-1.3816629648208618,4
2019-08-14,-1.3816629648208618,-1.3816629648208618,-1.3816629648208618,-1.3816629648208618,69
2019-08-15,-1.3816629648208618,-1.3816629648208618,-1.3816629648208618,-1.3816629648208618,6
2019-08-16,-1.519896388053894,-1.519896388053894,-1.519896388053894,-1.519896388053894,72
2019-08-19,-1.519896388053894,-1.519896388053894,-1.519896388053894,-1.519896388053894,0
2019-08-20,-1.519896388053894,-1.519896388053894,-1.519896388053894,-1.519896388053894,151
2019-08-21,-1.519896388053894,-1.519896388053894,-1.519896388053894,-1.519896388053894,0
2019-08-22,-1.5544549226760864,-1.5544549226760864,-1.5544549226760864,-1.5544549226760864,61
2019-08-23,-1.658033847808838,-1.658033847808838,-1.658033847808838,-1.658033847808838,261
2019-08-26,-1.6234756708145142,-1.6234756708145142,-1.6234756708145142,-1.6234756708145142,31
2019-08-27,-1.5890130996704102,-1.5890130996704102,-1.5890130996704102,-1.5890130996704102,880
2019-08-28,-1.5890130996704102,-1.5890130996704102,-1.5890130996704102,-1.5890130996704102,52
2019-08-29,-1.5890130996704102,-1.5890130996704102,-1.5890130996704102,-1.5890130996704102,1214
2019-08-30,-1.5890130996704102,-1.5890130996704102,-1.5890130996704102,-1.5890130996704102,145
2019-09-02,-1.727150559425354,-1.7271505594253542,-1.7271505594253542,-1.7271505594253542,319
2019-09-03,-1.5890130996704102,-1.5890130996704102,-1.5890130996704102,-1.5890130996704102,573
2019-09-04,-1.5890130996704102,-1.5890130996704102,-1.5890130996704102,-1.5890130996704102,20
2019-09-05,-1.5890130996704102,-1.5890130996704102,-1.5890130996704102,-1.5890130996704102,63
2019-09-06,-1.5544549226760864,-1.5544549226760864,-1.5544549226760864,-1.5544549226760864,68
2019-09-09,-1.5544549226760864,-1.5544549226760864,-1.5544549226760864,-1.5544549226760864,0
2019-09-10,-1.5890130996704102,-1.5890130996704102,-1.5890130996704102,-1.5890130996704102,266
2019-09-11,-1.519896388053894,-1.519896388053894,-1.519896388053894,-1.519896388053894,119
2019-09-12,-1.5890130996704102,-1.5890130996704102,-1.5890130996704102,-1.5890130996704102,33
2019-09-13,-1.5890130996704102,-1.5890130996704102,-1.5890130996704102,-1.5890130996704102,12
2019-09-17,-1.5890130996704102,-1.5890130996704102,-1.5890130996704102,-1.5890130996704102,12
2019-09-18,-1.3816629648208618,-1.3816629648208618,-1.3816629648208618,-1.3816629648208618,1021
2019-09-19,-1.5890130996704102,-1.5890130996704102,-1.5890130996704102,-1.5890130996704102,1
2019-09-20,-1.3816629648208618,-1.3816629648208618,-1.3816629648208618,-1.3816629648208618,2778
2019-09-23,-1.416221261024475,-1.416221261024475,-1.416221261024475,-1.416221261024475,1069
2019-09-24,-1.3816629648208618,-1.3816629648208618,-1.3816629648208618,-1.3816629648208618,701
2019-09-25,-1.3816629648208618,-1.3816629648208618,-1.3816629648208618,-1.3816629648208618,277
2019-09-26,-1.3816629648208618,-1.3816629648208618,-1.3816629648208618,-1.3816629648208618,5898
2019-09-27,-1.3816629648208618,-1.3816629648208618,-1.3816629648208618,-1.3816629648208618,0
2019-09-30,0.013955281116068363,0.013955281116068363,0.013955281116068363,0.013955281116068363,0
2019-10-01,0.013955281116068363,0.013955281116068363,0.013955281116068363,0.013955281116068363,0
2019-10-02,0.013955281116068363,0.013955281116068363,0.013955281116068363,0.013955281116068363,0
2019-10-03,0.01438868697732687,0.01438868697732687,0.01438868697732687,0.01438868697732687,69
2019-10-04,0.015351486392319202,0.015351486392319202,0.015351486392319202,0.015351486392319202,80
2019-10-07,0.015351486392319202,0.015351486392319202,0.015351486392319202,0.015351486392319202,0
2019-10-08,0.015351486392319202,0.015351486392319202,0.015351486392319202,0.015351486392319202,0
2019-10-09,0.01570053957402706,0.01570053957402706,0.01570053957402706,0.01570053957402706,106
2019-10-10,0.01570053957402706,0.01570053957402706,0.01570053957402706,0.01570053957402706,0
2019-10-11,0.01570053957402706,0.01570053957402706,0.01570053957402706,0.01570053957402706,0
2019-10-14,0.015002435073256493,0.015002435073256493,0.015002435073256493,0.015002435073256493,143
2019-10-15,0.015351486392319202,0.015351486392319202,0.015351486392319202,0.015351486392319202,73
2019-10-16,0.013955281116068363,0.013955281116068363,0.013955281116068363,0.013955281116068363,700
2019-10-17,0.013955281116068363,0.013955281116068363,0.013955281116068363,0.013955281116068363,764
2019-10-18,0.013955281116068363,0.013955281116068363,0.013955281116068363,0.013955281116068363,129
2019-10-21,0.01570053957402706,0.01570053957402706,0.01570053957402706,0.01570053957402706,2
2019-10-22,0.013955281116068363,0.013955281116068363,0.013955281116068363,0.013955281116068363,41
2019-10-23,0.016572199761867523,0.016572199761867523,0.016572199761867523,0.016572199761867523,1620
2019-10-24,0.015351486392319202,0.015351486392319202,0.015351486392319202,0.015351486392319202,8
2019-10-25,0.015351486392319202,0.015351486392319202,0.015351486392319202,0.015351486392319202,66
2019-10-28,0.015491108410060406,0.015491108410060406,0.015491108410060406,0.015491108410060406,62
2019-10-29,0.015491108410060406,0.015491108410060406,0.015491108410060406,0.015491108410060406,152
2019-10-30,0.016746724024415016,0.016746724024415016,0.016746724024415016,0.016746724024415016,1
2019-10-31,0.01570053957402706,0.01570053957402706,0.01570053957402706,0.01570053957402706,111
2019-11-01,0.01570053957402706,0.01570053957402706,0.01570053957402706,0.01570053957402706,648
2019-11-05,0.016049589961767197,0.016049589961767197,0.016049589961767197,0.016049589961767197,69
2019-11-06,0.016049589961767197,0.016049589961767197,0.016049589961767197,0.016049589961767197,0
2019-11-07,0.015351486392319202,0.015351486392319202,0.015351486392319202,0.015351486392319202,247
2019-11-08,0.015351486392319202,0.015351486392319202,0.015351486392319202,0.015351486392319202,1
2019-11-11,0.017444826662540436,0.017444826662540436,0.017444826662540436,0.017444826662540436,564
2019-11-12,0.017444826662540436,0.017444826662540436,0.017444826662540436,0.017444826662540436,83
2019-11-13,0.017619352787733078,0.017619352787733078,0.017619352787733078,0.017619352787733078,138
2019-11-14,0.014653383754193783,0.014653383754193783,0.014653383754193783,0.014653383754193783,205
2019-11-15,0.01758444868028164,0.01758444868028164,0.01758444868028164,0.01758444868028164,2
2019-11-18,0.01758444868028164,0.01758444868028164,0.01758444868028164,0.01758444868028164,0
2019-11-19,0.018840065225958824,0.018840065225958824,0.018840065225958824,0.018840065225958824,22
2019-11-20,0.018840065225958824,0.018840065225958824,0.018840065225958824,0.018840065225958824,47
2019-11-21,0.018840065225958824,0.018840065225958824,0.018840065225958824,0.018840065225958824,1
2019-11-22,0.018840065225958824,0.018840065225958824,0.018840065225958824,0.018840065225958824,31
2019-11-25,0.018840065225958824,0.018840065225958824,0.018840065225958824,0.018840065225958824,2048
2019-11-26,0.018840065225958824,0.018840065225958824,0.018840065225958824,0.018840065225958824,6
2019-11-27,0.020933406427502632,0.020933406427502632,0.020933406427502632,0.020933406427502632,123
2019-11-28,0.016746724024415016,0.016746724024415016,0.016746724024415016,0.016746724024415016,491
2019-11-29,0.017514638602733612,0.017514638602733612,0.017514638602733612,0.017514638602733612,69
2019-12-02,0.017514638602733612,0.017514638602733612,0.017514638602733612,0.017514638602733612,0
2019-12-03,0.017514638602733612,0.017514638602733612,0.017514638602733612,0.017514638602733612,63
2019-12-04,0.01918911747634411,0.01918911747634411,0.01918911747634411,0.01918911747634411,59
2019-12-05,0.01918911747634411,0.01918911747634411,0.01918911747634411,0.01918911747634411,61
2019-12-06,0.01918911747634411,0.01918911747634411,0.01918911747634411,0.01918911747634411,0
2019-12-09,0.01918911747634411,0.01918911747634411,0.01918911747634411,0.01918911747634411,12
2019-12-10,0.020236274227499962,0.020236274227499962,0.020236274227499962,0.020236274227499962,87
2019-12-11,0.017444826662540436,0.017444826662540436,0.017444826662540436,0.017444826662540436,628
2019-12-12,0.017444826662540436,0.017444826662540436,0.017444826662540436,0.017444826662540436,333
2019-12-13,0.017438041046261787,0.017438041046261787,0.017438041046261787,0.017438041046261787,90
2019-12-16,0.017438041046261787,0.017438041046261787,0.017438041046261787,0.017438041046261787,123
2019-12-17,0.014653383754193783,0.014653383754193783,0.014653383754193783,0.014653383754193783,4
2019-12-18,0.015421298332512379,0.015421298332512379,0.015421298332512379,0.015421298332512379,216
2019-12-19,0.015421298332512379,0.015421298332512379,0.015421298332512379,0.015421298332512379,0
2019-12-20,0.022203566506505013,0.022203566506505013,0.022203566506505013,0.022203566506505013,36
2019-12-23,0.02442295290529728,0.02442295290529728,0.02442295290529728,0.02442295290529728,41
2019-12-26,0.02442295290529728,0.02442295290529728,0.02442295290529728,0.02442295290529728,0
2019-12-27,0.02442295290529728,0.02442295290529728,0.02442295290529728,0.02442295290529728,77
2019-12-30,0.02442295290529728,0.02442295290529728,0.02442295290529728,0.02442295290529728,0
2020-01-02,0.0251210555434227,0.0251210555434227,0.0251210555434227,0.0251210555434227,6
2020-01-03,0.027911530807614326,0.027911530807614326,0.027911530807614326,0.027911530807614326,282
2020-01-07,0.03014449216425419,0.03014449216425419,0.03014449216425419,0.03014449216425419,113
2020-01-08,0.03014449216425419,0.03014449216425419,0.03014449216425419,0.03014449216425419,539
2020-01-09,0.03014449216425419,0.03014449216425419,0.03014449216425419,0.03014449216425419,1906
2020-01-10,0.028609635308384895,0.028609635308384895,0.028609635308384895,0.028609635308384895,125
2020-01-13,0.028609635308384895,0.028609635308384895,0.028609635308384895,0.028609635308384895,18
2020-01-14,0.028609635308384895,0.028609635308384895,0.028609635308384895,0.028609635308384895,305
2020-01-15,0.02826058119535446,0.02826058119535446,0.02826058119535446,0.02826058119535446,63
2020-01-16,0.02826058119535446,0.02826058119535446,0.02826058119535446,0.02826058119535446,66
2020-01-17,0.027911530807614326,0.027911530807614326,0.027911530807614326,0.027911530807614326,70
2020-01-21,0.027911530807614326,0.027911530807614326,0.027911530807614326,0.027911530807614326,437
2020-01-22,0.027911530807614326,0.027911530807614326,0.027911530807614326,0.027911530807614326,41
2020-01-23,0.028609635308384895,0.028609635308384895,0.028609635308384895,0.028609635308384895,1
2020-01-24,0.027911530807614326,0.027911530807614326,0.027911530807614326,0.027911530807614326,13
2020-01-27,0.027214398607611656,0.027214398607611656,0.027214398607611656,0.027214398607611656,472
2020-01-28,0.027214398607611656,0.027214398607611656,0.027214398607611656,0.027214398607611656,104
2020-01-29,0.027284206822514534,0.027284206822514534,0.027284206822514534,0.027284206822514534,45
2020-01-30,0.027911530807614326,0.027911530807614326,0.027911530807614326,0.027911530807614326,48
2020-01-31,0.027911530807614326,0.027911530807614326,0.027911530807614326,0.027911530807614326,0
2020-02-03,0.027911530807614326,0.027911530807614326,0.027911530807614326,0.027911530807614326,27
2020-02-04,0.03140107914805412,0.03140107914805412,0.03140107914805412,0.03140107914805412,120
2020-02-05,0.03140107914805412,0.03140107914805412,0.03140107914805412,0.03140107914805412,84
2020-02-06,0.03140107914805412,0.03140107914805412,0.03140107914805412,0.03140107914805412,5
2020-02-07,0.031394291669130325,0.031394291669130325,0.031394291669130325,0.031394291669130325,2
2020-02-10,0.034540608525276184,0.034540608525276184,0.034540608525276184,0.034540608525276184,34
2020-02-11,0.03488965332508087,0.03488965332508087,0.03488965332508087,0.03488965332508087,19
2020-02-12,0.03488965332508087,0.03488965332508087,0.03488965332508087,0.03488965332508087,0
2020-02-13,0.03488965332508087,0.03488965332508087,0.03488965332508087,0.03488965332508087,0
2020-02-14,0.03488965332508087,0.03488965332508087,0.03488965332508087,0.03488965332508087,0
2020-02-17,0.033145368099212646,0.033145368099212646,0.033145368099212646,0.033145368099212646,55
2020-02-18,0.03307555988430977,0.03307555988430977,0.03307555988430977,0.03307555988430977,2
2020-02-19,0.030004870146512985,0.030004870146512985,0.030004870146512985,0.030004870146512985,2883
2020-02-20,0.030004870146512985,0.030004870146512985,0.030004870146512985,0.030004870146512985,2883
2020-02-21,0.030004870146512985,0.030004870146512985,0.030004870146512985,0.030004870146512985,0
2020-02-26,0.029307736083865166,0.029307736083865166,0.029307736083865166,0.029307736083865166,34866
2020-02-27,0.029307736083865166,0.029307736083865166,0.029307736083865166,0.029307736083865166,155
2020-02-28,0.030004870146512985,0.030004870146512985,0.030004870146512985,0.030004870146512985,76
2020-03-02,0.02965678833425045,0.02965678833425045,0.02965678833425045,0.02965678833425045,68
2020-03-03,0.030004870146512985,0.030004870146512985,0.030004870146512985,0.030004870146512985,6
2020-03-04,0.030004870146512985,0.030004870146512985,0.030004870146512985,0.030004870146512985,0
2020-03-05,0.030004870146512985,0.030004870146512985,0.030004870146512985,0.030004870146512985,0
2020-03-06,0.030004870146512985,0.030004870146512985,0.030004870146512985,0.030004870146512985,0
2020-03-09,0.030004870146512985,0.030004870146512985,0.030004870146512985,0.030004870146512985,0
2020-03-10,0.030004870146512985,0.030004870146512985,0.030004870146512985,0.030004870146512985,0
2020-03-11,0.029307736083865166,0.029307736083865166,0.029307736083865166,0.029307736083865166,162
2020-03-12,0.03031902015209198,0.03031902015209198,0.03031902015209198,0.03031902015209198,151
2020-03-13,0.03031902015209198,0.03031902015209198,0.03031902015209198,0.03031902015209198,0
2020-03-16,0.03031902015209198,0.03031902015209198,0.03031902015209198,0.03031902015209198,0
2020-03-17,0.03031902015209198,0.03031902015209198,0.03031902015209198,0.03031902015209198,0
2020-03-18,0.02965678833425045,0.02965678833425045,0.02965678833425045,0.02965678833425045,20
2020-03-20,0.030702972784638405,0.030702972784638405,0.030702972784638405,0.030702972784638405,6
2020-03-23,0.024562574923038483,0.024562574923038483,0.024562574923038483,0.024562574923038483,29
2020-03-24,0.02947450801730156,0.02947450801730156,0.02947450801730156,0.02947450801730156,12
2020-03-25,0.02947450801730156,0.02947450801730156,0.02947450801730156,0.02947450801730156,0
2020-03-26,0.02947450801730156,0.02947450801730156,0.02947450801730156,0.02947450801730156,51
2020-03-27,0.027911530807614326,0.027911530807614326,0.027911530807614326,0.027911530807614326,528
2020-03-30,0.03140107914805412,0.03140107914805412,0.03140107914805412,0.03140107914805412,9
2020-03-31,0.03175012394785881,0.03175012394785881,0.03175012394785881,0.03175012394785881,6
2020-04-01,0.03209917992353439,0.03209917992353439,0.03209917992353439,0.03209917992353439,1
2020-04-02,0.03279631957411766,0.03279631957411766,0.03279631957411766,0.03279631957411766,29
2020-04-03,0.039355579763650894,0.039355579763650894,0.039355579763650894,0.039355579763650894,147
2020-04-06,0.039353638887405396,0.039353638887405396,0.039353638887405396,0.039353638887405396,0
2020-04-07,0.04722960293292999,0.04722960293292999,0.04722960293292999,0.04722960293292999,2
2020-04-08,0.04722960293292999,0.04722960293292999,0.04722960293292999,0.04722960293292999,0
2020-04-13,0.04722960293292999,0.04722960293292999,0.04722960293292999,0.04722960293292999,42
2020-04-14,0.05667048320174217,0.05667048320174217,0.05667048320174217,0.05667048320174217,2298
2020-04-15,0.059871092438697815,0.059871092438697815,0.059871092438697815,0.059871092438697815,146
2020-04-16,0.059871092438697815,0.059871092438697815,0.059871092438697815,0.059871092438697815,0
2020-04-17,0.06140691041946411,0.06140691041946411,0.06140691041946411,0.06140691041946411,185
2020-04-20,0.06140691041946411,0.06140691041946411,0.06140691041946411,0.06140691041946411,8
2020-04-21,0.0629417672753334,0.0629417672753334,0.0629417672753334,0.0629417672753334,3
2020-04-22,0.07253681868314743,0.07253681868314743,0.07253681868314743,0.07253681868314743,138
2020-04-23,0.08673740923404694,0.08673740923404694,0.08673740923404694,0.08673740923404694,42
2020-04-24,0.09978611767292023,0.09978611767292023,0.09978611767292023,0.09978611767292023,11
2020-04-27,0.09901820123195648,0.09901820123195648,0.09901820123195648,0.09901820123195648,1
2020-04-28,0.07921437174081802,0.07921437174081802,0.07921437174081802,0.07921437174081802,55
2020-04-29,0.07906118035316467,0.07906118035316467,0.07906118035316467,0.07906118035316467,27
2020-04-30,0.07675841450691223,0.07675841450691223,0.07675841450691223,0.07675841450691223,6
2020-05-04,0.06908218562602997,0.06908218562602997,0.06908218562602997,0.06908218562602997,49
2020-05-05,0.0729207769036293,0.0729207769036293,0.0729207769036293,0.0729207769036293,75
2020-05-06,0.08750434219837189,0.08750434219837189,0.08750434219837189,0.08750434219837189,34
2020-05-07,0.08750434219837189,0.08750434219837189,0.08750434219837189,0.08750434219837189,30
2020-05-08,0.08750434219837189,0.08750434219837189,0.08750434219837189,0.08750434219837189,347
2020-05-11,0.09594849497079849,0.09594849497079849,0.09594849497079849,0.09594849497079849,88
2020-05-12,0.0886562168598175,0.0886562168598175,0.0886562168598175,0.0886562168598175,193
2020-05-13,0.09057503938674927,0.09057503938674927,0.09057503938674927,0.09057503938674927,101
2020-05-14,0.09057503938674927,0.09057503938674927,0.09057503938674927,0.09057503938674927,0
2020-05-15,0.09057503938674927,0.09057503938674927,0.09057503938674927,0.09057503938674927,15
2020-05-18,0.09057503938674927,0.09057503938674927,0.09057503938674927,0.09057503938674927,0
2020-05-19,0.09210988879203796,0.09210988879203796,0.09210988879203796,0.09210988879203796,1
2020-05-20,0.09210988879203796,0.09210988879203796,0.09210988879203796,0.09210988879203796,11
2020-05-21,0.09594849497079849,0.09594849497079849,0.09594849497079849,0.09594849497079849,1
2020-05-22,0.09594849497079849,0.09594849497079849,0.09594849497079849,0.09594849497079849,0
2020-05-26,0.09594849497079849,0.09594849497079849,0.09594849497079849,0.09594849497079849,144
2020-05-27,0.09594849497079849,0.09594849497079849,0.09594849497079849,0.09594849497079849,0
2020-05-28,0.09594849497079849,0.09594849497079849,0.09594849497079849,0.09594849497079849,2959
2020-05-29,0.09594849497079849,0.09594849497079849,0.09594849497079849,0.09594849497079849,0
2020-06-01,0.09057503938674927,0.09057503938674927,0.09057503938674927,0.09057503938674927,120
2020-06-02,0.09671544283628464,0.09671544283628464,0.09671544283628464,0.09671544283628464,1
2020-06-03,0.09594849497079849,0.09594849497079849,0.09594849497079849,0.09594849497079849,31
2020-06-04,0.09671544283628464,0.09671544283628464,0.09671544283628464,0.09671544283628464,37
2020-06-05,0.09671544283628464,0.09671544283628464,0.09671544283628464,0.09671544283628464,54
2020-06-08,0.09671544283628464,0.09671544283628464,0.09671544283628464,0.09671544283628464,317
2020-06-09,0.09671544283628464,0.09671544283628464,0.09671544283628464,0.09671544283628464,0
2020-06-10,0.10362374782562256,0.10362374782562256,0.10362374782562256,0.10362374782562256,63
2020-06-11,0.11667343974113464,0.11667343974113464,0.11667343974113464,0.11667343974113464,1
2020-06-12,0.11513759940862656,0.11513759940862656,0.11513759940862656,0.11513759940862656,18
2020-06-16,0.11437065899372101,0.11437065899372101,0.11437065899372101,0.11437065899372101,48
2020-06-17,0.11129998415708542,0.11129998415708542,0.11129998415708542,0.11129998415708542,2
2020-06-18,0.11129998415708542,0.11129998415708542,0.11129998415708542,0.11129998415708542,0
2020-06-19,0.11129998415708542,0.11129998415708542,0.11129998415708542,0.11129998415708542,0
2020-06-22,0.11053207516670227,0.11053207516670227,0.11053207516670227,0.11053207516670227,1
2020-06-23,0.11053207516670227,0.11053207516670227,0.11053207516670227,0.11053207516670227,399
2020-06-25,0.09210988879203796,0.09210988879203796,0.09210988879203796,0.09210988879203796,224
2020-06-26,0.09210988879203796,0.09210988879203796,0.09210988879203796,0.09210988879203796,0
2020-06-30,0.09210988879203796,0.09210988879203796,0.09210988879203796,0.09210988879203796,17
2020-07-01,0.09210988879203796,0.09210988879203796,0.09210988879203796,0.09210988879203796,20
2020-07-02,0.09210988879203796,0.09210988879203796,0.09210988879203796,0.09210988879203796,3
2020-07-03,0.07675841450691223,0.07675841450691223,0.07675841450691223,0.07675841450691223,366
2020-07-06,0.0844346284866333,0.0844346284866333,0.0844346284866333,0.0844346284866333,131
2020-07-07,0.08827226608991623,0.08827226608991623,0.08827226608991623,0.08827226608991623,41
2020-07-08,0.08827226608991623,0.08827226608991623,0.08827226608991623,0.08827226608991623,13
2020-07-09,0.08827226608991623,0.08827226608991623,0.08827226608991623,0.08827226608991623,8
2020-07-10,0.08827226608991623,0.08827226608991623,0.08827226608991623,0.08827226608991623,63
2020-07-13,0.08827226608991623,0.08827226608991623,0.08827226608991623,0.08827226608991623,0
2020-07-14,0.08827226608991623,0.08827226608991623,0.08827226608991623,0.08827226608991623,50
2020-07-15,0.08827226608991623,0.08827226608991623,0.08827226608991623,0.08827226608991623,0
2020-07-16,0.08827226608991623,0.08827226608991623,0.08827226608991623,0.08827226608991623,1
2020-07-17,0.08827226608991623,0.08827226608991623,0.08827226608991623,0.08827226608991623,64
2020-07-20,0.09594849497079849,0.09594849497079849,0.09594849497079849,0.09594849497079849,384
2020-07-21,0.09978611767292023,0.09978611767292023,0.09978611767292023,0.09978611767292023,50
2020-07-22,0.09978611767292023,0.09978611767292023,0.09978611767292023,0.09978611767292023,0
2020-07-23,0.11667343974113464,0.11667343974113464,0.11667343974113464,0.11667343974113464,7
2020-07-27,0.11513759940862656,0.11513759940862656,0.11513759940862656,0.11513759940862656,314
2020-07-28,0.11513759940862656,0.11513759940862656,0.11513759940862656,0.11513759940862656,6
2020-07-29,0.11667343974113464,0.11667343974113464,0.11667343974113464,0.11667343974113464,83
2020-07-30,0.11897620558738708,0.11897620558738708,0.11897620558738708,0.11897620558738708,32
2020-07-31,0.11897620558738708,0.11897620558738708,0.11897620558738708,0.11897620558738708,2
2020-08-03,0.12281382083892822,0.12281382083892822,0.12281382083892822,0.12281382083892822,766
2020-08-04,0.1159055158495903,0.1159055158495903,0.1159055158495903,0.1159055158495903,88
2020-08-05,0.13908642530441284,0.13908642530441284,0.13908642530441284,0.13908642530441284,1
2020-08-06,0.13816532492637634,0.13816532492637634,0.13816532492637634,0.13816532492637634,24
2020-08-07,0.14545759558677673,0.14545759558677673,0.14545759558677673,0.14545759558677673,6
2020-08-10,0.14967919886112213,0.14967919886112213,0.14967919886112213,0.14967919886112213,22
2020-08-11,0.12281382083892822,0.12281382083892822,0.12281382083892822,0.12281382083892822,7
2020-08-12,0.1473764181137085,0.1473764181137085,0.1473764181137085,0.1473764181137085,2
2020-08-13,0.13816532492637634,0.13816532492637634,0.13816532492637634,0.13816532492637634,179
2020-08-14,0.1458415538072586,0.1458415538072586,0.1458415538072586,0.1458415538072586,117
2020-08-17,0.1458415538072586,0.1458415538072586,0.1458415538072586,0.1458415538072586,351
2020-08-18,0.15351776778697968,0.15351776778697968,0.15351776778697968,0.15351776778697968,36
2020-08-19,0.1458415538072586,0.1458415538072586,0.1458415538072586,0.1458415538072586,3031
2020-08-20,0.17193995416164398,0.17193995416164398,0.17193995416164398,0.17193995416164398,11
2020-08-21,0.1749330759048462,0.1749330759048462,0.1749330759048462,0.1749330759048462,1
2020-08-24,0.19189698994159698,0.19189698994159698,0.19189698994159698,0.19189698994159698,78
2020-08-25,0.20402459800243378,0.20402459800243378,0.20402459800243378,0.20402459800243378,31
2020-08-26,0.20341086387634277,0.20341086387634277,0.20341086387634277,0.20341086387634277,11
2020-08-27,0.20341086387634277,0.20341086387634277,0.20341086387634277,0.20341086387634277,49
2020-08-28,0.2187623381614685,0.2187623381614685,0.2187623381614685,0.2187623381614685,15
2020-08-31,0.2072484791278839,0.2072484791278839,0.2072484791278839,0.2072484791278839,63
2020-09-01,0.2072484791278839,0.2072484791278839,0.2072484791278839,0.2072484791278839,61
2020-09-02,0.19895848631858826,0.19895848631858826,0.19895848631858826,0.19895848631858826,60
2020-09-03,0.19895848631858826,0.19895848631858826,0.19895848631858826,0.19895848631858826,2
2020-09-04,0.19895848631858826,0.19895848631858826,0.19895848631858826,0.19895848631858826,13
2020-09-07,0.19895848631858826,0.19895848631858826,0.19895848631858826,0.19895848631858826,6
2020-09-08,0.19957320392131805,0.19957320392131805,0.19957320392131805,0.19957320392131805,74
2020-09-09,0.19957320392131805,0.19957320392131805,0.19957320392131805,0.19957320392131805,0
2020-09-10,0.19957320392131805,0.19957320392131805,0.19957320392131805,0.19957320392131805,42
2020-09-11,0.19957320392131805,0.19957320392131805,0.19957320392131805,0.19957320392131805,0
2020-09-15,0.19957320392131805,0.19957320392131805,0.19957320392131805,0.19957320392131805,15
2020-09-16,0.19957320392131805,0.19957320392131805,0.19957320392131805,0.19957320392131805,1
2020-09-17,0.19957320392131805,0.19957320392131805,0.19957320392131805,0.19957320392131805,0
2020-09-18,0.19957320392131805,0.19957320392131805,0.19957320392131805,0.19957320392131805,0
2020-09-21,0.19957320392131805,0.19957320392131805,0.19957320392131805,0.19957320392131805,68
2020-09-22,0.19957320392131805,0.19957320392131805,0.19957320392131805,0.19957320392131805,25
2020-09-23,0.19957320392131805,0.19957320392131805,0.19957320392131805,0.19957320392131805,0
2020-09-24,0.19957320392131805,0.19957320392131805,0.19957320392131805,0.19957320392131805,56
2020-09-25,0.21953026950359344,0.21953026950359344,0.21953026950359344,0.21953026950359344,2
2020-09-28,0.24486073851585388,0.24486073851585388,0.24486073851585388,0.24486073851585388,10
2020-09-29,0.27402886748313904,0.27402886748313904,0.27402886748313904,0.27402886748313904,3015
2020-09-30,0.27402886748313904,0.27402886748313904,0.27402886748313904,0.27402886748313904,11
2020-10-01,0.2801702320575714,0.2801702320575714,0.2801702320575714,0.2801702320575714,6
2020-10-02,0.29552170634269714,0.29552170634269714,0.29552170634269714,0.29552170634269714,5
2020-10-05,0.29552170634269714,0.29552170634269714,0.29552170634269714,0.29552170634269714,17
2020-10-06,0.29552170634269714,0.29552170634269714,0.29552170634269714,0.29552170634269714,69
2020-10-07,0.29552170634269714,0.29552170634269714,0.29552170634269714,0.29552170634269714,55
2020-10-08,0.29552170634269714,0.29552170634269714,0.29552170634269714,0.29552170634269714,5
2020-10-09,0.29552170634269714,0.29552170634269714,0.29552170634269714,0.29552170634269714,85
2020-10-13,0.29552170634269714,0.29552170634269714,0.29552170634269714,0.29552170634269714,181
2020-10-14,0.34541475772857666,0.34541475772857666,0.34541475772857666,0.34541475772857666,73
2020-10-15,0.34541475772857666,0.34541475772857666,0.34541475772857666,0.34541475772857666,132
2020-10-16,0.34541475772857666,0.34541475772857666,0.34541475772857666,0.34541475772857666,0
2020-10-19,0.37228110432624817,0.37228110432624817,0.37228110432624817,0.37228110432624817,55
2020-10-20,0.402984082698822,0.402984082698822,0.402984082698822,0.402984082698822,6
2020-10-21,0.34541475772857666,0.34541475772857666,0.34541475772857666,0.34541475772857666,112
2020-10-22,0.3761187195777893,0.3761187195777893,0.3761187195777893,0.3761187195777893,104
2020-10-23,0.3761187195777893,0.3761187195777893,0.3761187195777893,0.3761187195777893,0
2020-10-26,0.44673672318458557,0.44673672318458557,0.44673672318458557,0.44673672318458557,216
2020-10-27,0.44596973061561584,0.44596973061561584,0.44596973061561584,0.44596973061561584,22
2020-10-28,0.49125728011131287,0.49125728011131287,0.49125728011131287,0.49125728011131287,63
2020-10-29,0.49125728011131287,0.49125728011131287,0.49125728011131287,0.49125728011131287,0
2020-10-30,0.49125728011131287,0.49125728011131287,0.49125728011131287,0.49125728011131287,0
2020-11-02,0.46822959184646606,0.46822959184646606,0.46822959184646606,0.46822959184646606,11
2020-11-03,0.460553377866745,0.460553377866745,0.460553377866745,0.460553377866745,99
2020-11-04,0.4720671772956848,0.4720671772956848,0.4720671772956848,0.4720671772956848,2968
2020-11-05,0.46822959184646606,0.46822959184646606,0.46822959184646606,0.46822959184646606,24
2020-11-06,0.46822959184646606,0.46822959184646606,0.46822959184646606,0.46822959184646606,11
2020-11-09,0.46822959184646606,0.46822959184646606,0.46822959184646606,0.46822959184646606,58
2020-11-10,0.460553377866745,0.460553377866745,0.460553377866745,0.460553377866745,198
2020-11-11,0.49893346428871155,0.49893346428871155,0.49893346428871155,0.49893346428871155,6
2020-11-12,0.49893346428871155,0.49893346428871155,0.49893346428871155,0.49893346428871155,103
2020-11-13,0.49893346428871155,0.49893346428871155,0.49893346428871155,0.49893346428871155,223
2020-11-16,0.5334751009941101,0.5334751009941101,0.5334751009941101,0.5334751009941101,26
2020-11-17,0.5327072143554688,0.5327072143554688,0.5327072143554688,0.5327072143554688,29
2020-11-18,0.5327072143554688,0.5327072143554688,0.5327072143554688,0.5327072143554688,36
2020-11-19,0.5327072143554688,0.5327072143554688,0.5327072143554688,0.5327072143554688,98
2020-11-20,0.6524512767791748,0.6524512767791748,0.6524512767791748,0.6524512767791748,97
2020-11-24,0.763752281665802,0.763752281665802,0.763752281665802,0.763752281665802,18
2020-11-25,0.767589807510376,0.767589807510376,0.767589807510376,0.767589807510376,10
2020-11-26,0.767589807510376,0.767589807510376,0.767589807510376,0.767589807510376,82
2020-11-27,0.767589807510376,0.767589807510376,0.767589807510376,0.767589807510376,0
2020-11-30,0.767589807510376,0.767589807510376,0.767589807510376,0.767589807510376,46
2020-12-01,0.767589807510376,0.767589807510376,0.767589807510376,0.767589807510376,2
2020-12-02,0.767589807510376,0.767589807510376,0.767589807510376,0.767589807510376,2976
2020-12-03,0.767589807510376,0.767589807510376,0.767589807510376,0.767589807510376,5
2020-12-04,0.767589807510376,0.767589807510376,0.767589807510376,0.767589807510376,3
2020-12-07,0.767589807510376,0.767589807510376,0.767589807510376,0.767589807510376,68
2020-12-08,0.767589807510376,0.767589807510376,0.767589807510376,0.767589807510376,179
2020-12-09,0.767589807510376,0.767589807510376,0.767589807510376,0.767589807510376,73
2020-12-10,0.767589807510376,0.767589807510376,0.767589807510376,0.767589807510376,60
2020-12-11,0.767589807510376,0.767589807510376,0.767589807510376,0.767589807510376,0
2020-12-15,0.767589807510376,0.767589807510376,0.767589807510376,0.767589807510376,41
2020-12-16,0.767589807510376,0.767589807510376,0.767589807510376,0.767589807510376,12
2020-12-17,0.7675743699073792,0.7675743699073792,0.7675743699073792,0.7675743699073792,32
2020-12-18,0.7660549879074097,0.7660549879074097,0.7660549879074097,0.7660549879074097,1
2020-12-21,0.767589807510376,0.767589807510376,0.767589807510376,0.767589807510376,3032
2020-12-22,0.767589807510376,0.767589807510376,0.767589807510376,0.767589807510376,0
2020-12-23,0.7675743699073792,0.7675743699073792,0.7675743699073792,0.7675743699073792,13
2020-12-28,0.7675666213035583,0.7675666213035583,0.7675666213035583,0.7675666213035583,44
2020-12-29,0.7675589323043823,0.7675589323043823,0.7675589323043823,0.7675589323043823,2
2020-12-30,0.7675355672836304,0.7675355672836304,0.7675355672836304,0.7675355672836304,5
2021-01-04,0.7675820589065552,0.7675820589065552,0.7675820589065552,0.7675820589065552,12
2021-01-05,0.7675820589065552,0.7675820589065552,0.7675820589065552,0.7675820589065552,1
2021-01-06,0.7675820589065552,0.7675820589065552,0.7675820589065552,0.7675820589065552,15
2021-01-07,0.7675820589065552,0.7675820589065552,0.7675820589065552,0.7675820589065552,0
2021-01-08,0.9203397631645203,0.9203397631645203,0.9203397631645203,0.9203397631645203,114
2021-01-12,0.767589807510376,0.767589807510376,0.767589807510376,0.767589807510376,30
2021-01-13,0.767589807510376,0.767589807510376,0.767589807510376,0.767589807510376,7
2021-01-14,0.6916361451148987,0.6916361451148987,0.6916361451148987,0.6916361451148987,58
2021-01-15,0.767589807510376,0.767589807510376,0.767589807510376,0.767589807510376,92
2021-01-19,0.767589807510376,0.767589807510376,0.767589807510376,0.767589807510376,26
2021-01-20,0.767589807510376,0.767589807510376,0.767589807510376,0.767589807510376,18
2021-01-21,0.8052021861076355,0.8052021861076355,0.8052021861076355,0.8052021861076355,5
2021-01-22,0.8052021861076355,0.8052021861076355,0.8052021861076355,0.8052021861076355,36
2021-01-25,0.767589807510376,0.767589807510376,0.767589807510376,0.767589807510376,63
2021-01-26,0.767589807510376,0.767589807510376,0.767589807510376,0.767589807510376,173
2021-01-27,0.767589807510376,0.767589807510376,0.767589807510376,0.767589807510376,2986
2021-01-28,0.7675820589065552,0.7675820589065552,0.7675820589065552,0.7675820589065552,2
2021-01-29,0.7668219804763794,0.7668219804763794,0.7668219804763794,0.7668219804763794,6
2021-02-01,0.763752281665802,0.763752281665802,0.763752281665802,0.763752281665802,18
2021-02-02,0.767589807510376,0.767589807510376,0.767589807510376,0.767589807510376,1
2021-02-03,0.8443483114242554,0.8443483114242554,0.8443483114242554,0.8443483114242554,20
2021-02-04,0.767589807510376,0.767589807510376,0.767589807510376,0.767589807510376,78
2021-02-05,0.767589807510376,0.767589807510376,0.767589807510376,0.767589807510376,61
2021-02-08,0.767589807510376,0.767589807510376,0.767589807510376,0.767589807510376,0
2021-02-09,0.767589807510376,0.767589807510376,0.767589807510376,0.767589807510376,6
2021-02-10,0.767589807510376,0.767589807510376,0.767589807510376,0.767589807510376,18
2021-02-11,0.8443260192871094,0.8443260192871094,0.8443260192871094,0.8443260192871094,50
2021-02-12,0.8443260192871094,0.8443260192871094,0.8443260192871094,0.8443260192871094,0
2021-02-17,0.8443260192871094,0.8443260192871094,0.8443260192871094,0.8443260192871094,0
2021-02-18,0.8827284574508667,0.8827284574508667,0.8827284574508667,0.8827284574508667,2
2021-02-19,0.8059690594673157,0.8059690594673157,0.8059690594673157,0.8059690594673157,504
2021-02-22,0.9210999011993408,0.9210999011993408,0.9210999011993408,0.9210999011993408,24
2021-02-23,0.8827284574508667,0.8827284574508667,0.8827284574508667,0.8827284574508667,20
2021-02-24,0.8827284574508667,0.8827284574508667,0.8827284574508667,0.8827284574508667,25
2021-02-25,0.9134314060211182,0.9134314060211182,0.9134314060211182,0.9134314060211182,7
2021-02-26,0.767589807510376,0.767589807510376,0.767589807510376,0.767589807510376,552
2021-03-01,0.9210999011993408,0.9210999011993408,0.9210999011993408,0.9210999011993408,5
2021-03-02,0.9203329682350159,0.9203329682350159,0.9203329682350159,0.9203329682350159,3
2021-03-03,0.92109215259552,0.92109215259552,0.92109215259552,0.92109215259552,10
2021-03-04,0.92109215259552,0.92109215259552,0.92109215259552,0.92109215259552,0
2021-03-05,0.9134314060211182,0.9134314060211182,0.9134314060211182,0.9134314060211182,7
2021-03-08,0.9211076498031616,0.9211076498031616,0.9211076498031616,0.9211076498031616,24
2021-03-09,0.9594868421554565,0.9594868421554565,0.9594868421554565,0.9594868421554565,63
2021-03-10,0.9963312745094299,0.9963312745094299,0.9963312745094299,0.9963312745094299,18
2021-03-11,0.9970991611480713,0.9970991611480713,0.9970991611480713,0.9970991611480713,49
2021-03-12,0.9970991611480713,0.9970991611480713,0.9970991611480713,0.9970991611480713,37
2021-03-15,1.150617003440857,1.150617003440857,1.150617003440857,1.150617003440857,40
2021-03-16,1.150617003440857,1.150617003440857,1.150617003440857,1.150617003440857,93
2021-03-17,1.0746253728866577,1.0746253728866577,1.0746253728866577,1.0746253728866577,99
2021-03-18,1.0746253728866577,1.0746253728866577,1.0746253728866577,1.0746253728866577,0
2021-03-22,1.0746253728866577,1.0746253728866577,1.0746253728866577,1.0746253728866577,10208
2021-03-23,1.0823017358779907,1.0823017358779907,1.0823017358779907,1.0823017358779907,16
2021-03-24,1.0823017358779907,1.0823017358779907,1.0823017358779907,1.0823017358779907,142
2021-03-25,1.0830695629119873,1.0830695629119873,1.0830695629119873,1.0830695629119873,236
2021-03-26,1.3801270723342896,1.3801270723342896,1.3801270723342896,1.3801270723342896,231
2021-03-29,1.381654143333435,1.381654143333435,1.381654143333435,1.381654143333435,6
2021-03-30,1.4543733596801758,1.4543733596801758,1.4543733596801758,1.4543733596801758,9
2021-03-31,1.4543821811676025,1.4543821811676025,1.4543821811676025,1.4543821811676025,40
2021-04-05,1.3816628456115723,1.3816628456115723,1.3816628456115723,1.3816628456115723,48
2021-04-06,1.3727748394012451,1.3727748394012451,1.3727748394012451,1.3727748394012451,12
2021-04-07,1.3727748394012451,1.3727748394012451,1.3727748394012451,1.3727748394012451,6
2021-04-08,1.2927836179733276,1.2927836179733276,1.2927836179733276,1.2927836179733276,13
2021-04-09,1.2927836179733276,1.2927836179733276,1.2927836179733276,1.2927836179733276,1
2021-04-12,1.373582363128662,1.373582363128662,1.373582363128662,1.373582363128662,15
2021-04-13,1.373582363128662,1.373582363128662,1.373582363128662,1.373582363128662,43
2021-04-14,1.45357346534729,1.45357346534729,1.45357346534729,1.45357346534729,4
2021-04-15,1.45357346534729,1.45357346534729,1.45357346534729,1.45357346534729,0
2021-04-16,1.35338294506073,1.35338294506073,1.35338294506073,1.35338294506073,18
2021-04-20,1.35338294506073,1.35338294506073,1.35338294506073,1.35338294506073,0
2021-04-21,1.35338294506073,1.35338294506073,1.35338294506073,1.35338294506073,0
2021-04-22,1.45357346534729,1.45357346534729,1.45357346534729,1.45357346534729,12
2021-04-23,1.4624614715576172,1.4624614715576172,1.4624614715576172,1.4624614715576172,146
2021-04-26,1.753338098526001,1.753338098526001,1.753338098526001,1.753338098526001,18
2021-04-27,1.754145622253418,1.754145622253418,1.754145622253418,1.754145622253418,250
2021-04-28,1.754145622253418,1.754145622253418,1.754145622253418,1.754145622253418,22
2021-04-29,1.754145622253418,1.754145622253418,1.754145622253418,1.754145622253418,30
2021-04-30,1.754145622253418,1.754145622253418,1.754145622253418,1.754145622253418,0
2021-05-03,1.7888898849487305,1.7888898849487305,1.7888898849487305,1.7888898849487305,45
2021-05-04,1.818785309791565,1.818785309791565,1.818785309791565,1.818785309791565,20
2021-05-05,1.9795751571655273,1.9795751571655273,1.9795751571655273,1.9795751571655273,49
2021-05-06,1.9795751571655273,1.9795751571655273,1.9795751571655273,1.9795751571655273,219
2021-05-07,1.9391759634017944,1.9391759634017944,1.9391759634017944,1.9391759634017944,283
2021-05-10,1.9391759634017944,1.9391759634017944,1.9391759634017944,1.9391759634017944,109
2021-05-11,1.9391759634017944,1.9391759634017944,1.9391759634017944,1.9391759634017944,50
2021-05-12,1.9391759634017944,1.9391759634017944,1.9391759634017944,1.9391759634017944,2
2021-05-13,1.9391759634017944,1.9391759634017944,1.9391759634017944,1.9391759634017944,0
2021-05-14,1.9391759634017944,1.9391759634017944,1.9391759634017944,1.9391759634017944,259
2021-05-17,1.9391759634017944,1.9391759634017944,1.9391759634017944,1.9391759634017944,0
2021-05-18,1.9391759634017944,1.9391759634017944,1.9391759634017944,1.9391759634017944,70
2021-05-19,2.30277156829834,2.30277156829834,2.30277156829834,2.30277156829834,183
2021-05-20,2.30277156829834,2.30277156829834,2.30277156829834,2.30277156829834,0
2021-05-21,2.2050044536590576,2.2050044536590576,2.2050044536590576,2.2050044536590576,19
2021-05-25,2.1403656005859375,2.1403656005859375,2.1403656005859375,2.1403656005859375,8
2021-05-26,2.1371331214904785,2.1371331214904785,2.1371331214904785,2.1371331214904785,48
2021-05-27,2.099966049194336,2.099966049194336,2.099966049194336,2.099966049194336,4
2021-05-28,2.0603747367858887,2.0603747367858887,2.0603747367858887,2.0603747367858887,43
2021-05-31,2.0482544898986816,2.0482544898986816,2.0482544898986816,2.0482544898986816,3
2021-06-01,2.019166946411133,2.019166946411133,2.019166946411133,2.019166946411133,19
2021-06-02,1.8139373064041138,1.8139373064041138,1.8139373064041138,1.8139373064041138,939
2021-06-03,1.8139373064041138,1.8139373064041138,1.8139373064041138,1.8139373064041138,7
2021-06-04,1.8947361707687378,1.8947361707687378,1.8947361707687378,1.8947361707687378,199
2021-06-07,2.1573333740234375,2.1573333740234375,2.1573333740234375,2.1573333740234375,4
2021-06-08,2.1573333740234375,2.1573333740234375,2.1573333740234375,2.1573333740234375,0
2021-06-09,2.1573333740234375,2.1573333740234375,2.1573333740234375,2.1573333740234375,2
2021-06-10,2.1573333740234375,2.1573333740234375,2.1573333740234375,2.1573333740234375,0
2021-06-11,2.15732479095459,2.15732479095459,2.15732479095459,2.15732479095459,225
2021-06-15,1.818785309791565,1.818785309791565,1.818785309791565,1.818785309791565,24
2021-06-16,1.818785309791565,1.818785309791565,1.818785309791565,1.818785309791565,0
2021-06-17,1.818785309791565,1.818785309791565,1.818785309791565,1.818785309791565,0
2021-06-18,1.8179775476455688,1.8179775476455688,1.8179775476455688,1.8179775476455688,88
2021-06-21,1.8179775476455688,1.8179775476455688,1.8179775476455688,1.8179775476455688,573
2021-06-22,1.8179775476455688,1.8179775476455688,1.8179775476455688,1.8179775476455688,464
2021-06-23,1.8179775476455688,1.8179775476455688,1.8179775476455688,1.8179775476455688,18138
2021-06-25,2.180764675140381,2.180764675140381,2.180764675140381,2.180764675140381,79
2021-06-29,2.180764675140381,2.180764675140381,2.180764675140381,2.180764675140381,1
2021-06-30,2.180764675140381,2.180764675140381,2.180764675140381,2.180764675140381,184
2021-07-01,2.4239699840545654,2.4239699840545654,2.4239699840545654,2.4239699840545654,2
2021-07-02,2.4239699840545654,2.4239699840545654,2.4239699840545654,2.4239699840545654,22
2021-07-06,2.4239699840545654,2.4239699840545654,2.4239699840545654,2.4239699840545654,0
2021-07-07,2.4239699840545654,2.4239699840545654,2.4239699840545654,2.4239699840545654,0
2021-07-08,1.9391759634017944,1.9391759634017944,1.9391759634017944,1.9391759634017944,892
2021-07-09,1.9472556114196777,1.9472556114196777,1.9472556114196777,1.9472556114196777,200
2021-07-12,1.947247862815857,1.947247862815857,1.947247862815857,1.947247862815857,80
2021-07-13,1.9391759634017944,1.9391759634017944,1.9391759634017944,1.9391759634017944,14
2021-07-14,1.9391759634017944,1.9391759634017944,1.9391759634017944,1.9391759634017944,2840
2021-07-15,2.099966049194336,2.099966049194336,2.099966049194336,2.099966049194336,4
2021-07-16,2.099966049194336,2.099966049194336,2.099966049194336,2.099966049194336,0
2021-07-19,2.099966049194336,2.099966049194336,2.099966049194336,2.099966049194336,1
2021-07-20,2.099966049194336,2.099966049194336,2.099966049194336,2.099966049194336,6
2021-07-21,2.099966049194336,2.099966049194336,2.099966049194336,2.099966049194336,0
2021-07-22,2.099966049194336,2.099966049194336,2.099966049194336,2.099966049194336,0
2021-07-23,2.150869369506836,2.150869369506836,2.150869369506836,2.150869369506836,36
2021-07-26,1.9472556114196777,1.9472556114196777,1.9472556114196777,1.9472556114196777,296
2021-07-27,1.9472556114196777,1.9472556114196777,1.9472556114196777,1.9472556114196777,78
2021-07-28,1.9391759634017944,1.9391759634017944,1.9391759634017944,1.9391759634017944,106
2021-07-29,1.9391759634017944,1.9391759634017944,1.9391759634017944,1.9391759634017944,0
2021-07-30,2.099966049194336,2.099966049194336,2.099966049194336,2.099966049194336,2
2021-08-02,2.099966049194336,2.099966049194336,2.099966049194336,2.099966049194336,13
2021-08-03,2.0983495712280273,2.0983495712280273,2.0983495712280273,2.0983495712280273,52
2021-08-04,2.0959253311157227,2.0959253311157227,2.0959253311157227,2.0959253311157227,84
2021-08-05,2.0959253311157227,2.0959253311157227,2.0959253311157227,2.0959253311157227,0
2021-08-06,2.0959253311157227,2.0959253311157227,2.0959253311157227,2.0959253311157227,0
2021-08-09,2.091886043548584,2.091886043548584,2.091886043548584,2.091886043548584,292
2021-08-10,2.0514864921569824,2.0514864921569824,2.0514864921569824,2.0514864921569824,193
2021-08-11,1.9391839504241943,1.9391839504241943,1.9391839504241943,1.9391839504241943,258
2021-08-12,1.9391759634017944,1.9391759634017944,1.9391759634017944,1.9391759634017944,20
2021-08-13,1.97553551197052,1.97553551197052,1.97553551197052,1.97553551197052,45
2021-08-16,1.97553551197052,1.97553551197052,1.97553551197052,1.97553551197052,0
2021-08-17,1.9795751571655273,1.9795751571655273,1.9795751571655273,1.9795751571655273,158
2021-08-18,1.9795751571655273,1.9795751571655273,1.9795751571655273,1.9795751571655273,0
2021-08-19,2.051478385925293,2.051478385925293,2.051478385925293,2.051478385925293,466
2021-08-20,2.036134719848633,2.036134719848633,2.036134719848633,2.036134719848633,482
2021-08-23,2.342362642288208,2.342362642288208,2.342362642288208,2.342362642288208,570
2021-08-24,2.342362642288208,2.342362642288208,2.342362642288208,2.342362642288208,121
2021-08-25,2.181572914123535,2.181572914123535,2.181572914123535,2.181572914123535,112
2021-08-26,2.181572914123535,2.181572914123535,2.181572914123535,2.181572914123535,13
2021-08-27,2.181572914123535,2.181572914123535,2.181572914123535,2.181572914123535,0
2021-08-30,2.181572914123535,2.181572914123535,2.181572914123535,2.181572914123535,0
2021-08-31,2.3706424236297607,2.3706424236297607,2.3706424236297607,2.3706424236297607,1
2021-09-01,2.3698339462280273,2.3698339462280273,2.3698339462280273,2.3698339462280273,8
2021-09-02,2.3698339462280273,2.3698339462280273,2.3698339462280273,2.3698339462280273,0
2021-09-03,2.3698339462280273,2.3698339462280273,2.3698339462280273,2.3698339462280273,160
2021-09-06,2.343170404434204,2.343170404434204,2.343170404434204,2.343170404434204,2
2021-09-07,2.181572914123535,2.181572914123535,2.181572914123535,2.181572914123535,2
2021-09-08,2.1710684299468994,2.1710684299468994,2.1710684299468994,2.1710684299468994,130
2021-09-09,2.019974708557129,2.019974708557129,2.019974708557129,2.019974708557129,1224
2021-09-10,1.9391759634017944,1.9391759634017944,1.9391759634017944,1.9391759634017944,333
2021-09-13,1.9391759634017944,1.9391759634017944,1.9391759634017944,1.9391759634017944,231
2021-09-14,1.9391759634017944,1.9391759634017944,1.9391759634017944,1.9391759634017944,7
2021-09-15,1.9391759634017944,1.9391759634017944,1.9391759634017944,1.9391759634017944,240
2021-09-16,1.9391759634017944,1.9391759634017944,1.9391759634017944,1.9391759634017944,117
2021-09-17,2.019974708557129,2.019974708557129,2.019974708557129,2.019974708557129,20
2021-09-20,2.019974708557129,2.019974708557129,2.019974708557129,2.019974708557129,12
2021-09-21,1.9391759634017944,1.9391759634017944,1.9391759634017944,1.9391759634017944,303
2021-09-22,1.9391759634017944,1.9391759634017944,1.9391759634017944,1.9391759634017944,13
2021-09-23,2.3270111083984375,2.3270111083984375,2.3270111083984375,2.3270111083984375,2364
2021-09-24,2.3270111083984375,2.3270111083984375,2.3270111083984375,2.3270111083984375,51
2021-09-27,2.13309383392334,2.13309383392334,2.13309383392334,2.13309383392334,2
2021-09-28,2.13309383392334,2.13309383392334,2.13309383392334,2.13309383392334,3
2021-09-29,2.036134719848633,2.036134719848633,2.036134719848633,2.036134719848633,335
2021-10-04,2.036134719848633,2.036134719848633,2.036134719848633,2.036134719848633,0
2021-10-05,2.036134719848633,2.036134719848633,2.036134719848633,2.036134719848633,0
2021-10-06,1.9391759634017944,1.9391759634017944,1.9391759634017944,1.9391759634017944,11
2021-10-07,1.9391759634017944,1.9391759634017944,1.9391759634017944,1.9391759634017944,0
2021-10-08,1.9391759634017944,1.9391759634017944,1.9391759634017944,1.9391759634017944,0
2021-10-11,2.3173155784606934,2.3173155784606934,2.3173155784606934,2.3173155784606934,10
2021-10-13,2.3173155784606934,2.3173155784606934,2.3173155784606934,2.3173155784606934,0
2021-10-14,2.3173155784606934,2.3173155784606934,2.3173155784606934,2.3173155784606934,0
2021-10-15,2.3173155784606934,2.3173155784606934,2.3173155784606934,2.3173155784606934,0
2021-10-18,2.3173155784606934,2.3173155784606934,2.3173155784606934,2.3173155784606934,1
2021-10-19,2.3173155784606934,2.3173155784606934,2.3173155784606934,2.3173155784606934,0
2021-10-20,1.9391759634017944,1.9391759634017944,1.9391759634017944,1.9391759634017944,3
2021-10-21,1.9391759634017944,1.9391759634017944,1.9391759634017944,1.9391759634017944,9
2021-10-22,1.9391759634017944,1.9391759634017944,1.9391759634017944,1.9391759634017944,9
2021-10-25,1.7452584505081177,1.7452584505081177,1.7452584505081177,1.7452584505081177,277
2021-10-26,1.8325213193893433,1.8325213193893433,1.8325213193893433,1.8325213193893433,75
2021-10-27,1.7937378883361816,1.7937378883361816,1.7937378883361816,1.7937378883361816,24
2021-10-28,1.842217206954956,1.842217206954956,1.842217206954956,1.842217206954956,283
2021-10-29,1.842217206954956,1.842217206954956,1.842217206954956,1.842217206954956,0
2021-11-02,1.842217206954956,1.842217206954956,1.842217206954956,1.842217206954956,71
2021-11-03,1.842217206954956,1.842217206954956,1.842217206954956,1.842217206954956,0
2021-11-04,1.842217206954956,1.842217206954956,1.842217206954956,1.842217206954956,3
2021-11-05,18.42217254638672,18.42217254638672,18.42217254638672,18.42217254638672,20
2021-11-08,1.842217206954956,1.842217206954956,1.842217206954956,1.842217206954956,200
2021-11-09,2.036134719848633,2.036134719848633,2.036134719848633,2.036134719848633,348
2021-11-10,2.036134719848633,2.036134719848633,2.036134719848633,2.036134719848633,0
2021-11-11,2.036134719848633,2.036134719848633,2.036134719848633,2.036134719848633,0
2021-11-12,1.842217206954956,1.842217206954956,1.842217206954956,1.842217206954956,428
2021-11-15,1.842217206954956,1.842217206954956,1.842217206954956,1.842217206954956,183
2021-11-16,1.842217206954956,1.842217206954956,1.842217206954956,1.842217206954956,0
2021-11-17,1.8325213193893433,1.8325213193893433,1.8325213193893433,1.8325213193893433,130
2021-11-18,1.7452584505081177,1.7452584505081177,1.7452584505081177,1.7452584505081177,271
2021-11-19,1.7452584505081177,1.7452584505081177,1.7452584505081177,1.7452584505081177,679
2021-11-23,1.7452584505081177,1.7452584505081177,1.7452584505081177,1.7452584505081177,15
2021-11-24,1.7452584505081177,1.7452584505081177,1.7452584505081177,1.7452584505081177,219
2021-11-25,1.7452584505081177,1.7452584505081177,1.7452584505081177,1.7452584505081177,201
2021-11-26,2.0846142768859863,2.0846142768859863,2.0846142768859863,2.0846142768859863,34
2021-11-29,2.414274215698242,2.414274215698242,2.414274215698242,2.414274215698242,13
2021-11-30,2.414274215698242,2.414274215698242,2.414274215698242,2.414274215698242,0
2021-12-01,2.40457820892334,2.40457820892334,2.40457820892334,2.40457820892334,304
2021-12-02,2.40457820892334,2.40457820892334,2.40457820892334,2.40457820892334,0
2021-12-03,2.3560991287231445,2.3560991287231445,2.3560991287231445,2.3560991287231445,3
2021-12-06,2.3560991287231445,2.3560991287231445,2.3560991287231445,2.3560991287231445,0
2021-12-07,2.3560991287231445,2.3560991287231445,2.3560991287231445,2.3560991287231445,0
2021-12-08,2.3560991287231445,2.3560991287231445,2.3560991287231445,2.3560991287231445,0
2021-12-09,2.3560991287231445,2.3560991287231445,2.3560991287231445,2.3560991287231445,0
2021-12-10,1.9391759634017944,1.9391759634017944,1.9391759634017944,1.9391759634017944,30
2021-12-14,1.842217206954956,1.842217206954956,1.842217206954956,1.842217206954956,12
2021-12-15,1.842217206954956,1.842217206954956,1.842217206954956,1.842217206954956,0
2021-12-16,1.842217206954956,1.842217206954956,1.842217206954956,1.842217206954956,15
2021-12-17,1.842217206954956,1.842217206954956,1.842217206954956,1.842217206954956,28
2021-12-20,1.842217206954956,1.842217206954956,1.842217206954956,1.842217206954956,102
2021-12-21,1.842217206954956,1.842217206954956,1.842217206954956,1.842217206954956,0
2021-12-22,1.842217206954956,1.842217206954956,1.842217206954956,1.842217206954956,0
2021-12-23,1.842217206954956,1.842217206954956,1.842217206954956,1.842217206954956,2
2021-12-27,1.842217206954956,1.842217206954956,1.842217206954956,1.842217206954956,100
2021-12-28,1.842217206954956,1.842217206954956,1.842217206954956,1.842217206954956,884
2021-12-29,1.842217206954956,1.842217206954956,1.842217206954956,1.842217206954956,0
2021-12-30,1.9391759634017944,1.9391759634017944,1.9391759634017944,1.9391759634017944,8
2022-01-03,1.9391759634017944,1.9391759634017944,1.9391759634017944,1.9391759634017944,0
2022-01-04,1.9391759634017944,1.9391759634017944,1.9391759634017944,1.9391759634017944,0
2022-01-05,1.9391759634017944,1.9391759634017944,1.9391759634017944,1.9391759634017944,10
2022-01-06,1.9391759634017944,1.9391759634017944,1.9391759634017944,1.9391759634017944,40
2022-01-07,1.9391759634017944,1.9391759634017944,1.9391759634017944,1.9391759634017944,0
2022-01-11,1.9391759634017944,1.9391759634017944,1.9391759634017944,1.9391759634017944,0
2022-01-12,1.9391759634017944,1.9391759634017944,1.9391759634017944,1.9391759634017944,0
2022-01-13,1.9391759634017944,1.9391759634017944,1.9391759634017944,1.9391759634017944,0
2022-01-14,2.3173155784606934,2.3173155784606934,2.3173155784606934,2.3173155784606934,5
2022-01-18,2.3173155784606934,2.3173155784606934,2.3173155784606934,2.3173155784606934,0
2022-01-19,2.3173155784606934,2.3173155784606934,2.3173155784606934,2.3173155784606934,0
2022-01-20,2.3173155784606934,2.3173155784606934,2.3173155784606934,2.3173155784606934,0
2022-01-21,2.3173155784606934,2.3173155784606934,2.3173155784606934,2.3173155784606934,0
2022-01-24,2.3173155784606934,2.3173155784606934,2.3173155784606934,2.3173155784606934,0
2022-01-25,2.278531789779663,2.278531789779663,2.278531789779663,2.278531789779663,100
2022-01-26,2.2203567028045654,2.2203567028045654,2.2203567028045654,2.2203567028045654,140
2022-01-27,2.2203567028045654,2.2203567028045654,2.2203567028045654,2.2203567028045654,0
2022-01-28,2.2203567028045654,2.2203567028045654,2.2203567028045654,2.2203567028045654,2
2022-01-31,1.9391759634017944,1.9391759634017944,1.9391759634017944,1.9391759634017944,275
2022-02-01,1.9391759634017944,1.9391759634017944,1.9391759634017944,1.9391759634017944,100
2022-02-02,1.9391759634017944,1.9391759634017944,1.9391759634017944,1.9391759634017944,0
2022-02-03,1.9391759634017944,1.9391759634017944,1.9391759634017944,1.9391759634017944,48
2022-02-04,1.9391759634017944,1.9391759634017944,1.9391759634017944,1.9391759634017944,11
2022-02-07,1.9391759634017944,1.9391759634017944,1.9391759634017944,1.9391759634017944,0
2022-02-08,2.0846142768859863,2.0846142768859863,2.0846142768859863,2.0846142768859863,17
2022-02-09,2.4239699840545654,2.4239699840545654,2.4239699840545654,2.4239699840545654,22
2022-02-10,2.4239699840545654,2.4239699840545654,2.4239699840545654,2.4239699840545654,0
2022-02-11,2.4239699840545654,2.4239699840545654,2.4239699840545654,2.4239699840545654,0
2022-02-14,2.4239699840545654,2.4239699840545654,2.4239699840545654,2.4239699840545654,0
2022-02-15,2.4239699840545654,2.4239699840545654,2.4239699840545654,2.4239699840545654,0
2022-02-16,2.4239699840545654,2.4239699840545654,2.4239699840545654,2.4239699840545654,0
2022-02-17,2.1137020587921143,2.1137020587921143,2.1137020587921143,2.1137020587921143,406
2022-02-18,2.1137020587921143,2.1137020587921143,2.1137020587921143,2.1137020587921143,0
2022-02-21,2.1137020587921143,2.1137020587921143,2.1137020587921143,2.1137020587921143,15
2022-02-22,2.1137020587921143,2.1137020587921143,2.1137020587921143,2.1137020587921143,0
2022-02-23,2.1137020587921143,2.1137020587921143,2.1137020587921143,2.1137020587921143,0
2022-02-24,2.1137020587921143,2.1137020587921143,2.1137020587921143,2.1137020587921143,0
2022-02-25,1.842217206954956,1.842217206954956,1.842217206954956,1.842217206954956,100
2022-03-02,1.842217206954956,1.842217206954956,1.842217206954956,1.842217206954956,0
2022-03-03,1.842217206954956,1.842217206954956,1.842217206954956,1.842217206954956,0
2022-03-04,1.9391759634017944,1.9391759634017944,1.9391759634017944,1.9391759634017944,180
2022-03-07,2.036134719848633,2.036134719848633,2.036134719848633,2.036134719848633,355
2022-03-08,2.036134719848633,2.036134719848633,2.036134719848633,2.036134719848633,10
2022-03-09,1.9391759634017944,1.9391759634017944,1.9391759634017944,1.9391759634017944,12
2022-03-10,1.9391759634017944,1.9391759634017944,1.9391759634017944,1.9391759634017944,34
2022-03-11,2.036134719848633,2.036134719848633,2.036134719848633,2.036134719848633,10
2022-03-14,2.036134719848633,2.036134719848633,2.036134719848633,2.036134719848633,0
2022-03-15,2.036134719848633,2.036134719848633,2.036134719848633,2.036134719848633,10
2022-03-16,2.036134719848633,2.036134719848633,2.036134719848633,2.036134719848633,0
2022-03-17,2.036134719848633,2.036134719848633,2.036134719848633,2.036134719848633,0
2022-03-18,2.036134719848633,2.036134719848633,2.036134719848633,2.036134719848633,9
2022-03-21,2.036134719848633,2.036134719848633,2.036134719848633,2.036134719848633,8
2022-03-22,2.036134719848633,2.036134719848633,2.036134719848633,2.036134719848633,62
2022-03-23,2.036134719848633,2.036134719848633,2.036134719848633,2.036134719848633,0
2022-03-24,2.036134719848633,2.036134719848633,2.036134719848633,2.036134719848633,0
2022-03-25,2.036134719848633,2.036134719848633,2.036134719848633,2.036134719848633,0
2022-03-28,2.036134719848633,2.036134719848633,2.036134719848633,2.036134719848633,0
2022-03-29,2.036134719848633,2.036134719848633,2.036134719848633,2.036134719848633,0
2022-03-30,2.036134719848633,2.036134719848633,2.036134719848633,2.036134719848633,0
2022-03-31,2.036134719848633,2.036134719848633,2.036134719848633,2.036134719848633,0
2022-04-01,2.036134719848633,2.036134719848633,2.036134719848633,2.036134719848633,849
2022-04-04,2.036134719848633,2.036134719848633,2.036134719848633,2.036134719848633,0
2022-04-05,2.036134719848633,2.036134719848633,2.036134719848633,2.036134719848633,0
2022-04-06,2.036134719848633,2.036134719848633,2.036134719848633,2.036134719848633,0
2022-04-07,2.036134719848633,2.036134719848633,2.036134719848633,2.036134719848633,0
2022-04-08,2.3270111083984375,2.3270111083984375,2.3270111083984375,2.3270111083984375,20
2022-04-11,2.3270111083984375,2.3270111083984375,2.3270111083984375,2.3270111083984375,300
2022-04-12,2.3270111083984375,2.3270111083984375,2.3270111083984375,2.3270111083984375,0
2022-04-13,2.3270111083984375,2.3270111083984375,2.3270111083984375,2.3270111083984375,33
2022-04-18,2.3270111083984375,2.3270111083984375,2.3270111083984375,2.3270111083984375,0
2022-04-20,2.3270111083984375,2.3270111083984375,2.3270111083984375,2.3270111083984375,0
2022-04-21,2.074918508529663,2.074918508529663,2.074918508529663,2.074918508529663,35
2022-04-22,2.13309383392334,2.13309383392334,2.13309383392334,2.13309383392334,115
2022-04-25,2.13309383392334,2.13309383392334,2.13309383392334,2.13309383392334,0
2022-04-26,2.13309383392334,2.13309383392334,2.13309383392334,2.13309383392334,1
2022-04-27,2.142789602279663,2.142789602279663,2.142789602279663,2.142789602279663,116
2022-04-28,2.142789602279663,2.142789602279663,2.142789602279663,2.142789602279663,0
2022-04-29,2.181572914123535,2.181572914123535,2.181572914123535,2.181572914123535,69
2022-05-02,2.181572914123535,2.181572914123535,2.181572914123535,2.181572914123535,0
2022-05-03,2.181572914123535,2.181572914123535,2.181572914123535,2.181572914123535,0
2022-05-04,2.181572914123535,2.181572914123535,2.181572914123535,2.181572914123535,2560
2022-05-05,2.278531789779663,2.278531789779663,2.278531789779663,2.278531789779663,4
2022-05-06,2.278531789779663,2.278531789779663,2.278531789779663,2.278531789779663,7
2022-05-09,2.278531789779663,2.278531789779663,2.278531789779663,2.278531789779663,815
2022-05-10,2.278531789779663,2.278531789779663,2.278531789779663,2.278531789779663,150
2022-05-11,2.6663668155670166,2.6663668155670166,2.6663668155670166,2.6663668155670166,10
2022-05-12,2.6663668155670166,2.6663668155670166,2.6663668155670166,2.6663668155670166,10
2022-05-13,2.6566712856292725,2.6566712856292725,2.6566712856292725,2.6566712856292725,10
2022-05-16,2.8893723487854004,2.8893723487854004,2.8893723487854004,2.8893723487854004,8
2022-05-17,2.8893723487854004,2.8893723487854004,2.8893723487854004,2.8893723487854004,0
2022-05-18,2.8893723487854004,2.8893723487854004,2.8893723487854004,2.8893723487854004,169
2022-05-19,2.908764362335205,2.908764362335205,2.908764362335205,2.908764362335205,4
2022-05-20,2.908764362335205,2.908764362335205,2.908764362335205,2.908764362335205,0
2022-05-23,2.908764362335205,2.908764362335205,2.908764362335205,2.908764362335205,12
2022-05-24,2.811805486679077,2.811805486679077,2.811805486679077,2.811805486679077,13
2022-05-25,2.811805486679077,2.811805486679077,2.811805486679077,2.811805486679077,0
2022-05-26,2.811805486679077,2.811805486679077,2.811805486679077,2.811805486679077,0
2022-05-27,2.811805486679077,2.811805486679077,2.811805486679077,2.811805486679077,0
2022-05-31,2.811805486679077,2.811805486679077,2.811805486679077,2.811805486679077,0
2022-06-01,2.8990681171417236,2.8990681171417236,2.8990681171417236,2.8990681171417236,7
2022-06-02,2.8990681171417236,2.8990681171417236,2.8990681171417236,2.8990681171417236,282
2022-06-03,2.85058856010437,2.85058856010437,2.85058856010437,2.85058856010437,53
2022-06-06,2.85058856010437,2.85058856010437,2.85058856010437,2.85058856010437,27
2022-06-07,2.85058856010437,2.85058856010437,2.85058856010437,2.85058856010437,5
2022-06-08,2.85058856010437,2.85058856010437,2.85058856010437,2.85058856010437,2
2022-06-09,2.85058856010437,2.85058856010437,2.85058856010437,2.85058856010437,335
2022-06-10,2.85058856010437,2.85058856010437,2.85058856010437,2.85058856010437,0
2022-06-14,2.85058856010437,2.85058856010437,2.85058856010437,2.85058856010437,0
2022-06-15,2.85058856010437,2.85058856010437,2.85058856010437,2.85058856010437,0
2022-06-16,2.840893030166626,2.840893030166626,2.840893030166626,2.840893030166626,548
2022-06-17,2.840893030166626,2.840893030166626,2.840893030166626,2.840893030166626,792
2022-06-21,3.005722999572754,3.005722999572754,3.005722999572754,3.005722999572754,1037
2022-06-22,3.005722999572754,3.005722999572754,3.005722999572754,3.005722999572754,94
2022-06-23,3.005722999572754,3.005722999572754,3.005722999572754,3.005722999572754,0
2022-06-27,3.005722999572754,3.005722999572754,3.005722999572754,3.005722999572754,0
2022-06-28,3.1899445056915283,3.1899445056915283,3.1899445056915283,3.1899445056915283,3
2022-06-29,3.1899445056915283,3.1899445056915283,3.1899445056915283,3.1899445056915283,0
2022-06-30,2.5597126483917236,2.5597126483917236,2.5597126483917236,2.5597126483917236,2
2022-07-01,2.5500168800354004,2.5500168800354004,2.5500168800354004,2.5500168800354004,30
2022-07-06,2.5500168800354004,2.5500168800354004,2.5500168800354004,2.5500168800354004,0
2022-07-07,2.5500168800354004,2.5500168800354004,2.5500168800354004,2.5500168800354004,0
2022-07-08,2.5500168800354004,2.5500168800354004,2.5500168800354004,2.5500168800354004,0
2022-07-11,2.57910418510437,2.57910418510437,2.57910418510437,2.57910418510437,80
2022-07-12,3.0929858684539795,3.0929858684539795,3.0929858684539795,3.0929858684539795,171
2022-07-13,3.0929858684539795,3.0929858684539795,3.0929858684539795,3.0929858684539795,0
2022-07-14,3.0929858684539795,3.0929858684539795,3.0929858684539795,3.0929858684539795,0
2022-07-15,3.1996402740478516,3.1996402740478516,3.1996402740478516,3.1996402740478516,107
2022-07-18,3.674738645553589,3.674738645553589,3.674738645553589,3.674738645553589,97
2022-07-19,3.674738645553589,3.674738645553589,3.674738645553589,3.674738645553589,2
2022-07-20,3.5389962196350098,3.5389962196350098,3.5389962196350098,3.5389962196350098,147
2022-07-21,3.5389962196350098,3.5389962196350098,3.5389962196350098,3.5389962196350098,140
2022-07-22,3.5389962196350098,3.5389962196350098,3.5389962196350098,3.5389962196350098,0
2022-07-25,3.2965993881225586,3.2965993881225586,3.2965993881225586,3.2965993881225586,98
2022-07-26,3.2965993881225586,3.2965993881225586,3.2965993881225586,3.2965993881225586,0
2022-07-27,2.9184601306915283,2.9184601306915283,2.9184601306915283,2.9184601306915283,4
2022-07-28,2.9184601306915283,2.9184601306915283,2.9184601306915283,2.9184601306915283,0
2022-07-29,2.9184601306915283,2.9184601306915283,2.9184601306915283,2.9184601306915283,8
2022-08-01,3.005722999572754,3.005722999572754,3.005722999572754,3.005722999572754,2
2022-08-02,3.005722999572754,3.005722999572754,3.005722999572754,3.005722999572754,0
2022-08-03,3.005722999572754,3.005722999572754,3.005722999572754,3.005722999572754,7
2022-08-04,3.0638985633850098,3.0638985633850098,3.0638985633850098,3.0638985633850098,41
2022-08-05,3.1026816368103027,3.1026816368103027,3.1026816368103027,3.1026816368103027,309
2022-08-08,3.1026816368103027,3.1026816368103027,3.1026816368103027,3.1026816368103027,0
2022-08-09,3.1026816368103027,3.1026816368103027,3.1026816368103027,3.1026816368103027,0
2022-08-10,3.1026816368103027,3.1026816368103027,3.1026816368103027,3.1026816368103027,0
2022-08-11,3.1026816368103027,3.1026816368103027,3.1026816368103027,3.1026816368103027,2652
2022-08-12,3.1026816368103027,3.1026816368103027,3.1026816368103027,3.1026816368103027,0
2022-08-16,3.1026816368103027,3.1026816368103027,3.1026816368103027,3.1026816368103027,0
2022-08-17,3.1026816368103027,3.1026816368103027,3.1026816368103027,3.1026816368103027,3
2022-08-18,3.1026816368103027,3.1026816368103027,3.1026816368103027,3.1026816368103027,19
2022-08-19,3.1026816368103027,3.1026816368103027,3.1026816368103027,3.1026816368103027,14
2022-08-22,3.1026816368103027,3.1026816368103027,3.1026816368103027,3.1026816368103027,0
2022-08-23,3.1026816368103027,3.1026816368103027,3.1026816368103027,3.1026816368103027,208
2022-08-24,3.1026816368103027,3.1026816368103027,3.1026816368103027,3.1026816368103027,583
2022-08-25,3.1511611938476562,3.1511611938476562,3.1511611938476562,3.1511611938476562,398
2022-08-26,3.1511611938476562,3.1511611938476562,3.1511611938476562,3.1511611938476562,0
2022-08-29,3.1996402740478516,3.1996402740478516,3.1996402740478516,3.1996402740478516,27
2022-08-30,3.1996402740478516,3.1996402740478516,3.1996402740478516,3.1996402740478516,0
2022-08-31,3.5389962196350098,3.5389962196350098,3.5389962196350098,3.5389962196350098,6
2022-09-01,3.5680840015411377,3.5680840015411377,3.5680840015411377,3.5680840015411377,480
2022-09-02,3.684434413909912,3.684434413909912,3.684434413909912,3.684434413909912,32
2022-09-05,3.7329137325286865,3.7329137325286865,3.7329137325286865,3.7329137325286865,350
2022-09-06,3.7329137325286865,3.7329137325286865,3.7329137325286865,3.7329137325286865,100
2022-09-07,3.7329137325286865,3.7329137325286865,3.7329137325286865,3.7329137325286865,18
2022-09-08,3.878351926803589,3.878351926803589,3.878351926803589,3.878351926803589,25
2022-09-09,3.878351926803589,3.878351926803589,3.878351926803589,3.878351926803589,0
2022-09-12,3.878351926803589,3.878351926803589,3.878351926803589,3.878351926803589,10
2022-09-13,3.878351926803589,3.878351926803589,3.878351926803589,3.878351926803589,0
2022-09-14,3.878351926803589,3.878351926803589,3.878351926803589,3.878351926803589,0
2022-09-15,3.878351926803589,3.878351926803589,3.878351926803589,3.878351926803589,0
2022-09-16,3.878351926803589,3.878351926803589,3.878351926803589,3.878351926803589,22
2022-09-19,3.878351926803589,3.878351926803589,3.878351926803589,3.878351926803589,0
2022-09-20,3.975311279296875,3.975311279296875,3.975311279296875,3.975311279296875,4
2022-09-21,3.975311279296875,3.975311279296875,3.975311279296875,3.975311279296875,20
2022-09-22,4.072269439697266,4.072269439697266,4.072269439697266,4.072269439697266,18
2022-09-23,4.072269439697266,4.072269439697266,4.072269439697266,4.072269439697266,0
2022-09-26,4.072269439697266,4.072269439697266,4.072269439697266,4.072269439697266,0
2022-09-27,4.072269439697266,4.072269439697266,4.072269439697266,4.072269439697266,0
2022-09-28,4.072269439697266,4.072269439697266,4.072269439697266,4.072269439697266,2560
2022-09-29,4.7412848472595215,4.7412848472595215,4.7412848472595215,4.7412848472595215,1
2022-09-30,4.702502250671387,4.702502250671387,4.702502250671387,4.702502250671387,1
2022-10-03,4.702502250671387,4.702502250671387,4.702502250671387,4.702502250671387,4
2022-10-04,4.702502250671387,4.702502250671387,4.702502250671387,4.702502250671387,0
2022-10-05,4.702502250671387,4.702502250671387,4.702502250671387,4.702502250671387,0
2022-10-06,3.878351926803589,3.878351926803589,3.878351926803589,3.878351926803589,80
2022-10-07,3.878351926803589,3.878351926803589,3.878351926803589,3.878351926803589,0
2022-10-10,3.878351926803589,3.878351926803589,3.878351926803589,3.878351926803589,0
2022-10-11,3.878351926803589,3.878351926803589,3.878351926803589,3.878351926803589,365
2022-10-13,3.878351926803589,3.878351926803589,3.878351926803589,3.878351926803589,0
2022-10-14,3.878351926803589,3.878351926803589,3.878351926803589,3.878351926803589,460
2022-10-17,3.878351926803589,3.878351926803589,3.878351926803589,3.878351926803589,0
2022-10-18,3.878351926803589,3.878351926803589,3.878351926803589,3.878351926803589,16
2022-10-19,3.878351926803589,3.878351926803589,3.878351926803589,3.878351926803589,0
2022-10-20,3.878351926803589,3.878351926803589,3.878351926803589,3.878351926803589,0
2022-10-21,3.878351926803589,3.878351926803589,3.878351926803589,3.878351926803589,0
2022-10-25,4.634631156921387,4.634631156921387,4.634631156921387,4.634631156921387,20
2022-10-26,4.634631156921387,4.634631156921387,4.634631156921387,4.634631156921387,0
2022-10-27,4.634631156921387,4.634631156921387,4.634631156921387,4.634631156921387,0
2022-10-28,4.36314582824707,4.36314582824707,4.36314582824707,4.36314582824707,166
2022-11-01,3.975311279296875,3.975311279296875,3.975311279296875,3.975311279296875,31
2022-11-02,3.975311279296875,3.975311279296875,3.975311279296875,3.975311279296875,0
2022-11-03,3.975311279296875,3.975311279296875,3.975311279296875,3.975311279296875,351
2022-11-04,3.975311279296875,3.975311279296875,3.975311279296875,3.975311279296875,0
2022-11-07,3.975311279296875,3.975311279296875,3.975311279296875,3.975311279296875,0
2022-11-08,3.975311279296875,3.975311279296875,3.975311279296875,3.975311279296875,0
2022-11-09,3.975311279296875,3.975311279296875,3.975311279296875,3.975311279296875,0
2022-11-10,3.975311279296875,3.975311279296875,3.975311279296875,3.975311279296875,2585
2022-11-11,3.975311279296875,3.975311279296875,3.975311279296875,3.975311279296875,0
2022-11-14,3.975311279296875,3.975311279296875,3.975311279296875,3.975311279296875,0
2022-11-15,4.750981330871582,4.750981330871582,4.750981330871582,4.750981330871582,355
2022-11-16,4.750981330871582,4.750981330871582,4.750981330871582,4.750981330871582,30
2022-11-17,4.750981330871582,4.750981330871582,4.750981330871582,4.750981330871582,0
2022-11-18,4.760676860809326,4.760676860809326,4.760676860809326,4.760676860809326,24
2022-11-22,4.760676860809326,4.760676860809326,4.760676860809326,4.760676860809326,0
2022-11-23,5.623610973358154,5.623610973358154,5.623610973358154,5.623610973358154,1
2022-11-24,5.623610973358154,5.623610973358154,5.623610973358154,5.623610973358154,0
2022-11-25,5.623610973358154,5.623610973358154,5.623610973358154,5.623610973358154,0
2022-11-28,6.3023223876953125,6.3023223876953125,6.3023223876953125,6.3023223876953125,14
2022-11-29,6.3023223876953125,6.3023223876953125,6.3023223876953125,6.3023223876953125,0
2022-11-30,6.3023223876953125,6.3023223876953125,6.3023223876953125,6.3023223876953125,0
2022-12-01,6.3023223876953125,6.3023223876953125,6.3023223876953125,6.3023223876953125,0
2022-12-02,6.3023223876953125,6.3023223876953125,6.3023223876953125,6.3023223876953125,0
2022-12-05,6.3023223876953125,6.3023223876953125,6.3023223876953125,6.3023223876953125,0
2022-12-06,6.3023223876953125,6.3023223876953125,6.3023223876953125,6.3023223876953125,10
2022-12-07,6.3023223876953125,6.3023223876953125,6.3023223876953125,6.3023223876953125,0
2022-12-08,6.3023223876953125,6.3023223876953125,6.3023223876953125,6.3023223876953125,2560
2022-12-09,6.3023223876953125,6.3023223876953125,6.3023223876953125,6.3023223876953125,44
2022-12-13,5.051553726196289,5.051553726196289,5.051553726196289,5.051553726196289,232
2022-12-14,5.09033727645874,5.09033727645874,5.09033727645874,5.09033727645874,1
2022-12-15,5.81752872467041,5.81752872467041,5.81752872467041,5.81752872467041,131
2022-12-16,5.81752872467041,5.81752872467041,5.81752872467041,5.81752872467041,98
2022-12-19,5.81752872467041,5.81752872467041,5.81752872467041,5.81752872467041,10
2022-12-20,5.81752872467041,5.81752872467041,5.81752872467041,5.81752872467041,60
2022-12-21,5.81752872467041,5.81752872467041,5.81752872467041,5.81752872467041,2
2022-12-22,5.81752872467041,5.81752872467041,5.81752872467041,5.81752872467041,0
2022-12-23,5.81752872467041,5.81752872467041,5.81752872467041,5.81752872467041,18
2022-12-26,5.81752872467041,5.81752872467041,5.81752872467041,5.81752872467041,0
2022-12-27,5.81752872467041,5.81752872467041,5.81752872467041,5.81752872467041,1
2022-12-28,5.81752872467041,5.81752872467041,5.81752872467041,5.81752872467041,0
2022-12-29,5.81752872467041,5.81752872467041,5.81752872467041,5.81752872467041,0
2022-12-30,6.544719696044922,6.544719696044922,6.544719696044922,6.544719696044922,140
2023-01-02,6.544719696044922,6.544719696044922,6.544719696044922,6.544719696044922,0
2023-01-03,6.49623966217041,6.49623966217041,6.49623966217041,6.49623966217041,745
2023-01-04,6.49623966217041,6.49623966217041,6.49623966217041,6.49623966217041,0
2023-01-05,6.49623966217041,6.49623966217041,6.49623966217041,6.49623966217041,0
2023-01-06,6.49623966217041,6.49623966217041,6.49623966217041,6.49623966217041,0
2023-01-10,6.49623966217041,6.49623966217041,6.49623966217041,6.49623966217041,0
2023-01-11,6.49623966217041,6.49623966217041,6.49623966217041,6.49623966217041,20
2023-01-12,5.81752872467041,5.81752872467041,5.81752872467041,5.81752872467041,54
2023-01-13,5.81752872467041,5.81752872467041,5.81752872467041,5.81752872467041,31
2023-01-16,6.486543655395508,6.486543655395508,6.486543655395508,6.486543655395508,208
2023-01-17,6.486543655395508,6.486543655395508,6.486543655395508,6.486543655395508,70
2023-01-18,6.486543655395508,6.486543655395508,6.486543655395508,6.486543655395508,2
2023-01-19,6.486543655395508,6.486543655395508,6.486543655395508,6.486543655395508,58
2023-01-20,6.389585494995117,6.389585494995117,6.389585494995117,6.389585494995117,15
2023-01-23,6.389585494995117,6.389585494995117,6.389585494995117,6.389585494995117,0
2023-01-24,6.379889011383057,6.379889011383057,6.379889011383057,6.379889011383057,15
2023-01-25,6.379889011383057,6.379889011383057,6.379889011383057,6.379889011383057,0
2023-01-26,6.379889011383057,6.379889011383057,6.379889011383057,6.379889011383057,53
2023-01-27,6.379889011383057,6.379889011383057,6.379889011383057,6.379889011383057,337
2023-01-30,6.379889011383057,6.379889011383057,6.379889011383057,6.379889011383057,127
2023-01-31,6.379889011383057,6.379889011383057,6.379889011383057,6.379889011383057,86
2023-02-01,6.379889011383057,6.379889011383057,6.379889011383057,6.379889011383057,5
2023-02-02,6.593198776245117,6.593198776245117,6.593198776245117,6.593198776245117,414
2023-02-03,6.593198776245117,6.593198776245117,6.593198776245117,6.593198776245117,0
2023-02-06,6.593198776245117,6.593198776245117,6.593198776245117,6.593198776245117,1200
2023-02-07,6.593198776245117,6.593198776245117,6.593198776245117,6.593198776245117,0
2023-02-08,6.593198776245117,6.593198776245117,6.593198776245117,6.593198776245117,50
2023-02-09,6.593198776245117,6.593198776245117,6.593198776245117,6.593198776245117,854
2023-02-10,6.593198776245117,6.593198776245117,6.593198776245117,6.593198776245117,0
2023-02-13,6.593198776245117,6.593198776245117,6.593198776245117,6.593198776245117,0
2023-02-14,6.593198776245117,6.593198776245117,6.593198776245117,6.593198776245117,0
2023-02-15,7.911838531494141,7.911838531494141,7.911838531494141,7.911838531494141,496
2023-02-16,7.911838531494141,7.911838531494141,7.911838531494141,7.911838531494141,0
2023-02-17,8.716595649719238,8.716595649719238,8.716595649719238,8.716595649719238,3
2023-02-22,8.706900596618652,8.706900596618652,8.706900596618652,8.706900596618652,18
2023-02-23,8.677812576293945,8.677812576293945,8.677812576293945,8.677812576293945,15
2023-02-24,8.677812576293945,8.677812576293945,8.677812576293945,8.677812576293945,4
2023-02-27,8.677812576293945,8.677812576293945,8.677812576293945,8.677812576293945,13
2023-02-28,8.677812576293945,8.677812576293945,8.677812576293945,8.677812576293945,1
2023-03-01,8.72629165649414,8.72629165649414,8.72629165649414,8.72629165649414,40
2023-03-02,8.72629165649414,8.72629165649414,8.72629165649414,8.72629165649414,0
2023-03-03,8.716595649719238,8.716595649719238,8.716595649719238,8.716595649719238,14
2023-03-06,8.716595649719238,8.716595649719238,8.716595649719238,8.716595649719238,3
2023-03-07,8.716595649719238,8.716595649719238,8.716595649719238,8.716595649719238,1
2023-03-08,8.716595649719238,8.716595649719238,8.716595649719238,8.716595649719238,0
2023-03-09,8.716595649719238,8.716595649719238,8.716595649719238,8.716595649719238,2958
2023-03-10,8.706900596618652,8.706900596618652,8.706900596618652,8.706900596618652,1
2023-03-13,8.706900596618652,8.706900596618652,8.706900596618652,8.706900596618652,21
2023-03-14,8.706900596618652,8.706900596618652,8.706900596618652,8.706900596618652,574
2023-03-15,8.706900596618652,8.706900596618652,8.706900596618652,8.706900596618652,0
2023-03-16,8.847694396972656,8.847694396972656,8.847694396972656,8.847694396972656,0
2023-03-17,8.660494804382324,8.660494804382324,8.660494804382324,8.660494804382324,38
2023-03-20,8.83784294128418,8.83784294128418,8.83784294128418,8.83784294128418,15
2023-03-21,8.83784294128418,8.83784294128418,8.83784294128418,8.83784294128418,570
2023-03-22,8.83784294128418,8.83784294128418,8.83784294128418,8.83784294128418,0
2023-03-23,8.808282852172852,8.808282852172852,8.808282852172852,8.808282852172852,7
2023-03-24,8.808282852172852,8.808282852172852,8.808282852172852,8.808282852172852,0
2023-03-27,8.808282852172852,8.808282852172852,8.808282852172852,8.808282852172852,10
2023-03-28,8.374767303466797,8.374767303466797,8.374767303466797,8.374767303466797,217
2023-03-29,8.374767303466797,8.374767303466797,8.374767303466797,8.374767303466797,0
2023-03-30,8.364913940429688,8.364913940429688,8.364913940429688,8.364913940429688,15
2023-03-31,7.891986846923828,7.891986846923828,7.891986846923828,7.891986846923828,145
2023-04-03,7.980661392211914,7.980661392211914,7.980661392211914,7.980661392211914,16
2023-04-04,8.069334030151367,8.069334030151367,8.069334030151367,8.069334030151367,50
2023-04-05,8.069334030151367,8.069334030151367,8.069334030151367,8.069334030151367,0
2023-04-10,8.069334030151367,8.069334030151367,8.069334030151367,8.069334030151367,23
2023-04-11,7.901839733123779,7.901839733123779,7.901839733123779,7.901839733123779,1912
2023-04-12,7.882133483886719,7.882133483886719,7.882133483886719,7.882133483886719,1581
2023-04-13,7.882133483886719,7.882133483886719,7.882133483886719,7.882133483886719,0
2023-04-14,7.882133483886719,7.882133483886719,7.882133483886719,7.882133483886719,0
2023-04-17,7.882133483886719,7.882133483886719,7.882133483886719,7.882133483886719,25
2023-04-18,7.882133483886719,7.882133483886719,7.882133483886719,7.882133483886719,90
2023-04-20,7.882133483886719,7.882133483886719,7.882133483886719,7.882133483886719,0
2023-04-21,7.882133483886719,7.882133483886719,7.882133483886719,7.882133483886719,0
2023-04-24,8.010217666625977,8.010217666625977,8.010217666625977,8.010217666625977,37
2023-04-25,9.448707580566406,9.448707580566406,9.448707580566406,9.448707580566406,24
2023-04-26,8.85754680633545,8.85754680633545,8.85754680633545,8.85754680633545,75
2023-04-27,8.85754680633545,8.85754680633545,8.85754680633545,8.85754680633545,0
2023-04-28,8.85754680633545,8.85754680633545,8.85754680633545,8.85754680633545,2
2023-05-02,8.85754680633545,8.85754680633545,8.85754680633545,8.85754680633545,3
2023-05-03,9.852666854858398,9.852666854858398,9.852666854858398,9.852666854858398,42
2023-05-04,9.852666854858398,9.852666854858398,9.852666854858398,9.852666854858398,0
2023-05-05,10.493090629577637,10.493090629577637,10.493090629577637,10.493090629577637,4
2023-05-08,10.493090629577637,10.493090629577637,10.493090629577637,10.493090629577637,0
2023-05-09,10.493090629577637,10.493090629577637,10.493090629577637,10.493090629577637,0
2023-05-10,10.493090629577637,10.493090629577637,10.493090629577637,10.493090629577637,0
2023-05-11,11.527620315551758,11.527620315551758,11.527620315551758,11.527620315551758,64
2023-05-12,11.330568313598633,11.330568313598633,11.330568313598633,11.330568313598633,428
2023-05-15,11.320713996887207,11.320713996887207,11.320713996887207,11.320713996887207,39
2023-05-16,9.75413990020752,9.75413990020752,9.75413990020752,9.75413990020752,220
2023-05-17,9.75413990020752,9.75413990020752,9.75413990020752,9.75413990020752,138
2023-05-18,9.734435081481934,9.734435081481934,9.734435081481934,9.734435081481934,38
2023-05-19,9.744287490844727,9.744287490844727,9.744287490844727,9.744287490844727,927
2023-05-23,9.744287490844727,9.744287490844727,9.744287490844727,9.744287490844727,0
2023-05-24,9.744287490844727,9.744287490844727,9.744287490844727,9.744287490844727,0
2023-05-25,10.828080177307129,10.828080177307129,10.828080177307129,10.828080177307129,9
2023-05-26,10.335447311401367,10.335447311401367,10.335447311401367,10.335447311401367,12
2023-05-29,9.852666854858398,9.852666854858398,9.852666854858398,9.852666854858398,512
2023-05-30,9.803403854370117,9.803403854370117,9.803403854370117,9.803403854370117,13
2023-05-31,9.803403854370117,9.803403854370117,9.803403854370117,9.803403854370117,19
2023-06-01,9.734435081481934,9.734435081481934,9.734435081481934,9.734435081481934,49
2023-06-02,9.734435081481934,9.734435081481934,9.734435081481934,9.734435081481934,0
2023-06-05,9.714729309082031,9.714729309082031,9.714729309082031,9.714729309082031,64
2023-06-06,9.714729309082031,9.714729309082031,9.714729309082031,9.714729309082031,386
2023-06-07,10.345300674438477,10.345300674438477,10.345300674438477,10.345300674438477,90
2023-06-08,10.847786903381348,10.847786903381348,10.847786903381348,10.847786903381348,25
2023-06-13,11.724674224853516,11.724674224853516,11.724674224853516,11.724674224853516,623
2023-06-14,12.503033638000488,12.503033638000488,12.503033638000488,12.503033638000488,20
2023-06-15,12.503033638000488,12.503033638000488,12.503033638000488,12.503033638000488,0
2023-06-16,12.512887001037598,12.512887001037598,12.512887001037598,12.512887001037598,151
2023-06-20,11.823202133178711,11.823202133178711,11.823202133178711,11.823202133178711,6
2023-06-21,13.695206642150879,13.695206642150879,13.695206642150879,13.695206642150879,75
2023-06-22,15.764266967773438,15.764266967773438,15.764266967773438,15.764266967773438,104
2023-06-23,15.764266967773438,15.764266967773438,15.764266967773438,15.764266967773438,74
2023-06-26,15.764266967773438,15.764266967773438,15.764266967773438,15.764266967773438,6
2023-06-27,15.764266967773438,15.764266967773438,15.764266967773438,15.764266967773438,0
2023-06-28,15.764266967773438,15.764266967773438,15.764266967773438,15.764266967773438,6
2023-06-29,17.724945068359375,17.724945068359375,17.724945068359375,17.724945068359375,1
2023-06-30,17.724945068359375,17.724945068359375,17.724945068359375,17.724945068359375,1
2023-07-04,16.749534606933594,16.749534606933594,16.749534606933594,16.749534606933594,102
2023-07-06,16.749534606933594,16.749534606933594,16.749534606933594,16.749534606933594,0
2023-07-07,16.749534606933594,16.749534606933594,16.749534606933594,16.749534606933594,5
2023-07-10,18.720067977905273,18.720067977905273,18.720067977905273,18.720067977905273,132
2023-07-11,18.720067977905273,18.720067977905273,18.720067977905273,18.720067977905273,20
2023-07-12,18.720067977905273,18.720067977905273,18.720067977905273,18.720067977905273,30
2023-07-13,18.720067977905273,18.720067977905273,18.720067977905273,18.720067977905273,97
2023-07-14,19.21270179748535,19.21270179748535,19.21270179748535,19.21270179748535,2684
2023-07-17,19.21270179748535,19.21270179748535,19.21270179748535,19.21270179748535,0
2023-07-18,19.21270179748535,19.21270179748535,19.21270179748535,19.21270179748535,10
2023-07-19,19.21270179748535,19.21270179748535,19.21270179748535,19.21270179748535,5
2023-07-20,19.69548225402832,19.69548225402832,19.69548225402832,19.69548225402832,12
2023-07-21,19.69548225402832,19.69548225402832,19.69548225402832,19.69548225402832,0
2023-07-25,19.69548225402832,19.69548225402832,19.69548225402832,19.69548225402832,0
2023-07-26,18.720067977905273,18.720067977905273,18.720067977905273,18.720067977905273,161
2023-07-27,18.710214614868164,18.710214614868164,18.710214614868164,18.710214614868164,10
2023-07-28,18.710214614868164,18.710214614868164,18.710214614868164,18.710214614868164,184
2023-07-31,18.720067977905273,18.720067977905273,18.720067977905273,18.720067977905273,9
2023-08-01,18.720067977905273,18.720067977905273,18.720067977905273,18.720067977905273,3
2023-08-02,19.21270179748535,19.21270179748535,19.21270179748535,19.21270179748535,36
2023-08-03,19.21270179748535,19.21270179748535,19.21270179748535,19.21270179748535,0
2023-08-04,18.720067977905273,18.720067977905273,18.720067977905273,18.720067977905273,20
2023-08-07,18.720067977905273,18.720067977905273,18.720067977905273,18.720067977905273,154
2023-08-08,20.690601348876953,20.690601348876953,20.690601348876953,20.690601348876953,20
2023-08-09,20.690601348876953,20.690601348876953,20.690601348876953,20.690601348876953,10
2023-08-10,20.690601348876953,20.690601348876953,20.690601348876953,20.690601348876953,0
2023-08-11,20.690601348876953,20.690601348876953,20.690601348876953,20.690601348876953,50
2023-08-15,20.680747985839844,20.680747985839844,20.680747985839844,20.680747985839844,30
2023-08-16,20.680747985839844,20.680747985839844,20.680747985839844,20.680747985839844,0
2023-08-17,20.680747985839844,20.680747985839844,20.680747985839844,20.680747985839844,189
2023-08-18,20.680747985839844,20.680747985839844,20.680747985839844,20.680747985839844,0
2023-08-21,20.680747985839844,20.680747985839844,20.680747985839844,20.680747985839844,116
2023-08-22,20.680747985839844,20.680747985839844,20.680747985839844,20.680747985839844,143
2023-08-23,20.680747985839844,20.680747985839844,20.680747985839844,20.680747985839844,75
2023-08-24,20.680747985839844,20.680747985839844,20.680747985839844,20.680747985839844,53
2023-08-25,19.705333709716797,19.705333709716797,19.705333709716797,19.705333709716797,11
2023-08-28,19.705333709716797,19.705333709716797,19.705333709716797,19.705333709716797,0
2023-08-29,19.705333709716797,19.705333709716797,19.705333709716797,19.705333709716797,0
2023-08-30,19.705333709716797,19.705333709716797,19.705333709716797,19.705333709716797,4
2023-08-31,19.705333709716797,19.705333709716797,19.705333709716797,19.705333709716797,0
2023-09-01,19.705333709716797,19.705333709716797,19.705333709716797,19.705333709716797,0
2023-09-04,19.705333709716797,19.705333709716797,19.705333709716797,19.705333709716797,137
2023-09-05,19.705333709716797,19.705333709716797,19.705333709716797,19.705333709716797,0
2023-09-06,19.705333709716797,19.705333709716797,19.705333709716797,19.705333709716797,371
2023-09-07,19.705333709716797,19.705333709716797,19.705333709716797,19.705333709716797,61
2023-09-08,19.715185165405273,19.715185165405273,19.715185165405273,19.715185165405273,17
2023-09-12,20.690601348876953,20.690601348876953,20.690601348876953,20.690601348876953,9
2023-09-13,23.63654899597168,23.63654899597168,23.63654899597168,23.63654899597168,8
2023-09-14,23.63654899597168,23.63654899597168,23.63654899597168,23.63654899597168,0
2023-09-15,23.63654899597168,23.63654899597168,23.63654899597168,23.63654899597168,21
2023-09-18,23.62669563293457,23.62669563293457,23.62669563293457,23.62669563293457,5
2023-09-19,23.62669563293457,23.62669563293457,23.62669563293457,23.62669563293457,0
2023-09-20,22.661136627197266,22.661136627197266,22.661136627197266,22.661136627197266,83
2023-09-21,23.7602596282959,23.7602596282959,23.7602596282959,23.7602596282959,5
2023-09-22,22.807861328125,22.807861328125,22.807861328125,22.807861328125,146
2023-09-25,22.807861328125,22.807861328125,22.807861328125,22.807861328125,0
2023-09-26,23.7602596282959,23.7602596282959,23.7602596282959,23.7602596282959,12
2023-09-27,23.7602596282959,23.7602596282959,23.7602596282959,23.7602596282959,0
2023-09-28,20.833629608154297,20.833629608154297,20.833629608154297,20.833629608154297,16
2023-09-29,26.78609275817871,26.78609275817871,26.78609275817871,26.78609275817871,120
2023-10-02,26.78609275817871,26.78609275817871,26.78609275817871,26.78609275817871,22
2023-10-03,26.71664810180664,26.71664810180664,26.71664810180664,26.71664810180664,10
2023-10-04,26.78609275817871,26.78609275817871,26.78609275817871,26.78609275817871,28
2023-10-05,26.78609275817871,26.78609275817871,26.78609275817871,26.78609275817871,29
2023-10-06,28.760326385498047,28.760326385498047,28.760326385498047,28.760326385498047,27
2023-10-09,27.768251419067383,27.768251419067383,27.768251419067383,27.768251419067383,117
2023-10-10,27.768251419067383,27.768251419067383,27.768251419067383,27.768251419067383,5
2023-10-11,27.768251419067383,27.768251419067383,27.768251419067383,27.768251419067383,5
2023-10-13,27.768251419067383,27.768251419067383,27.768251419067383,27.768251419067383,10
2023-10-16,27.768251419067383,27.768251419067383,27.768251419067383,27.768251419067383,8
2023-10-17,27.768251419067383,27.768251419067383,27.768251419067383,27.768251419067383,100
2023-10-18,27.75832748413086,27.75832748413086,27.75832748413086,27.75832748413086,9
2023-10-19,27.768251419067383,27.768251419067383,27.768251419067383,27.768251419067383,395
2023-10-20,29.762325286865234,29.762325286865234,29.762325286865234,29.762325286865234,356
2023-10-23,39.683101654052734,39.683101654052734,39.683101654052734,39.683101654052734,16
2023-10-24,39.683101654052734,39.683101654052734,39.683101654052734,39.683101654052734,17
2023-10-25,39.683101654052734,39.683101654052734,39.683101654052734,39.683101654052734,5
2023-10-26,38.69102478027344,38.69102478027344,38.69102478027344,38.69102478027344,2757
2023-10-27,38.69102478027344,38.69102478027344,38.69102478027344,38.69102478027344,0
2023-10-31,40.6751823425293,40.6751823425293,40.6751823425293,40.6751823425293,166
2023-11-01,40.6751823425293,40.6751823425293,40.6751823425293,40.6751823425293,0
2023-11-02,48.81021499633789,48.81021499633789,48.81021499633789,48.81021499633789,50
2023-11-03,54.16743469238281,54.16743469238281,54.16743469238281,54.16743469238281,59
2023-11-07,54.16743469238281,54.16743469238281,54.16743469238281,54.16743469238281,0
2023-11-08,54.16743469238281,54.16743469238281,54.16743469238281,54.16743469238281,0
2023-11-09,49.593955993652344,49.593955993652344,49.593955993652344,49.593955993652344,61
2023-11-10,39.69301986694336,39.69301986694336,39.69301986694336,39.69301986694336,774
2023-11-13,41.96487808227539,41.96487808227539,41.96487808227539,41.96487808227539,56
2023-11-14,41.96487808227539,41.96487808227539,41.96487808227539,41.96487808227539,0
2023-11-15,41.96487808227539,41.96487808227539,41.96487808227539,41.96487808227539,0
2023-11-16,41.96487808227539,41.96487808227539,41.96487808227539,41.96487808227539,14
2023-11-17,39.683101654052734,39.683101654052734,39.683101654052734,39.683101654052734,49
2023-11-20,41.65733337402344,41.65733337402344,41.65733337402344,41.65733337402344,22
2023-11-21,41.65733337402344,41.65733337402344,41.65733337402344,41.65733337402344,0
2023-11-22,41.65733337402344,41.65733337402344,41.65733337402344,41.65733337402344,4
2023-11-23,39.67318344116211,39.67318344116211,39.67318344116211,39.67318344116211,669
2023-11-24,39.67318344116211,39.67318344116211,39.67318344116211,39.67318344116211,121
2023-11-27,39.67318344116211,39.67318344116211,39.67318344116211,39.67318344116211,3051
2023-11-28,39.67318344116211,39.67318344116211,39.67318344116211,39.67318344116211,2230
2023-11-29,38.69102478027344,38.69102478027344,38.69102478027344,38.69102478027344,210
2023-11-30,39.67318344116211,39.67318344116211,39.67318344116211,39.67318344116211,5
2023-12-01,38.69102478027344,38.69102478027344,38.69102478027344,38.69102478027344,44
2023-12-04,38.68110275268555,38.68110275268555,38.68110275268555,38.68110275268555,39
2023-12-05,38.68110275268555,38.68110275268555,38.68110275268555,38.68110275268555,0
2023-12-06,38.68110275268555,38.68110275268555,38.68110275268555,38.68110275268555,0
2023-12-07,37.698944091796875,37.698944091796875,37.698944091796875,37.698944091796875,25
2023-12-08,37.68902587890625,37.68902587890625,37.68902587890625,37.68902587890625,25
2023-12-12,37.698944091796875,37.698944091796875,37.698944091796875,37.698944091796875,4
2023-12-13,37.698944091796875,37.698944091796875,37.698944091796875,37.698944091796875,3052
2023-12-14,37.698944091796875,37.698944091796875,37.698944091796875,37.698944091796875,55
2023-12-15,37.698944091796875,37.698944091796875,37.698944091796875,37.698944091796875,10
2023-12-18,37.698944091796875,37.698944091796875,37.698944091796875,37.698944091796875,0
2023-12-19,34.722713470458984,37.69894605364118,34.722713470458984,37.69894605364118,40
2023-12-20,34.722713470458984,37.69894605364118,37.69894605364118,34.722713470458984,5
2023-12-21,34.722713470458984,34.722713470458984,34.722713470458984,34.722713470458984,0
2023-12-22,34.722713470458984,37.69894605364118,34.722713470458984,34.722713470458984,39
2023-12-26,34.722713470458984,34.722713470458984,34.722713470458984,34.722713470458984,323
2023-12-27,34.722713470458984,34.722713470458984,34.722713470458984,34.722713470458984,71
2023-12-28,34.722713470458984,34.722713470458984,34.722713470458984,34.722713470458984,68
2023-12-29,37.698944091796875,37.698944091796875,37.698944091796875,34.72271166349712,270
2024-01-02,37.698944091796875,37.698944091796875,37.698944091796875,37.698944091796875,0
2024-01-03,37.698944091796875,37.698944091796875,37.698944091796875,37.698944091796875,0
2024-01-04,37.698944091796875,37.698944091796875,37.698944091796875,37.698944091796875,0
2024-01-05,37.698944091796875,37.698944091796875,37.698944091796875,37.698944091796875,189
2024-01-08,37.698944091796875,37.698944091796875,37.698944091796875,37.698944091796875,0
2024-01-09,37.698944091796875,37.698944091796875,37.698944091796875,37.698944091796875,0
2024-01-10,38.69102478027344,38.69102478027344,37.698947221804886,37.698947221804886,52
2024-01-11,37.698944091796875,37.698944091796875,37.698944091796875,38.6910215678968,12
2024-01-12,37.698944091796875,37.698944091796875,37.698944091796875,37.698944091796875,3
2024-01-15,37.698944091796875,37.698944091796875,37.698944091796875,37.698944091796875,0
2024-01-16,38.69102478027344,38.69102478027344,38.69102478027344,37.698947221804886,20
2024-01-17,38.69102478027344,39.68310233874199,39.68310233874199,38.69102478027344,5
2024-01-18,42.0640869140625,42.65933189178568,42.0640869140625,38.691021948363755,54
2024-01-19,44.643489837646484,44.643489837646484,44.643489837646484,42.06408971637268,70
2024-01-22,44.643489837646484,44.643489837646484,44.643489837646484,44.643489837646484,0
2024-01-23,44.643489837646484,49.60387759738498,49.60387759738498,44.643489837646484,5
2024-01-24,44.643489837646484,44.643489837646484,44.643489837646484,44.643489837646484,40
2024-01-25,44.643489837646484,44.643489837646484,44.643489837646484,44.643489837646484,330
2024-01-26,39.683101654052734,44.643489360809326,39.683101654052734,39.683101654052734,2682
2024-01-29,39.683101654052734,39.683101654052734,39.683101654052734,39.683101654052734,74
2024-01-30,39.683101654052734,39.683101654052734,39.683101654052734,39.683101654052734,0
2024-01-31,39.683101654052734,39.683101654052734,38.19498534202575,39.683101654052734,105
2024-02-01,39.683101654052734,39.683101654052734,39.683101654052734,39.683101654052734,136
2024-02-02,39.683101654052734,39.683101654052734,39.683101654052734,39.683101654052734,24
2024-02-05,39.683101654052734,39.683101654052734,39.683101654052734,39.683101654052734,17
2024-02-06,39.683101654052734,39.67318254380843,39.67318254380843,39.683101654052734,2
2024-02-07,39.683101654052734,39.683101654052734,39.683101654052734,39.683101654052734,0
2024-02-08,39.683101654052734,38.69102411270141,38.69102411270141,39.683101654052734,10
2024-02-09,39.683101654052734,38.69102411270141,38.69102411270141,39.683101654052734,3
2024-02-14,39.683101654052734,46.62764444351196,39.683101654052734,39.683101654052734,9
2024-02-15,39.683101654052734,41.66725673675537,39.683101654052734,39.683101654052734,43
2024-02-16,33.73063659667969,41.667256972369024,33.73063659667969,33.73063659667969,5
2024-02-19,34.722713470458984,39.58389487011341,33.73063594273158,33.73063594273158,469
2024-02-20,33.73063659667969,39.58389563754078,33.73063659667969,34.72271414364085,418
2024-02-21,33.73063659667969,33.73063659667969,33.7207174863793,33.73063659667969,399
2024-02-22,34.7028694152832,39.43507939706844,33.73063394969376,33.73063394969376,62
2024-02-23,39.43507766723633,39.444996776323215,34.70286789303096,34.70286789303096,421
2024-02-26,32.24251937866211,39.38547827483003,32.24251937866211,39.435081393902124,298
2024-02-27,32.24251937866211,32.24251937866211,27.77817054161659,32.24251937866211,673
2024-02-28,32.24251937866211,38.44300387455867,32.24251937866211,32.24251937866211,410
2024-02-29,32.24251937866211,34.72271317702074,32.24251937866211,32.24251937866211,656
2024-03-01,32.252437591552734,32.252437591552734,32.24251848180438,32.24251848180438,519
2024-03-04,33.234596252441406,33.234596252441406,32.25243786220011,33.234596252441406,2000
2024-03-05,31.74648094177246,37.6989461183548,31.74648094177246,33.234597235918045,300
2024-03-06,37.698944091796875,37.698944091796875,31.74647923519737,31.74647923519737,56
2024-03-07,37.530296325683594,37.530296325683594,37.530296325683594,37.698947696197244,51
2024-03-08,37.530296325683594,37.18306690516484,37.18306690516484,37.530296325683594,4
2024-03-11,37.68902587890625,37.68902587890625,37.68902587890625,37.5302936303327,414
2024-03-12,36.69694519042969,36.69694519042969,36.69694519042969,37.689022603926865,15
2024-03-13,36.69694519042969,36.69694519042969,36.69694519042969,36.69694519042969,50
2024-03-14,36.69694519042969,37.69894171289284,37.69894171289284,36.69694519042969,4
2024-03-15,31.776243209838867,37.69894748651576,31.776243209838867,36.69695081059605,97
2024-03-18,31.74648094177246,31.74648094177246,31.74648094177246,31.776242056623232,388
2024-03-20,31.736560821533203,31.746481824171788,31.736560821533203,31.746481824171788,60
2024-03-21,31.74648094177246,31.74648094177246,31.74648094177246,31.73655993940963,31
2024-03-22,27.778169631958008,31.736558577443507,27.778169631958008,31.74647957938058,278
2024-03-25,28.770248413085938,28.770248413085938,27.778170881600214,27.778170881600214,43
2024-03-26,27.807933807373047,27.807933807373047,27.778170800309994,28.770248328892492,247
2024-03-27,27.807933807373047,27.807933807373047,27.807933807373047,27.807933807373047,0
2024-04-01,29.762325286865234,29.762325286865234,29.762325286865234,27.807933274233314,124
2024-04-02,27.778169631958008,27.778169631958008,27.778169631958008,27.778169631958008,35
2024-04-03,27.778169631958008,29.762324605669292,27.778169631958008,27.778169631958008,116
2024-04-04,27.778169631958008,33.323882934860066,33.323882934860066,27.778169631958008,250010
2024-04-05,27.778169631958008,27.778169631958008,27.778169631958008,27.778169631958008,0
2024-04-09,28.760326385498047,28.760326385498047,28.760326385498047,29.663116755589733,74
2024-04-10,28.770248413085938,28.770248413085938,28.770248413085938,28.760327410702555,100
2024-04-11,28.74048614501953,28.74048614501953,28.74048614501953,28.77024915293506,18
2024-04-12,28.760326385498047,28.77024738752778,28.760326385498047,28.740484381438577,172
2024-04-15,28.67104148864746,28.67104148864746,28.67104148864746,28.760328621619514,38
2024-04-16,28.760326385498047,28.760326385498047,28.750405383468312,28.671039259468085,425
2024-04-17,28.67104148864746,28.67104148864746,28.67104148864746,28.760328621619514,123
2024-04-18,28.62143898010254,28.62143898010254,28.62143898010254,28.671042102932972,89
2024-04-22,27.778169631958008,28.62143587423283,27.778169631958008,27.778169631958008,1000
2024-04-23,27.778169631958008,27.778169631958008,27.778169631958008,27.778169631958008,117
2024-04-24,27.768251419067383,27.778172422000925,27.768251419067383,27.778172422000925,109
2024-04-25,27.768251419067383,27.778172422000925,27.768251419067383,27.768251419067383,30
2024-04-26,27.768251419067383,27.778172422000925,27.768251419067383,27.768251419067383,21
2024-04-29,27.768251419067383,27.778172422000925,27.768251419067383,27.768251419067383,138
2024-04-30,27.72856903076172,27.768251149873358,27.72856903076172,27.768251149873358,55
2024-05-02,27.67896270751953,27.67896270751953,26.786093309000396,27.728567719360314,330
2024-05-03,24.305898666381836,27.67896177633015,23.80985991808833,24.305898666381836,1000
2024-05-06,24.305898666381836,24.305898666381836,24.305898666381836,24.305898666381836,124
2024-05-07,24.801937103271484,28.77024703979492,24.305898361206054,24.305898361206054,2012
2024-05-08,26.78609275817871,28.760326775138914,24.80193773905436,24.80193773905436,871
2024-05-09,26.78609275817871,26.78609275817871,26.78609275817871,26.78609275817871,250
2024-05-10,26.78609275817871,26.78609275817871,26.78609275817871,26.78609275817871,130
2024-05-14,24.901145935058594,26.786092829820657,24.901145935058594,26.786092829820657,2135
2024-05-15,25.79401397705078,25.79401397705078,25.79401397705078,25.79401397705078,100
2024-05-16,25.79401397705078,25.79401397705078,25.79401397705078,25.79401397705078,0
2024-05-17,25.79401397705078,25.79401397705078,25.79401397705078,25.79401397705078,638
2024-05-20,25.744413375854492,25.79401649683792,21.825706266555162,25.79401649683792,652
2024-05-21,25.774173736572266,25.774173736572266,25.774173736572266,25.774173736572266,100
2024-05-22,21.875308990478516,25.77417402372083,21.875308990478516,25.77417402372083,781
2024-05-23,21.825706481933594,24.80193918401545,21.825706481933594,21.875309603406507,1368
2024-05-24,22.817785263061523,22.817785263061523,21.825707642928414,21.825707642928414,841
2024-05-27,21.825706481933594,22.81778404929421,21.825706481933594,22.81778404929421,985
2024-05-28,21.825706481933594,25.64520549471953,25.64520549471953,21.825706481933594,10
2024-05-29,21.825706481933594,21.825706481933594,21.825706481933594,21.825706481933594,909
2024-05-30,21.825706481933594,23.80986161665483,21.825706481933594,21.825706481933594,159
2024-05-31,21.825706481933594,23.31382283297452,21.825706481933594,21.825706481933594,50
2024-06-04,21.825706481933594,25.774174745891784,21.825706481933594,21.825706481933594,54
2024-06-05,21.825706481933594,25.54599735953591,21.825706481933594,21.825706481933594,108
2024-06-06,21.825706481933594,21.825706481933594,21.825706481933594,21.825706481933594,0
2024-06-07,21.825706481933594,21.825706481933594,21.825706481933594,21.825706481933594,905
2024-06-10,25.297977447509766,25.297977447509766,21.458636508185435,21.82570603314568,20
2024-06-11,21.825706481933594,25.297977967695758,21.825706481933594,25.297977967695758,699
2024-06-12,21.825706481933594,24.80193918401545,24.80193918401545,21.825706481933594,72
2024-06-13,22.817785263061523,22.817785263061523,21.825707642928414,21.825707642928414,2046
2024-06-14,22.817785263061523,22.817785263061523,22.817785263061523,22.817785263061523,10
2024-06-18,25.774173736572266,25.774173736572266,25.774173736572266,25.774173736572266,2180
2024-06-19,25.774173736572266,25.764252734218633,25.764252734218633,25.774173736572266,6
2024-06-20,25.774173736572266,25.774173736572266,25.774173736572266,25.774173736572266,55
2024-06-21,25.774173736572266,25.774173736572266,25.774173736572266,25.774173736572266,268
2024-06-25,25.774173736572266,30.75440338383329,30.75440338383329,25.774173736572266,5
2024-06-26,29.762325286865234,29.762325286865234,25.794015248616535,25.77417324428825,274
2024-06-27,29.762325286865234,29.762325286865234,29.762325286865234,29.762325286865234,58
2024-06-28,29.762325286865234,29.762325286865234,29.762325286865234,29.762325286865234,33
2024-07-01,29.762325286865234,29.762325286865234,29.762325286865234,29.762325286865234,1158
2024-07-02,29.762325286865234,34.7227128346761,29.762325286865234,29.762325286865234,130
2024-07-03,29.762325286865234,34.7227128346761,29.762325286865234,29.762325286865234,657
2024-07-04,25.79401397705078,29.762323819673977,24.80193651639498,29.762323819673977,3134
2024-07-08,27.768251419067383,27.778172422000925,25.794017249000856,25.794017249000856,1000
2024-07-09,27.75832748413086,27.778169487902105,27.28213074704671,27.768248486016482,1248
2024-07-10,27.75832748413086,27.778169487902105,27.75832748413086,27.75832748413086,385
2024-07-11,27.480548858642578,27.728568245842467,27.480548858642578,27.480548858642578,80
2024-07-12,27.43094253540039,27.480547545813238,27.282131288637174,27.480547545813238,845
2024-07-15,27.28213119506836,27.778169944069603,24.801937450062145,27.4309424413212,3035
2024-07-16,26.766250610351562,27.282131366695204,26.766250610351562,27.282131366695204,771
2024-07-17,26.72657012939453,26.72657012939453,24.801939123578276,26.766252248028607,850
2024-07-18,26.766250610351562,26.786092614573473,25.79401511033001,26.726568494145415,468
2024-07-19,26.676963806152344,27.282131696574233,26.676963806152344,26.766250933992875,305
2024-07-22,26.587677001953125,26.587677001953125,26.577757891839163,26.587677001953125,9208
2024-07-23,26.53807258605957,26.53807258605957,26.488469468961988,26.53807258605957,2707
2024-07-25,26.53807258605957,26.53807258605957,26.53807258605957,26.53807258605957,580
2024-07-26,28.770248413085938,28.770248413085938,28.770248413085938,26.53807396724306,284
2024-07-29,28.770248413085938,28.770248413085938,28.770248413085938,28.770248413085938,20
2024-07-30,28.770248413085938,28.770248413085938,28.770248413085938,28.770248413085938,0
2024-07-31,28.65119743347168,28.65119743347168,28.65119743347168,28.770247566330728,15
2024-08-01,28.65119743347168,28.65119743347168,28.65119743347168,28.65119743347168,8
2024-08-02,27.28213119506836,28.2642876910223,27.28213119506836,28.65119730972722,575
2024-08-05,27.778169631958008,27.778169631958008,27.778169631958008,27.282130888530187,627
2024-08-06,27.778169631958008,27.778169631958008,27.778169631958008,27.778169631958008,344
2024-08-07,27.579755783081055,27.778172054652263,27.579755783081055,27.778172054652263,104
2024-08-08,26.78609275817871,27.282131512959797,26.78609275817871,27.579754008933378,375
2024-08-09,25.79401397705078,25.79401397705078,25.79401397705078,26.78609143770658,473
2024-08-12,25.784095764160156,25.79401676690827,25.784095764160156,25.79401676690827,119
2024-08-13,25.684886932373047,25.784095064926,25.684886932373047,25.784095064926,202
2024-08-14,25.297977447509766,25.74441310053739,25.297977447509766,25.68488708530854,54
2024-08-15,25.694807052612305,25.694807052612305,25.694807052612305,25.29797642826355,290
2024-08-16,25.645204544067383,25.69480766370154,25.645204544067383,25.69480766370154,88
2024-08-20,26.78609275817871,26.78609275817871,25.645204000629747,25.645204000629747,906
2024-08-21,27.778169631958008,27.778169631958008,27.778169631958008,26.786092145102366,191
2024-08-22,28.274208068847656,28.274208068847656,27.7781693307977,28.274208068847656,240
2024-08-23,28.274208068847656,28.671038680840102,28.274208068847656,28.274208068847656,364
2024-08-26,28.661117553710938,28.671038555497077,28.661117553710938,28.274207945239485,102
2024-08-27,28.661117553710938,28.661117553710938,26.290053001713908,28.661117553710938,252
2024-08-28,26.78609275817871,28.671039647899306,26.78609275817871,26.78609275817871,130
2024-08-29,26.78609275817871,28.651197643571017,26.78609275817871,26.78609275817871,39
2024-08-30,26.78609275817871,26.78609275817871,26.78609275817871,26.78609275817871,0
2024-09-02,26.78609275817871,29.762325286865234,26.78609275817871,26.78609275817871,10
2024-09-03,29.663118362426758,29.663118362426758,29.663118362426758,26.786093846274458,470
2024-09-04,27.75832748413086,27.778169487902105,26.786092006191314,29.66311632470508,294
2024-09-05,27.62936019897461,27.62936019897461,27.62936019897461,27.758329448137516,113
2024-09-06,27.62936019897461,27.62936019897461,27.62936019897461,27.62936019897461,374
2024-09-09,27.62936019897461,29.663118423482754,27.62936019897461,27.62936019897461,40
2024-09-10,27.62936019897461,27.62936019897461,27.62936019897461,27.62936019897461,30
2024-09-11,26.78609275817871,26.78609275817871,26.78609275817871,27.629359019754094,154
2024-09-12,25.803936004638672,26.786092502667977,25.803936004638672,26.786092502667977,284
2024-09-13,26.280132293701172,26.7860920370246,26.280132293701172,25.80393555606888,29
2024-09-17,26.78609275817871,26.78609275817871,26.28013300123348,26.28013300123348,27
2024-09-18,26.290054321289062,26.290054321289062,26.290054321289062,26.786093082068103,227
2024-09-19,23.809860229492188,26.29005400339762,23.809860229492188,26.29005400339762,1832
2024-09-20,25.595598220825195,25.774172469939405,24.801936993914968,23.80985951415837,4224
2024-09-23,25.595598220825195,25.595598220825195,25.595598220825195,25.595598220825195,324
2024-09-24,25.595598220825195,25.595598220825195,25.595598220825195,25.595598220825195,0
2024-09-25,23.809860229492188,25.645204000629747,23.809860229492188,23.81978123165633,406
2024-09-26,23.809860229492188,24.80193773905436,23.809860229492188,23.809860229492188,105
2024-09-27,23.809860229492188,23.809860229492188,23.809860229492188,23.809860229492188,0
2024-09-30,23.809860229492188,25.78409424645239,23.809860229492188,23.809860229492188,30
2024-10-01,25.595598220825195,26.587675700581794,23.80985951415837,24.008275767004736,359
2024-10-02,25.595598220825195,25.595598220825195,25.595598220825195,25.595598220825195,0
2024-10-03,24.801937103271484,26.587675817811977,24.801937103271484,25.595598333681117,181
2024-10-04,24.801937103271484,24.801937103271484,24.801937103271484,24.801937103271484,0
2024-10-07,24.801937103271484,24.801937103271484,23.809859619140624,24.801937103271484,133
2024-10-08,23.809860229492188,24.80193773905436,23.809860229492188,24.80193773905436,176
2024-10-09,23.809860229492188,23.809860229492188,23.809860229492188,23.809860229492188,87
2024-10-10,22.817785263061523,26.290056933527406,22.817785263061523,22.817785263061523,1360
2024-10-11,22.817785263061523,23.809862883194633,23.809862883194633,22.817785263061523,88
2024-10-14,23.809860229492188,23.809860229492188,23.809860229492188,23.809860229492188,3640
2024-10-15,25.79401397705078,25.79401397705078,23.80985905573918,23.80985905573918,55
2024-10-16,25.774173736572266,25.774173736572266,25.774173736572266,25.794015741279534,327
2024-10-17,25.744413375854492,25.79401649683792,25.297977718052575,25.774174491549438,70
2024-10-18,25.49639129638672,25.744410659611347,25.29797504891199,25.744410659611347,1363
2024-10-21,25.49639129638672,25.794013775361243,25.49639129638672,25.49639129638672,500
2024-10-22,25.297977447509766,25.496393713797097,25.297977447509766,25.496393713797097,375
2024-10-23,25.79401397705078,26.190844582865584,25.29797524672288,25.29797524672288,303
2024-10-24,25.79401397705078,25.79401397705078,25.79401397705078,25.79401397705078,0
2024-10-25,25.79401397705078,26.04203334221473,25.79401397705078,25.79401397705078,329
2024-10-28,24.901145935058594,26.28013307152219,24.901145935058594,25.79401531760508,4000
2024-10-29,25.79401397705078,25.79401397705078,24.80193651639498,24.90114464090808,65
2024-10-30,25.79401397705078,25.79401397705078,25.694805852537684,25.79401397705078,107
2024-10-31,26.53807258605957,26.53807258605957,25.79401447617005,25.79401447617005,63
2024-11-01,26.766250610351562,27.282131366695204,26.766250610351562,26.53807323851261,509
2024-11-05,27.232528686523438,27.28213180563861,27.232528686523438,26.76625104099494,150
2024-11-06,26.78609275817871,26.78609275817871,26.78609275817871,26.78609275817871,160
2024-11-07,27.073795318603516,27.08371442822749,27.073795318603516,26.786091941329985,190
2024-11-08,26.78609275817871,26.974588014822075,26.78609275817871,27.073796144225827,89
2024-11-11,26.78609275817871,26.78609275817871,26.78609275817871,26.78609275817871,10
2024-11-12,27.083717346191406,27.282133620325265,27.083717346191406,26.786094827228442,35
2024-11-13,27.778169631958008,27.778169631958008,27.282130888530187,27.083714634264002,748
2024-11-14,27.778169631958008,28.77024711881365,27.778169631958008,27.778169631958008,515
2024-11-15,27.768251419067383,28.770250008500955,27.768251419067383,27.778172422000925,14
2024-11-19,27.778169631958008,28.77024711881365,27.778169631958008,27.768248630020935,8
2024-11-20,27.768251419067383,28.770250008500955,27.768251419067383,27.768251419067383,863
2024-11-21,28.770248413085938,28.770248413085938,27.76824987921683,27.76824987921683,2784
2024-11-22,28.770248413085938,28.770248413085938,27.778170881600214,28.770248413085938,2
2024-11-25,28.770248413085938,29.712722824892463,28.770248413085938,28.770248413085938,334
2024-11-26,28.770248413085938,28.770248413085938,28.770248413085938,28.770248413085938,173
2024-11-27,28.770248413085938,29.712722824892463,28.770248413085938,28.770248413085938,800
2024-11-28,28.770248413085938,28.770248413085938,28.740485405935786,28.770248413085938,206
2024-11-29,28.770248413085938,28.770248413085938,28.770248413085938,28.770248413085938,373
2024-12-02,26.78609275817871,28.77024777730306,26.78609275817871,28.77024777730306,503
2024-12-03,28.770248413085938,28.770248413085938,28.770248413085938,26.786093350114495,237
2024-12-04,27.28213119506836,27.778169944069603,27.28213119506836,28.770247442072087,1794
2024-12-05,27.72856903076172,27.72856903076172,27.28213336426946,27.28213336426946,121
2024-12-06,27.778169631958008,30.754402092524938,27.778169631958008,27.778169631958008,460
2024-12-09,27.778169631958008,29.762324605669292,25.79401465824672,27.778169631958008,468
2024-12-10,28.770248413085938,28.770248413085938,27.76824987921683,28.770248413085938,15
2024-12-11,27.778169631958008,28.77024711881365,27.778169631958008,27.778169631958008,80
2024-12-12,28.760326385498047,28.760326385498047,28.760326385498047,27.778169891406133,140
2024-12-13,28.760326385498047,28.760326385498047,28.760326385498047,27.778169891406133,121
2024-12-16,24.801937103271484,28.760326037885097,24.801937103271484,27.778169555664064,2731
2024-12-17,26.776172637939453,27.62935992978035,26.776172637939453,24.801938555954038,312
2024-12-18,24.801937103271484,27.758327551844413,24.801937103271484,26.77617106962338,1250
2024-12-19,24.801937103271484,26.786092071533204,24.801937103271484,24.801937103271484,756
2024-12-20,25.774173736572266,25.794015741279534,24.801938212768782,24.801938212768782,1111
2024-12-23,27.72856903076172,27.72856903076172,27.72856903076172,25.774174993270943,245
2024-12-26,26.78609275817871,27.67896213833713,26.78609275817871,27.728567149157847,405
2024-12-27,26.78609275817871,27.718646146993706,26.78609275817871,26.78609275817871,581
2024-12-30,28.770248413085938,28.770248413085938,27.718646759537634,26.786093350114495,118
2025-01-02,28.770248413085938,29.712722824892463,29.712722824892463,28.770248413085938,110
2025-01-03,29.266286849975586,29.266286849975586,29.266286849975586,28.770248089806508,111
2025-01-07,29.256366729736328,29.266287732307337,28.770248957183483,29.266287732307337,2252
2025-01-08,29.266286849975586,29.762325610144664,29.266286849975586,29.25636584770368,408
2025-01-09,29.266286849975586,29.266286849975586,28.770248089806508,29.266286849975586,247
2025-01-10,28.770248413085938,29.266287178828797,28.770248413085938,29.266287178828797,1170
2025-01-14,28.67104148864746,28.77024962442061,28.67104148864746,28.67104148864746,20
2025-01-15,28.67104148864746,28.77024962442061,28.611517364078694,28.67104148864746,90
2025-01-16,25.79401397705078,27.77816889836238,25.79401397705078,28.67103823450508,1268
2025-01-17,27.768251419067383,28.770250008500955,27.768251419067383,27.768251419067383,9104
2025-01-20,27.768251419067383,28.621438748973517,28.621438748973517,27.768251419067383,26
2025-01-21,25.79401397705078,28.621435118367327,25.79401397705078,27.76824789668731,663
2025-01-22,28.62143898010254,28.62143898010254,28.62143898010254,25.79401745729737,325
2025-01-23,28.67104148864746,28.67104148864746,27.778172051164727,28.621438366879786,9300
2025-01-24,28.274208068847656,28.621435563930152,28.274208068847656,28.671038680840102,768
2025-01-27,28.274208068847656,28.075791816732625,28.075791816732625,28.274208068847656,6709
2025-01-28,28.770248413085938,29.712722824892463,28.770248413085938,28.770248413085938,4683
2025-01-29,29.613515853881836,29.712723989366026,27.778171970256608,28.770249540622913,164
2025-01-30,30.20876121520996,33.73063565132039,29.762325574694465,30.20876121520996,4200
2025-01-31,33.62150573730469,33.73063486739171,33.61158662751283,30.20876051313264,3443
2025-02-03,32.73855972290039,33.621508152335245,32.54014345253315,32.73855972290039,1551
2025-02-04,32.73855972290039,32.73855972290039,32.73855972290039,32.73855972290039,0
2025-02-05,32.73855972290039,32.73855972290039,32.73855972290039,32.73855972290039,0
2025-02-06,34.22667694091797,34.722715737163156,33.73063814467278,33.73063814467278,486
2025-02-07,34.22667694091797,34.22667694091797,34.22667694091797,34.22667694091797,117
2025-02-10,34.722713470458984,34.722713470458984,34.722713470458984,34.22667470659528,80
2025-02-11,34.62350845336914,35.21875347722211,34.62350845336914,34.72271469585278,3520
2025-02-12,34.22667694091797,34.722715737163156,33.73063814467278,34.62350949170439,1031
2025-02-13,34.22667694091797,35.218754533408344,34.22667694091797,34.22667694091797,1688
2025-02-14,35.218753814697266,38.681106207001555,35.218753814697266,35.218753814697266,35
2025-02-17,36.607662200927734,37.69894596507391,35.71479091428055,36.607662200927734,694
2025-02-18,35.71479415893555,36.696952663475614,35.71479415893555,36.60766552669924,1470
2025-02-19,35.71479415893555,36.70687177446153,35.71479415893555,35.71479415893555,15
2025-02-20,35.704872131347656,35.704872131347656,34.72271370703656,35.71479124152332,512
2025-02-21,34.722713470458984,35.7048718880783,34.722713470458984,34.722713470458984,20
2025-02-24,36.706871032714844,40.67518141462996,35.71479343723607,34.722715841757285,3454
2025-02-25,36.2108268737793,36.70686559807765,35.71478814948095,36.70686559807765,1167
2025-02-26,36.2108268737793,36.70686559807765,35.71478814948095,36.2108268737793,897
2025-02-27,35.218753814697266,36.21083138694226,35.218753814697266,36.21083138694226,951
2025-02-28,34.722713470458984,35.218752234322686,34.722713470458984,35.218752234322686,20000
2025-03-05,34.722713470458984,34.722713470458984,34.722713470458984,34.722713470458984,700
2025-03-06,34.722713470458984,35.71479099818638,34.722713470458984,34.722713470458984,125
2025-03-07,35.61558532714844,35.714791567713,34.72271402416541,34.72271402416541,1862
2025-03-10,37.698944091796875,37.698944091796875,34.72271166349712,35.615582905777146,1656
2025-03-11,39.683101654052734,39.683101654052734,39.67318254380843,37.6989465713501,125
2025-03-12,39.683101654052734,39.683101654052734,37.6989465713501,39.683101654052734,83
2025-03-13,38.69102478027344,39.68310233874199,38.69102478027344,38.69102478027344,70
2025-03-14,43.65141296386719,43.65141296386719,43.65141296386719,38.6910251270641,1020
2025-03-17,43.65141296386719,43.65141296386719,43.65141296386719,43.65141296386719,0
2025-03-18,44.544281005859375,44.544281005859375,44.544281005859375,44.643487241494796,125
2025-03-20,44.544281005859375,44.544281005859375,43.155371000111636,44.544281005859375,566
2025-03-21,44.27642059326172,46.62764324623806,42.65933318272844,44.54428197668567,673
2025-03-24,48.61179733276367,48.61179733276367,48.61179733276367,44.27641973233151,292
2025-03-25,49.60387420654297,49.60387420654297,44.64348678588867,48.61179672241211,459
2025-03-26,58.53257369995117,58.53257369995117,53.572186098260396,58.53257369995117,120
2025-03-27,57.540496826171875,57.540496826171875,57.540496826171875,58.532574357657595,20
2025-03-28,58.52265167236328,58.52265167236328,58.52265167236328,57.54049331102327,26
2025-03-31,58.50281524658203,58.522657252028424,58.50281524658203,58.50281524658203,1
2025-04-01,58.43336486816406,58.5028099887474,58.43336486816406,58.5028099887474,241
2025-04-02,58.23495101928711,58.23495101928711,57.540496000319216,58.23495101928711,412
2025-04-03,63.49296188354492,64.48503941297531,58.532574236392975,63.49296188354492,1
2025-04-04,68.94937896728516,68.94937896728516,68.94937896728516,63.49295329361511,400
2025-04-07,68.94937896728516,68.94937896728516,68.94937896728516,68.94937896728516,10
2025-04-08,66.2707748413086,66.66759975509302,56.54841307458875,68.94938085410382,191
2025-04-09,65.47711944580078,76.38997268676758,64.48504187844017,66.27078452726974,631
2025-04-10,65.47711944580078,65.47711944580078,65.47711944580078,65.47711944580078,850
2025-04-11,65.47711944580078,65.47711944580078,65.47711944580078,65.47711944580078,155
2025-04-14,65.47711944580078,65.47711944580078,65.46719655082084,65.47711944580078,61
2025-04-15,61.4988899230957,65.4671963988509,61.4988899230957,65.4771192938078,78
2025-04-16,61.4988899230957,61.4988899230957,61.4988899230957,61.4988899230957,94
2025-04-21,61.4988899230957,61.4988899230957,61.4988899230957,61.4988899230957,77
2025-04-22,61.50880432128906,61.50880432128906,61.50880432128906,61.498885211567654,673
2025-04-23,61.50880432128906,61.50880432128906,61.50880432128906,61.50880432128906,14
2025-04-24,61.50880432128906,61.50880432128906,61.50880432128906,61.50880432128906,1
2025-04-25,69.44542694091797,72.42165952410016,69.44542694091797,61.50880671909877,51
2025-04-28,69.44542694091797,69.44542694091797,68.45334941319057,69.44542694091797,71
2025-04-29,68.45335388183594,71.42958665930706,68.45335388183594,69.44543147432631,97
2025-04-30,68.45335388183594,68.45335388183594,68.45335388183594,68.45335388183594,33
2025-05-02,67.46127319335938,69.4454282872817,67.41166628843091,67.46127319335938,100
2025-05-05,66.46919250488281,67.4612700049557,64.48503750473705,66.46919250488281,20
2025-05-06,64.48503875732422,65.47711627666767,54.564263563889725,66.46919379601113,913
2025-05-07,63.49296188354492,64.48503941297531,59.524651765823364,63.49296188354492,150
2025-05-08,62.500885009765625,62.500885009765625,61.50880746992808,63.49296254960318,42
2025-05-09,59.52465057373047,60.51672808329264,59.52465057373047,59.52465057373047,329
2025-05-12,59.52465057373047,64.48503812154134,49.60387547810872,59.52465057373047,184
2025-05-13,58.52265167236328,59.52464825278269,54.564260898384134,59.52464825278269,932
2025-05-14,57.540496826171875,57.540496826171875,49.6038765742861,58.522655247511935,1455
2025-05-15,59.52465057373047,59.52465057373047,57.54049555460612,57.54049555460612,358
2025-05-16,59.52465057373047,59.52465057373047,57.55041466453258,59.52465057373047,141
2025-05-19,64.48503875732422,70.43750387338491,49.60387596717248,59.52465116060697,321
2025-05-20,68.45335388183594,72.42166425179744,64.49496640710572,64.48504351187444,187
2025-05-21,70.44743347167969,72.42166580373537,70.43751057623577,68.45335534873617,191
2025-05-22,80.25907897949219,80.35828522523924,74.4058196529993,70.44743216676612,89
2025-05-23,89.1877670288086,94.24736066659351,75.39788853327481,89.1877670288086,245
2025-05-26,97.22359466552734,99.20774965870137,92.26320718259228,89.18776845696266,140
2025-05-27,94.24736785888672,97.21367763324433,80.35828206915605,94.24736785888672,50
2025-05-28,93.245361328125,95.18983230363607,89.28697425543999,93.245361328125,20
2025-05-29,91.2711410522461,95.23945153277853,91.2711410522461,91.2711410522461,11
2025-05-30,93.245361328125,93.245361328125,93.20567732018185,93.245361328125,22
2025-06-03,89.28697967529297,92.26321233113606,89.28697967529297,93.245366988258,207
2025-06-04,89.27705383300781,89.28697672750599,89.27705383300781,89.28697672750599,75
2025-06-05,89.28697967529297,90.27905722724067,89.28697967529297,89.27705678046719,157
2025-06-06,89.28697967529297,90.27905722724067,89.28697967529297,89.28697967529297,95
2025-06-09,92.2632064819336,96.23151643814579,90.2195292765485,89.28697401477444,462
2025-06-10,94.24736785888672,94.24736785888672,94.24736785888672,92.26321274606805,31
2025-06-11,92.2632064819336,93.25528397098664,92.2632064819336,94.24736146003968,630
2025-06-12,92.2632064819336,94.24736146003968,92.2532835877369,92.2632064819336,10
2025-06-13,91.76717376708984,92.21360563891689,89.28697988149283,92.26321254420925,382
2025-06-17,90.77509307861328,90.77509307861328,90.77509307861328,91.76717059859813,49
2025-06-18,89.28697967529297,94.24736743503146,88.29490212334527,89.28697967529297,299
2025-06-19,89.28697967529297,92.26321233113606,89.28697967529297,89.28697967529297,5
2025-06-20,89.28697967529297,94.24736743503146,88.29490212334527,89.28697967529297,105
2025-06-25,89.28697967529297,92.26321233113606,89.28697967529297,89.28697967529297,29
2025-06-26,89.28697967529297,89.28697967529297,88.29490212334527,89.28697967529297,6
2025-06-27,89.28697967529297,90.27905722724067,89.28697967529297,89.28697967529297,2355
2025-06-30,88.29490661621094,88.29490661621094,87.79886781499627,88.29490661621094,80
2025-07-01,88.1957015991211,89.28698546321452,84.32659738192483,88.29490784695658,55
2025-07-02,88.1957015991211,88.1957015991211,79.36620930063513,88.1957015991211,282
2025-07-03,84.32659149169922,89.28697922650505,76.49910025169169,84.32659149169922,38
2025-07-04,89.28697967529297,94.24736743503146,89.28697967529297,84.32659191555447,364
2025-07-07,87.19368743896484,87.30281656518736,86.31073910421932,89.28697148712344,704
2025-07-08,89.28697967529297,89.28697967529297,89.28697967529297,87.19369543516724,134
2025-07-09,84.32659149169922,89.28697922650505,84.32659149169922,89.28697922650505,40
2025-07-10,84.32659149169922,94.24736696131089,84.32659149169922,84.32659149169922,125
2025-07-11,84.31666564941406,86.80678232454434,84.31666564941406,84.32658854384307,495
2025-07-14,84.31666564941406,94.24736366664814,79.36620098244055,84.31666564941406,340
2025-07-15,83.83055114746094,84.32658991164709,74.4058146279239,84.31666701705713,379
2025-07-16,83.83055114746094,94.24736519537028,83.63213866936682,83.83055114746094,179
2025-07-17,84.31666564941406,84.32658854384307,84.31666564941406,83.83054978770282,927
2025-07-18,84.32659149169922,96.23152205523323,84.32659149169922,84.31666859692332,83
2025-07-21,89.28697967529297,96.23152253892687,84.32659191555447,84.32659191555447,145
2025-07-22,89.28697967529297,89.28697967529297,89.28697967529297,89.28697967529297,122
2025-07-23,88.79093170166016,104.16813216395884,88.79093170166016,89.28697042625043,70
2025-07-25,88.79093170166016,88.79093170166016,87.30281552788932,88.79093170166016,750
2025-07-28,89.28697967529297,89.28697967529297,79.36620415581598,88.79094089931912,2687
2025-07-29,89.28697967529297,89.28697967529297,86.80678579542372,89.28697967529297,157
2025-07-30,89.28697967529297,104.16814295450847,84.32659191555447,89.28697967529297,452
2025-07-31,89.28697967529297,89.28697967529297,89.28697967529297,89.28697967529297,18
2025-08-01,89.08856201171875,104.1681368968212,84.32658701171239,89.28697448298959,322
2025-08-04,86.21154022216797,86.80678523570835,79.3662036440762,86.21154022216797,150
2025-08-05,88.28497314453125,88.2948960386732,85.81470232972171,86.21153483694405,383
2025-08-06,87.30282592773438,89.17785192452985,79.36620538884944,87.30282592773438,400
2025-08-07,89.17784881591797,89.17784881591797,79.36620262225746,87.3028228844832,897
2025-08-08,89.28697967529297,89.29690257011873,89.28697967529297,89.17785053906263,1808
2025-08-11,89.28697967529297,104.16814295450847,88.79094089931912,89.28697967529297,1453
2025-08-12,104.16814422607422,104.16814422607422,89.28698076520648,104.16814422607422,140
2025-08-13,116.07306671142578,116.07306671142578,99.20774932600494,104.16813679230519,274
2025-08-14,128.97007751464844,129.9621550339919,116.0730697631836,116.0730697631836,372
2025-08-15,127.98792266845703,128.97008491863616,116.07307642677253,128.97008491863616,414
2025-08-19,127.9780044555664,128.97008200948554,127.9780044555664,127.98791978146083,1316
2025-08-20,125.00177001953125,133.9304678780692,119.04930478050596,127.97800263904391,1305
2025-08-21,127.9780044555664,133.93046977908114,127.48196567860685,127.9780044555664,260
2025-08-22,148.81163024902344,148.81163024902344,148.81163024902344,127.97800201416015,60
2025-08-25,168.65318298339844,168.65318298339844,163.6927952485926,168.65318298339844,17
2025-08-26,168.65318298339844,183.53434618781594,168.65318298339844,168.65318298339844,300
2025-08-27,192.46304321289062,193.45512075522512,163.6927944851905,168.65318219686293,310
2025-08-28,198.41549682617188,208.33627166748047,188.49472198486328,192.46303192138672,208
2025-08-29,198.41549682617188,198.41549682617188,198.41549682617188,198.41549682617188,367
2025-09-01,198.41549682617188,223.21743392944336,158.74231278613442,198.41549682617188,200
2025-09-02,198.41549682617188,198.41549682617188,188.49472198486328,198.41549682617188,4
2025-09-03,213.29666137695312,218.25704885083576,213.29666137695312,198.41549895530522,126
2025-09-04,213.29666137695312,243.05898622024893,213.29666137695312,213.29666137695312,1373
2025-09-05,243.0590057373047,243.0590057373047,228.177842120735,213.29667850416533,162
2025-09-08,270.8371887207031,272.82134394942625,218.257075159541,243.05901551857974,100
2025-09-09,302.5836486816406,302.5836486816406,292.66287331502946,270.83716750848487,446
2025-09-10,316.47271728515625,332.3459570235967,248.01937091313187,302.58363251402085,278
2025-09-11,316.47271728515625,316.47271728515625,316.47271728515625,316.47271728515625,15
2025-09-12,336.3143005371094,367.06870560097485,268.85302491314644,316.4727488830026,176
2025-09-16,336.3143005371094,352.1875418603948,327.38560229276135,336.3143005371094,444
2025-09-17,325.4014587402344,356.15586490165896,297.6232854331412,325.4014587402344,341
2025-09-18,312.5044250488281,322.4252004472036,260.91639297727556,325.40143306671627,459
2025-09-19,297.6232604980469,321.4331213378906,297.6232604980469,312.50442352294925,817
2025-09-22,298.60870361328125,303.59564507767595,252.830471638458,298.6186672895173,404
2025-09-23,298.31005859375,298.60866507167356,251.8350435763192,298.60866507167356,50
2025-09-24,348.3784484863281,357.9541479831267,348.3784484863281,298.3100688322103,83
2025-09-25,378.18060302734375,382.2318699814435,342.4160501917098,378.18060302734375,182
2025-09-26,413.07916259765625,418.04620672418463,388.20423914827575,378.180599323876,2276
2025-09-29,417.8570861816406,437.9640570905829,333.45749308340214,413.07916954704547,130
2025-09-30,199.0791015625,223.9639892578125,159.2732297372073,199.0791015625,200
2025-10-01,393.1712646484375,403.1152864971403,329.47591538056923,398.15820589796886,539
2025-10-02,388.2042541503906,392.18583624424076,383.2272765330779,388.2042541503906,181
2025-10-03,378.25030517578125,388.2042605751439,310.66295408952095,388.2042605751439,508
2025-10-06,318.52655029296875,378.2502784729004,310.6629321580229,378.2502784729004,193
2025-10-07,348.388427734375,373.2733154296875,318.5265625,318.5265625,364
2025-10-08,328.48052978515625,378.25030702533144,328.48052978515625,348.3884406812263,602
2025-10-09,343.41143798828125,378.2502795233243,313.54957381538725,328.48050590183425,521
2025-10-10,329.47589111328125,338.4344500861499,328.4804956718514,329.47589111328125,170
2025-10-13,343.41143798828125,378.2502795233243,323.50352853968525,329.475901374264,390
2025-10-14,343.41143798828125,389.1996297200521,308.57259645323825,343.41143798828125,363
2025-10-15,388.2042541503906,398.158209385016,343.4114555945763,343.4114555945763,475
2025-10-16,392.18585205078125,418.0661367038785,358.3424028890387,388.2042697964586,166
2025-10-17,373.2733154296875,392.185830078125,318.5265625,392.185830078125,1433
2025-10-21,372.2679443359375,413.08912252597,314.5449704053169,372.2679443359375,50
2025-10-22,354.3608093261719,368.2863830956055,353.3654137943568,372.2679652228658,1000
2025-10-23,328.48052978515625,372.27793375651044,298.6186634410511,354.3608139500474,1165
2025-10-24,323.5035400390625,373.2733154296875,298.61865234375,328.480517578125,1337
2025-10-27,323.5035400390625,328.480517578125,299.6140478515625,323.5035400390625,860
2025-10-28,343.41143798828125,348.38841535043025,318.52655117753625,323.50352853968525,226
2025-10-29,318.52655029296875,378.2502784729004,318.5165866176132,343.41143703460693,1631
2025-10-30,318.52655029296875,378.2502784729004,318.52655029296875,318.52655029296875,524
2025-10-31,318.52655029296875,348.38841438293457,318.52655029296875,318.52655029296875,551
2025-11-03,328.48052978515625,363.3193738532789,298.6186634410511,318.5265743371212,951
2025-11-04,318.52655029296875,363.3193464279175,299.61403636932374,328.480504989624,316
2025-11-05,328.48052978515625,353.3654184052438,268.80655472336167,318.5265743371212,58
2025-11-06,333.4574890136719,348.3884213575676,299.61404236750815,328.4805115657066,432
2025-11-07,317.5311584472656,328.4705450630814,298.6186443077733,333.45748614368017,1172
2025-11-10,328.4705810546875,328.48054473124853,298.6186770284077,317.5311932402069,359
2025-11-11,308.5726013183594,338.43446596207156,308.5726013183594,328.47054740529387,209
2025-11-12,309.5679931640625,348.3884167441218,308.5725976876507,308.5725976876507,618
2025-11-13,328.48052978515625,343.4114629572088,278.71075254498106,328.48052978515625,26
2025-11-14,328.48052978515625,328.48052978515625,328.48052978515625,328.48052978515625,499
2025-11-17,309.5679931640625,328.48050721588623,278.71073339529744,328.48050721588623,5
2025-11-18,298.60870361328125,323.50355623031044,278.7107561368828,309.5680184234663,279
2025-11-19,273.7337646484375,298.60868866801263,273.7337646484375,273.7337646484375,1515
2025-11-20,293.64166259765625,298.6186399298199,254.82123940677965,293.64166259765625,2495
2025-11-21,283.6877136230469,293.6416684870134,274.72915424547693,293.6416684870134,523
2025-11-25,278.7107238769531,294.6270872805534,254.82123325892857,283.6877010890416,478
2025-11-26,273.7337646484375,295.6324658203125,273.7337646484375,278.7107421875,30
2025-11-27,278.7107238769531,295.63244639805384,278.7107238769531,273.73374666486467,236
2025-11-28,293.64166259765625,295.63245353052173,279.706126067598,278.71073060116527,5690
2025-12-01,288.6646728515625,298.61862708782326,283.6876957334321,293.6416499696929,808
2025-12-02,288.6646728515625,288.6646728515625,274.2314392089844,288.6646728515625,20
2025-12-03,288.6646728515625,298.61862708782326,273.7337414971713,288.6646728515625,255
2025-12-04,288.6646728515625,295.63244081694506,239.8902970938847,288.6646728515625,5
2025-12-05,288.6646728515625,298.61862708782326,248.8488559065194,288.6646728515625,422
2025-12-09,286.6739196777344,295.6324796676636,268.756799697876,288.66471078660754,602
2025-12-10,278.7107238769531,288.66467830113004,258.80281502859935,286.67388741629463,50
2025-12-11,288.6646728515625,288.6646728515625,274.72913692079743,278.71071861530174,173
2025-12-12,286.6739196777344,288.66471078660754,286.6739196777344,286.6739196777344,133
2025-12-15,278.7107238769531,298.6186327253069,255.81662870134627,286.67388741629463,72
2025-12-16,278.7107238769531,298.60866905022414,278.7107238769531,278.7107238769531,388
2025-12-17,288.6646728515625,298.61862708782326,288.6646728515625,278.71071861530174,90
2025-12-18,288.6646728515625,288.6646728515625,278.71071861530174,288.6646728515625,908
2025-12-19,313.5495910644531,313.5495910644531,278.71074761284723,288.6647028847346,643
2025-12-22,314.54498291015625,323.50354255000246,308.5726098169254,314.54498291015625,163
2025-12-23,333.4574890136719,333.4574890136719,318.52655666977614,314.54497471140394,206
2025-12-26,348.388427734375,348.388427734375,298.61865234375,333.4574951171875,184
2025-12-29,407.11676025390625,408.11215575574954,347.39303014330875,348.38842564515204,522
2025-12-30,423.0430908203125,447.927978515625,378.25029296875,407.1167626953125,1517
2026-01-02,477.7898254394531,477.7898254394531,398.178084839863,423.0430746078491,321
2026-01-05,547.467529296875,547.467529296875,467.835888671875,477.78984375,631
2026-01-06,786.3624877929688,786.3624877929688,617.1452435843552,547.4675547925732,459
2026-01-07,786.3624877929688,786.3624877929688,776.4085322512856,786.3624877929688,90
2026-01-08,895.85595703125,915.7638671875,846.086181640625,786.362451171875,1038
2026-01-09,1098.8668212890625,1098.8668212890625,915.7638663897551,895.8559562508474,52
2026-01-13,1094.9251708984375,1094.9351345748664,1093.9397389979802,1094.9251708984375,200
2026-01-14,1092.9342041015625,1094.9349586102269,1084.981004441043,1094.9249949353994,285
2026-01-15,995.3955078125,1094.93505859375,985.441552734375,1092.9343039023877,748
2026-01-16,985.4315795898438,995.3954982479651,896.8513439214165,995.3954982479651,306
2026-01-20,985.4315795898438,985.4415432654854,975.4875882830057,985.4315795898438,101
2026-01-21,895.85595703125,995.3955078125,888.8881884765625,985.4315890586375,457
2026-01-22,895.85595703125,895.85595703125,875.9480468749999,895.85595703125,120
2026-01-23,895.85595703125,884.9066064453125,851.0631591796874,895.85595703125,75050
2026-01-26,895.85595703125,869.975673828125,854.049345703125,895.85595703125,101
2026-01-27,846.086181640625,868.9802783203124,811.2473388671875,895.85595703125,208
2026-01-28,796.31640625,866.9894873046875,766.454541015625,846.086181640625,261
2026-01-29,770.4360961914062,866.9894570836109,762.4729324064821,796.3163784924095,8179
2026-01-30,791.3394165039062,791.3394165039062,766.4545291924627,770.4361111622936,843
2026-02-02,856.0401611328125,862.0125343500182,821.2013173657795,791.3394512797511,407
2026-02-03,930.525634765625,940.6487904517129,875.9480799973624,856.0401690883314,535
2026-02-04,935.6717529296875,935.6717529296875,847.0815550459192,935.6717529296875,460
2026-02-05,935.6717529296875,1005.349436658494,1005.349436658494,935.6717529296875,450
2026-02-06,935.6717529296875,1025.257346295296,1005.349436658494,935.6717529296875,470
2026-02-09,937.6625366210938,1025.2573383436588,935.6717456728536,935.6717456728536,250
2026-02-10,885.9019775390625,937.6625425188729,846.0961219992865,885.9019775390625,196
2026-02-11,937.6625366210938,995.395474120057,895.8559267080514,885.9019719668507,50
2026-02-12,937.6625366210938,995.395474120057,937.6625366210938,937.6625366210938,124
2026-02-13,995.3955078125,995.3955078125,995.3955078125,937.662568359375,600
2026-02-18,995.3955078125,995.3955078125,995.3955078125,995.3955078125,0
2026-02-19,1094.93505859375,1193.4792138671874,995.3955078125,995.3955078125,249
2026-02-20,1546.8446044921875,1572.724887450229,1194.4745980634652,1313.9220578698116,475
2026-02-23,1692.17236328125,1855.4172265625,1239.2674072265625,1546.844619140625,301
2026-02-24,1876.320556640625,1890.2560939313246,1547.84003478842,1692.1723852992375,75000
2026-02-25,1692.17236328125,1941.021240234375,1692.17236328125,1876.3205322265624,100
2026-02-26,1841.481689453125,1876.3205322265624,1692.17236328125,1692.17236328125,381
2026-02-27,1871.343505859375,1969.8876585615442,1791.7118673121674,1841.4816414041723,173
2026-03-02,1892.246826171875,2219.731942326818,1871.3435208853894,1871.3435208853894,1465
2026-03-03,1990.791015625,2188.8747216796874,1892.2468603515624,1892.2468603515624,187
2026-03-04,2090.33056640625,2239.639892578125,2090.33056640625,1990.791015625,281
2026-03-05,1990.791015625,2287.4188769531247,1990.791015625,2090.33056640625,29
2026-03-06,2229.685791015625,2816.969102042062,1990.7908848353795,1990.7908848353795,349
2026-03-09,2229.685791015625,2667.6597856794083,2000.7448392595563,2229.685791015625,488
2026-03-10,2289.40966796875,2667.6599609375,2269.5017578125,2229.6859375,1
2026-03-11,2229.685791015625,2438.71883392334,2229.685791015625,2289.4095175606863,450
2026-03-12,2229.685791015625,2413.8339478628977,2189.8699733189173,2229.685791015625,20
2026-03-13,2229.685791015625,2438.71883392334,2228.6903955732073,2229.685791015625,54
2026-03-16,2388.94921875,2653.266580777168,2229.6859375,2229.6859375,656
2026-03-17,2339.179443359375,2438.718994140625,1936.0442626953125,2388.94921875,234
2026-03-18,2339.179443359375,2339.179443359375,1990.791015625,2339.179443359375,439
2026-03-20,2289.40966796875,2339.179443359375,1990.820906652212,2339.179443359375,738
2026-03-23,2264.52490234375,2339.1596421014347,2214.755124270261,2289.4097913804944,193
2026-03-24,2214.7548828125,2329.2253599016854,1990.7909058988764,2264.524655459972,72
2026-03-25,1845.4632568359375,1990.7909998230177,1791.711899840716,2214.754987303107,479
2026-03-26,1824.1319580078125,1848.055000080046,1694.5488134498803,1848.055000080046,464
2026-03-27,1764.3243408203125,1823.1351521809897,1744.388472562456,1824.1319455938824,358
2026-03-30,1774.292236328125,2093.266121510709,1764.3243024161693,1761.7326639348369,32
2026-03-31,1694.5487060546875,1774.2921745749081,1694.5487060546875,1774.2921745749081,283
2026-04-01,1744.3485107421875,1993.5867673311723,1694.5487522314963,1694.5487522314963,300
2026-04-06,1738.40771484375,1993.5868289492546,1495.190121711941,1744.348564656776,352
2026-04-07,1594.869384765625,1742.3948028564453,1594.869384765625,1738.407629394531,149
2026-04-08,1569.9495849609375,1594.859441974674,1410.4626429966518,1594.869419642857,278
2026-04-09,1508.1484375,1572.9400095009914,1495.1901230998017,1569.9496292547917,585
2026-04-10,1445.3504638671875,1514.1292100787987,1396.50758612271,1508.1484495386585,286
2026-04-13,1425.41455078125,1719.4686014668926,1395.5107490166083,1445.3504186243445,198
2026-04-14,1395.5107421875,1593.8726262555804,1345.6710728236608,1425.4145438058035,318
2026-04-15,1495.1800537109375,1648.6962079336793,1395.5106959535376,1495.1800537109375,2977
2026-04-16,1643.7122802734375,1644.709073651408,1397.5043159147115,1495.1800892877354,95
2026-04-17,1644.7091064453125,1644.7091064453125,1555.9944940370501,1643.7123130474668,434
2026-04-20,1613.8084716796875,1644.7090662578655,1594.8693975833849,1644.7090662578655,768
2026-04-21,1613.8084716796875,1624.7731987880732,1602.8437445713016,1613.8084716796875,239
2026-04-22,1604.83740234375,1624.7732706958463,1584.9015339916537,1604.83740234375,15
2026-04-23,1604.83740234375,1604.83740234375,1564.9656656395575,1604.83740234375,185
2026-04-24,1604.83740234375,1644.7091390479425,1370.5909492066187,1604.83740234375,172
2026-04-27,1604.83740234375,1644.7091390479425,1295.8314428862577,1604.83740234375,196
2026-04-28,1569.9495849609375,1663.6481633649553,1495.1900809151784,1569.9495849609375,20
2026-04-29,1569.9495849609375,1594.869419642857,1554.9976841517857,1569.9495849609375,1
2026-04-30,1554.9976806640625,1569.9495814396785,1545.0297468136519,1569.9495814396785,401
2026-05-04,1554.9976806640625,1694.5487545698118,1694.5487545698118,1554.9976806640625,2
2026-05-05,1634.7412109375,1694.5488162157012,1345.6711187595274,1554.9977372332316,64
2026-05-06,1624.773193359375,1694.5487292705138,1594.869392254601,1634.7411270609662,511
2026-05-07,1624.773193359375,1624.773193359375,1350.6550165656154,1624.773193359375,307
2026-05-08,1624.773193359375,1604.8373259561924,1495.1900552386885,1624.773193359375,1000
2026-05-11,1584.9014892578125,1694.548762099548,1584.9014892578125,1624.7732248366256,500
2026-05-12,1584.9014892578125,1893.9074399936126,1357.632596458579,1584.9014892578125,150
2026-05-13,1535.061767578125,1584.9014353566356,1400.4946645761465,1535.061767578125,1380
2026-05-14,1535.061767578125,1594.8693689123377,1475.2541662439123,1535.061767578125,205
2026-05-15,1535.061767578125,1898.891342361252,1540.045734355976,1535.061767578125,20
2026-05-19,1535.061767578125,1694.5487044693589,1535.061767578125,1535.061767578125,5
2026-05-20,1535.061767578125,1694.5487044693589,1535.061767578125,1535.061767578125,179
2026-05-21,1544.032958984375,1545.0297523730028,1346.6778457042785,1535.0618184867253,455
2026-05-22,1544.032958984375,1545.0297523730028,1350.6650192587895,1544.032958984375,106
2026-05-25,1495.16015625,1544.032965503704,1475.254221397987,1544.032965503704,364
2026-05-26,1495.16015625,1545.0297588965404,1351.6618183545027,1495.16015625,277
2026-05-27,1495.16015625,1544.930103893033,1353.6554051401756,1495.16015625,87
2026-05-28,1510.1419677734375,1545.029736005827,1485.2221333217308,1495.1601340981404,75
2026-05-29,1510.1419677734375,1545.029736005827,1510.1419677734375,1510.1419677734375,227
2026-06-01,1510.1419677734375,1794.228080522896,1300.8253360471906,1510.1419677734375,70
2026-06-02,1510.1419677734375,1774.2822352934395,1456.9031993807248,1510.1419677734375,153
2026-06-03,1524.0970458984375,1644.7090423364434,1305.7993002792368,1510.1419388725526,359
2026-06-04,1554.9976806640625,1774.2822477049363,1524.0970857277896,1524.0970857277896,604
2026-06-05,1554.9976806640625,1774.2822477049363,1524.0970857277896,1554.9976806640625,122
2026-06-09,1554.9976806640625,1774.2822477049363,1300.8253451467515,1554.9976806640625,322
2026-06-10,1554.9976806640625,1693.5519611847708,1300.8253451467515,1554.9976806640625,72
2026-06-11,1554.9976806640625,1594.869416065705,1316.7640616392478,1554.9976806640625,65
2026-06-12,1554.9976806640625,1574.9335483648838,1545.0297468136519,1554.9976806640625,264
2026-06-15,1554.9976806640625,1594.869416065705,1345.6810474735996,1554.9976806640625,254
2026-06-16,1554.9976806640625,1774.2822477049363,1495.1900775615986,1554.9976806640625,102
2026-06-17,1554.9976806640625,1764.3242915226863,1495.1900775615986,1554.9976806640625,608
2026-06-18,1554.9976806640625,1554.9976806640625,1554.9877029959018,1554.9976806640625,190
2026-06-19,1495.1900634765625,1774.2822309907874,1495.1900634765625,1554.9976660156249,1629
2026-06-22,1495.1900634765625,1554.000872639974,1245.991719563802,1495.1900634765625,260
2026-06-23,1495.1900634765625,1495.1900634765625,1484.225336344401,1495.1900634765625,184
2026-06-24,1495.1900634765625,1495.1900634765625,1495.1900634765625,1495.1900634765625,0
2026-06-25,1495.1900634765625,1495.1900634765625,1495.1900634765625,1495.1900634765625,0
2026-06-26,1495.1900634765625,1495.1900634765625,1495.1900634765625,1495.1900634765625,0
2026-06-29,1495.1900634765625,1495.1900634765625,1495.1900634765625,1495.1900634765625,0
2026-06-30,1495.1900634765625,1769.308241780599,1485.222129720052,1495.1900634765625,36
2026-07-01,1684.580810546875,1769.3082477637297,1201.1459993893932,1684.580810546875,140
2026-07-02,1684.580810546875,1769.3082477637297,1550.0137043789293,1684.580810546875,103
2026-07-03,1684.580810546875,1769.3082477637297,1659.6609760713295,1684.580810546875,298
2026-07-06,1644.6990966796875,1988.602789893227,1350.6550277219662,1684.5808094834854,317
2026-07-07,1644.6990966796875,1694.5487432674115,1644.6990966796875,1644.6990966796875,57
2026-07-08,1644.6990966796875,1972.6540958389455,1495.1900675888924,1644.6990966796875,91
2026-07-09,1644.6990966796875,1624.7632291118355,1445.3503986692626,1644.6990966796875,91
2026-07-10,1593.8726806640625,1844.0678294112042,1495.1901319550304,1644.69916748201,420
2026-07-13,1594.869384765625,1844.067726135254,1593.8725914001463,1593.8725914001463,440
2026-07-14,1594.869384765625,1844.067726135254,1565.7730448331683,1594.869384765625,200
2026-07-15,1594.869384765625,1594.869384765625,1564.9556061333044,1594.869384765625,15
2026-07-16,1594.869384765625,1594.869384765625,1594.869384765625,1594.869384765625,0
2026-07-17,1594.869384765625,1838.0869659423827,1395.5206893378868,1594.869384765625,103
2026-07-20,1594.869384765625,1594.869384765625,1505.1579818725586,1594.869384765625,51
2026-07-21,1594.869384765625,1584.8914734428747,1295.8313751220703,1594.869384765625,185
2026-07-22,1594.869384765625,1583.9046577453612,1475.2541809082031,1594.869384765625,76
2026-07-23,1594.869384765625,1594.869384765625,1395.5107116699219,1594.869384765625,55
2026-07-27,1496.1868896484375,1594.8694360009993,1495.190096250937,1594.8694360009993,422
2026-07-28,1496.1868896484375,1793.2313221036236,1449.337599965908,1496.1868896484375,2475
2026-07-29,1496.1868896484375,1594.8694360009993,1495.190096250937,1496.1868896484375,370
2026-07-30,1496.1868896484375,1794.2281155011242,1594.8694360009993,1496.1868896484375,107
2026-07-31,1496.1868896484375,1594.8694360009993,1593.8626649352132,1496.1868896484375,264
2026-08-03,1743.3916015625,1793.2312699891008,1500.1740196406874,1496.1868461665595,30
2026-08-04,1743.3916015625,1794.228063357633,1614.8052570218697,1743.3916015625,150
2026-08-05,1743.3916015625,1943.7470686374356,1729.4364944030517,1743.3916015625,78
2026-08-06,1743.3916015625,1743.3916015625,1445.3603620394222,1743.3916015625,89
2026-08-07,1743.3916015625,1938.7631017947756,1834.0997980989137,1743.3916015625,300
2026-08-10,1743.3916015625,1938.7631017947756,1823.1350710450615,1743.3916015625,76
2026-08-11,1794.2181396484375,1938.763160100581,1714.4846454359895,1743.391653992759,352
2026-08-12,1794.2281494140625,1938.7631947835287,1794.2181717455883,1794.2181717455883,286
2026-08-13,1794.2281494140625,1933.779227701823,1793.2313559977213,1794.2281494140625,120
2026-08-14,1804.196044921875,1933.7791862698548,1774.292243072341,1794.2281109720302,667
2026-08-17,1804.196044921875,1804.196044921875,1744.378463554547,1804.196044921875,166
2026-08-18,1744.3685302734375,1794.2181789593935,1554.9977357441867,1804.196090831396,492
2026-08-19,1744.3685302734375,1804.196090831396,1743.8900889002914,1744.3685302734375,1389
2026-08-20,1744.3685302734375,1804.196090831396,1551.0105620627915,1744.3685302734375,139
2026-08-21,1744.3685302734375,1804.196090831396,1445.3504595058146,1744.3685302734375,178
2026-08-24,1744.3685302734375,1804.196090831396,1446.3472529261635,1744.3685302734375,105
2026-08-25,1743.3916015625,1784.2601296723128,1743.3916015625,1744.3684395950409,412
2026-08-26,1743.3916015625,1804.195997042953,1676.6064458708547,1743.3916015625,239
2026-08-27,1743.3916015625,1804.195997042953,1743.3916015625,1743.3916015625,166
2026-08-28,1744.388427734375,1784.2601632254464,1743.3916343470983,1743.3916343470983,500
2026-08-31,1748.3756103515625,1804.1960403285793,1743.391643389329,1744.3884367817757,416
2026-09-01,1748.3756103515625,1804.1960403285793,1748.3756103515625,1748.3756103515625,216
2026-09-02,1794.2281494140625,1804.196083577474,1750.369239095052,1748.3756522623698,693
2026-09-03,1794.2281494140625,2146.096225382487,1804.196083577474,1794.2281494140625,832
2026-09-04,1794.2281494140625,2332.4965942382814,1806.1896704101562,1794.2281494140625,28
2026-09-07,1794.2281494140625,2153.073779296875,1893.907491048177,1794.2281494140625,104
2026-09-08,1973.65087890625,2093.266083688447,1796.2216584793246,1973.65087890625,40
2026-09-09,1974.65771484375,2153.0737568393843,1584.9015154512135,1973.6509437694358,1761
2026-09-10,2043.4263916015625,2152.0768680330602,1974.657627308267,1974.657627308267,2571
2026-09-11,2158.0576171875,2227.8331521543014,2043.426381170612,2043.426381170612,546
2026-09-15,2158.0576171875,2342.4643881711895,2158.0576171875,2158.0576171875,973
2026-09-16,2158.0576171875,2491.9833916714783,2158.0576171875,2158.0576171875,395
2026-09-17,2164.038330078125,2442.143670516539,2158.057570068697,2158.057570068697,413
2026-09-18,2176.0,2541.823179111315,2164.038479157123,2164.038479157123,479
2026-09-21,2182.0,2597.77001953125,2170.0,2183.0,100
2026-09-22,2182.0,2182.0,2182.0,2182.0,49
