Date,Close,High,Low,Open,Volume
,BNC.CR,BNC.CR,BNC.CR,BNC.CR,BNC.CR
2005-09-06,1932.18896484375,1932.18896484375,1932.18896484375,1932.18896484375,36650
2005-09-07,1932.18896484375,1932.18896484375,1932.18896484375,1932.18896484375,439805
2005-09-08,1932.18896484375,1932.18896484375,1932.18896484375,1932.18896484375,0
2005-09-09,1932.18896484375,1932.18896484375,1932.18896484375,1932.18896484375,0
2005-09-12,1932.18896484375,1932.18896484375,1932.18896484375,1932.18896484375,29320
2005-09-13,1932.18896484375,1932.18896484375,1932.18896484375,1932.18896484375,29320
2005-09-14,1932.18896484375,1932.18896484375,1932.18896484375,1932.18896484375,161261
2005-09-15,1932.18896484375,1932.18896484375,1932.18896484375,1932.18896484375,0
2005-09-16,1932.18896484375,1932.18896484375,1932.18896484375,1932.18896484375,51310
2005-09-19,1932.18896484375,1932.18896484375,1932.18896484375,1932.18896484375,29320
2005-09-20,1932.18896484375,1932.18896484375,1932.18896484375,1932.18896484375,0
2005-09-21,1932.18896484375,1932.18896484375,1932.18896484375,1932.18896484375,455931
2005-09-22,1932.18896484375,1932.18896484375,1932.18896484375,1932.18896484375,0
2005-09-23,1932.18896484375,1932.18896484375,1932.18896484375,1932.18896484375,65970
2005-09-26,1932.18896484375,1932.18896484375,1932.18896484375,1932.18896484375,87961
2005-09-27,1932.18896484375,1932.18896484375,1932.18896484375,1932.18896484375,0
2005-09-28,1932.18896484375,1932.18896484375,1932.18896484375,1932.18896484375,58640
2005-09-29,1932.18896484375,1932.18896484375,1932.18896484375,1932.18896484375,0
2005-09-30,1932.18896484375,1932.18896484375,1932.18896484375,1932.18896484375,0
2005-10-03,1932.18896484375,1932.18896484375,1932.18896484375,1932.18896484375,0
2005-10-04,1932.18896484375,1932.18896484375,1932.18896484375,1932.18896484375,263883
2005-10-05,1932.18896484375,1932.18896484375,1932.18896484375,1932.18896484375,0
2005-10-06,1932.18896484375,1932.18896484375,1932.18896484375,1932.18896484375,0
2005-10-07,1932.18896484375,1932.18896484375,1932.18896484375,1932.18896484375,0
2005-10-10,1932.18896484375,1932.18896484375,1932.18896484375,1932.18896484375,0
2005-10-11,1932.18896484375,1932.18896484375,1932.18896484375,1932.18896484375,0
2005-10-12,1932.18896484375,1932.18896484375,1932.18896484375,1932.18896484375,0
2005-10-13,1932.18896484375,1932.18896484375,1932.18896484375,1932.18896484375,0
2005-10-14,1932.18896484375,1932.18896484375,1932.18896484375,1932.18896484375,0
2005-10-17,1932.18896484375,1932.18896484375,1932.18896484375,1932.18896484375,0
2005-10-18,1932.18896484375,1932.18896484375,1932.18896484375,1932.18896484375,73300
2005-10-19,1932.18896484375,1932.18896484375,1932.18896484375,1932.18896484375,0
2005-10-20,1932.18896484375,1932.18896484375,1932.18896484375,1932.18896484375,0
2005-10-21,1932.18896484375,1932.18896484375,1932.18896484375,1932.18896484375,3335188
2005-10-24,1932.18896484375,1932.18896484375,1932.18896484375,1932.18896484375,0
2005-10-25,1932.18896484375,1932.18896484375,1932.18896484375,1932.18896484375,0
2005-10-26,1932.18896484375,1932.18896484375,1932.18896484375,1932.18896484375,0
2005-10-27,1932.18896484375,1932.18896484375,1932.18896484375,1932.18896484375,0
2005-10-28,1932.18896484375,1932.18896484375,1932.18896484375,1932.18896484375,1721103
2005-10-31,1932.18896484375,1932.18896484375,1932.18896484375,1932.18896484375,0
2005-11-01,1932.18896484375,1932.18896484375,1932.18896484375,1932.18896484375,0
2005-11-02,1932.18896484375,1932.18896484375,1932.18896484375,1932.18896484375,0
2005-11-03,1932.18896484375,1932.18896484375,1932.18896484375,1932.18896484375,0
2005-11-04,1932.18896484375,1932.18896484375,1932.18896484375,1932.18896484375,0
2005-11-07,1932.18896484375,1932.18896484375,1932.18896484375,1932.18896484375,0
2005-11-08,1932.18896484375,1932.18896484375,1932.18896484375,1932.18896484375,73300
2005-11-09,1932.18896484375,1932.18896484375,1932.18896484375,1932.18896484375,0
2005-11-10,1932.18896484375,1932.18896484375,1932.18896484375,1932.18896484375,293203
2005-11-11,1932.18896484375,1932.18896484375,1932.18896484375,1932.18896484375,0
2005-11-14,1932.18896484375,1932.18896484375,1932.18896484375,1932.18896484375,293203
2005-11-15,1932.18896484375,1932.18896484375,1932.18896484375,1932.18896484375,146601
2005-11-16,1932.18896484375,1932.18896484375,1932.18896484375,1932.18896484375,0
2005-11-17,1932.18896484375,1932.18896484375,1932.18896484375,1932.18896484375,293203
2005-11-18,1932.18896484375,1932.18896484375,1932.18896484375,1932.18896484375,0
2005-11-21,1932.18896484375,1932.18896484375,1932.18896484375,1932.18896484375,0
2005-11-22,1932.18896484375,1932.18896484375,1932.18896484375,1932.18896484375,0
2005-11-23,1932.18896484375,1932.18896484375,1932.18896484375,1932.18896484375,146601
2005-11-24,1932.18896484375,1932.18896484375,1932.18896484375,1932.18896484375,146601
2005-11-25,1932.18896484375,1932.18896484375,1932.18896484375,1932.18896484375,0
2005-11-28,1932.18896484375,1932.18896484375,1932.18896484375,1932.18896484375,0
2005-11-29,1932.18896484375,1932.18896484375,1932.18896484375,1932.18896484375,0
2005-11-30,1932.18896484375,1932.18896484375,1932.18896484375,1932.18896484375,329853
2005-12-01,1932.18896484375,1932.18896484375,1932.18896484375,1932.18896484375,0
2005-12-02,1932.18896484375,1932.18896484375,1932.18896484375,1932.18896484375,0
2005-12-05,1932.18896484375,1932.18896484375,1932.18896484375,1932.18896484375,0
2005-12-06,1932.18896484375,1932.18896484375,1932.18896484375,1932.18896484375,146601
2005-12-07,1932.18896484375,1932.18896484375,1932.18896484375,1932.18896484375,0
2005-12-08,1932.18896484375,1932.18896484375,1932.18896484375,1932.18896484375,20524
2005-12-09,1932.18896484375,1932.18896484375,1932.18896484375,1932.18896484375,0
2005-12-12,1932.18896484375,1932.18896484375,1932.18896484375,1932.18896484375,0
2005-12-13,1932.18896484375,1932.18896484375,1932.18896484375,1932.18896484375,0
2005-12-14,1932.18896484375,1932.18896484375,1932.18896484375,1932.18896484375,0
2005-12-15,1932.18896484375,1932.18896484375,1932.18896484375,1932.18896484375,0
2005-12-16,1932.18896484375,1932.18896484375,1932.18896484375,1932.18896484375,0
2005-12-19,1932.18896484375,1932.18896484375,1932.18896484375,1932.18896484375,0
2005-12-20,1932.18896484375,1932.18896484375,1932.18896484375,1932.18896484375,0
2005-12-21,1932.18896484375,1932.18896484375,1932.18896484375,1932.18896484375,0
2005-12-22,1932.18896484375,1932.18896484375,1932.18896484375,1932.18896484375,0
2005-12-23,1932.18896484375,1932.18896484375,1932.18896484375,1932.18896484375,0
2005-12-26,1932.18896484375,1932.18896484375,1932.18896484375,1932.18896484375,219902
2005-12-27,1932.18896484375,1932.18896484375,1932.18896484375,1932.18896484375,0
2005-12-28,1932.18896484375,1932.18896484375,1932.18896484375,1932.18896484375,306138
2005-12-29,1932.18896484375,1932.18896484375,1932.18896484375,1932.18896484375,0
2005-12-30,1932.18896484375,1932.18896484375,1932.18896484375,1932.18896484375,17010106
2006-01-02,1932.18896484375,1932.18896484375,1932.18896484375,1932.18896484375,0
2006-01-03,1932.18896484375,1932.18896484375,1932.18896484375,1932.18896484375,0
2006-01-04,1932.18896484375,1932.18896484375,1932.18896484375,1932.18896484375,0
2006-01-05,1932.18896484375,1932.18896484375,1932.18896484375,1932.18896484375,35931
2006-01-06,1932.18896484375,1932.18896484375,1932.18896484375,1932.18896484375,7186
2006-01-09,1932.18896484375,1932.18896484375,1932.18896484375,1932.18896484375,0
2006-01-10,1932.18896484375,1932.18896484375,1932.18896484375,1932.18896484375,0
2006-01-11,1932.18896484375,1932.18896484375,1932.18896484375,1932.18896484375,0
2006-01-12,1932.18896484375,1932.18896484375,1932.18896484375,1932.18896484375,21559
2006-01-13,1932.18896484375,1932.18896484375,1932.18896484375,1932.18896484375,0
2006-01-16,1932.18896484375,1932.18896484375,1932.18896484375,1932.18896484375,0
2006-01-17,1932.18896484375,1932.18896484375,1932.18896484375,1932.18896484375,0
2006-01-18,3864.3779296875,3864.3779296875,3864.3779296875,3864.3779296875,21559
2006-01-19,3864.3779296875,3864.3779296875,3864.3779296875,3864.3779296875,0
2006-01-20,3864.3779296875,3864.3779296875,3864.3779296875,3864.3779296875,0
2006-01-23,3864.3779296875,3864.3779296875,3864.3779296875,3864.3779296875,0
2006-01-24,1932.18896484375,1932.18896484375,1932.18896484375,1932.18896484375,701388
2006-01-25,1932.18896484375,1932.18896484375,1932.18896484375,1932.18896484375,116418
2006-01-26,3864.3779296875,3864.3779296875,3864.3779296875,3864.3779296875,14372
2006-01-27,3864.3779296875,3864.3779296875,3864.3779296875,3864.3779296875,0
2006-01-30,3864.3779296875,3864.3779296875,3864.3779296875,3864.3779296875,0
2006-01-31,3864.3779296875,3864.3779296875,3864.3779296875,3864.3779296875,7186
2006-02-01,1932.18896484375,1932.18896484375,1932.18896484375,1932.18896484375,25339093
2006-02-02,1932.18896484375,1932.18896484375,1932.18896484375,1932.18896484375,148038
2006-02-03,1932.18896484375,1932.18896484375,1932.18896484375,1932.18896484375,143727
2006-02-06,1932.18896484375,1932.18896484375,1932.18896484375,1932.18896484375,0
2006-02-07,1932.18896484375,1932.18896484375,1932.18896484375,1932.18896484375,143727
2006-02-08,1932.18896484375,1932.18896484375,1932.18896484375,1932.18896484375,0
2006-02-09,1932.18896484375,1932.18896484375,1932.18896484375,1932.18896484375,0
2006-02-10,1932.18896484375,1932.18896484375,1932.18896484375,1932.18896484375,0
2006-02-13,1932.18896484375,1932.18896484375,1932.18896484375,1932.18896484375,574908
2006-02-14,1932.18896484375,1932.18896484375,1932.18896484375,1932.18896484375,0
2006-02-15,1932.18896484375,1932.18896484375,1932.18896484375,1932.18896484375,0
2006-02-16,3864.3779296875,3864.3779296875,3864.3779296875,3864.3779296875,143727
2006-02-17,3864.3779296875,3864.3779296875,3864.3779296875,3864.3779296875,0
2006-02-20,3864.3779296875,3864.3779296875,3864.3779296875,3864.3779296875,0
2006-02-21,3864.3779296875,3864.3779296875,3864.3779296875,3864.3779296875,73300
2006-02-22,3864.3779296875,3864.3779296875,3864.3779296875,3864.3779296875,0
2006-02-23,3864.3779296875,3864.3779296875,3864.3779296875,3864.3779296875,0
2006-02-24,3864.3779296875,3864.3779296875,3864.3779296875,3864.3779296875,143727
2006-02-27,3864.3779296875,3864.3779296875,3864.3779296875,3864.3779296875,0
2006-02-28,3864.3779296875,3864.3779296875,3864.3779296875,3864.3779296875,0
2006-03-01,3864.3779296875,3864.3779296875,3864.3779296875,3864.3779296875,0
2006-03-02,3864.3779296875,3864.3779296875,3864.3779296875,3864.3779296875,0
2006-03-03,3864.3779296875,3864.3779296875,3864.3779296875,3864.3779296875,0
2006-03-06,3864.3779296875,3864.3779296875,3864.3779296875,3864.3779296875,71863
2006-03-07,3864.3779296875,3864.3779296875,3864.3779296875,3864.3779296875,0
2006-03-08,3864.3779296875,3864.3779296875,3864.3779296875,3864.3779296875,0
2006-03-09,3864.3779296875,3864.3779296875,3864.3779296875,3864.3779296875,0
2006-03-10,3864.3779296875,3864.3779296875,3864.3779296875,3864.3779296875,0
2006-03-13,3864.3779296875,3864.3779296875,3864.3779296875,3864.3779296875,287454
2006-03-14,3864.3779296875,3864.3779296875,3864.3779296875,3864.3779296875,146601
2006-03-15,3864.3779296875,3864.3779296875,3864.3779296875,3864.3779296875,0
2006-03-16,3864.3779296875,3864.3779296875,3864.3779296875,3864.3779296875,171035
2006-03-17,3864.3779296875,3864.3779296875,3864.3779296875,3864.3779296875,73300
2006-03-20,3864.3779296875,3864.3779296875,3864.3779296875,3864.3779296875,0
2006-03-21,3864.3779296875,3864.3779296875,3864.3779296875,3864.3779296875,35931
2006-03-22,3864.3779296875,3864.3779296875,3864.3779296875,3864.3779296875,0
2006-03-23,3864.3779296875,3864.3779296875,3864.3779296875,3864.3779296875,0
2006-03-24,3864.3779296875,3864.3779296875,3864.3779296875,3864.3779296875,0
2006-03-27,3864.3779296875,3864.3779296875,3864.3779296875,3864.3779296875,0
2006-03-28,3864.3779296875,3864.3779296875,3864.3779296875,3864.3779296875,0
2006-03-29,3864.3779296875,3864.3779296875,3864.3779296875,3864.3779296875,0
2006-03-30,3864.3779296875,3864.3779296875,3864.3779296875,3864.3779296875,4311
2006-03-31,3864.3779296875,3864.3779296875,3864.3779296875,3864.3779296875,0
2006-04-03,3864.3779296875,3864.3779296875,3864.3779296875,3864.3779296875,0
2006-04-04,3864.3779296875,3864.3779296875,3864.3779296875,3864.3779296875,0
2006-04-05,3864.3779296875,3864.3779296875,3864.3779296875,3864.3779296875,0
2006-04-06,3864.3779296875,3864.3779296875,3864.3779296875,3864.3779296875,0
2006-04-07,3864.3779296875,3864.3779296875,3864.3779296875,3864.3779296875,0
2006-04-10,3864.3779296875,3864.3779296875,3864.3779296875,3864.3779296875,7186
2006-04-11,3864.3779296875,3864.3779296875,3864.3779296875,3864.3779296875,172472
2006-04-12,3864.3779296875,3864.3779296875,3864.3779296875,3864.3779296875,0
2006-04-13,3864.3779296875,3864.3779296875,3864.3779296875,3864.3779296875,0
2006-04-14,3864.3779296875,3864.3779296875,3864.3779296875,3864.3779296875,0
2006-04-17,3864.3779296875,3864.3779296875,3864.3779296875,3864.3779296875,1437
2006-04-18,3864.3779296875,3864.3779296875,3864.3779296875,3864.3779296875,35931
2006-04-19,3864.3779296875,3864.3779296875,3864.3779296875,3864.3779296875,0
2006-04-20,3864.3779296875,3864.3779296875,3864.3779296875,3864.3779296875,73300
2006-04-21,3864.3779296875,3864.3779296875,3864.3779296875,3864.3779296875,0
2006-04-24,3864.3779296875,3864.3779296875,3864.3779296875,3864.3779296875,316199
2006-04-25,3864.3779296875,3864.3779296875,3864.3779296875,3864.3779296875,12935
2006-04-26,3864.3779296875,3864.3779296875,3864.3779296875,3864.3779296875,73300
2006-04-27,3864.3779296875,3864.3779296875,3864.3779296875,3864.3779296875,0
2006-04-28,3864.3779296875,3864.3779296875,3864.3779296875,3864.3779296875,0
2006-05-01,3864.3779296875,3864.3779296875,3864.3779296875,3864.3779296875,0
2006-05-02,1932.18896484375,1932.18896484375,1932.18896484375,1932.18896484375,35931
2006-05-03,3864.3779296875,3864.3779296875,3864.3779296875,3864.3779296875,43118
2006-05-04,1932.18896484375,1932.18896484375,1932.18896484375,1932.18896484375,15795612
2006-05-05,1932.18896484375,1932.18896484375,1932.18896484375,1932.18896484375,1437
2006-05-08,1932.18896484375,1932.18896484375,1932.18896484375,1932.18896484375,143
2006-05-09,1932.18896484375,1932.18896484375,1932.18896484375,1932.18896484375,0
2006-05-10,3864.3779296875,3864.3779296875,1932.18896484375,3864.3779296875,7475248
2006-05-11,3864.3779296875,3864.3779296875,3864.3779296875,3864.3779296875,0
2006-05-12,3864.3779296875,3864.3779296875,3864.3779296875,3864.3779296875,0
2006-05-15,3864.3779296875,3864.3779296875,3864.3779296875,3864.3779296875,100608
2006-05-16,3864.3779296875,3864.3779296875,3864.3779296875,3864.3779296875,0
2006-05-17,3864.3779296875,3864.3779296875,3864.3779296875,3864.3779296875,112107
2006-05-18,3864.3779296875,3864.3779296875,3864.3779296875,3864.3779296875,0
2006-05-19,3864.3779296875,3864.3779296875,3864.3779296875,3864.3779296875,431181
2006-05-22,3864.3779296875,3864.3779296875,3864.3779296875,3864.3779296875,0
2006-05-23,1932.18896484375,1932.18896484375,1932.18896484375,1932.18896484375,209841
2006-05-24,1932.18896484375,1932.18896484375,1932.18896484375,1932.18896484375,0
2006-05-25,1932.18896484375,1932.18896484375,1932.18896484375,1932.18896484375,0
2006-05-26,1932.18896484375,1932.18896484375,1932.18896484375,1932.18896484375,0
2006-05-29,1932.18896484375,1932.18896484375,1932.18896484375,1932.18896484375,0
2006-05-30,1932.18896484375,3864.3779296875,1932.18896484375,1932.18896484375,4311
2006-05-31,1932.18896484375,1932.18896484375,1932.18896484375,1932.18896484375,0
2006-06-01,1932.18896484375,1932.18896484375,1932.18896484375,1932.18896484375,0
2006-06-02,1932.18896484375,1932.18896484375,1932.18896484375,1932.18896484375,0
2006-06-05,1932.18896484375,1932.18896484375,1932.18896484375,1932.18896484375,73300
2006-06-06,1932.18896484375,1932.18896484375,1932.18896484375,1932.18896484375,316199
2006-06-07,3864.3779296875,3864.3779296875,3864.3779296875,3864.3779296875,28745
2006-06-08,3864.3779296875,3864.3779296875,3864.3779296875,3864.3779296875,0
2006-06-09,3864.3779296875,3864.3779296875,3864.3779296875,3864.3779296875,0
2006-06-12,3864.3779296875,3864.3779296875,3864.3779296875,3864.3779296875,0
2006-06-13,3864.3779296875,3864.3779296875,3864.3779296875,3864.3779296875,0
2006-06-14,3864.3779296875,3864.3779296875,3864.3779296875,3864.3779296875,0
2006-06-15,3864.3779296875,3864.3779296875,3864.3779296875,3864.3779296875,0
2006-06-16,3864.3779296875,3864.3779296875,3864.3779296875,3864.3779296875,0
2006-06-19,3864.3779296875,3864.3779296875,3864.3779296875,3864.3779296875,0
2006-06-20,3864.3779296875,3864.3779296875,3864.3779296875,3864.3779296875,0
2006-06-21,3864.3779296875,3864.3779296875,3864.3779296875,3864.3779296875,0
2006-06-22,3864.3779296875,3864.3779296875,3864.3779296875,3864.3779296875,0
2006-06-23,3864.3779296875,3864.3779296875,3864.3779296875,3864.3779296875,162411
2006-06-26,3864.3779296875,3864.3779296875,3864.3779296875,3864.3779296875,0
2006-06-27,3864.3779296875,3864.3779296875,3864.3779296875,3864.3779296875,0
2006-06-28,3864.3779296875,3864.3779296875,3864.3779296875,3864.3779296875,0
2006-06-29,3864.3779296875,3864.3779296875,3864.3779296875,3864.3779296875,0
2006-06-30,3864.3779296875,3864.3779296875,3864.3779296875,3864.3779296875,0
2006-07-03,3864.3779296875,3864.3779296875,3864.3779296875,3864.3779296875,0
2006-07-04,3864.3779296875,3864.3779296875,3864.3779296875,3864.3779296875,0
2006-07-05,3864.3779296875,3864.3779296875,3864.3779296875,3864.3779296875,0
2006-07-06,3864.3779296875,3864.3779296875,3864.3779296875,3864.3779296875,43118
2006-07-07,3864.3779296875,3864.3779296875,3864.3779296875,3864.3779296875,0
2006-07-10,3864.3779296875,3864.3779296875,3864.3779296875,3864.3779296875,1437
2006-07-11,3864.3779296875,3864.3779296875,3864.3779296875,3864.3779296875,0
2006-07-12,3864.3779296875,3864.3779296875,3864.3779296875,3864.3779296875,0
2006-07-13,3864.3779296875,3864.3779296875,3864.3779296875,3864.3779296875,179658
2006-07-14,3864.3779296875,3864.3779296875,1932.18896484375,3864.3779296875,5749
2006-07-17,3864.3779296875,3864.3779296875,3864.3779296875,3864.3779296875,0
2006-07-18,3864.3779296875,3864.3779296875,1932.18896484375,3864.3779296875,7427818
2006-07-19,3864.3779296875,3864.3779296875,3864.3779296875,3864.3779296875,2874
2006-07-20,3864.3779296875,3864.3779296875,3864.3779296875,3864.3779296875,114981
2006-07-21,3864.3779296875,3864.3779296875,3864.3779296875,3864.3779296875,58928
2006-07-24,3864.3779296875,3864.3779296875,3864.3779296875,3864.3779296875,0
2006-07-25,3864.3779296875,3864.3779296875,3864.3779296875,3864.3779296875,0
2006-07-26,3864.3779296875,3864.3779296875,3864.3779296875,3864.3779296875,0
2006-07-27,3864.3779296875,3864.3779296875,3864.3779296875,3864.3779296875,14372
2006-07-28,3864.3779296875,3864.3779296875,3864.3779296875,3864.3779296875,0
2006-07-31,3864.3779296875,3864.3779296875,3864.3779296875,3864.3779296875,1437
2006-08-01,3864.3779296875,3864.3779296875,3864.3779296875,3864.3779296875,0
2006-08-02,3864.3779296875,3864.3779296875,3864.3779296875,3864.3779296875,0
2006-08-03,1932.18896484375,1932.18896484375,1932.18896484375,1932.18896484375,140852
2006-08-04,1932.18896484375,1932.18896484375,1932.18896484375,1932.18896484375,0
2006-08-07,1932.18896484375,1932.18896484375,1932.18896484375,1932.18896484375,38806
2006-08-08,1932.18896484375,1932.18896484375,1932.18896484375,1932.18896484375,7384700
2006-08-09,3864.3779296875,3864.3779296875,3864.3779296875,3864.3779296875,73300
2006-08-10,3864.3779296875,3864.3779296875,3864.3779296875,3864.3779296875,0
2006-08-11,3864.3779296875,3864.3779296875,3864.3779296875,3864.3779296875,0
2006-08-14,3864.3779296875,3864.3779296875,3864.3779296875,3864.3779296875,0
2006-08-15,3864.3779296875,3864.3779296875,3864.3779296875,3864.3779296875,202655
2006-08-16,3864.3779296875,3864.3779296875,3864.3779296875,3864.3779296875,0
2006-08-17,3864.3779296875,3864.3779296875,3864.3779296875,3864.3779296875,4311
2006-08-18,3864.3779296875,3864.3779296875,3864.3779296875,3864.3779296875,28745
2006-08-21,3864.3779296875,3864.3779296875,3864.3779296875,3864.3779296875,1437
2006-08-22,1932.18896484375,1932.18896484375,1932.18896484375,1932.18896484375,0
2006-08-23,1932.18896484375,1932.18896484375,1932.18896484375,1932.18896484375,0
2006-08-24,1932.18896484375,1932.18896484375,1932.18896484375,1932.18896484375,0
2006-08-25,1932.18896484375,1932.18896484375,1932.18896484375,1932.18896484375,0
2006-08-28,1932.18896484375,1932.18896484375,1932.18896484375,1932.18896484375,306989
2006-08-29,1932.18896484375,1932.18896484375,1932.18896484375,1932.18896484375,0
2006-08-30,1932.18896484375,1932.18896484375,1932.18896484375,1932.18896484375,0
2006-08-31,1932.18896484375,1932.18896484375,1932.18896484375,1932.18896484375,0
2006-09-01,1932.18896484375,1932.18896484375,1932.18896484375,1932.18896484375,0
2006-09-04,1932.18896484375,1932.18896484375,1932.18896484375,1932.18896484375,560954
2006-09-05,1932.18896484375,1932.18896484375,1932.18896484375,1932.18896484375,6977
2006-09-06,1932.18896484375,1932.18896484375,1932.18896484375,1932.18896484375,0
2006-09-07,1932.18896484375,1932.18896484375,1932.18896484375,1932.18896484375,0
2006-09-08,1932.18896484375,1932.18896484375,1932.18896484375,1932.18896484375,78142
2006-09-11,1932.18896484375,1932.18896484375,1932.18896484375,1932.18896484375,0
2006-09-12,1932.18896484375,1932.18896484375,1932.18896484375,1932.18896484375,0
2006-09-13,1932.18896484375,1932.18896484375,1932.18896484375,1932.18896484375,0
2006-09-14,1932.18896484375,1932.18896484375,1932.18896484375,1932.18896484375,0
2006-09-15,1932.18896484375,1932.18896484375,1932.18896484375,1932.18896484375,37676
2006-09-18,1932.18896484375,1932.18896484375,1932.18896484375,1932.18896484375,0
2006-09-19,1932.18896484375,1932.18896484375,1932.18896484375,1932.18896484375,538627
2006-09-20,1932.18896484375,1932.18896484375,1932.18896484375,1932.18896484375,0
2006-09-21,1932.18896484375,1932.18896484375,1932.18896484375,1932.18896484375,0
2006-09-22,1932.18896484375,1932.18896484375,1932.18896484375,1932.18896484375,0
2006-09-25,1932.18896484375,1932.18896484375,1932.18896484375,1932.18896484375,13954
2006-09-26,1932.18896484375,1932.18896484375,1932.18896484375,1932.18896484375,0
2006-09-27,1932.18896484375,1932.18896484375,1932.18896484375,1932.18896484375,0
2006-09-28,1932.18896484375,1932.18896484375,1932.18896484375,1932.18896484375,0
2006-09-29,1932.18896484375,1932.18896484375,1932.18896484375,1932.18896484375,0
2006-10-02,1932.18896484375,1932.18896484375,1932.18896484375,1932.18896484375,0
2006-10-03,1932.18896484375,1932.18896484375,1932.18896484375,1932.18896484375,0
2006-10-04,1932.18896484375,1932.18896484375,1932.18896484375,1932.18896484375,355829
2006-10-05,1932.18896484375,1932.18896484375,1932.18896484375,1932.18896484375,72561
2006-10-06,1932.18896484375,1932.18896484375,1932.18896484375,1932.18896484375,0
2006-10-09,1932.18896484375,1932.18896484375,1932.18896484375,1932.18896484375,1421921
2006-10-10,1932.18896484375,1932.18896484375,1932.18896484375,1932.18896484375,725612
2006-10-11,1932.18896484375,1932.18896484375,1932.18896484375,1932.18896484375,2790
2006-10-12,1932.18896484375,1932.18896484375,1932.18896484375,1932.18896484375,0
2006-10-13,1932.18896484375,1932.18896484375,1932.18896484375,1932.18896484375,445135
2006-10-16,1932.18896484375,1932.18896484375,1932.18896484375,1932.18896484375,220474
2006-10-17,1932.18896484375,1932.18896484375,1932.18896484375,1932.18896484375,69770
2006-10-18,1932.18896484375,1932.18896484375,1932.18896484375,1932.18896484375,418622
2006-10-19,1932.18896484375,1932.18896484375,1932.18896484375,1932.18896484375,1395409
2006-10-20,1932.18896484375,1932.18896484375,1932.18896484375,1932.18896484375,729798
2006-10-23,1932.18896484375,1932.18896484375,1932.18896484375,1932.18896484375,18814300
2006-10-24,1932.18896484375,1932.18896484375,1932.18896484375,1932.18896484375,491183
2006-10-25,1932.18896484375,1932.18896484375,1932.18896484375,1932.18896484375,0
2006-10-26,1932.18896484375,1932.18896484375,1932.18896484375,1932.18896484375,78142
2006-10-27,1932.18896484375,1932.18896484375,1932.18896484375,1932.18896484375,0
2006-10-30,1932.18896484375,1932.18896484375,1932.18896484375,1932.18896484375,0
2006-10-31,1932.18896484375,1932.18896484375,1932.18896484375,1932.18896484375,0
2006-11-01,3864.3779296875,3864.3779296875,3864.3779296875,3864.3779296875,27908
2006-11-02,3864.3779296875,3864.3779296875,3864.3779296875,3864.3779296875,0
2006-11-03,3864.3779296875,3864.3779296875,3864.3779296875,3864.3779296875,0
2006-11-06,3864.3779296875,3864.3779296875,3864.3779296875,3864.3779296875,0
2006-11-07,3864.3779296875,3864.3779296875,3864.3779296875,3864.3779296875,0
2006-11-08,3864.3779296875,3864.3779296875,3864.3779296875,3864.3779296875,736775
2006-11-09,3864.3779296875,3864.3779296875,3864.3779296875,3864.3779296875,0
2006-11-10,3864.3779296875,3864.3779296875,3864.3779296875,3864.3779296875,0
2006-11-13,3864.3779296875,3864.3779296875,3864.3779296875,3864.3779296875,300012
2006-11-14,3864.3779296875,3864.3779296875,3864.3779296875,3864.3779296875,418622
2006-11-15,3864.3779296875,3864.3779296875,3864.3779296875,3864.3779296875,6441208
2006-11-16,3864.3779296875,3864.3779296875,3864.3779296875,3864.3779296875,0
2006-11-17,3864.3779296875,3864.3779296875,3864.3779296875,3864.3779296875,83724
2006-11-20,3864.3779296875,3864.3779296875,3864.3779296875,3864.3779296875,0
2006-11-21,3864.3779296875,3864.3779296875,3864.3779296875,3864.3779296875,3503872
2006-11-22,3864.3779296875,3864.3779296875,3864.3779296875,3864.3779296875,2121021
2006-11-23,3864.3779296875,3864.3779296875,3864.3779296875,3864.3779296875,0
2006-11-24,3864.3779296875,3864.3779296875,3864.3779296875,3864.3779296875,0
2006-11-27,3864.3779296875,3864.3779296875,3864.3779296875,3864.3779296875,0
2006-11-28,3864.3779296875,3864.3779296875,3864.3779296875,3864.3779296875,14346200
2006-11-29,3864.3779296875,3864.3779296875,3864.3779296875,3864.3779296875,9767
2006-11-30,3864.3779296875,3864.3779296875,3864.3779296875,3864.3779296875,0
2006-12-01,3864.3779296875,3864.3779296875,3864.3779296875,3864.3779296875,0
2006-12-04,3864.3779296875,3864.3779296875,3864.3779296875,3864.3779296875,0
2006-12-05,3864.3779296875,3864.3779296875,3864.3779296875,3864.3779296875,996322
2006-12-06,3864.3779296875,3864.3779296875,3864.3779296875,3864.3779296875,128377
2006-12-07,3864.3779296875,3864.3779296875,3864.3779296875,3864.3779296875,348852
2006-12-08,3864.3779296875,3864.3779296875,3864.3779296875,3864.3779296875,0
2006-12-11,3864.3779296875,3864.3779296875,3864.3779296875,3864.3779296875,0
2006-12-12,3864.3779296875,3864.3779296875,3864.3779296875,3864.3779296875,0
2006-12-13,3864.3779296875,3864.3779296875,3864.3779296875,3864.3779296875,0
2006-12-14,3864.3779296875,3864.3779296875,3864.3779296875,3864.3779296875,32094
2006-12-15,3864.3779296875,3864.3779296875,3864.3779296875,3864.3779296875,0
2006-12-18,3864.3779296875,3864.3779296875,3864.3779296875,3864.3779296875,4186
2006-12-19,3864.3779296875,3864.3779296875,3864.3779296875,3864.3779296875,1395
2006-12-20,3864.3779296875,3864.3779296875,3864.3779296875,3864.3779296875,8372
2006-12-21,3864.3779296875,3864.3779296875,3864.3779296875,3864.3779296875,26512
2006-12-22,3864.3779296875,3864.3779296875,3864.3779296875,3864.3779296875,474
2006-12-26,3864.3779296875,3864.3779296875,3864.3779296875,3864.3779296875,6977
2006-12-27,3864.3779296875,3864.3779296875,3864.3779296875,3864.3779296875,0
2006-12-28,3864.3779296875,3864.3779296875,3864.3779296875,3864.3779296875,223265
2006-12-29,3864.3779296875,3864.3779296875,3864.3779296875,3864.3779296875,4251811
2007-01-02,3864.3779296875,3864.3779296875,3864.3779296875,3864.3779296875,0
2007-01-03,3864.3779296875,3864.3779296875,3864.3779296875,3864.3779296875,0
2007-01-04,3864.3779296875,3864.3779296875,3864.3779296875,3864.3779296875,69770
2007-01-05,3864.3779296875,3864.3779296875,3864.3779296875,3864.3779296875,83724
2007-01-08,3864.3779296875,3864.3779296875,3864.3779296875,3864.3779296875,311176
2007-01-09,3864.3779296875,3864.3779296875,3864.3779296875,3864.3779296875,0
2007-01-10,3864.3779296875,3864.3779296875,3864.3779296875,3864.3779296875,0
2007-01-11,3864.3779296875,3864.3779296875,3864.3779296875,3864.3779296875,0
2007-01-12,3864.3779296875,3864.3779296875,3864.3779296875,3864.3779296875,6977
2007-01-15,3864.3779296875,3864.3779296875,3864.3779296875,3864.3779296875,12558
2007-01-16,3864.3779296875,3864.3779296875,3864.3779296875,3864.3779296875,0
2007-01-17,3864.3779296875,3864.3779296875,3864.3779296875,3864.3779296875,0
2007-01-18,3864.3779296875,3864.3779296875,3864.3779296875,3864.3779296875,62793
2007-01-19,3864.3779296875,3864.3779296875,3864.3779296875,3864.3779296875,26512
2007-01-22,3864.3779296875,3864.3779296875,3864.3779296875,3864.3779296875,0
2007-01-23,3864.3779296875,3864.3779296875,3864.3779296875,3864.3779296875,0
2007-01-24,3864.3779296875,3864.3779296875,3864.3779296875,3864.3779296875,139540
2007-01-25,3864.3779296875,3864.3779296875,3864.3779296875,3864.3779296875,13954
2007-01-26,3864.3779296875,3864.3779296875,3864.3779296875,3864.3779296875,96283
2007-01-29,3864.3779296875,3864.3779296875,3864.3779296875,3864.3779296875,0
2007-01-30,3864.3779296875,3864.3779296875,3864.3779296875,3864.3779296875,80933
2007-01-31,3864.3779296875,3864.3779296875,3864.3779296875,3864.3779296875,0
2007-02-01,3864.3779296875,3864.3779296875,3864.3779296875,3864.3779296875,265127
2007-02-02,3864.3779296875,3864.3779296875,3864.3779296875,3864.3779296875,0
2007-02-05,3864.3779296875,3864.3779296875,3864.3779296875,3864.3779296875,0
2007-02-06,3864.3779296875,3864.3779296875,3864.3779296875,3864.3779296875,417227
2007-02-07,3864.3779296875,3864.3779296875,3864.3779296875,3864.3779296875,0
2007-02-08,3864.3779296875,3864.3779296875,3864.3779296875,3864.3779296875,0
2007-02-09,3864.3779296875,3864.3779296875,3864.3779296875,3864.3779296875,0
2007-02-12,3864.3779296875,3864.3779296875,3864.3779296875,3864.3779296875,0
2007-02-13,3864.3779296875,3864.3779296875,3864.3779296875,3864.3779296875,209311
2007-02-14,3864.3779296875,3864.3779296875,3864.3779296875,3864.3779296875,227451
2007-02-15,3864.3779296875,3864.3779296875,3864.3779296875,3864.3779296875,0
2007-02-16,3864.3779296875,3864.3779296875,3864.3779296875,3864.3779296875,182798
2007-02-21,3864.3779296875,3864.3779296875,3864.3779296875,3864.3779296875,0
2007-02-22,3864.3779296875,3864.3779296875,3864.3779296875,3864.3779296875,1186
2007-02-23,3864.3779296875,3864.3779296875,3864.3779296875,3864.3779296875,139540
2007-02-26,3864.3779296875,3864.3779296875,3864.3779296875,3864.3779296875,0
2007-02-27,3864.3779296875,3864.3779296875,3864.3779296875,3864.3779296875,157681
2007-02-28,3864.3779296875,3864.3779296875,3864.3779296875,3864.3779296875,0
2007-03-01,3864.3779296875,3864.3779296875,3864.3779296875,3864.3779296875,54420
2007-03-02,3864.3779296875,3864.3779296875,3864.3779296875,3864.3779296875,0
2007-03-05,3864.3779296875,3864.3779296875,3864.3779296875,3864.3779296875,767474
2007-03-06,3864.3779296875,3864.3779296875,3864.3779296875,3864.3779296875,0
2007-03-07,3864.3779296875,3864.3779296875,3864.3779296875,3864.3779296875,193961
2007-03-08,3864.3779296875,3864.3779296875,3864.3779296875,3864.3779296875,23721
2007-03-09,3864.3779296875,3864.3779296875,3864.3779296875,3864.3779296875,188380
2007-03-12,3864.3779296875,3864.3779296875,3864.3779296875,3864.3779296875,8372
2007-03-13,3864.3779296875,3864.3779296875,3864.3779296875,3864.3779296875,0
2007-03-14,3864.3779296875,3864.3779296875,3864.3779296875,3864.3779296875,0
2007-03-15,3864.3779296875,3864.3779296875,3864.3779296875,3864.3779296875,85119
2007-03-16,3864.3779296875,3864.3779296875,3864.3779296875,3864.3779296875,6977
2007-03-20,3864.3779296875,3864.3779296875,3864.3779296875,3864.3779296875,0
2007-03-21,3864.3779296875,3864.3779296875,3864.3779296875,3864.3779296875,6977
2007-03-22,3864.3779296875,3864.3779296875,3864.3779296875,3864.3779296875,0
2007-03-23,3864.3779296875,3864.3779296875,3864.3779296875,3864.3779296875,0
2007-03-26,3864.3779296875,3864.3779296875,3864.3779296875,3864.3779296875,0
2007-03-27,3864.3779296875,3864.3779296875,3864.3779296875,3864.3779296875,36280
2007-03-28,3864.3779296875,3864.3779296875,3864.3779296875,3864.3779296875,0
2007-03-29,3864.3779296875,3864.3779296875,3864.3779296875,3864.3779296875,78142
2007-03-30,3864.3779296875,3864.3779296875,3864.3779296875,3864.3779296875,0
2007-04-02,3864.3779296875,3864.3779296875,3864.3779296875,3864.3779296875,0
2007-04-03,3864.3779296875,3864.3779296875,3864.3779296875,3864.3779296875,0
2007-04-04,3864.3779296875,3864.3779296875,3864.3779296875,3864.3779296875,40466
2007-04-09,3864.3779296875,3864.3779296875,3864.3779296875,3864.3779296875,0
2007-04-10,3864.3779296875,3864.3779296875,3864.3779296875,3864.3779296875,362806
2007-04-11,3864.3779296875,3864.3779296875,3864.3779296875,3864.3779296875,0
2007-04-12,3864.3779296875,3864.3779296875,3864.3779296875,3864.3779296875,0
2007-04-13,3864.3779296875,3864.3779296875,3864.3779296875,3864.3779296875,0
2007-04-16,3864.3779296875,3864.3779296875,3864.3779296875,3864.3779296875,2790
2007-04-17,3864.3779296875,3864.3779296875,3864.3779296875,3864.3779296875,0
2007-04-18,3864.3779296875,3864.3779296875,3864.3779296875,3864.3779296875,0
2007-04-20,3864.3779296875,3864.3779296875,3864.3779296875,3864.3779296875,33489
2007-04-23,3864.3779296875,3864.3779296875,3864.3779296875,3864.3779296875,1116
2007-04-24,3864.3779296875,3864.3779296875,3864.3779296875,3864.3779296875,0
2007-04-25,3864.3779296875,3864.3779296875,3864.3779296875,3864.3779296875,0
2007-04-26,3864.3779296875,3864.3779296875,3864.3779296875,3864.3779296875,139540
2007-04-27,3864.3779296875,3864.3779296875,3864.3779296875,3864.3779296875,0
2007-04-30,3864.3779296875,3864.3779296875,3864.3779296875,3864.3779296875,0
2007-05-02,3864.3779296875,3864.3779296875,3864.3779296875,3864.3779296875,0
2007-05-03,3864.3779296875,3864.3779296875,3864.3779296875,3864.3779296875,0
2007-05-04,3864.3779296875,3864.3779296875,3864.3779296875,3864.3779296875,0
2007-05-07,3864.3779296875,3864.3779296875,3864.3779296875,3864.3779296875,0
2007-05-08,3864.3779296875,3864.3779296875,3864.3779296875,3864.3779296875,69770
2007-05-09,3864.3779296875,3864.3779296875,3864.3779296875,3864.3779296875,30698
2007-05-10,3864.3779296875,3864.3779296875,3864.3779296875,3864.3779296875,0
2007-05-11,3864.3779296875,3864.3779296875,3864.3779296875,3864.3779296875,0
2007-05-14,3864.3779296875,3864.3779296875,3864.3779296875,3864.3779296875,0
2007-05-15,3864.3779296875,3864.3779296875,3864.3779296875,3864.3779296875,0
2007-05-16,3864.3779296875,3864.3779296875,3864.3779296875,3864.3779296875,0
2007-05-17,3864.3779296875,3864.3779296875,3864.3779296875,3864.3779296875,0
2007-05-18,3864.3779296875,3864.3779296875,3864.3779296875,3864.3779296875,0
2007-05-22,3864.3779296875,3864.3779296875,3864.3779296875,3864.3779296875,0
2007-05-23,3864.3779296875,3864.3779296875,3864.3779296875,3864.3779296875,0
2007-05-24,3864.3779296875,3864.3779296875,3864.3779296875,3864.3779296875,0
2007-05-25,3864.3779296875,3864.3779296875,3864.3779296875,3864.3779296875,25117
2007-05-28,3864.3779296875,3864.3779296875,3864.3779296875,3864.3779296875,131168
2007-05-29,3864.3779296875,3864.3779296875,3864.3779296875,3864.3779296875,0
2007-05-30,3864.3779296875,3864.3779296875,3864.3779296875,3864.3779296875,0
2007-05-31,3864.3779296875,3864.3779296875,3864.3779296875,3864.3779296875,0
2007-06-01,3864.3779296875,3864.3779296875,3864.3779296875,3864.3779296875,0
2007-06-04,3864.3779296875,3864.3779296875,3864.3779296875,3864.3779296875,0
2007-06-05,3864.3779296875,3864.3779296875,3864.3779296875,3864.3779296875,0
2007-06-06,3864.3779296875,3864.3779296875,3864.3779296875,3864.3779296875,0
2007-06-07,3864.3779296875,3864.3779296875,3864.3779296875,3864.3779296875,0
2007-06-08,3864.3779296875,3864.3779296875,3864.3779296875,3864.3779296875,545604
2007-06-12,3864.3779296875,3864.3779296875,3864.3779296875,3864.3779296875,0
2007-06-13,3864.3779296875,3864.3779296875,3864.3779296875,3864.3779296875,0
2007-06-14,3864.3779296875,3864.3779296875,3864.3779296875,3864.3779296875,0
2007-06-15,3864.3779296875,3864.3779296875,3864.3779296875,3864.3779296875,0
2007-06-18,3864.3779296875,3864.3779296875,3864.3779296875,3864.3779296875,0
2007-06-19,3864.3779296875,3864.3779296875,3864.3779296875,3864.3779296875,1395409
2007-06-20,3864.3779296875,3864.3779296875,3864.3779296875,3864.3779296875,0
2007-06-21,3864.3779296875,3864.3779296875,3864.3779296875,3864.3779296875,0
2007-06-22,3864.3779296875,3864.3779296875,3864.3779296875,3864.3779296875,0
2007-06-25,3864.3779296875,3864.3779296875,3864.3779296875,3864.3779296875,584676
2007-06-26,3864.3779296875,3864.3779296875,3864.3779296875,3864.3779296875,90701
2007-06-27,3864.3779296875,3864.3779296875,3864.3779296875,3864.3779296875,0
2007-06-28,3864.3779296875,3864.3779296875,3864.3779296875,3864.3779296875,0
2007-06-29,3864.3779296875,3864.3779296875,3864.3779296875,3864.3779296875,0
2007-07-03,3864.3779296875,3864.3779296875,3864.3779296875,3864.3779296875,0
2007-07-04,3864.3779296875,3864.3779296875,3864.3779296875,3864.3779296875,0
2007-07-06,3864.3779296875,3864.3779296875,3864.3779296875,3864.3779296875,0
2007-07-09,3864.3779296875,3864.3779296875,3864.3779296875,3864.3779296875,175821
2007-07-10,3864.3779296875,3864.3779296875,3864.3779296875,3864.3779296875,0
2007-07-11,3864.3779296875,3864.3779296875,3864.3779296875,3864.3779296875,0
2007-07-12,3864.3779296875,3864.3779296875,3864.3779296875,3864.3779296875,0
2007-07-13,3864.3779296875,3864.3779296875,3864.3779296875,3864.3779296875,0
2007-07-16,3864.3779296875,3864.3779296875,3864.3779296875,3864.3779296875,138145
2007-07-17,3864.3779296875,3864.3779296875,3864.3779296875,3864.3779296875,25117
2007-07-18,3864.3779296875,3864.3779296875,3864.3779296875,3864.3779296875,259546
2007-07-19,3864.3779296875,3864.3779296875,3864.3779296875,3864.3779296875,0
2007-07-20,3864.3779296875,3864.3779296875,3864.3779296875,3864.3779296875,0
2007-07-23,3864.3779296875,3864.3779296875,3864.3779296875,3864.3779296875,0
2007-07-25,3864.3779296875,3864.3779296875,3864.3779296875,3864.3779296875,0
2007-07-26,3864.3779296875,3864.3779296875,3864.3779296875,3864.3779296875,0
2007-07-27,3864.3779296875,3864.3779296875,3864.3779296875,3864.3779296875,348852
2007-07-30,3864.3779296875,3864.3779296875,3864.3779296875,3864.3779296875,0
2007-07-31,3864.3779296875,3864.3779296875,3864.3779296875,3864.3779296875,2790
2007-08-01,3864.3779296875,3864.3779296875,3864.3779296875,3864.3779296875,0
2007-08-02,3864.3779296875,3864.3779296875,3864.3779296875,3864.3779296875,0
2007-08-03,3864.3779296875,3864.3779296875,3864.3779296875,3864.3779296875,0
2007-08-06,3864.3779296875,3864.3779296875,3864.3779296875,3864.3779296875,0
2007-08-07,3864.3779296875,3864.3779296875,3864.3779296875,3864.3779296875,0
2007-08-08,1932.18896484375,1932.18896484375,1932.18896484375,1932.18896484375,1046
2007-08-09,1932.18896484375,1932.18896484375,1932.18896484375,1932.18896484375,0
2007-08-10,1932.18896484375,1932.18896484375,1932.18896484375,1932.18896484375,76747
2007-08-13,1932.18896484375,1932.18896484375,1932.18896484375,1932.18896484375,0
2007-08-14,1932.18896484375,1932.18896484375,1932.18896484375,1932.18896484375,0
2007-08-15,1932.18896484375,1932.18896484375,1932.18896484375,1932.18896484375,0
2007-08-16,1932.18896484375,1932.18896484375,1932.18896484375,1932.18896484375,0
2007-08-17,1932.18896484375,1932.18896484375,1932.18896484375,1932.18896484375,0
2007-08-21,1932.18896484375,1932.18896484375,1932.18896484375,1932.18896484375,0
2007-08-22,1932.18896484375,1932.18896484375,1932.18896484375,1932.18896484375,6977
2007-08-23,1932.18896484375,1932.18896484375,1932.18896484375,1932.18896484375,0
2007-08-24,1932.18896484375,1932.18896484375,1932.18896484375,1932.18896484375,0
2007-08-27,1932.18896484375,1932.18896484375,1932.18896484375,1932.18896484375,0
2007-08-28,1932.18896484375,1932.18896484375,1932.18896484375,1932.18896484375,0
2007-08-29,1932.18896484375,1932.18896484375,1932.18896484375,1932.18896484375,111632
2007-08-30,1932.18896484375,1932.18896484375,1932.18896484375,1932.18896484375,0
2007-08-31,1932.18896484375,1932.18896484375,1932.18896484375,1932.18896484375,0
2007-09-03,1932.18896484375,1932.18896484375,1932.18896484375,1932.18896484375,0
2007-09-04,1932.18896484375,1932.18896484375,1932.18896484375,1932.18896484375,0
2007-09-05,3864.3779296875,3864.3779296875,3864.3779296875,3864.3779296875,159076
2007-09-06,3864.3779296875,3864.3779296875,3864.3779296875,3864.3779296875,0
2007-09-07,3864.3779296875,3864.3779296875,3864.3779296875,3864.3779296875,0
2007-09-10,3864.3779296875,3864.3779296875,3864.3779296875,3864.3779296875,16744
2007-09-11,3864.3779296875,3864.3779296875,3864.3779296875,3864.3779296875,0
2007-09-12,3864.3779296875,3864.3779296875,3864.3779296875,3864.3779296875,0
2007-09-13,3864.3779296875,3864.3779296875,3864.3779296875,3864.3779296875,139540
2007-09-14,3864.3779296875,3864.3779296875,3864.3779296875,3864.3779296875,0
2007-09-17,3864.3779296875,3864.3779296875,3864.3779296875,3864.3779296875,477229
2007-09-18,3864.3779296875,3864.3779296875,3864.3779296875,3864.3779296875,5581
2007-09-19,3864.3779296875,3864.3779296875,3864.3779296875,3864.3779296875,0
2007-09-20,3864.3779296875,3864.3779296875,3864.3779296875,3864.3779296875,6977
2007-09-21,3864.3779296875,3864.3779296875,3864.3779296875,3864.3779296875,0
2007-09-24,3864.3779296875,3864.3779296875,3864.3779296875,3864.3779296875,0
2007-09-25,3864.3779296875,3864.3779296875,3864.3779296875,3864.3779296875,0
2007-09-26,3864.3779296875,3864.3779296875,3864.3779296875,3864.3779296875,0
2007-09-27,3864.3779296875,3864.3779296875,3864.3779296875,3864.3779296875,2790
2007-09-28,3864.3779296875,3864.3779296875,3864.3779296875,3864.3779296875,2208932
2007-10-01,3864.3779296875,3864.3779296875,3864.3779296875,3864.3779296875,418622
2007-10-02,3864.3779296875,3864.3779296875,3864.3779296875,3864.3779296875,627934
2007-10-03,3864.3779296875,3864.3779296875,3864.3779296875,3864.3779296875,0
2007-10-04,3864.3779296875,3864.3779296875,3864.3779296875,3864.3779296875,0
2007-10-05,3864.3779296875,3864.3779296875,3864.3779296875,3864.3779296875,279081
2007-10-08,3864.3779296875,3864.3779296875,3864.3779296875,3864.3779296875,279081
2007-10-09,3864.3779296875,3864.3779296875,3864.3779296875,3864.3779296875,279081
2007-10-10,3864.3779296875,3864.3779296875,3864.3779296875,3864.3779296875,1814031
2007-10-11,3864.3779296875,3864.3779296875,3864.3779296875,3864.3779296875,0
2007-10-15,3864.3779296875,3864.3779296875,3864.3779296875,3864.3779296875,0
2007-10-16,3864.3779296875,3864.3779296875,3864.3779296875,3864.3779296875,69770
2007-10-17,3864.3779296875,3864.3779296875,3864.3779296875,3864.3779296875,0
2007-10-18,3864.3779296875,3864.3779296875,3864.3779296875,3864.3779296875,713054
2007-10-19,3864.3779296875,3864.3779296875,3864.3779296875,3864.3779296875,371178
2007-10-22,3864.3779296875,3864.3779296875,3864.3779296875,3864.3779296875,0
2007-10-23,3864.3779296875,3864.3779296875,3864.3779296875,3864.3779296875,185589
2007-10-24,3864.3779296875,3864.3779296875,3864.3779296875,3864.3779296875,0
2007-10-25,3864.3779296875,3864.3779296875,3864.3779296875,3864.3779296875,0
2007-10-26,3864.3779296875,3864.3779296875,3864.3779296875,3864.3779296875,0
2007-10-29,3864.3779296875,3864.3779296875,3864.3779296875,3864.3779296875,249778
2007-10-30,3864.3779296875,3864.3779296875,3864.3779296875,3864.3779296875,0
2007-10-31,3864.3779296875,3864.3779296875,3864.3779296875,3864.3779296875,18627315
2007-11-01,3864.3779296875,3864.3779296875,3864.3779296875,3864.3779296875,837245
2007-11-02,3864.3779296875,3864.3779296875,3864.3779296875,3864.3779296875,348852
2007-11-06,3864.3779296875,3864.3779296875,3864.3779296875,3864.3779296875,0
2007-11-07,3864.3779296875,3864.3779296875,3864.3779296875,3864.3779296875,0
2007-11-08,3864.3779296875,3864.3779296875,3864.3779296875,3864.3779296875,0
2007-11-09,3864.3779296875,3864.3779296875,3864.3779296875,3864.3779296875,9767
2007-11-12,3864.3779296875,3864.3779296875,3864.3779296875,3864.3779296875,0
2007-11-13,3864.3779296875,3864.3779296875,3864.3779296875,3864.3779296875,0
2007-11-14,3864.3779296875,3864.3779296875,3864.3779296875,3864.3779296875,9767
2007-11-15,3864.3779296875,3864.3779296875,3864.3779296875,3864.3779296875,11163
2007-11-16,3864.3779296875,3864.3779296875,3864.3779296875,3864.3779296875,0
2007-11-19,3864.3779296875,3864.3779296875,3864.3779296875,3864.3779296875,0
2007-11-20,3864.3779296875,3864.3779296875,3864.3779296875,3864.3779296875,0
2007-11-21,3864.3779296875,3864.3779296875,3864.3779296875,3864.3779296875,0
2007-11-22,3864.3779296875,3864.3779296875,3864.3779296875,3864.3779296875,0
2007-11-23,3864.3779296875,3864.3779296875,3864.3779296875,3864.3779296875,0
2007-11-26,3864.3779296875,3864.3779296875,3864.3779296875,3864.3779296875,0
2007-11-27,3864.3779296875,3864.3779296875,3864.3779296875,3864.3779296875,414436
2007-11-28,3864.3779296875,3864.3779296875,3864.3779296875,3864.3779296875,0
2007-11-29,3864.3779296875,3864.3779296875,3864.3779296875,3864.3779296875,0
2007-11-30,3864.3779296875,3864.3779296875,3864.3779296875,3864.3779296875,0
2007-12-03,3864.3779296875,3864.3779296875,3864.3779296875,3864.3779296875,0
2007-12-04,3864.3779296875,3864.3779296875,3864.3779296875,3864.3779296875,139540
2007-12-05,3864.3779296875,3864.3779296875,3864.3779296875,3864.3779296875,0
2007-12-06,3864.3779296875,3864.3779296875,3864.3779296875,3864.3779296875,0
2007-12-07,3864.3779296875,3864.3779296875,3864.3779296875,3864.3779296875,0
2007-12-10,3864.3779296875,3864.3779296875,3864.3779296875,3864.3779296875,0
2007-12-11,3864.3779296875,3864.3779296875,3864.3779296875,3864.3779296875,660028
2007-12-12,3864.3779296875,3864.3779296875,3864.3779296875,3864.3779296875,0
2007-12-13,3864.3779296875,3864.3779296875,3864.3779296875,3864.3779296875,0
2007-12-14,3864.3779296875,3864.3779296875,3864.3779296875,3864.3779296875,0
2007-12-17,3864.3779296875,3864.3779296875,3864.3779296875,3864.3779296875,0
2007-12-18,3864.3779296875,3864.3779296875,3864.3779296875,3864.3779296875,0
2007-12-19,3864.3779296875,3864.3779296875,3864.3779296875,3864.3779296875,0
2007-12-20,3864.3779296875,3864.3779296875,3864.3779296875,3864.3779296875,0
2007-12-21,3864.3779296875,3864.3779296875,3864.3779296875,3864.3779296875,0
2007-12-24,3864.3779296875,3864.3779296875,3864.3779296875,3864.3779296875,5961187
2007-12-26,3864.3779296875,3864.3779296875,3864.3779296875,3864.3779296875,0
2007-12-27,3864.3779296875,3864.3779296875,3864.3779296875,3864.3779296875,0
2007-12-28,3864.3779296875,3864.3779296875,3864.3779296875,3864.3779296875,0
2007-12-31,3864.3779296875,3864.3779296875,3864.3779296875,3864.3779296875,0
2008-01-02,3864.3779296875,3864.3779296875,3864.3779296875,3864.3779296875,0
2008-01-03,3864.3779296875,3864.3779296875,3864.3779296875,3864.3779296875,0
2008-01-04,3864.3779296875,3864.3779296875,3864.3779296875,3864.3779296875,0
2008-01-07,3864.3779296875,3864.3779296875,3864.3779296875,3864.3779296875,0
2008-01-08,3864.3779296875,3864.3779296875,3864.3779296875,3864.3779296875,0
2008-01-09,3864.3779296875,3864.3779296875,3864.3779296875,3864.3779296875,0
2008-01-10,3864.3779296875,3864.3779296875,3864.3779296875,3864.3779296875,0
2008-01-11,3864.3779296875,3864.3779296875,3864.3779296875,3864.3779296875,0
2008-01-14,3864.3779296875,3864.3779296875,3864.3779296875,3864.3779296875,0
2008-01-15,3864.3779296875,3864.3779296875,3864.3779296875,3864.3779296875,0
2008-01-16,3864.3779296875,3864.3779296875,3864.3779296875,3864.3779296875,0
2008-01-17,3864.3779296875,3864.3779296875,3864.3779296875,3864.3779296875,0
2008-01-18,3864.3779296875,3864.3779296875,3864.3779296875,3864.3779296875,0
2008-01-21,3864.3779296875,3864.3779296875,3864.3779296875,3864.3779296875,0
2008-01-22,3864.3779296875,3864.3779296875,3864.3779296875,3864.3779296875,0
2008-01-23,3864.3779296875,3864.3779296875,3864.3779296875,3864.3779296875,0
2008-01-24,3864.3779296875,3864.3779296875,3864.3779296875,3864.3779296875,0
2008-01-25,3864.3779296875,3864.3779296875,3864.3779296875,3864.3779296875,0
2008-01-28,3864.3779296875,3864.3779296875,3864.3779296875,3864.3779296875,0
2008-01-29,3864.3779296875,3864.3779296875,3864.3779296875,3864.3779296875,0
2008-01-30,3864.3779296875,3864.3779296875,3864.3779296875,3864.3779296875,0
2008-01-31,3864.3779296875,3864.3779296875,3864.3779296875,3864.3779296875,0
2008-02-01,3864.3779296875,3864.3779296875,3864.3779296875,3864.3779296875,0
2008-02-06,3864.3779296875,3864.3779296875,3864.3779296875,3864.3779296875,0
2008-02-07,3864.3779296875,3864.3779296875,3864.3779296875,3864.3779296875,0
2008-02-08,3864.3779296875,3864.3779296875,3864.3779296875,3864.3779296875,0
2008-02-11,3864.3779296875,3864.3779296875,3864.3779296875,3864.3779296875,0
2008-02-12,3864.3779296875,3864.3779296875,3864.3779296875,3864.3779296875,0
2008-02-13,3864.3779296875,3864.3779296875,3864.3779296875,3864.3779296875,0
2008-02-14,3864.3779296875,3864.3779296875,3864.3779296875,3864.3779296875,28633
2008-02-15,3864.3779296875,3864.3779296875,3864.3779296875,3864.3779296875,0
2008-02-19,3864.3779296875,3864.3779296875,3864.3779296875,3864.3779296875,7212618
2008-02-20,3864.3779296875,3864.3779296875,3864.3779296875,3864.3779296875,0
2008-02-21,3864.3779296875,3864.3779296875,3864.3779296875,3864.3779296875,45434
2008-02-22,3864.3779296875,3864.3779296875,3864.3779296875,3864.3779296875,0
2008-02-26,3864.3779296875,3864.3779296875,3864.3779296875,3864.3779296875,103009
2008-02-27,3864.3779296875,3864.3779296875,3864.3779296875,3864.3779296875,0
2008-02-28,3864.3779296875,3864.3779296875,3864.3779296875,3864.3779296875,5972
2008-02-29,3864.3779296875,3864.3779296875,3864.3779296875,3864.3779296875,0
2008-03-04,3864.3779296875,3864.3779296875,3864.3779296875,3864.3779296875,13954
2008-03-05,3864.3779296875,3864.3779296875,3864.3779296875,3864.3779296875,0
2008-03-06,3864.3779296875,3864.3779296875,3864.3779296875,3864.3779296875,13954
2008-03-07,3864.3779296875,3864.3779296875,3864.3779296875,3864.3779296875,0
2008-03-10,3864.3779296875,3864.3779296875,3864.3779296875,3864.3779296875,70553711
2008-03-11,3864.3779296875,3864.3779296875,3864.3779296875,3864.3779296875,525762
2008-03-12,3864.3779296875,3864.3779296875,3864.3779296875,3864.3779296875,70553711
2008-03-13,3864.3779296875,3864.3779296875,3864.3779296875,3864.3779296875,348796
2008-03-14,3864.3779296875,3864.3779296875,3864.3779296875,3864.3779296875,500170
2008-03-24,362783904.0,362783904.0,362783904.0,362783904.0,0
2008-03-25,362783904.0,362783904.0,362783904.0,362783904.0,0
2008-03-26,3864.3779296875,3864.3779296875,3864.3779296875,3864.3779296875,303613
2008-03-27,3864.3779296875,3864.3779296875,3864.3779296875,3864.3779296875,0
2008-03-28,3864.3779296875,3864.3779296875,3864.3779296875,3864.3779296875,8241146
2008-04-01,362783904.0,362783904.0,362783904.0,362783904.0,0
2008-04-02,362783904.0,362783904.0,362783904.0,362783904.0,0
2008-04-03,362783904.0,362783904.0,362783904.0,362783904.0,0
2008-04-04,362783904.0,362783904.0,362783904.0,362783904.0,0
2008-04-07,362783904.0,362783904.0,362783904.0,362783904.0,0
2008-04-08,362783904.0,362783904.0,362783904.0,362783904.0,0
2008-04-09,362783904.0,362783904.0,362783904.0,362783904.0,0
2008-04-10,3864.3779296875,3864.3779296875,3864.3779296875,3864.3779296875,446530
2008-04-11,3864.3779296875,3864.3779296875,3864.3779296875,3864.3779296875,13954
2008-04-15,3864.3779296875,3864.3779296875,3864.3779296875,3864.3779296875,82468
2008-04-16,3864.3779296875,3864.3779296875,3864.3779296875,3864.3779296875,0
2008-04-17,3864.3779296875,3864.3779296875,3864.3779296875,3864.3779296875,82468
2008-04-18,3864.3779296875,3864.3779296875,3864.3779296875,3864.3779296875,73956
2008-04-22,366938112.0,366938112.0,366938112.0,366938112.0,0
2008-04-23,3864.3779296875,3864.3779296875,3864.3779296875,3864.3779296875,396058
2008-04-24,3864.3779296875,3864.3779296875,3864.3779296875,3864.3779296875,558163
2008-04-25,3864.3779296875,3864.3779296875,3864.3779296875,3864.3779296875,396058
2008-04-29,366938112.0,366938112.0,366938112.0,366938112.0,0
2008-04-30,3864.3779296875,3864.3779296875,3864.3779296875,3864.3779296875,90422
2008-05-02,3864.3779296875,3864.3779296875,3864.3779296875,3864.3779296875,90422
2008-05-06,3864.3779296875,3864.3779296875,3864.3779296875,3864.3779296875,0
2008-05-07,3864.3779296875,3864.3779296875,3864.3779296875,3864.3779296875,0
2008-05-08,3864.3779296875,3864.3779296875,3864.3779296875,3864.3779296875,0
2008-05-09,3864.3779296875,3864.3779296875,3864.3779296875,3864.3779296875,10270
2008-05-13,366938112.0,366938112.0,366938112.0,366938112.0,0
2008-05-14,366938112.0,366938112.0,366938112.0,366938112.0,0
2008-05-15,3864.3779296875,3864.3779296875,3864.3779296875,3864.3779296875,4186
2008-05-16,3864.3779296875,3864.3779296875,3864.3779296875,3864.3779296875,0
2008-05-20,366938112.0,366938112.0,366938112.0,366938112.0,0
2008-05-21,366938112.0,366938112.0,366938112.0,366938112.0,0
2008-05-22,366938112.0,366938112.0,366938112.0,366938112.0,0
2008-05-23,366938112.0,366938112.0,366938112.0,366938112.0,0
2008-05-27,3864.3779296875,3864.3779296875,3864.3779296875,3864.3779296875,32094
2008-05-28,3864.3779296875,3864.3779296875,3864.3779296875,3864.3779296875,0
2008-05-29,3864.3779296875,3864.3779296875,3864.3779296875,3864.3779296875,32094
2008-05-30,3864.3779296875,3864.3779296875,3864.3779296875,3864.3779296875,0
2008-06-02,3864.3779296875,3864.3779296875,3864.3779296875,3864.3779296875,0
2008-06-03,3864.3779296875,3864.3779296875,3864.3779296875,3864.3779296875,0
2008-06-04,3864.3779296875,3864.3779296875,3864.3779296875,3864.3779296875,0
2008-06-05,3864.3779296875,3864.3779296875,3864.3779296875,3864.3779296875,0
2008-06-06,3864.3779296875,3864.3779296875,3864.3779296875,3864.3779296875,0
2008-06-09,3864.3779296875,3864.3779296875,3864.3779296875,3864.3779296875,0
2008-06-10,3864.3779296875,3864.3779296875,3864.3779296875,3864.3779296875,0
2008-06-11,3864.3779296875,3864.3779296875,3864.3779296875,3864.3779296875,0
2008-06-12,3864.3779296875,3864.3779296875,3864.3779296875,3864.3779296875,0
2008-06-13,3864.3779296875,3864.3779296875,3864.3779296875,3864.3779296875,0
2008-06-16,3864.3779296875,3864.3779296875,3864.3779296875,3864.3779296875,0
2008-06-17,3864.3779296875,3864.3779296875,3864.3779296875,3864.3779296875,0
2008-06-18,3864.3779296875,3864.3779296875,3864.3779296875,3864.3779296875,0
2008-06-19,1932.18896484375,1932.18896484375,1932.18896484375,3864.3779296875,3321073
2008-06-20,1932.18896484375,1932.18896484375,1932.18896484375,1932.18896484375,0
2008-06-23,1932.18896484375,1932.18896484375,1932.18896484375,1932.18896484375,4116456
2008-06-25,1932.18896484375,1932.18896484375,1932.18896484375,1932.18896484375,4116456
2008-06-26,1932.18896484375,1932.18896484375,1932.18896484375,1932.18896484375,0
2008-06-27,1932.18896484375,1932.18896484375,1932.18896484375,3864.3779296875,518910
2008-07-01,1932.18896484375,1932.18896484375,1932.18896484375,1932.18896484375,76077
2008-07-02,1932.18896484375,1932.18896484375,1932.18896484375,3864.3779296875,27843323
2008-07-03,1932.18896484375,1932.18896484375,1932.18896484375,1932.18896484375,76077
2008-07-04,1932.18896484375,1932.18896484375,1932.18896484375,1932.18896484375,398249
2008-07-07,1932.18896484375,1932.18896484375,1932.18896484375,1932.18896484375,223991
2008-07-08,1932.18896484375,1932.18896484375,1932.18896484375,3864.3779296875,136512
2008-07-09,1932.18896484375,1932.18896484375,1932.18896484375,1932.18896484375,223991
2008-07-10,1932.18896484375,1932.18896484375,1932.18896484375,3864.3779296875,136512
2008-07-11,1932.18896484375,1932.18896484375,1932.18896484375,1932.18896484375,0
2008-07-14,1932.18896484375,1932.18896484375,1932.18896484375,1932.18896484375,0
2008-07-15,3864.3779296875,3864.3779296875,1932.18896484375,3864.3779296875,35568558
2008-07-16,3864.3779296875,3864.3779296875,3864.3779296875,3864.3779296875,0
2008-07-17,3864.3779296875,3864.3779296875,3864.3779296875,3864.3779296875,85217
2008-07-18,3864.3779296875,3864.3779296875,3864.3779296875,3864.3779296875,0
2008-07-21,3864.3779296875,3864.3779296875,1932.18896484375,3864.3779296875,7145945
2008-07-22,3864.3779296875,3864.3779296875,3864.3779296875,3864.3779296875,348852
2008-07-23,3864.3779296875,3864.3779296875,1932.18896484375,3864.3779296875,7145945
2008-07-25,3864.3779296875,3864.3779296875,3864.3779296875,3864.3779296875,76747
2008-07-30,346167040.0,346167040.0,346167040.0,346167040.0,0
2008-07-31,346167040.0,346167040.0,346167040.0,346167040.0,0
2008-08-01,346167040.0,346167040.0,346167040.0,346167040.0,0
2008-08-04,346167040.0,346167040.0,346167040.0,346167040.0,0
2008-08-05,3864.3779296875,3864.3779296875,3864.3779296875,3864.3779296875,394942
2008-08-06,3864.3779296875,3864.3779296875,3864.3779296875,3864.3779296875,260815
2008-08-07,3864.3779296875,3864.3779296875,3864.3779296875,3864.3779296875,10951170
2008-08-08,3864.3779296875,3864.3779296875,3864.3779296875,3864.3779296875,0
2008-08-11,3864.3779296875,3864.3779296875,3864.3779296875,3864.3779296875,0
2008-08-12,3864.3779296875,3864.3779296875,3864.3779296875,3864.3779296875,0
2008-08-13,3864.3779296875,3864.3779296875,3864.3779296875,3864.3779296875,0
2008-08-14,3864.3779296875,3864.3779296875,3864.3779296875,3864.3779296875,0
2008-08-15,3864.3779296875,3864.3779296875,3864.3779296875,3864.3779296875,0
2008-08-19,3864.3779296875,3864.3779296875,3864.3779296875,3864.3779296875,0
2008-08-20,3864.3779296875,3864.3779296875,3864.3779296875,3864.3779296875,0
2008-08-21,3864.3779296875,3864.3779296875,3864.3779296875,3864.3779296875,0
2008-08-22,3864.3779296875,3864.3779296875,3864.3779296875,3864.3779296875,7814
2008-08-25,3864.3779296875,3864.3779296875,3864.3779296875,3864.3779296875,15502
2008-08-26,3864.3779296875,3864.3779296875,3864.3779296875,3864.3779296875,0
2008-08-27,3864.3779296875,3864.3779296875,3864.3779296875,3864.3779296875,15502
2008-08-28,3864.3779296875,3864.3779296875,3864.3779296875,3864.3779296875,0
2008-08-29,3864.3779296875,3864.3779296875,3864.3779296875,3864.3779296875,0
2008-09-01,3864.3779296875,3864.3779296875,3864.3779296875,3864.3779296875,0
2008-09-02,3864.3779296875,3864.3779296875,3864.3779296875,3864.3779296875,0
2008-09-03,3864.3779296875,3864.3779296875,3864.3779296875,3864.3779296875,0
2008-09-04,3864.3779296875,3864.3779296875,3864.3779296875,3864.3779296875,0
2008-09-05,3864.3779296875,3864.3779296875,3864.3779296875,3864.3779296875,0
2008-09-08,3864.3779296875,3864.3779296875,3864.3779296875,3864.3779296875,0
2008-09-09,3864.3779296875,3864.3779296875,3864.3779296875,3864.3779296875,0
2008-09-10,3864.3779296875,3864.3779296875,3864.3779296875,3864.3779296875,0
2008-09-11,3864.3779296875,3864.3779296875,3864.3779296875,3864.3779296875,0
2008-09-12,3864.3779296875,3864.3779296875,3864.3779296875,3864.3779296875,0
2008-09-15,3864.3779296875,3864.3779296875,3864.3779296875,3864.3779296875,376341
2008-09-16,3864.3779296875,3864.3779296875,3864.3779296875,3864.3779296875,372657
2008-09-17,3864.3779296875,3864.3779296875,3864.3779296875,3864.3779296875,376341
2008-09-18,3864.3779296875,3864.3779296875,3864.3779296875,3864.3779296875,372657
2008-09-19,3864.3779296875,3864.3779296875,3864.3779296875,3864.3779296875,0
2008-09-22,3864.3779296875,3864.3779296875,3864.3779296875,3864.3779296875,13954
2008-09-23,3864.3779296875,3864.3779296875,3864.3779296875,3864.3779296875,64091
2008-09-24,3864.3779296875,3864.3779296875,3864.3779296875,3864.3779296875,13954
2008-09-25,3864.3779296875,3864.3779296875,3864.3779296875,3864.3779296875,64091
2008-09-26,3864.3779296875,3864.3779296875,3864.3779296875,3864.3779296875,16400508
2008-09-30,365552704.0,365552704.0,365552704.0,365552704.0,0
2008-10-01,365552704.0,365552704.0,365552704.0,365552704.0,0
2008-10-02,365552704.0,365552704.0,365552704.0,365552704.0,0
2008-10-03,365552704.0,365552704.0,365552704.0,365552704.0,0
2008-10-06,365552704.0,365552704.0,365552704.0,365552704.0,0
2008-10-07,365552704.0,365552704.0,365552704.0,365552704.0,0
2008-10-08,365552704.0,365552704.0,365552704.0,365552704.0,0
2008-10-09,365552704.0,365552704.0,365552704.0,365552704.0,0
2008-10-10,365552704.0,365552704.0,365552704.0,365552704.0,0
2008-10-13,365552704.0,365552704.0,365552704.0,365552704.0,0
2008-10-14,365552704.0,365552704.0,365552704.0,365552704.0,0
2008-10-15,365552704.0,365552704.0,365552704.0,365552704.0,0
2008-10-16,365552704.0,365552704.0,365552704.0,365552704.0,0
2008-10-17,0.0,,,,216330
2008-10-21,195238016.0,195238016.0,195238016.0,195238016.0,0
2008-10-22,195238016.0,195238016.0,195238016.0,195238016.0,0
2008-10-23,195238016.0,195238016.0,195238016.0,195238016.0,0
2008-10-24,195238016.0,195238016.0,195238016.0,195238016.0,0
2008-10-27,195238016.0,195238016.0,195238016.0,195238016.0,0
2008-10-28,195238016.0,195238016.0,195238016.0,195238016.0,0
2008-10-29,195238016.0,195238016.0,195238016.0,195238016.0,0
2008-10-30,195238016.0,195238016.0,195238016.0,195238016.0,0
2008-10-31,195238016.0,195238016.0,195238016.0,195238016.0,0
2008-11-03,195238016.0,195238016.0,195238016.0,195238016.0,0
2008-11-04,195238016.0,195238016.0,195238016.0,195238016.0,0
2008-11-05,195238016.0,195238016.0,195238016.0,195238016.0,0
2008-11-06,195238016.0,195238016.0,195238016.0,195238016.0,0
2008-11-07,195238016.0,195238016.0,195238016.0,195238016.0,0
2008-11-10,195238016.0,195238016.0,195238016.0,195238016.0,0
2008-11-11,195238016.0,195238016.0,195238016.0,195238016.0,0
2008-11-12,195238016.0,195238016.0,195238016.0,195238016.0,0
2008-11-13,195238016.0,195238016.0,195238016.0,195238016.0,0
2008-11-14,195238016.0,195238016.0,195238016.0,195238016.0,0
2008-11-17,195238016.0,195238016.0,195238016.0,195238016.0,0
2008-11-18,195238016.0,195238016.0,195238016.0,195238016.0,0
2008-11-19,195238016.0,195238016.0,195238016.0,195238016.0,0
2008-11-20,195238016.0,195238016.0,195238016.0,195238016.0,0
2008-11-21,195238016.0,195238016.0,195238016.0,195238016.0,0
2008-11-24,195238016.0,195238016.0,195238016.0,195238016.0,0
2008-11-25,195238016.0,195238016.0,195238016.0,195238016.0,0
2008-11-26,195238016.0,195238016.0,195238016.0,195238016.0,0
2008-11-27,195238016.0,195238016.0,195238016.0,195238016.0,0
2008-11-28,0.0,,,,702588
2008-12-02,200777616.0,200777616.0,200777616.0,200777616.0,0
2008-12-03,0.0,,,,2683901
2008-12-04,0.0,,,,69
2008-12-05,0.0,,,,2683901
2008-12-09,200777616.0,200777616.0,200777616.0,200777616.0,0
2008-12-10,0.0,,,,13074
2008-12-12,0.0,,,,45783
2008-12-16,200777616.0,200777616.0,200777616.0,200777616.0,0
2008-12-17,200777616.0,200777616.0,200777616.0,200777616.0,0
2008-12-18,200777616.0,200777616.0,200777616.0,200777616.0,0
2008-12-19,200777616.0,200777616.0,200777616.0,200777616.0,0
2008-12-22,200777616.0,200777616.0,200777616.0,200777616.0,0
2008-12-23,0.0,,,,259727
2009-01-12,0.0,,,,200548
2009-01-13,0.0,,,,99791508
2009-01-14,0.0,,,,200548
2009-01-15,0.0,,,,99791508
2009-01-27,0.0,,,,813383
2009-01-29,0.0,,,,813383
2009-02-03,0.0,,,,174342
2009-02-04,0.0,,,,36420
2009-02-05,0.0,,,,174342
2009-02-06,0.0,,,,36420
2009-02-09,0.0,,,,971414
2009-02-10,0.0,,,,18740
2009-02-11,0.0,,,,971414
2009-02-12,0.0,,,,18740
2009-02-13,0.0,,,,4786
2009-02-17,200777616.0,200777616.0,200777616.0,200777616.0,0
2009-02-18,0.0,,,,460791
2009-02-19,0.0,,,,78142
2009-02-20,0.0,,,,17372
2009-02-25,0.0,,,,27908
2009-02-26,0.0,,,,2665
2009-02-27,0.0,,,,27908
2009-03-03,204931776.0,204931776.0,204931776.0,204931776.0,0
2009-03-04,204931776.0,204931776.0,204931776.0,204931776.0,0
2009-03-05,204931776.0,204931776.0,204931776.0,204931776.0,0
2009-03-06,204931776.0,204931776.0,204931776.0,204931776.0,0
2009-03-09,204931776.0,204931776.0,204931776.0,204931776.0,0
2009-03-10,1932.18896484375,1932.18896484375,1932.18896484375,1932.18896484375,1709557
2009-03-11,1932.18896484375,1932.18896484375,1932.18896484375,1932.18896484375,69770
2009-03-12,1932.18896484375,1932.18896484375,1932.18896484375,1932.18896484375,279081
2009-03-13,1932.18896484375,1932.18896484375,1932.18896484375,1932.18896484375,478695
2009-03-16,1932.18896484375,1932.18896484375,1932.18896484375,1932.18896484375,279081
2009-03-17,1932.18896484375,1932.18896484375,1932.18896484375,1932.18896484375,290203
2009-03-18,1932.18896484375,1932.18896484375,1932.18896484375,1932.18896484375,279081
2009-03-20,1932.18896484375,1932.18896484375,1932.18896484375,1932.18896484375,0
2009-03-23,1932.18896484375,1932.18896484375,1932.18896484375,1932.18896484375,0
2009-03-24,1932.18896484375,1932.18896484375,1932.18896484375,1932.18896484375,0
2009-03-25,1932.18896484375,1932.18896484375,1932.18896484375,1932.18896484375,0
2009-03-26,1932.18896484375,1932.18896484375,1932.18896484375,1932.18896484375,0
2009-03-27,1932.18896484375,1932.18896484375,1932.18896484375,1932.18896484375,0
2009-03-30,1932.18896484375,1932.18896484375,1932.18896484375,1932.18896484375,0
2009-03-31,1932.18896484375,1932.18896484375,1932.18896484375,1932.18896484375,0
2009-04-01,1932.18896484375,1932.18896484375,1932.18896484375,1932.18896484375,143727
2009-04-02,1932.18896484375,1932.18896484375,1932.18896484375,1932.18896484375,0
2009-04-03,1932.18896484375,1932.18896484375,1932.18896484375,1932.18896484375,143727
2009-04-06,1932.18896484375,1932.18896484375,1932.18896484375,1932.18896484375,0
2009-04-07,1932.18896484375,1932.18896484375,1932.18896484375,1932.18896484375,0
2009-04-08,1932.18896484375,1932.18896484375,1932.18896484375,1932.18896484375,0
2009-04-13,1932.18896484375,1932.18896484375,1932.18896484375,1932.18896484375,0
2009-04-14,1932.18896484375,1932.18896484375,1932.18896484375,1932.18896484375,0
2009-04-15,1932.18896484375,1932.18896484375,1932.18896484375,1932.18896484375,0
2009-04-16,1932.18896484375,1932.18896484375,1932.18896484375,1932.18896484375,0
2009-04-17,1932.18896484375,1932.18896484375,1932.18896484375,1932.18896484375,0
2009-04-20,1932.18896484375,1932.18896484375,1932.18896484375,1932.18896484375,0
2009-04-21,1932.18896484375,1932.18896484375,1932.18896484375,1932.18896484375,0
2009-04-22,1932.18896484375,1932.18896484375,1932.18896484375,1932.18896484375,0
2009-04-23,1932.18896484375,1932.18896484375,1932.18896484375,1932.18896484375,0
2009-04-24,1932.18896484375,1932.18896484375,1932.18896484375,1932.18896484375,0
2009-04-27,1932.18896484375,1932.18896484375,1932.18896484375,1932.18896484375,0
2009-04-28,1932.18896484375,1932.18896484375,1932.18896484375,1932.18896484375,0
2009-04-29,1932.18896484375,1932.18896484375,1932.18896484375,1932.18896484375,0
2009-04-30,1932.18896484375,1932.18896484375,1932.18896484375,1932.18896484375,0
2009-05-04,1932.18896484375,1932.18896484375,1932.18896484375,1932.18896484375,0
2009-05-05,1932.18896484375,1932.18896484375,1932.18896484375,1932.18896484375,0
2009-05-06,1932.18896484375,1932.18896484375,1932.18896484375,1932.18896484375,0
2009-05-07,1932.18896484375,1932.18896484375,1932.18896484375,1932.18896484375,0
2009-05-08,1932.18896484375,1932.18896484375,1932.18896484375,1932.18896484375,0
2009-05-11,1932.18896484375,1932.18896484375,1932.18896484375,1932.18896484375,0
2009-05-12,1932.18896484375,1932.18896484375,1932.18896484375,1932.18896484375,0
2009-05-13,1932.18896484375,1932.18896484375,1932.18896484375,1932.18896484375,948
2009-05-14,1932.18896484375,1932.18896484375,1932.18896484375,1932.18896484375,0
2009-05-15,1932.18896484375,1932.18896484375,1932.18896484375,1932.18896484375,948
2009-05-18,1932.18896484375,1932.18896484375,1932.18896484375,1932.18896484375,0
2009-05-19,1932.18896484375,1932.18896484375,1932.18896484375,1932.18896484375,0
2009-05-20,1932.18896484375,1932.18896484375,1932.18896484375,1932.18896484375,0
2009-05-21,1932.18896484375,1932.18896484375,1932.18896484375,1932.18896484375,0
2009-05-22,1932.18896484375,1932.18896484375,1932.18896484375,1932.18896484375,0
2009-05-26,1932.18896484375,1932.18896484375,1932.18896484375,1932.18896484375,0
2009-05-27,1932.18896484375,1932.18896484375,1932.18896484375,1932.18896484375,0
2009-05-28,1932.18896484375,1932.18896484375,1932.18896484375,1932.18896484375,1214005
2009-05-29,1932.18896484375,1932.18896484375,1932.18896484375,1932.18896484375,139540
2009-06-02,1932.18896484375,1932.18896484375,1932.18896484375,1932.18896484375,1635935
2009-06-03,1932.18896484375,1932.18896484375,1932.18896484375,1932.18896484375,3553660
2009-06-04,1932.18896484375,1932.18896484375,1932.18896484375,1932.18896484375,1635935
2009-06-05,1932.18896484375,1932.18896484375,1932.18896484375,1932.18896484375,3553660
2009-06-08,1932.18896484375,1932.18896484375,1932.18896484375,1932.18896484375,0
2009-06-09,1932.18896484375,1932.18896484375,1932.18896484375,1932.18896484375,43257
2009-06-10,1932.18896484375,1932.18896484375,1932.18896484375,1932.18896484375,0
2009-06-11,1932.18896484375,1932.18896484375,1932.18896484375,1932.18896484375,43257
2009-06-12,1932.18896484375,1932.18896484375,0.0,1932.18896484375,1166771
2009-06-16,220163264.0,220163264.0,220163264.0,220163264.0,0
2009-06-17,1932.18896484375,1932.18896484375,1932.18896484375,1932.18896484375,1431912
2009-06-18,1932.18896484375,1932.18896484375,1932.18896484375,1932.18896484375,0
2009-06-19,1932.18896484375,1932.18896484375,1932.18896484375,1932.18896484375,1431912
2009-06-22,1932.18896484375,1932.18896484375,1932.18896484375,1932.18896484375,6477042
2009-06-23,1932.18896484375,1932.18896484375,1932.18896484375,1932.18896484375,5581636
2009-06-25,1932.18896484375,1932.18896484375,1932.18896484375,1932.18896484375,5581636
2009-06-26,1932.18896484375,1932.18896484375,1932.18896484375,1932.18896484375,0
2009-06-30,1932.18896484375,1932.18896484375,1932.18896484375,1932.18896484375,0
2009-07-01,1932.18896484375,1932.18896484375,1932.18896484375,1932.18896484375,0
2009-07-02,1932.18896484375,1932.18896484375,1932.18896484375,1932.18896484375,0
2009-07-03,1932.18896484375,1932.18896484375,1932.18896484375,1932.18896484375,0
2009-07-06,1932.18896484375,1932.18896484375,1932.18896484375,1932.18896484375,0
2009-07-07,1932.18896484375,1932.18896484375,1932.18896484375,1932.18896484375,0
2009-07-08,1932.18896484375,1932.18896484375,1932.18896484375,1932.18896484375,0
2009-07-09,1932.18896484375,1932.18896484375,1932.18896484375,1932.18896484375,69770
2009-07-10,1932.18896484375,1932.18896484375,1932.18896484375,1932.18896484375,0
2009-07-13,1932.18896484375,1932.18896484375,1932.18896484375,1932.18896484375,13954
2009-07-14,1932.18896484375,1932.18896484375,1932.18896484375,1932.18896484375,0
2009-07-15,1932.18896484375,1932.18896484375,1932.18896484375,1932.18896484375,13954
2009-07-16,1932.18896484375,1932.18896484375,1932.18896484375,1932.18896484375,0
2009-07-17,1932.18896484375,1932.18896484375,1932.18896484375,1932.18896484375,0
2009-07-20,1932.18896484375,1932.18896484375,1932.18896484375,1932.18896484375,0
2009-07-21,1932.18896484375,1932.18896484375,1932.18896484375,1932.18896484375,0
2009-07-22,1932.18896484375,1932.18896484375,1932.18896484375,1932.18896484375,0
2009-07-23,1932.18896484375,1932.18896484375,1932.18896484375,1932.18896484375,76747
2009-07-27,1932.18896484375,1932.18896484375,1932.18896484375,1932.18896484375,27908
2009-07-28,1932.18896484375,1932.18896484375,1932.18896484375,1932.18896484375,0
2009-07-29,1932.18896484375,1932.18896484375,1932.18896484375,1932.18896484375,27908
2009-07-30,1932.18896484375,1932.18896484375,1932.18896484375,1932.18896484375,0
2009-07-31,1932.18896484375,1932.18896484375,1932.18896484375,1932.18896484375,148778
2009-08-03,1932.18896484375,1932.18896484375,1932.18896484375,1932.18896484375,57211
2009-08-04,1932.18896484375,1932.18896484375,1932.18896484375,1932.18896484375,226781
2009-08-05,1932.18896484375,1932.18896484375,1932.18896484375,1932.18896484375,57211
2009-08-06,1932.18896484375,1932.18896484375,1932.18896484375,1932.18896484375,226781
2009-08-07,1932.18896484375,1932.18896484375,1932.18896484375,1932.18896484375,0
2009-08-10,1932.18896484375,1932.18896484375,1932.18896484375,1932.18896484375,0
2009-08-11,1932.18896484375,1932.18896484375,1932.18896484375,1932.18896484375,0
2009-08-12,1932.18896484375,1932.18896484375,1932.18896484375,1932.18896484375,0
2009-08-13,1932.18896484375,1932.18896484375,1932.18896484375,1932.18896484375,0
2009-08-14,1932.18896484375,1932.18896484375,1932.18896484375,1932.18896484375,0
2009-08-17,1932.18896484375,1932.18896484375,1932.18896484375,1932.18896484375,0
2009-08-18,1932.18896484375,1932.18896484375,1932.18896484375,1932.18896484375,0
2009-08-19,1932.18896484375,1932.18896484375,1932.18896484375,1932.18896484375,0
2009-08-20,1932.18896484375,1932.18896484375,1932.18896484375,1932.18896484375,0
2009-08-21,1932.18896484375,1932.18896484375,1932.18896484375,1932.18896484375,0
2009-08-24,1932.18896484375,1932.18896484375,1932.18896484375,1932.18896484375,0
2009-08-25,1932.18896484375,1932.18896484375,1932.18896484375,1932.18896484375,0
2009-08-26,1932.18896484375,1932.18896484375,1932.18896484375,1932.18896484375,0
2009-08-27,1932.18896484375,1932.18896484375,1932.18896484375,1932.18896484375,0
2009-08-28,1932.18896484375,1932.18896484375,1932.18896484375,1932.18896484375,0
2009-08-31,1932.18896484375,1932.18896484375,1932.18896484375,1932.18896484375,0
2009-09-01,1932.18896484375,1932.18896484375,1932.18896484375,1932.18896484375,0
2009-09-02,1932.18896484375,1932.18896484375,1932.18896484375,1932.18896484375,0
2009-09-03,1932.18896484375,1932.18896484375,1932.18896484375,1932.18896484375,0
2009-09-04,1932.18896484375,1932.18896484375,1932.18896484375,1932.18896484375,0
2009-09-07,1932.18896484375,1932.18896484375,1932.18896484375,1932.18896484375,0
2009-09-08,1932.18896484375,1932.18896484375,1932.18896484375,1932.18896484375,0
2009-09-09,1932.18896484375,1932.18896484375,1932.18896484375,1932.18896484375,0
2009-09-10,1932.18896484375,1932.18896484375,1932.18896484375,1932.18896484375,20428
2009-09-11,1932.18896484375,1932.18896484375,1932.18896484375,1932.18896484375,0
2009-09-14,1932.18896484375,1932.18896484375,1932.18896484375,1932.18896484375,0
2009-09-15,1932.18896484375,1932.18896484375,1932.18896484375,1932.18896484375,261415
2009-09-16,1932.18896484375,1932.18896484375,1932.18896484375,1932.18896484375,453507
2009-09-17,1932.18896484375,1932.18896484375,1932.18896484375,1932.18896484375,0
2009-09-18,1932.18896484375,1932.18896484375,1932.18896484375,1932.18896484375,61495
2009-09-21,1932.18896484375,1932.18896484375,1932.18896484375,1932.18896484375,20931
2009-09-22,1932.18896484375,1932.18896484375,1932.18896484375,1932.18896484375,0
2009-09-23,1932.18896484375,1932.18896484375,1932.18896484375,1932.18896484375,0
2009-09-24,1932.18896484375,1932.18896484375,1932.18896484375,1932.18896484375,69770
2009-09-25,1932.18896484375,1932.18896484375,1932.18896484375,1932.18896484375,0
2009-09-28,1932.18896484375,1932.18896484375,1932.18896484375,1932.18896484375,6843979
2009-09-29,1932.18896484375,1932.18896484375,1932.18896484375,1932.18896484375,0
2009-09-30,1932.18896484375,1932.18896484375,1932.18896484375,1932.18896484375,1082865
2009-10-01,1932.18896484375,1932.18896484375,1932.18896484375,1932.18896484375,418622
2009-10-02,1932.18896484375,1932.18896484375,1932.18896484375,1932.18896484375,0
2009-10-05,1932.18896484375,1932.18896484375,1932.18896484375,1932.18896484375,470992
2009-10-06,1932.18896484375,1932.18896484375,1932.18896484375,1932.18896484375,0
2009-10-07,1932.18896484375,1932.18896484375,1932.18896484375,1932.18896484375,348852
2009-10-08,1932.18896484375,1932.18896484375,1932.18896484375,1932.18896484375,158057
2009-10-09,1932.18896484375,1932.18896484375,1932.18896484375,1932.18896484375,3901382
2009-10-13,1932.18896484375,1932.18896484375,1932.18896484375,1932.18896484375,0
2009-10-14,1932.18896484375,1932.18896484375,1932.18896484375,1932.18896484375,0
2009-10-15,1932.18896484375,1932.18896484375,1932.18896484375,1932.18896484375,0
2009-10-16,1932.18896484375,1932.18896484375,1932.18896484375,1932.18896484375,110795
2009-10-19,1932.18896484375,1932.18896484375,1932.18896484375,1932.18896484375,20931
2009-10-20,3864.3779296875,3864.3779296875,3864.3779296875,3864.3779296875,60058
2009-10-21,3864.3779296875,3864.3779296875,3864.3779296875,3864.3779296875,0
2009-10-22,3864.3779296875,3864.3779296875,3864.3779296875,3864.3779296875,0
2009-10-23,3864.3779296875,3864.3779296875,3864.3779296875,3864.3779296875,0
2009-10-26,3864.3779296875,3864.3779296875,3864.3779296875,3864.3779296875,0
2009-10-27,3864.3779296875,3864.3779296875,3864.3779296875,3864.3779296875,0
2009-10-28,3864.3779296875,3864.3779296875,3864.3779296875,3864.3779296875,0
2009-10-29,3864.3779296875,3864.3779296875,3864.3779296875,3864.3779296875,0
2009-10-30,3864.3779296875,3864.3779296875,3864.3779296875,3864.3779296875,0
2009-11-02,3864.3779296875,3864.3779296875,3864.3779296875,3864.3779296875,0
2009-11-03,3864.3779296875,3864.3779296875,3864.3779296875,3864.3779296875,0
2009-11-04,3864.3779296875,3864.3779296875,3864.3779296875,3864.3779296875,0
2009-11-05,3864.3779296875,3864.3779296875,3864.3779296875,3864.3779296875,0
2009-11-06,3864.3779296875,3864.3779296875,3864.3779296875,3864.3779296875,0
2009-11-09,3864.3779296875,3864.3779296875,3864.3779296875,3864.3779296875,0
2009-11-10,3864.3779296875,3864.3779296875,3864.3779296875,3864.3779296875,0
2009-11-11,3864.3779296875,3864.3779296875,3864.3779296875,3864.3779296875,0
2009-11-12,3864.3779296875,3864.3779296875,3864.3779296875,3864.3779296875,0
2009-11-13,3864.3779296875,3864.3779296875,3864.3779296875,3864.3779296875,0
2009-11-16,3864.3779296875,3864.3779296875,3864.3779296875,3864.3779296875,0
2009-11-17,3864.3779296875,3864.3779296875,3864.3779296875,3864.3779296875,0
2009-11-18,3864.3779296875,3864.3779296875,3864.3779296875,3864.3779296875,0
2009-11-19,3864.3779296875,3864.3779296875,3864.3779296875,3864.3779296875,0
2009-11-20,3864.3779296875,3864.3779296875,3864.3779296875,3864.3779296875,0
2009-11-23,3864.3779296875,3864.3779296875,3864.3779296875,3864.3779296875,0
2009-11-24,3864.3779296875,3864.3779296875,3864.3779296875,3864.3779296875,0
2009-11-25,3864.3779296875,3864.3779296875,3864.3779296875,3864.3779296875,125586
2009-11-26,3864.3779296875,3864.3779296875,3864.3779296875,3864.3779296875,0
2009-11-27,3864.3779296875,3864.3779296875,3864.3779296875,3864.3779296875,0
2009-11-30,3864.3779296875,3864.3779296875,3864.3779296875,3864.3779296875,13954
2009-12-01,3864.3779296875,3864.3779296875,3864.3779296875,3864.3779296875,0
2009-12-02,3864.3779296875,3864.3779296875,3864.3779296875,3864.3779296875,128321
2009-12-03,3864.3779296875,3864.3779296875,3864.3779296875,3864.3779296875,0
2009-12-04,3864.3779296875,3864.3779296875,3864.3779296875,3864.3779296875,0
2009-12-08,3864.3779296875,3864.3779296875,3864.3779296875,3864.3779296875,0
2009-12-09,3864.3779296875,3864.3779296875,3864.3779296875,3864.3779296875,27908
2009-12-10,3864.3779296875,3864.3779296875,3864.3779296875,3864.3779296875,13954
2009-12-11,3864.3779296875,3864.3779296875,3864.3779296875,3864.3779296875,0
2009-12-14,3864.3779296875,3864.3779296875,3864.3779296875,3864.3779296875,0
2009-12-15,3864.3779296875,3864.3779296875,3864.3779296875,3864.3779296875,0
2009-12-16,3864.3779296875,3864.3779296875,3864.3779296875,3864.3779296875,0
2009-12-17,3864.3779296875,3864.3779296875,3864.3779296875,3864.3779296875,0
2009-12-18,3864.3779296875,3864.3779296875,3864.3779296875,3864.3779296875,0
2009-12-21,3864.3779296875,3864.3779296875,3864.3779296875,3864.3779296875,0
2009-12-22,3864.3779296875,3864.3779296875,3864.3779296875,3864.3779296875,0
2009-12-23,3864.3779296875,3864.3779296875,3864.3779296875,3864.3779296875,0
2009-12-24,3864.3779296875,3864.3779296875,3864.3779296875,3864.3779296875,0
2009-12-28,3864.3779296875,3864.3779296875,3864.3779296875,3864.3779296875,0
2009-12-29,3864.3779296875,3864.3779296875,3864.3779296875,3864.3779296875,0
2009-12-30,3864.3779296875,3864.3779296875,3864.3779296875,3864.3779296875,0
2009-12-31,3864.3779296875,3864.3779296875,3864.3779296875,3864.3779296875,0
2010-01-05,3864.3779296875,3864.3779296875,3864.3779296875,3864.3779296875,0
2010-01-06,3864.3779296875,3864.3779296875,3864.3779296875,3864.3779296875,0
2010-01-07,3864.3779296875,3864.3779296875,3864.3779296875,3864.3779296875,0
2010-01-08,3864.3779296875,3864.3779296875,3864.3779296875,3864.3779296875,0
2010-01-11,3864.3779296875,3864.3779296875,3864.3779296875,3864.3779296875,0
2010-01-12,3864.3779296875,3864.3779296875,3864.3779296875,3864.3779296875,34885
2010-01-13,3864.3779296875,3864.3779296875,3864.3779296875,3864.3779296875,1814
2010-01-14,3864.3779296875,3864.3779296875,3864.3779296875,3864.3779296875,0
2010-01-15,3864.3779296875,3864.3779296875,3864.3779296875,3864.3779296875,0
2010-01-18,3864.3779296875,3864.3779296875,3864.3779296875,3864.3779296875,0
2010-01-19,3864.3779296875,3864.3779296875,3864.3779296875,3864.3779296875,0
2010-01-20,3864.3779296875,3864.3779296875,3864.3779296875,3864.3779296875,0
2010-01-21,3864.3779296875,3864.3779296875,3864.3779296875,3864.3779296875,0
2010-01-22,3864.3779296875,3864.3779296875,3864.3779296875,3864.3779296875,0
2010-01-25,3864.3779296875,3864.3779296875,3864.3779296875,3864.3779296875,0
2010-01-26,3864.3779296875,3864.3779296875,3864.3779296875,3864.3779296875,0
2010-01-27,3864.3779296875,3864.3779296875,3864.3779296875,3864.3779296875,0
2010-01-28,3864.3779296875,3864.3779296875,3864.3779296875,3864.3779296875,0
2010-01-29,3864.3779296875,3864.3779296875,3864.3779296875,3864.3779296875,0
2010-02-01,3864.3779296875,3864.3779296875,3864.3779296875,3864.3779296875,0
2010-02-02,3864.3779296875,3864.3779296875,3864.3779296875,3864.3779296875,0
2010-02-03,3864.3779296875,3864.3779296875,3864.3779296875,3864.3779296875,0
2010-02-04,3864.3779296875,3864.3779296875,3864.3779296875,3864.3779296875,47527647
2010-02-05,3864.3779296875,3864.3779296875,3864.3779296875,3864.3779296875,0
2010-02-08,3864.3779296875,3864.3779296875,3864.3779296875,3864.3779296875,0
2010-02-09,3864.3779296875,3864.3779296875,3864.3779296875,3864.3779296875,0
2010-02-10,3864.3779296875,3864.3779296875,3864.3779296875,3864.3779296875,0
2010-02-11,3864.3779296875,3864.3779296875,3864.3779296875,3864.3779296875,0
2010-02-12,3864.3779296875,3864.3779296875,3864.3779296875,3864.3779296875,0
2010-02-17,3864.3779296875,3864.3779296875,3864.3779296875,3864.3779296875,0
2010-02-18,3864.3779296875,3864.3779296875,3864.3779296875,3864.3779296875,0
2010-02-19,3864.3779296875,3864.3779296875,3864.3779296875,3864.3779296875,0
2010-02-22,3864.3779296875,3864.3779296875,3864.3779296875,3864.3779296875,0
2010-02-23,3864.3779296875,3864.3779296875,3864.3779296875,3864.3779296875,0
2010-02-24,3864.3779296875,3864.3779296875,3864.3779296875,3864.3779296875,0
2010-02-25,3864.3779296875,3864.3779296875,3864.3779296875,3864.3779296875,0
2010-02-26,3864.3779296875,3864.3779296875,3864.3779296875,3864.3779296875,0
2010-03-01,3864.3779296875,3864.3779296875,3864.3779296875,3864.3779296875,0
2010-03-02,3864.3779296875,3864.3779296875,3864.3779296875,3864.3779296875,0
2010-03-03,3864.3779296875,3864.3779296875,3864.3779296875,3864.3779296875,0
2010-03-04,3864.3779296875,3864.3779296875,3864.3779296875,3864.3779296875,0
2010-03-05,3864.3779296875,3864.3779296875,3864.3779296875,3864.3779296875,0
2010-03-08,3864.3779296875,3864.3779296875,3864.3779296875,3864.3779296875,0
2010-03-09,3864.3779296875,3864.3779296875,3864.3779296875,3864.3779296875,0
2010-03-10,3864.3779296875,3864.3779296875,3864.3779296875,3864.3779296875,0
2010-03-11,3864.3779296875,3864.3779296875,3864.3779296875,3864.3779296875,0
2010-03-12,3864.3779296875,3864.3779296875,3864.3779296875,3864.3779296875,0
2010-03-15,3864.3779296875,3864.3779296875,3864.3779296875,3864.3779296875,0
2010-03-16,3864.3779296875,3864.3779296875,3864.3779296875,3864.3779296875,0
2010-03-17,0.0,,,,4098
2010-04-05,0.0,,,,282041
2010-04-21,0.0,,,,953163
2010-06-29,0.0,,,,47658
2010-06-30,0.0,,,,95316
2010-07-09,0.0,,,,1749054
2010-07-19,0.0,,,,491260
2010-07-21,0.0,,,,2591937
2011-02-07,0.0,,,,95316
2011-03-25,0.0,,,,476581
2011-04-06,0.0,,,,1429745
2011-04-15,0.0,,,,166244959
2011-04-28,0.0,,,,160861301
2011-06-22,0.0,,,,953163
2011-07-22,0.0,,,,1945787
2011-08-31,0.0,,,,9194405
2011-11-23,0.0,,,,34409
2011-12-06,0.0,,,,667214
2012-04-12,0.0,,,,309206
2012-05-03,0.0,,,,1764334191
2012-05-04,0.0,,,,18110106
2012-05-11,0.0,,,,953163
2012-05-15,0.0,,,,629087
2012-05-28,0.0,,,,953163
2012-05-29,0.0,,,,2382908
2012-05-31,0.0,,,,7888666
2012-06-08,0.0,,,,2859490
2012-06-15,0.0,,,,2382908
2012-06-19,0.0,,,,29138588
2012-06-20,0.0,,,,476581
2012-06-21,0.0,,,,2859490
2012-07-10,0.0,,,,367005302
2012-07-20,0.0,,,,1296302
2012-07-23,0.0,,,,163056913
2012-08-03,0.0,,,,31192
2012-08-10,0.0,,,,680372
2012-08-17,0.0,,,,2004235
2012-08-20,0.0,,,,917438
2012-08-24,0.0,,,,514499
2012-08-27,0.0,,,,311195
2012-09-03,0.0,,,,478535
2012-09-10,0.0,,,,602940
2012-09-19,0.0,,,,2862407
2012-09-21,0.0,,,,3245163
2012-09-27,0.0,,,,917438
2012-10-08,0.0,,,,1834876
2012-11-06,0.0,,,,91743
2012-11-13,0.0,,,,36514
2012-11-16,0.0,,,,1932217
2012-11-23,0.0,,,,356427855
2012-11-26,0.0,,,,4615540
2012-11-27,0.0,,,,10466229
2012-12-07,0.0,,,,1219882
2012-12-13,0.0,,,,200152842
2012-12-18,0.0,,,,879622
2012-12-21,0.0,,,,1916957
2012-12-27,0.0,,,,5620955
2013-01-17,0.0,,,,232648
2013-01-18,0.0,,,,1141548
2013-01-22,0.0,,,,17426
2013-01-23,0.0,,,,2490476
2013-01-24,21254.076171875,21254.076171875,21254.076171875,21254.076171875,15953
2013-01-25,21254.076171875,21254.076171875,21254.076171875,21254.076171875,0
2013-01-28,21254.076171875,21254.076171875,21254.076171875,21254.076171875,0
2013-01-29,21254.076171875,21254.076171875,21254.076171875,21254.076171875,0
2013-01-30,21254.076171875,21254.076171875,21254.076171875,21254.076171875,0
2013-01-31,21254.076171875,21254.076171875,21254.076171875,21254.076171875,0
2013-02-01,21254.076171875,21254.076171875,21254.076171875,21254.076171875,0
2013-02-04,21254.076171875,21254.076171875,21254.076171875,21254.076171875,0
2013-02-05,21254.076171875,21254.076171875,21254.076171875,21254.076171875,1482
2013-02-06,21254.076171875,21254.076171875,21254.076171875,21254.076171875,0
2013-02-07,21254.076171875,21254.076171875,21254.076171875,21254.076171875,20053
2013-02-08,21254.076171875,21254.076171875,21254.076171875,21254.076171875,16565
2013-02-13,21254.076171875,21254.076171875,21254.076171875,21254.076171875,0
2013-02-14,21254.076171875,21254.076171875,21254.076171875,21254.076171875,4752
2013-02-15,21254.076171875,21254.076171875,21254.076171875,21254.076171875,69
2013-02-18,21254.076171875,21254.076171875,21254.076171875,21254.076171875,0
2013-02-19,21254.076171875,21254.076171875,21254.076171875,21254.076171875,0
2013-02-20,21254.076171875,21254.076171875,21254.076171875,21254.076171875,7224
2013-02-21,21254.076171875,21254.076171875,21254.076171875,21254.076171875,0
2013-02-22,21254.076171875,21254.076171875,21254.076171875,21254.076171875,156
2013-02-25,21254.076171875,21254.076171875,21254.076171875,21254.076171875,0
2013-02-26,21254.076171875,21254.076171875,21254.076171875,21254.076171875,1133
2013-02-27,21254.076171875,21254.076171875,21254.076171875,21254.076171875,26156
2013-02-28,21254.076171875,21254.076171875,21254.076171875,21254.076171875,8727
2013-03-01,21254.076171875,21254.076171875,21254.076171875,21254.076171875,0
2013-03-04,21254.076171875,21254.076171875,21254.076171875,21254.076171875,0
2013-03-05,21254.076171875,21254.076171875,21254.076171875,21254.076171875,0
2013-03-06,21254.076171875,21254.076171875,21254.076171875,21254.076171875,0
2013-03-07,21254.076171875,21254.076171875,21254.076171875,21254.076171875,0
2013-03-11,21254.076171875,21254.076171875,21254.076171875,21254.076171875,0
2013-03-12,21254.076171875,21254.076171875,21254.076171875,21254.076171875,8727
2013-03-13,21254.076171875,21254.076171875,21254.076171875,21254.076171875,8727
2013-03-14,21254.076171875,21254.076171875,21254.076171875,21254.076171875,8727
2013-03-18,21254.076171875,21254.076171875,21254.076171875,21254.076171875,0
2013-03-20,21254.076171875,21254.076171875,21254.076171875,21254.076171875,0
2013-03-21,21254.076171875,21254.076171875,21254.076171875,21254.076171875,141405
2013-03-22,21254.076171875,21254.076171875,21254.076171875,21254.076171875,141405
2013-03-25,21254.076171875,21254.076171875,21254.076171875,21254.076171875,0
2013-03-26,21254.076171875,21254.076171875,21254.076171875,21254.076171875,141405
2013-03-27,21254.076171875,21254.076171875,21254.076171875,21254.076171875,141405
2013-04-01,21254.076171875,21254.076171875,21254.076171875,21254.076171875,0
2013-04-02,21254.076171875,21254.076171875,21254.076171875,21254.076171875,141405
2013-04-03,21254.076171875,21254.076171875,21254.076171875,21254.076171875,6953
2013-04-04,21254.076171875,21254.076171875,21254.076171875,21254.076171875,0
2013-04-05,21254.076171875,21254.076171875,21254.076171875,21254.076171875,6953
2013-04-08,21254.076171875,21254.076171875,21254.076171875,21254.076171875,0
2013-04-09,21254.076171875,21254.076171875,21254.076171875,21254.076171875,4
2013-04-10,21254.076171875,21254.076171875,21254.076171875,21254.076171875,187
2013-04-11,21254.076171875,21254.076171875,21254.076171875,21254.076171875,21173
2013-04-12,21254.076171875,21254.076171875,21254.076171875,21254.076171875,21173
2013-04-15,21254.076171875,21254.076171875,21254.076171875,21254.076171875,0
2013-04-16,21254.076171875,21254.076171875,21254.076171875,21254.076171875,21173
2013-04-17,21254.076171875,21254.076171875,21254.076171875,21254.076171875,21173
2013-04-18,21254.076171875,21254.076171875,21254.076171875,21254.076171875,4127
2013-04-22,21254.076171875,21254.076171875,21254.076171875,21254.076171875,0
2013-04-23,21254.076171875,21254.076171875,21254.076171875,21254.076171875,4127
2013-04-24,21254.076171875,21254.076171875,21254.076171875,21254.076171875,4127
2013-04-25,21254.076171875,21254.076171875,21254.076171875,21254.076171875,4127
2013-04-26,21254.076171875,21254.076171875,21254.076171875,21254.076171875,4127
2013-04-29,21254.076171875,21254.076171875,21254.076171875,21254.076171875,0
2013-04-30,21254.076171875,21254.076171875,21254.076171875,21254.076171875,4127
2013-05-02,21254.076171875,21254.076171875,21254.076171875,21254.076171875,0
2013-05-03,21254.076171875,21254.076171875,21254.076171875,21254.076171875,4127
2013-05-06,21254.076171875,21254.076171875,21254.076171875,21254.076171875,0
2013-05-07,21254.076171875,21254.076171875,21254.076171875,21254.076171875,4127
2013-05-08,21254.076171875,21254.076171875,21254.076171875,21254.076171875,4127
2013-05-09,21254.076171875,21254.076171875,21254.076171875,21254.076171875,823
2013-05-10,21254.076171875,21254.076171875,21254.076171875,21254.076171875,823
2013-05-14,21254.076171875,21254.076171875,21254.076171875,21254.076171875,0
2013-05-15,21254.076171875,21254.076171875,21254.076171875,21254.076171875,16565
2013-05-16,21254.076171875,21254.076171875,21254.076171875,21254.076171875,4075
2013-05-17,21254.076171875,21254.076171875,21254.076171875,21254.076171875,101
2013-05-20,21254.076171875,21254.076171875,21254.076171875,21254.076171875,0
2013-05-21,21254.076171875,21254.076171875,21254.076171875,21254.076171875,101
2013-05-22,21254.076171875,21254.076171875,21254.076171875,21254.076171875,101
2013-05-23,21254.076171875,21254.076171875,21254.076171875,21254.076171875,101
2013-05-24,21254.076171875,21254.076171875,21254.076171875,21254.076171875,101
2013-05-27,21254.076171875,21254.076171875,21254.076171875,21254.076171875,0
2013-05-28,21254.076171875,21254.076171875,21254.076171875,21254.076171875,4359
2013-05-29,21254.076171875,21254.076171875,21254.076171875,21254.076171875,3519
2013-05-30,21254.076171875,21254.076171875,21254.076171875,21254.076171875,4359
2013-05-31,21254.076171875,21254.076171875,21254.076171875,21254.076171875,13121
2013-06-04,21254.076171875,21254.076171875,21254.076171875,21254.076171875,0
2013-06-05,21254.076171875,21254.076171875,21254.076171875,21254.076171875,17786
2013-06-06,21254.076171875,21254.076171875,21254.076171875,21254.076171875,13557
2013-06-07,21254.076171875,21254.076171875,21254.076171875,21254.076171875,13557
2013-06-10,21254.076171875,21254.076171875,21254.076171875,21254.076171875,0
2013-06-11,21254.076171875,21254.076171875,21254.076171875,21254.076171875,6628
2013-06-12,21254.076171875,21254.076171875,21254.076171875,21254.076171875,17115
2013-06-13,21254.076171875,21254.076171875,21254.076171875,21254.076171875,4359
2013-06-14,21254.076171875,21254.076171875,21254.076171875,21254.076171875,18609
2013-06-17,21254.076171875,21254.076171875,21254.076171875,21254.076171875,0
2013-06-18,42508.15234375,42508.15234375,42508.15234375,42508.15234375,200533
2013-06-19,42508.15234375,42508.15234375,42508.15234375,42508.15234375,200533
2013-06-20,42508.15234375,42508.15234375,42508.15234375,42508.15234375,270842
2013-06-21,42508.15234375,42508.15234375,42508.15234375,42508.15234375,3937
2013-06-25,42508.15234375,42508.15234375,42508.15234375,42508.15234375,0
2013-06-26,42508.15234375,42508.15234375,42508.15234375,42508.15234375,38512
2013-06-27,42508.15234375,42508.15234375,42508.15234375,42508.15234375,16129
2013-06-28,42508.15234375,42508.15234375,42508.15234375,42508.15234375,3981
2013-07-01,42508.15234375,42508.15234375,42508.15234375,42508.15234375,0
2013-07-02,42508.15234375,42508.15234375,42508.15234375,42508.15234375,74
2013-07-03,42508.15234375,42508.15234375,42508.15234375,42508.15234375,4533
2013-07-04,42508.15234375,42508.15234375,42508.15234375,42508.15234375,11991
2013-07-08,42508.15234375,42508.15234375,42508.15234375,42508.15234375,0
2013-07-09,42508.15234375,42508.15234375,42508.15234375,42508.15234375,52158
2013-07-10,42508.15234375,42508.15234375,42508.15234375,42508.15234375,23891
2013-07-11,42508.15234375,42508.15234375,42508.15234375,42508.15234375,22253
2013-07-12,42508.15234375,42508.15234375,42508.15234375,42508.15234375,52442
2013-07-15,42508.15234375,42508.15234375,42508.15234375,42508.15234375,0
2013-07-16,42508.15234375,42508.15234375,42508.15234375,42508.15234375,4151
2013-07-17,42508.15234375,42508.15234375,42508.15234375,42508.15234375,285557
2013-07-18,42508.15234375,42508.15234375,42508.15234375,42508.15234375,7699
2013-07-19,42508.15234375,42508.15234375,42508.15234375,42508.15234375,11935
2013-07-22,42508.15234375,42508.15234375,42508.15234375,42508.15234375,0
2013-07-23,42508.15234375,42508.15234375,42508.15234375,42508.15234375,6314
2013-07-25,42508.15234375,42508.15234375,42508.15234375,42508.15234375,0
2013-07-26,42508.15234375,42508.15234375,42508.15234375,42508.15234375,5173
2013-07-29,42508.15234375,42508.15234375,42508.15234375,42508.15234375,0
2013-07-30,42508.15234375,42508.15234375,42508.15234375,42508.15234375,1171
2013-07-31,42508.15234375,42508.15234375,42508.15234375,42508.15234375,1171
2013-08-01,42508.15234375,42508.15234375,42508.15234375,42508.15234375,4420
2013-08-02,42508.15234375,42508.15234375,42508.15234375,42508.15234375,4420
2013-08-05,42508.15234375,42508.15234375,42508.15234375,42508.15234375,0
2013-08-06,42508.15234375,42508.15234375,42508.15234375,42508.15234375,6281
2013-08-07,42508.15234375,42508.15234375,42508.15234375,42508.15234375,1869
2013-08-08,42508.15234375,42508.15234375,42508.15234375,42508.15234375,31641
2013-08-09,42508.15234375,42508.15234375,42508.15234375,42508.15234375,5237
2013-08-12,42508.15234375,42508.15234375,42508.15234375,42508.15234375,0
2013-08-13,42508.15234375,42508.15234375,42508.15234375,42508.15234375,990
2013-08-14,42508.15234375,42508.15234375,42508.15234375,42508.15234375,1714
2013-08-15,42508.15234375,42508.15234375,42508.15234375,42508.15234375,2388
2013-08-16,42508.15234375,42508.15234375,42508.15234375,42508.15234375,139
2013-08-20,42508.15234375,42508.15234375,42508.15234375,42508.15234375,0
2013-08-21,42508.15234375,42508.15234375,42508.15234375,42508.15234375,139
2013-08-22,42508.15234375,42508.15234375,42508.15234375,42508.15234375,289
2013-08-23,42508.15234375,42508.15234375,42508.15234375,42508.15234375,905
2013-08-26,42508.15234375,42508.15234375,42508.15234375,42508.15234375,0
2013-08-27,42508.15234375,42508.15234375,42508.15234375,42508.15234375,1761
2013-08-28,42508.15234375,42508.15234375,42508.15234375,42508.15234375,997
2013-08-29,42508.15234375,42508.15234375,42508.15234375,42508.15234375,21797
2013-08-30,42508.15234375,42508.15234375,42508.15234375,42508.15234375,21797
2013-09-02,42508.15234375,42508.15234375,42508.15234375,42508.15234375,0
2013-09-03,42508.15234375,42508.15234375,42508.15234375,42508.15234375,924
2013-09-04,42508.15234375,42508.15234375,42508.15234375,42508.15234375,1853
2013-09-05,42508.15234375,42508.15234375,42508.15234375,42508.15234375,1853
2013-09-06,42508.15234375,42508.15234375,42508.15234375,42508.15234375,10557
2013-09-09,42508.15234375,42508.15234375,42508.15234375,42508.15234375,0
2013-09-10,65694.421875,65694.421875,65694.421875,65694.421875,2965
2013-09-11,65694.421875,65694.421875,65694.421875,65694.421875,24803
2013-09-12,65694.421875,65694.421875,65694.421875,65694.421875,8186
2013-09-13,65694.421875,65694.421875,65694.421875,65694.421875,9971
2013-09-16,65694.421875,65694.421875,65694.421875,65694.421875,0
2013-09-17,65694.421875,65694.421875,65694.421875,65694.421875,99
2013-09-18,86948.5,86948.5,86948.5,86948.5,3305
2013-09-19,86948.5,86948.5,86948.5,86948.5,0
2013-09-20,65694.421875,65694.421875,65694.421875,65694.421875,15060
2013-09-23,65694.421875,65694.421875,65694.421875,65694.421875,0
2013-09-24,65694.421875,65694.421875,65694.421875,65694.421875,1743
2013-09-25,65694.421875,65694.421875,65694.421875,65694.421875,1046
2013-09-26,86948.5,86948.5,86948.5,86948.5,40220
2013-09-27,65694.421875,65694.421875,65694.421875,65694.421875,1743
2013-09-30,65694.421875,65694.421875,65694.421875,65694.421875,0
2013-10-01,65694.421875,65694.421875,65694.421875,65694.421875,43759
2013-10-02,65694.421875,65694.421875,65694.421875,65694.421875,1188
2013-10-03,65694.421875,65694.421875,65694.421875,65694.421875,113595
2013-10-04,42508.15234375,42508.15234375,42508.15234375,42508.15234375,29812
2013-10-07,42508.15234375,42508.15234375,42508.15234375,42508.15234375,0
2013-10-08,42508.15234375,42508.15234375,42508.15234375,42508.15234375,31014
2013-10-09,42508.15234375,42508.15234375,42508.15234375,42508.15234375,1000
2013-10-10,42508.15234375,42508.15234375,42508.15234375,42508.15234375,1000
2013-10-11,42508.15234375,42508.15234375,42508.15234375,42508.15234375,3361
2013-10-14,42508.15234375,42508.15234375,42508.15234375,42508.15234375,0
2013-10-15,65694.421875,65694.421875,65694.421875,65694.421875,251
2013-10-16,65694.421875,65694.421875,65694.421875,65694.421875,27473
2013-10-17,65694.421875,65694.421875,65694.421875,65694.421875,27473
2013-10-18,65694.421875,65694.421875,65694.421875,65694.421875,904
2013-10-21,65694.421875,65694.421875,65694.421875,65694.421875,0
2013-10-22,65694.421875,65694.421875,65694.421875,65694.421875,3076
2013-10-23,65694.421875,65694.421875,65694.421875,65694.421875,3076
2013-10-24,65694.421875,65694.421875,65694.421875,65694.421875,2946
2013-10-25,65694.421875,65694.421875,65694.421875,65694.421875,9590
2013-10-28,65694.421875,65694.421875,65694.421875,65694.421875,0
2013-10-29,65694.421875,65694.421875,65694.421875,65694.421875,8906
2013-10-30,65694.421875,65694.421875,65694.421875,65694.421875,17437
2013-10-31,65694.421875,65694.421875,65694.421875,65694.421875,7340
2013-11-01,65694.421875,65694.421875,65694.421875,65694.421875,22371
2013-11-05,65694.421875,65694.421875,65694.421875,65694.421875,21186
2013-11-06,65694.421875,65694.421875,65694.421875,65694.421875,3570
2013-11-07,65694.421875,65694.421875,65694.421875,65694.421875,6539
2013-11-08,65694.421875,65694.421875,65694.421875,65694.421875,6539
2013-11-11,65694.421875,65694.421875,65694.421875,65694.421875,10026
2013-11-12,65694.421875,65694.421875,65694.421875,65694.421875,10026
2013-11-13,65694.421875,65694.421875,65694.421875,65694.421875,0
2013-11-14,42508.15234375,42508.15234375,42508.15234375,42508.15234375,87218
2013-11-15,42508.15234375,42508.15234375,42508.15234375,42508.15234375,0
2013-11-18,42508.15234375,42508.15234375,42508.15234375,42508.15234375,0
2013-11-19,65694.421875,65694.421875,65694.421875,65694.421875,162010
2013-11-20,65694.421875,65694.421875,65694.421875,65694.421875,2647
2013-11-21,65694.421875,65694.421875,65694.421875,65694.421875,130782
2013-11-22,65694.421875,65694.421875,65694.421875,65694.421875,410034
2013-11-25,65694.421875,65694.421875,65694.421875,65694.421875,0
2013-11-26,65694.421875,65694.421875,65694.421875,65694.421875,755
2013-11-27,65694.421875,65694.421875,65694.421875,65694.421875,112639
2013-11-28,65694.421875,65694.421875,65694.421875,65694.421875,2029
2013-11-29,65694.421875,65694.421875,65694.421875,65694.421875,2029
2013-12-02,65694.421875,65694.421875,65694.421875,65694.421875,0
2013-12-03,65694.421875,65694.421875,65694.421875,65694.421875,1584
2013-12-04,65694.421875,65694.421875,65694.421875,65694.421875,191
2013-12-05,65694.421875,65694.421875,65694.421875,65694.421875,9172
2013-12-06,65694.421875,65694.421875,65694.421875,65694.421875,2194
2013-12-09,65694.421875,65694.421875,65694.421875,65694.421875,0
2013-12-10,65694.421875,65694.421875,65694.421875,65694.421875,24
2013-12-11,65694.421875,65694.421875,65694.421875,65694.421875,1307
2013-12-12,65694.421875,65694.421875,65694.421875,65694.421875,243462
2013-12-13,-251.01278686523438,-251.01278686523438,-251.01278686523438,-251.01278686523438,132464
2013-12-16,-251.01278686523438,-251.01278686523438,-251.01278686523438,-251.01278686523438,0
2013-12-17,-251.01278686523438,-251.01278686523438,-251.01278686523438,-251.01278686523438,2558
2013-12-18,-251.01278686523438,-251.01278686523438,-251.01278686523438,-251.01278686523438,106456
2013-12-19,-251.01278686523438,-251.01278686523438,-251.01278686523438,-251.01278686523438,3905
2013-12-20,-251.01278686523438,-251.01278686523438,-251.01278686523438,-251.01278686523438,6834
2013-12-23,-251.01278686523438,-251.01278686523438,-251.01278686523438,-251.01278686523438,0
2013-12-26,-251.01278686523438,-251.01278686523438,-251.01278686523438,-251.01278686523438,0
2013-12-27,-251.01278686523438,-251.01278686523438,-251.01278686523438,-251.01278686523438,29627
2013-12-30,-251.01278686523438,-251.01278686523438,-251.01278686523438,-251.01278686523438,0
2014-01-02,-251.01278686523438,-251.01278686523438,-251.01278686523438,-251.01278686523438,0
2014-01-03,-251.01278686523438,-251.01278686523438,-251.01278686523438,-251.01278686523438,48
2014-01-07,-251.01278686523438,-251.01278686523438,-251.01278686523438,-251.01278686523438,0
2014-01-08,-251.01278686523438,-251.01278686523438,-251.01278686523438,-251.01278686523438,325
2014-01-09,-251.01278686523438,-251.01278686523438,-251.01278686523438,-251.01278686523438,8157
2014-01-10,-251.01278686523438,-251.01278686523438,-251.01278686523438,-251.01278686523438,1952
2014-01-13,-251.01278686523438,-251.01278686523438,-251.01278686523438,-251.01278686523438,0
2014-01-14,-251.01278686523438,-251.01278686523438,-251.01278686523438,-251.01278686523438,45847
2014-01-15,-251.01278686523438,-251.01278686523438,-251.01278686523438,-251.01278686523438,325
2014-01-16,-251.01278686523438,-251.01278686523438,-251.01278686523438,-251.01278686523438,46404
2014-01-17,-251.01278686523438,-251.01278686523438,-251.01278686523438,-251.01278686523438,3354
2014-01-20,-251.01278686523438,-251.01278686523438,-251.01278686523438,-251.01278686523438,0
2014-01-21,-251.01278686523438,-251.01278686523438,-251.01278686523438,-251.01278686523438,64231
2014-01-22,-251.01278686523438,-251.01278686523438,-251.01278686523438,-251.01278686523438,1301
2014-01-23,-251.01278686523438,-251.01278686523438,-251.01278686523438,-251.01278686523438,5213
2014-01-24,-251.01278686523438,-251.01278686523438,-251.01278686523438,-251.01278686523438,8689
2014-01-27,-251.01278686523438,-251.01278686523438,-251.01278686523438,-251.01278686523438,0
2014-01-28,-251.01278686523438,-251.01278686523438,-251.01278686523438,-251.01278686523438,153
2014-01-29,-251.01278686523438,-251.01278686523438,-251.01278686523438,-251.01278686523438,153
2014-01-30,-251.01278686523438,-251.01278686523438,-251.01278686523438,-251.01278686523438,2400
2014-01-31,-251.01278686523438,-251.01278686523438,-251.01278686523438,-251.01278686523438,2978
2014-02-03,-251.01278686523438,-251.01278686523438,-251.01278686523438,-251.01278686523438,0
2014-02-04,-251.01278686523438,-251.01278686523438,-251.01278686523438,-251.01278686523438,2871
2014-02-05,-251.01278686523438,-251.01278686523438,-251.01278686523438,-251.01278686523438,2871
2014-02-06,-251.01278686523438,-251.01278686523438,-251.01278686523438,-251.01278686523438,911
2014-02-07,-251.01278686523438,-251.01278686523438,-251.01278686523438,-251.01278686523438,911
2014-02-10,-251.01278686523438,-251.01278686523438,-251.01278686523438,-251.01278686523438,0
2014-02-11,-251.01278686523438,-251.01278686523438,-251.01278686523438,-251.01278686523438,23712
2014-02-12,-251.01278686523438,-251.01278686523438,-251.01278686523438,-251.01278686523438,5207
2014-02-13,-251.01278686523438,-251.01278686523438,-251.01278686523438,-251.01278686523438,3254
2014-02-14,-251.01278686523438,-251.01278686523438,-251.01278686523438,-251.01278686523438,6509
2014-02-17,-251.01278686523438,-251.01278686523438,-251.01278686523438,-251.01278686523438,0
2014-02-18,-251.01278686523438,-251.01278686523438,-251.01278686523438,-251.01278686523438,325
2014-02-19,-251.01278686523438,-251.01278686523438,-251.01278686523438,-251.01278686523438,0
2014-02-20,-251.01278686523438,-251.01278686523438,-251.01278686523438,-251.01278686523438,14230
2014-02-21,-251.01278686523438,-251.01278686523438,-251.01278686523438,-251.01278686523438,3254
2014-02-24,-251.01278686523438,-251.01278686523438,-251.01278686523438,-251.01278686523438,0
2014-02-25,-251.01278686523438,-251.01278686523438,-251.01278686523438,-251.01278686523438,175
2014-02-26,-251.01278686523438,-251.01278686523438,-251.01278686523438,-251.01278686523438,1323849
2014-02-27,-251.01278686523438,-251.01278686523438,-251.01278686523438,-251.01278686523438,1323849
2014-02-28,-251.01278686523438,-251.01278686523438,-251.01278686523438,-251.01278686523438,0
2014-03-05,-251.01278686523438,-251.01278686523438,-251.01278686523438,-251.01278686523438,0
2014-03-06,-251.01278686523438,-251.01278686523438,-251.01278686523438,-251.01278686523438,1016
2014-03-07,-251.01278686523438,-251.01278686523438,-251.01278686523438,-251.01278686523438,5622
2014-03-10,-251.01278686523438,-251.01278686523438,-251.01278686523438,-251.01278686523438,0
2014-03-11,-251.01278686523438,-251.01278686523438,-251.01278686523438,-251.01278686523438,20191
2014-03-12,-163.7039794921875,-163.7039794921875,-163.7039794921875,-163.7039794921875,4562
2014-03-13,-163.7039794921875,-163.7039794921875,-163.7039794921875,-163.7039794921875,19527
2014-03-14,-163.7039794921875,-163.7039794921875,-163.7039794921875,-163.7039794921875,1692
2014-03-17,-163.7039794921875,-163.7039794921875,-163.7039794921875,-163.7039794921875,0
2014-03-18,-163.7039794921875,-163.7039794921875,-163.7039794921875,-163.7039794921875,16272
2014-03-20,-163.7039794921875,-163.7039794921875,-163.7039794921875,-163.7039794921875,0
2014-03-21,-163.7039794921875,-163.7039794921875,-163.7039794921875,-163.7039794921875,4230
2014-03-24,-163.7039794921875,-163.7039794921875,-163.7039794921875,-163.7039794921875,0
2014-03-25,-163.7039794921875,-163.7039794921875,-163.7039794921875,-163.7039794921875,325
2014-03-26,-163.7039794921875,-163.7039794921875,-163.7039794921875,-163.7039794921875,4588
2014-03-27,-163.7039794921875,-163.7039794921875,-163.7039794921875,-163.7039794921875,4588
2014-03-28,-163.7039794921875,-163.7039794921875,-163.7039794921875,-163.7039794921875,4588
2014-03-31,-163.7039794921875,-163.7039794921875,-163.7039794921875,-163.7039794921875,0
2014-04-01,-163.7039794921875,-163.7039794921875,-163.7039794921875,-163.7039794921875,2617
2014-04-02,-163.7039794921875,-163.7039794921875,-163.7039794921875,-163.7039794921875,16405
2014-04-03,-163.7039794921875,-163.7039794921875,-163.7039794921875,-163.7039794921875,260
2014-04-04,-163.7039794921875,-163.7039794921875,-163.7039794921875,-163.7039794921875,260
2014-04-07,-163.7039794921875,-163.7039794921875,-163.7039794921875,-163.7039794921875,0
2014-04-08,-163.7039794921875,-163.7039794921875,-163.7039794921875,-163.7039794921875,1952
2014-04-09,-163.7039794921875,-163.7039794921875,-163.7039794921875,-163.7039794921875,1952
2014-04-10,-251.01278686523438,-251.01278686523438,-251.01278686523438,-251.01278686523438,650
2014-04-11,-251.01278686523438,-251.01278686523438,-251.01278686523438,-251.01278686523438,13018
2014-04-14,-251.01278686523438,-251.01278686523438,-251.01278686523438,-251.01278686523438,0
2014-04-15,-163.7039794921875,-163.7039794921875,-163.7039794921875,-163.7039794921875,315
2014-04-16,-251.01278686523438,-251.01278686523438,-251.01278686523438,-251.01278686523438,305
2014-04-21,-251.01278686523438,-251.01278686523438,-251.01278686523438,-251.01278686523438,0
2014-04-22,-251.01278686523438,-251.01278686523438,-251.01278686523438,-251.01278686523438,305
2014-04-23,-163.7039794921875,-163.7039794921875,-163.7039794921875,-163.7039794921875,5603
2014-04-24,-163.7039794921875,-163.7039794921875,-163.7039794921875,-163.7039794921875,5603
2014-04-25,-251.01278686523438,-251.01278686523438,-251.01278686523438,-251.01278686523438,1301
2014-04-28,-251.01278686523438,-251.01278686523438,-251.01278686523438,-251.01278686523438,0
2014-04-29,-251.01278686523438,-251.01278686523438,-251.01278686523438,-251.01278686523438,1301
2014-04-30,-163.7039794921875,-163.7039794921875,-163.7039794921875,-163.7039794921875,13799
2014-05-02,-163.7039794921875,-163.7039794921875,-163.7039794921875,-163.7039794921875,0
2014-05-05,-163.7039794921875,-163.7039794921875,-163.7039794921875,-163.7039794921875,0
2014-05-06,-163.7039794921875,-163.7039794921875,-163.7039794921875,-163.7039794921875,1399
2014-05-07,-163.7039794921875,-163.7039794921875,-163.7039794921875,-163.7039794921875,21852
2014-05-08,-163.7039794921875,-163.7039794921875,-163.7039794921875,-163.7039794921875,6769
2014-05-09,-163.7039794921875,-163.7039794921875,-163.7039794921875,-163.7039794921875,6769
2014-05-12,-163.7039794921875,-163.7039794921875,-163.7039794921875,-163.7039794921875,0
2014-05-13,-163.7039794921875,-163.7039794921875,-163.7039794921875,-163.7039794921875,7814
2014-05-14,-163.7039794921875,-163.7039794921875,-163.7039794921875,-163.7039794921875,7814
2014-05-15,-163.7039794921875,-163.7039794921875,-163.7039794921875,-163.7039794921875,7814
2014-05-16,-163.7039794921875,-163.7039794921875,-163.7039794921875,-163.7039794921875,3069
2014-05-19,-163.7039794921875,-163.7039794921875,-163.7039794921875,-163.7039794921875,0
2014-05-20,-163.7039794921875,-163.7039794921875,-163.7039794921875,-163.7039794921875,142652
2014-05-21,-163.7039794921875,-163.7039794921875,-163.7039794921875,-163.7039794921875,28673
2014-05-22,-163.7039794921875,-163.7039794921875,-163.7039794921875,-163.7039794921875,43014
2014-05-23,-251.01278686523438,-251.01278686523438,-251.01278686523438,-251.01278686523438,10532
2014-05-26,-251.01278686523438,-251.01278686523438,-251.01278686523438,-251.01278686523438,0
2014-05-27,-251.01278686523438,-251.01278686523438,-251.01278686523438,-251.01278686523438,36
2014-05-28,-251.01278686523438,-251.01278686523438,-251.01278686523438,-251.01278686523438,0
2014-05-29,-251.01278686523438,-251.01278686523438,-251.01278686523438,-251.01278686523438,36
2014-05-30,-251.01278686523438,-251.01278686523438,-251.01278686523438,-251.01278686523438,1412
2014-06-03,-251.01278686523438,-251.01278686523438,-251.01278686523438,-251.01278686523438,0
2014-06-04,-251.01278686523438,-251.01278686523438,-251.01278686523438,-251.01278686523438,1412
2014-06-05,-251.01278686523438,-251.01278686523438,-251.01278686523438,-251.01278686523438,1412
2014-06-06,-251.01278686523438,-251.01278686523438,-251.01278686523438,-251.01278686523438,1412
2014-06-09,-251.01278686523438,-251.01278686523438,-251.01278686523438,-251.01278686523438,0
2014-06-10,-251.01278686523438,-251.01278686523438,-251.01278686523438,-251.01278686523438,1931
2014-06-11,-251.01278686523438,-251.01278686523438,-251.01278686523438,-251.01278686523438,34250
2014-06-12,-251.01278686523438,-251.01278686523438,-251.01278686523438,-251.01278686523438,34250
2014-06-13,-251.01278686523438,-251.01278686523438,-251.01278686523438,-251.01278686523438,34250
2014-06-16,-251.01278686523438,-251.01278686523438,-251.01278686523438,-251.01278686523438,0
2014-06-17,-251.01278686523438,-251.01278686523438,-251.01278686523438,-251.01278686523438,428
2014-06-18,-251.01278686523438,-251.01278686523438,-251.01278686523438,-251.01278686523438,174
2014-06-19,-251.01278686523438,-251.01278686523438,-251.01278686523438,-251.01278686523438,174
2014-06-20,-251.01278686523438,-251.01278686523438,-251.01278686523438,-251.01278686523438,174
2014-06-25,-251.01278686523438,-251.01278686523438,-251.01278686523438,-251.01278686523438,0
2014-06-26,-251.01278686523438,-251.01278686523438,-251.01278686523438,-251.01278686523438,9418
2014-06-27,-251.01278686523438,-251.01278686523438,-251.01278686523438,-251.01278686523438,0
2014-06-30,-251.01278686523438,-251.01278686523438,-251.01278686523438,-251.01278686523438,0
2014-07-01,-251.01278686523438,-251.01278686523438,-251.01278686523438,-251.01278686523438,64
2014-07-02,-251.01278686523438,-251.01278686523438,-251.01278686523438,-251.01278686523438,64
2014-07-03,-251.01278686523438,-251.01278686523438,-251.01278686523438,-251.01278686523438,42
2014-07-04,-251.01278686523438,-251.01278686523438,-251.01278686523438,-251.01278686523438,2847
2014-07-07,-251.01278686523438,-251.01278686523438,-251.01278686523438,-251.01278686523438,0
2014-07-08,-251.01278686523438,-251.01278686523438,-251.01278686523438,-251.01278686523438,3856
2014-07-09,-251.01278686523438,-251.01278686523438,-251.01278686523438,-251.01278686523438,2761
2014-07-10,-251.01278686523438,-251.01278686523438,-251.01278686523438,-251.01278686523438,363
2014-07-11,-251.01278686523438,-251.01278686523438,-251.01278686523438,-251.01278686523438,363
2014-07-14,-251.01278686523438,-251.01278686523438,-251.01278686523438,-251.01278686523438,0
2014-07-15,-251.01278686523438,-251.01278686523438,-251.01278686523438,-251.01278686523438,8870
2014-07-16,-251.01278686523438,-251.01278686523438,-251.01278686523438,-251.01278686523438,2627
2014-07-17,-251.01278686523438,-251.01278686523438,-251.01278686523438,-251.01278686523438,4067
2014-07-18,-251.01278686523438,-251.01278686523438,-251.01278686523438,-251.01278686523438,1486
2014-07-21,-251.01278686523438,-251.01278686523438,-251.01278686523438,-251.01278686523438,0
2014-07-22,-251.01278686523438,-251.01278686523438,-251.01278686523438,-251.01278686523438,1669
2014-07-23,-251.01278686523438,-251.01278686523438,-251.01278686523438,-251.01278686523438,10133
2014-07-25,-251.01278686523438,-251.01278686523438,-251.01278686523438,-251.01278686523438,0
2014-07-28,-251.01278686523438,-251.01278686523438,-251.01278686523438,-251.01278686523438,0
2014-07-29,-251.01278686523438,-251.01278686523438,-251.01278686523438,-251.01278686523438,6507
2014-07-30,-251.01278686523438,-251.01278686523438,-251.01278686523438,-251.01278686523438,1284
2014-07-31,-251.01278686523438,-251.01278686523438,-251.01278686523438,-251.01278686523438,22646
2014-08-01,-251.01278686523438,-251.01278686523438,-251.01278686523438,-251.01278686523438,1284
2014-08-04,-251.01278686523438,-251.01278686523438,-251.01278686523438,-251.01278686523438,0
2014-08-05,-251.01278686523438,-251.01278686523438,-251.01278686523438,-251.01278686523438,8221
2014-08-06,-381.9760437011719,-381.9760437011719,-381.9760437011719,-381.9760437011719,7306
2014-08-07,-251.01278686523438,-251.01278686523438,-251.01278686523438,-251.01278686523438,1661
2014-08-08,-300.1240234375,-300.1240234375,-300.1240234375,-300.1240234375,117
2014-08-11,-300.1240234375,-300.1240234375,-300.1240234375,-300.1240234375,0
2014-08-12,-147.3336181640625,-147.3336181640625,-147.3336181640625,-147.3336181640625,228
2014-08-13,-147.3336181640625,-147.3336181640625,-147.3336181640625,-147.3336181640625,228
2014-08-14,-147.3336181640625,-147.3336181640625,-147.3336181640625,-147.3336181640625,228
2014-08-15,-147.3336181640625,-147.3336181640625,-147.3336181640625,-147.3336181640625,228
2014-08-19,-147.3336181640625,-147.3336181640625,-147.3336181640625,-147.3336181640625,0
2014-08-20,-147.3336181640625,-147.3336181640625,-147.3336181640625,-147.3336181640625,228
2014-08-21,-300.1240234375,-300.1240234375,-300.1240234375,-300.1240234375,2046
2014-08-22,-300.1240234375,-300.1240234375,-300.1240234375,-300.1240234375,3197
2014-08-25,-300.1240234375,-300.1240234375,-300.1240234375,-300.1240234375,0
2014-08-26,-300.1240234375,-300.1240234375,-300.1240234375,-300.1240234375,3197
2014-08-27,-300.1240234375,-300.1240234375,-300.1240234375,-300.1240234375,719
2014-08-28,-300.1240234375,-300.1240234375,-300.1240234375,-300.1240234375,77
2014-08-29,-300.1240234375,-300.1240234375,-300.1240234375,-300.1240234375,16581
2014-09-01,-300.1240234375,-300.1240234375,-300.1240234375,-300.1240234375,0
2014-09-02,-300.1240234375,-300.1240234375,-300.1240234375,-300.1240234375,141
2014-09-03,-300.1240234375,-300.1240234375,-300.1240234375,-300.1240234375,364
2014-09-04,-300.1240234375,-300.1240234375,-300.1240234375,-300.1240234375,4678
2014-09-05,-300.1240234375,-300.1240234375,-300.1240234375,-300.1240234375,14158
2014-09-08,-300.1240234375,-300.1240234375,-300.1240234375,-300.1240234375,0
2014-09-09,-300.1240234375,-300.1240234375,-300.1240234375,-300.1240234375,5560
2014-09-10,-300.1240234375,-300.1240234375,-300.1240234375,-300.1240234375,8694
2014-09-11,-300.1240234375,-300.1240234375,-300.1240234375,-300.1240234375,3494
2014-09-12,-300.1240234375,-300.1240234375,-300.1240234375,-300.1240234375,3494
2014-09-15,-300.1240234375,-300.1240234375,-300.1240234375,-300.1240234375,0
2014-09-16,-300.1240234375,-300.1240234375,-300.1240234375,-300.1240234375,2283
2014-09-17,-300.1240234375,-300.1240234375,-300.1240234375,-300.1240234375,4782
2014-09-18,-300.1240234375,-300.1240234375,-300.1240234375,-300.1240234375,143
2014-09-19,-343.77838134765625,-343.77838134765625,-343.77838134765625,-343.77838134765625,16630
2014-09-22,-343.77838134765625,-343.77838134765625,-343.77838134765625,-343.77838134765625,0
2014-09-23,-343.77838134765625,-343.77838134765625,-343.77838134765625,-343.77838134765625,31
2014-09-24,-343.77838134765625,-343.77838134765625,-343.77838134765625,-343.77838134765625,631770
2014-09-25,-343.77838134765625,-343.77838134765625,-343.77838134765625,-343.77838134765625,631770
2014-09-26,-343.77838134765625,-343.77838134765625,-343.77838134765625,-343.77838134765625,8854
2014-09-29,-343.77838134765625,-343.77838134765625,-343.77838134765625,-343.77838134765625,0
2014-09-30,-343.77838134765625,-343.77838134765625,-343.77838134765625,-343.77838134765625,5343
2014-10-01,-343.77838134765625,-343.77838134765625,-343.77838134765625,-343.77838134765625,8764
2014-10-02,-343.77838134765625,-343.77838134765625,-343.77838134765625,-343.77838134765625,1830
2014-10-03,-343.77838134765625,-343.77838134765625,-343.77838134765625,-343.77838134765625,1830
2014-10-06,-343.77838134765625,-343.77838134765625,-343.77838134765625,-343.77838134765625,0
2014-10-07,-343.77838134765625,-343.77838134765625,-343.77838134765625,-343.77838134765625,872
2014-10-08,-343.77838134765625,-343.77838134765625,-343.77838134765625,-343.77838134765625,872
2014-10-09,-343.77838134765625,-343.77838134765625,-343.77838134765625,-343.77838134765625,872
2014-10-10,-343.77838134765625,-343.77838134765625,-343.77838134765625,-343.77838134765625,236
2014-10-13,-343.77838134765625,-343.77838134765625,-343.77838134765625,-343.77838134765625,0
2014-10-14,-343.77838134765625,-343.77838134765625,-343.77838134765625,-343.77838134765625,3717
2014-10-15,-343.77838134765625,-343.77838134765625,-343.77838134765625,-343.77838134765625,658
2014-10-16,-343.77838134765625,-343.77838134765625,-343.77838134765625,-343.77838134765625,5327
2014-10-17,-343.77838134765625,-343.77838134765625,-343.77838134765625,-343.77838134765625,5327
2014-10-20,-343.77838134765625,-343.77838134765625,-343.77838134765625,-343.77838134765625,0
2014-10-21,-343.77838134765625,-343.77838134765625,-343.77838134765625,-343.77838134765625,3150
2014-10-22,-343.77838134765625,-343.77838134765625,-343.77838134765625,-343.77838134765625,17871
2014-10-23,-343.77838134765625,-343.77838134765625,-343.77838134765625,-343.77838134765625,6678
2014-10-24,-343.77838134765625,-343.77838134765625,-343.77838134765625,-343.77838134765625,1998
2014-10-27,-343.77838134765625,-343.77838134765625,-343.77838134765625,-343.77838134765625,0
2014-10-28,-343.77838134765625,-343.77838134765625,-343.77838134765625,-343.77838134765625,315
2014-10-29,-343.77838134765625,-343.77838134765625,-343.77838134765625,-343.77838134765625,6276
2014-10-30,-343.77838134765625,-343.77838134765625,-343.77838134765625,-343.77838134765625,9285
2014-10-31,-343.77838134765625,-343.77838134765625,-343.77838134765625,-343.77838134765625,14880
2014-11-03,-343.77838134765625,-343.77838134765625,-343.77838134765625,-343.77838134765625,0
2014-11-04,-343.77838134765625,-343.77838134765625,-343.77838134765625,-343.77838134765625,4375
2014-11-05,-343.77838134765625,-343.77838134765625,-343.77838134765625,-343.77838134765625,2196
2014-11-06,-343.77838134765625,-343.77838134765625,-343.77838134765625,-343.77838134765625,1794
2014-11-07,-343.77838134765625,-343.77838134765625,-343.77838134765625,-343.77838134765625,13576
2014-11-10,-343.77838134765625,-343.77838134765625,-343.77838134765625,-343.77838134765625,0
2014-11-11,-343.77838134765625,-343.77838134765625,-343.77838134765625,-343.77838134765625,6331
2014-11-12,-343.77838134765625,-343.77838134765625,-343.77838134765625,-343.77838134765625,3402
2014-11-13,-343.77838134765625,-343.77838134765625,-343.77838134765625,-343.77838134765625,330
2014-11-14,-343.77838134765625,-343.77838134765625,-343.77838134765625,-343.77838134765625,5466
2014-11-17,-343.77838134765625,-343.77838134765625,-343.77838134765625,-343.77838134765625,0
2014-11-18,-343.77838134765625,-343.77838134765625,-343.77838134765625,-343.77838134765625,398
2014-11-19,-343.77838134765625,-343.77838134765625,-343.77838134765625,-343.77838134765625,5653
2014-11-20,-343.77838134765625,-343.77838134765625,-343.77838134765625,-343.77838134765625,7926
2014-11-21,-343.77838134765625,-343.77838134765625,-343.77838134765625,-343.77838134765625,2556
2014-11-24,-343.77838134765625,-343.77838134765625,-343.77838134765625,-343.77838134765625,0
2014-11-25,-343.77838134765625,-343.77838134765625,-343.77838134765625,-343.77838134765625,1827
2014-11-26,-343.77838134765625,-343.77838134765625,-343.77838134765625,-343.77838134765625,3520
2014-11-27,-343.77838134765625,-343.77838134765625,-343.77838134765625,-343.77838134765625,3780
2014-11-28,-343.77838134765625,-343.77838134765625,-343.77838134765625,-343.77838134765625,3780
2014-12-01,-343.77838134765625,-343.77838134765625,-343.77838134765625,-343.77838134765625,0
2014-12-02,-343.77838134765625,-343.77838134765625,-343.77838134765625,-343.77838134765625,1890
2014-12-03,-343.77838134765625,-343.77838134765625,-343.77838134765625,-343.77838134765625,6820
2014-12-04,-343.77838134765625,-343.77838134765625,-343.77838134765625,-343.77838134765625,4876
2014-12-05,-343.77838134765625,-343.77838134765625,-343.77838134765625,-343.77838134765625,3150
2014-12-09,-343.77838134765625,-343.77838134765625,-343.77838134765625,-343.77838134765625,0
2014-12-10,-343.77838134765625,-343.77838134765625,-343.77838134765625,-343.77838134765625,3346
2014-12-11,-343.77838134765625,-343.77838134765625,-343.77838134765625,-343.77838134765625,1454
2014-12-12,-343.77838134765625,-343.77838134765625,-343.77838134765625,-343.77838134765625,39205
2014-12-15,-343.77838134765625,-343.77838134765625,-343.77838134765625,-343.77838134765625,0
2014-12-16,-343.77838134765625,-343.77838134765625,-343.77838134765625,-343.77838134765625,13955
2014-12-17,-343.77838134765625,-343.77838134765625,-343.77838134765625,-343.77838134765625,157
2014-12-18,-343.77838134765625,-343.77838134765625,-343.77838134765625,-343.77838134765625,4514
2014-12-19,-343.77838134765625,-343.77838134765625,-343.77838134765625,-343.77838134765625,4514
2014-12-22,-343.77838134765625,-343.77838134765625,-343.77838134765625,-343.77838134765625,0
2014-12-23,-343.77838134765625,-343.77838134765625,-343.77838134765625,-343.77838134765625,194
2014-12-26,-343.77838134765625,-343.77838134765625,-343.77838134765625,-343.77838134765625,0
2014-12-29,-343.77838134765625,-343.77838134765625,-343.77838134765625,-343.77838134765625,0
2014-12-30,-343.77838134765625,-343.77838134765625,-343.77838134765625,-343.77838134765625,6046
2015-01-02,-343.77838134765625,-343.77838134765625,-343.77838134765625,-343.77838134765625,0
2015-01-06,-343.77838134765625,-343.77838134765625,-343.77838134765625,-343.77838134765625,344
2015-01-07,-343.77838134765625,-343.77838134765625,-343.77838134765625,-343.77838134765625,344
2015-01-08,-343.77838134765625,-343.77838134765625,-343.77838134765625,-343.77838134765625,7875
2015-01-09,-343.77838134765625,-343.77838134765625,-343.77838134765625,-343.77838134765625,0
2015-01-12,-469.2847900390625,-469.28479003906256,-469.28479003906256,-469.28479003906256,693
2015-01-13,-234.64239501953125,-234.64239501953128,-234.64239501953128,-234.64239501953128,32425
2015-01-14,-234.64239501953125,-234.64239501953128,-234.64239501953128,-234.64239501953128,13866
2015-01-15,-234.64239501953125,-234.64239501953128,-234.64239501953128,-234.64239501953128,2311
2015-01-16,-234.64239501953125,-234.64239501953128,-234.64239501953128,-234.64239501953128,0
2015-01-19,-234.64239501953125,-234.64239501953128,-234.64239501953128,-234.64239501953128,9244
2015-01-20,-234.64239501953125,-234.64239501953128,-234.64239501953128,-234.64239501953128,67651
2015-01-21,-234.64239501953125,-234.64239501953128,-234.64239501953128,-234.64239501953128,49204
2015-01-22,-234.64239501953125,-234.64239501953128,-234.64239501953128,-234.64239501953128,0
2015-01-23,-234.64239501953125,-234.64239501953128,-234.64239501953128,-234.64239501953128,7845
2015-01-26,-234.64239501953125,-234.64239501953128,-234.64239501953128,-234.64239501953128,15289
2015-01-27,-234.64239501953125,-234.64239501953128,-234.64239501953128,-234.64239501953128,4160
2015-01-28,-234.64239501953125,-234.64239501953128,-234.64239501953128,-234.64239501953128,4160
2015-01-29,-234.64239501953125,-234.64239501953128,-234.64239501953128,-234.64239501953128,4160
2015-01-30,-234.64239501953125,-234.64239501953128,-234.64239501953128,-234.64239501953128,0
2015-02-02,-234.64239501953125,-234.64239501953128,-234.64239501953128,-234.64239501953128,56
2015-02-03,-234.64239501953125,-234.64239501953128,-234.64239501953128,-234.64239501953128,1544996
2015-02-04,-234.64239501953125,-234.64239501953128,-234.64239501953128,-234.64239501953128,39220
2015-02-05,-234.64239501953125,-234.64239501953128,-234.64239501953128,-234.64239501953128,39220
2015-02-06,-234.64239501953125,-234.64239501953128,-234.64239501953128,-234.64239501953128,0
2015-02-09,-234.64239501953125,-234.64239501953128,-234.64239501953128,-234.64239501953128,8088
2015-02-10,-234.64239501953125,-234.64239501953128,-234.64239501953128,-234.64239501953128,269247
2015-02-11,-234.64239501953125,-234.64239501953128,-234.64239501953128,-234.64239501953128,28889
2015-02-12,-234.64239501953125,-234.64239501953128,-234.64239501953128,-234.64239501953128,9
2015-02-13,-234.64239501953125,-234.64239501953128,-234.64239501953128,-234.64239501953128,0
2015-02-18,-234.64239501953125,-234.64239501953128,-234.64239501953128,-234.64239501953128,110934
2015-02-19,-234.64239501953125,-234.64239501953128,-234.64239501953128,-234.64239501953128,17
2015-02-20,-234.64239501953125,-234.64239501953128,-234.64239501953128,-234.64239501953128,0
2015-02-23,-234.64239501953125,-234.64239501953128,-234.64239501953128,-234.64239501953128,6740
2015-02-24,-234.64239501953125,-234.64239501953128,-234.64239501953128,-234.64239501953128,4714
2015-02-25,-234.64239501953125,-234.64239501953128,-234.64239501953128,-234.64239501953128,4622
2015-02-26,-234.64239501953125,-234.64239501953128,-234.64239501953128,-234.64239501953128,8362
2015-02-27,-234.64239501953125,-234.64239501953128,-234.64239501953128,-234.64239501953128,0
2015-03-02,-469.2847900390625,-469.28479003906256,-469.28479003906256,-469.28479003906256,3682
2015-03-03,-469.2847900390625,-469.28479003906256,-469.28479003906256,-469.28479003906256,7348
2015-03-04,-469.2847900390625,-469.28479003906256,-469.28479003906256,-469.28479003906256,5994
2015-03-05,-469.2847900390625,-469.28479003906256,-469.28479003906256,-469.28479003906256,29883
2015-03-06,-469.2847900390625,-469.28479003906256,-469.28479003906256,-469.28479003906256,0
2015-03-09,-469.2847900390625,-469.28479003906256,-469.28479003906256,-469.28479003906256,3263
2015-03-10,-469.2847900390625,-469.28479003906256,-469.28479003906256,-469.28479003906256,80
2015-03-11,-469.2847900390625,-469.28479003906256,-469.28479003906256,-469.28479003906256,130280
2015-03-12,-469.2847900390625,-469.28479003906256,-469.28479003906256,-469.28479003906256,3062
2015-03-13,-469.2847900390625,-469.28479003906256,-469.28479003906256,-469.28479003906256,0
2015-03-16,-469.2847900390625,-469.28479003906256,-469.28479003906256,-469.28479003906256,8023
2015-03-17,-469.2847900390625,-469.28479003906256,-469.28479003906256,-469.28479003906256,9098
2015-03-18,-469.2847900390625,-469.28479003906256,-469.28479003906256,-469.28479003906256,919
2015-03-20,-469.2847900390625,-469.28479003906256,-469.28479003906256,-469.28479003906256,3767
2015-03-23,-469.2847900390625,-469.28479003906256,-469.28479003906256,-469.28479003906256,2888
2015-03-24,-469.2847900390625,-469.28479003906256,-469.28479003906256,-469.28479003906256,7880
2015-03-25,-469.2847900390625,-469.28479003906256,-469.28479003906256,-469.28479003906256,2776
2015-03-26,-469.2847900390625,-469.28479003906256,-469.28479003906256,-469.28479003906256,7857
2015-03-27,-469.2847900390625,-469.28479003906256,-469.28479003906256,-469.28479003906256,0
2015-03-30,-469.2847900390625,-469.28479003906256,-469.28479003906256,-469.28479003906256,693
2015-03-31,-469.2847900390625,-469.28479003906256,-469.28479003906256,-469.28479003906256,17795
2015-04-01,-469.2847900390625,-469.28479003906256,-469.28479003906256,-469.28479003906256,15
2015-04-06,-469.2847900390625,-469.28479003906256,-469.28479003906256,-469.28479003906256,1906
2015-04-07,-469.2847900390625,-469.28479003906256,-469.28479003906256,-469.28479003906256,90867
2015-04-08,-469.2847900390625,-469.28479003906256,-469.28479003906256,-469.28479003906256,18643
2015-04-09,-469.2847900390625,-469.28479003906256,-469.28479003906256,-469.28479003906256,10401
2015-04-10,-469.2847900390625,-469.28479003906256,-469.28479003906256,-469.28479003906256,0
2015-04-13,-469.2847900390625,-469.28479003906256,-469.28479003906256,-469.28479003906256,4245
2015-04-14,-469.2847900390625,-469.28479003906256,-469.28479003906256,-469.28479003906256,2542
2015-04-15,-469.2847900390625,-469.28479003906256,-469.28479003906256,-469.28479003906256,11998
2015-04-16,-469.2847900390625,-469.28479003906256,-469.28479003906256,-469.28479003906256,4037
2015-04-17,-469.2847900390625,-469.28479003906256,-469.28479003906256,-469.28479003906256,0
2015-04-20,-469.2847900390625,-469.28479003906256,-469.28479003906256,-469.28479003906256,15021
2015-04-21,-469.2847900390625,-469.28479003906256,-469.28479003906256,-469.28479003906256,4489
2015-04-22,-469.2847900390625,-469.28479003906256,-469.28479003906256,-469.28479003906256,3559
2015-04-23,-469.2847900390625,-469.28479003906256,-469.28479003906256,-469.28479003906256,1613086
2015-04-24,-469.2847900390625,-469.28479003906256,-469.28479003906256,-469.28479003906256,0
2015-04-27,-469.2847900390625,-469.28479003906256,-469.28479003906256,-469.28479003906256,3351
2015-04-28,-469.2847900390625,-469.28479003906256,-469.28479003906256,-469.28479003906256,2472
2015-04-29,-469.2847900390625,-469.28479003906256,-469.28479003906256,-469.28479003906256,14379
2015-04-30,-469.2847900390625,-469.28479003906256,-469.28479003906256,-469.28479003906256,6583
2015-05-04,-469.2847900390625,-469.28479003906256,-469.28479003906256,-469.28479003906256,3644
2015-05-05,-469.2847900390625,-469.28479003906256,-469.28479003906256,-469.28479003906256,3644
2015-05-06,-469.2847900390625,-469.28479003906256,-469.28479003906256,-469.28479003906256,43898
2015-05-07,-469.2847900390625,-469.28479003906256,-469.28479003906256,-469.28479003906256,43898
2015-05-08,-469.2847900390625,-469.28479003906256,-469.28479003906256,-469.28479003906256,0
2015-05-11,-469.2847900390625,-469.28479003906256,-469.28479003906256,-469.28479003906256,4691
2015-05-12,-469.2847900390625,-469.28479003906256,-469.28479003906256,-469.28479003906256,4691
2015-05-13,-469.2847900390625,-469.28479003906256,-469.28479003906256,-469.28479003906256,83560
2015-05-14,-469.2847900390625,-469.28479003906256,-469.28479003906256,-469.28479003906256,8036
2015-05-15,-469.2847900390625,-469.28479003906256,-469.28479003906256,-469.28479003906256,0
2015-05-19,-469.2847900390625,-469.28479003906256,-469.28479003906256,-469.28479003906256,693
2015-05-20,-469.2847900390625,-469.28479003906256,-469.28479003906256,-469.28479003906256,22579
2015-05-21,-469.2847900390625,-469.28479003906256,-469.28479003906256,-469.28479003906256,33160
2015-05-22,-469.2847900390625,-469.28479003906256,-469.28479003906256,-469.28479003906256,0
2015-05-25,-469.2847900390625,-469.28479003906256,-469.28479003906256,-469.28479003906256,0
2015-05-26,-703.92724609375,-703.92724609375,-703.92724609375,-703.92724609375,2334
2015-05-27,-703.92724609375,-703.92724609375,-703.92724609375,-703.92724609375,1596
2015-05-28,-703.92724609375,-703.92724609375,-703.92724609375,-703.92724609375,1596
2015-05-29,-703.92724609375,-703.92724609375,-703.92724609375,-703.92724609375,0
2015-06-01,-703.92724609375,-703.92724609375,-703.92724609375,-703.92724609375,23226
2015-06-02,-703.92724609375,-703.92724609375,-703.92724609375,-703.92724609375,10741
2015-06-03,-703.92724609375,-703.92724609375,-703.92724609375,-703.92724609375,19659
2015-06-04,-703.92724609375,-703.92724609375,-703.92724609375,-703.92724609375,6933
2015-06-05,-703.92724609375,-703.92724609375,-703.92724609375,-703.92724609375,0
2015-06-09,-703.92724609375,-703.92724609375,-703.92724609375,-703.92724609375,6476
2015-06-10,-703.92724609375,-703.92724609375,-703.92724609375,-703.92724609375,15782
2015-06-11,-703.92724609375,-703.92724609375,-703.92724609375,-703.92724609375,9532
2015-06-12,-703.92724609375,-703.92724609375,-703.92724609375,-703.92724609375,0
2015-06-15,-703.92724609375,-703.92724609375,-703.92724609375,-703.92724609375,8944
2015-06-16,-703.92724609375,-703.92724609375,-703.92724609375,-703.92724609375,10504
2015-06-17,-703.92724609375,-703.92724609375,-703.92724609375,-703.92724609375,2521248
2015-06-18,-703.92724609375,-703.92724609375,-703.92724609375,-703.92724609375,6494
2015-06-19,-703.92724609375,-703.92724609375,-703.92724609375,-703.92724609375,0
2015-06-22,-703.92724609375,-703.92724609375,-703.92724609375,-703.92724609375,4201
2015-06-23,-703.92724609375,-703.92724609375,-703.92724609375,-703.92724609375,3168
2015-06-25,-703.92724609375,-703.92724609375,-703.92724609375,-703.92724609375,2415
2015-06-26,-703.92724609375,-703.92724609375,-703.92724609375,-703.92724609375,0
2015-06-30,-703.92724609375,-703.92724609375,-703.92724609375,-703.92724609375,5875
2015-07-01,-703.92724609375,-703.92724609375,-703.92724609375,-703.92724609375,693
2015-07-02,-703.92724609375,-703.92724609375,-703.92724609375,-703.92724609375,1140
2015-07-03,-703.92724609375,-703.92724609375,-703.92724609375,-703.92724609375,0
2015-07-06,-703.92724609375,-703.92724609375,-703.92724609375,-703.92724609375,998725
2015-07-07,-703.92724609375,-703.92724609375,-703.92724609375,-703.92724609375,9961
2015-07-08,-703.92724609375,-703.92724609375,-703.92724609375,-703.92724609375,43805
2015-07-09,-703.92724609375,-703.92724609375,-703.92724609375,-703.92724609375,3120
2015-07-10,-703.92724609375,-703.92724609375,-703.92724609375,-703.92724609375,0
2015-07-13,-703.92724609375,-703.92724609375,-703.92724609375,-703.92724609375,32402
2015-07-14,-703.92724609375,-703.92724609375,-703.92724609375,-703.92724609375,1856
2015-07-15,-703.92724609375,-703.92724609375,-703.92724609375,-703.92724609375,2409
2015-07-16,-703.92724609375,-703.92724609375,-703.92724609375,-703.92724609375,9636
2015-07-17,-703.92724609375,-703.92724609375,-703.92724609375,-703.92724609375,0
2015-07-20,-944.0263061523438,-944.0263061523436,-944.0263061523436,-944.0263061523436,26094
2015-07-21,-944.0263061523438,-944.0263061523436,-944.0263061523436,-944.0263061523436,5200
2015-07-22,-944.0263061523438,-944.0263061523436,-944.0263061523436,-944.0263061523436,1132
2015-07-23,-944.0263061523438,-944.0263061523436,-944.0263061523436,-944.0263061523436,27962
2015-07-27,-703.92724609375,-703.92724609375,-703.92724609375,-703.92724609375,6538
2015-07-28,-944.0263061523438,-944.0263061523436,-944.0263061523436,-944.0263061523436,4680
2015-07-29,-813.063232421875,-813.063232421875,-813.063232421875,-813.063232421875,32749
2015-07-30,-813.063232421875,-813.063232421875,-813.063232421875,-813.063232421875,120
2015-07-31,-813.063232421875,-813.063232421875,-813.063232421875,-813.063232421875,0
2015-08-03,-813.063232421875,-813.063232421875,-813.063232421875,-813.063232421875,2782
2015-08-04,-813.063232421875,-813.063232421875,-813.063232421875,-813.063232421875,2139
2015-08-05,-813.063232421875,-813.063232421875,-813.063232421875,-813.063232421875,3535
2015-08-06,-813.063232421875,-813.063232421875,-813.063232421875,-813.063232421875,12982
2015-08-07,-813.063232421875,-813.063232421875,-813.063232421875,-813.063232421875,0
2015-08-10,-813.063232421875,-813.063232421875,-813.063232421875,-813.063232421875,1030
2015-08-11,-813.063232421875,-813.063232421875,-813.063232421875,-813.063232421875,1303
2015-08-12,-813.063232421875,-813.063232421875,-813.063232421875,-813.063232421875,619
2015-08-13,-813.063232421875,-813.063232421875,-813.063232421875,-813.063232421875,619
2015-08-14,-813.063232421875,-813.063232421875,-813.063232421875,-813.063232421875,0
2015-08-17,-813.063232421875,-813.063232421875,-813.063232421875,-813.063232421875,2763
2015-08-18,-813.063232421875,-813.063232421875,-813.063232421875,-813.063232421875,3639
2015-08-19,-813.063232421875,-813.063232421875,-813.063232421875,-813.063232421875,12074
2015-08-20,-813.063232421875,-813.063232421875,-813.063232421875,-813.063232421875,4870
2015-08-21,-813.063232421875,-813.063232421875,-813.063232421875,-813.063232421875,0
2015-08-24,-813.063232421875,-813.063232421875,-813.063232421875,-813.063232421875,13117
2015-08-25,-813.063232421875,-813.063232421875,-813.063232421875,-813.063232421875,9592
2015-08-26,-813.063232421875,-813.063232421875,-813.063232421875,-813.063232421875,9592
2015-08-27,-813.063232421875,-813.063232421875,-813.063232421875,-813.063232421875,3616
2015-08-28,-813.063232421875,-813.063232421875,-813.063232421875,-813.063232421875,0
2015-08-31,-813.063232421875,-813.063232421875,-813.063232421875,-813.063232421875,1002
2015-09-01,-813.063232421875,-813.063232421875,-813.063232421875,-813.063232421875,15049
2015-09-02,-813.063232421875,-813.063232421875,-813.063232421875,-813.063232421875,1202
2015-09-03,-813.063232421875,-813.063232421875,-813.063232421875,-813.063232421875,20
2015-09-04,-813.063232421875,-813.063232421875,-813.063232421875,-813.063232421875,0
2015-09-07,-813.063232421875,-813.063232421875,-813.063232421875,-813.063232421875,0
2015-09-08,-813.063232421875,-813.063232421875,-813.063232421875,-813.063232421875,1002
2015-09-09,-813.063232421875,-813.063232421875,-813.063232421875,-813.063232421875,19799
2015-09-10,-813.063232421875,-813.063232421875,-813.063232421875,-813.063232421875,16045
2015-09-11,-813.063232421875,-813.063232421875,-813.063232421875,-813.063232421875,0
2015-09-14,-813.063232421875,-813.063232421875,-813.063232421875,-813.063232421875,19605
2015-09-15,-813.063232421875,-813.063232421875,-813.063232421875,-813.063232421875,0
2015-09-16,-813.063232421875,-813.063232421875,-813.063232421875,-813.063232421875,0
2015-09-17,-813.063232421875,-813.063232421875,-813.063232421875,-813.063232421875,0
2015-09-18,-813.063232421875,-813.063232421875,-813.063232421875,-813.063232421875,0
2015-09-21,-813.063232421875,-813.063232421875,-813.063232421875,-813.063232421875,16733
2015-09-22,-813.063232421875,-813.063232421875,-813.063232421875,-813.063232421875,0
2015-09-23,-813.063232421875,-813.063232421875,-813.063232421875,-813.063232421875,0
2015-09-24,-813.063232421875,-813.063232421875,-813.063232421875,-813.063232421875,0
2015-09-25,-813.063232421875,-813.063232421875,-813.063232421875,-813.063232421875,0
2015-09-28,-813.063232421875,-813.063232421875,-813.063232421875,-813.063232421875,61453
2015-09-29,-813.063232421875,-813.063232421875,-813.063232421875,-813.063232421875,0
2015-09-30,-813.063232421875,-813.063232421875,-813.063232421875,-813.063232421875,0
2015-10-01,-813.063232421875,-813.063232421875,-813.063232421875,-813.063232421875,0
2015-10-02,-813.063232421875,-813.063232421875,-813.063232421875,-813.063232421875,0
2015-10-05,-813.063232421875,-813.063232421875,-813.063232421875,-813.063232421875,15738
2015-10-06,-813.063232421875,-813.063232421875,-813.063232421875,-813.063232421875,0
2015-10-07,-813.063232421875,-813.063232421875,-813.063232421875,-813.063232421875,0
2015-10-08,-813.063232421875,-813.063232421875,-813.063232421875,-813.063232421875,0
2015-10-09,-813.063232421875,-813.063232421875,-813.063232421875,-813.063232421875,1762
2015-10-13,-813.063232421875,-813.063232421875,-813.063232421875,-813.063232421875,0
2015-10-14,-813.063232421875,-813.063232421875,-813.063232421875,-813.063232421875,57756
2015-10-15,-813.063232421875,-813.063232421875,-813.063232421875,-813.063232421875,200
2015-10-16,-813.063232421875,-813.063232421875,-813.063232421875,-813.063232421875,0
2015-10-19,-813.063232421875,-813.063232421875,-813.063232421875,-813.063232421875,0
2015-10-20,-813.063232421875,-813.063232421875,-813.063232421875,-813.063232421875,1503
2015-10-21,-813.063232421875,-813.063232421875,-813.063232421875,-813.063232421875,11127
2015-10-22,-813.063232421875,-813.063232421875,-813.063232421875,-813.063232421875,0
2015-10-23,-813.063232421875,-813.063232421875,-813.063232421875,-813.063232421875,0
2015-10-26,-813.063232421875,-813.063232421875,-813.063232421875,-813.063232421875,0
2015-10-27,-813.063232421875,-813.063232421875,-813.063232421875,-813.063232421875,1251
2015-10-28,-813.063232421875,-813.063232421875,-813.063232421875,-813.063232421875,45
2015-10-29,-813.063232421875,-813.063232421875,-813.063232421875,-813.063232421875,32450
2015-10-30,-813.063232421875,-813.063232421875,-813.063232421875,-813.063232421875,2279
2015-11-02,-813.063232421875,-813.063232421875,-813.063232421875,-813.063232421875,0
2015-11-03,-813.063232421875,-813.063232421875,-813.063232421875,-813.063232421875,20048
2015-11-04,-813.063232421875,-813.063232421875,-813.063232421875,-813.063232421875,2580
2015-11-05,-813.063232421875,-813.063232421875,-813.063232421875,-813.063232421875,6091
2015-11-06,-813.063232421875,-813.063232421875,-813.063232421875,-813.063232421875,31213
2015-11-09,-813.063232421875,-813.063232421875,-813.063232421875,-813.063232421875,0
2015-11-10,-813.063232421875,-813.063232421875,-813.063232421875,-813.063232421875,0
2015-11-11,-813.063232421875,-813.063232421875,-813.063232421875,-813.063232421875,23840
2015-11-12,-813.063232421875,-813.063232421875,-813.063232421875,-813.063232421875,0
2015-11-13,-813.063232421875,-813.063232421875,-813.063232421875,-813.063232421875,3478
2015-11-16,-813.063232421875,-813.063232421875,-813.063232421875,-813.063232421875,0
2015-11-17,-813.063232421875,-813.063232421875,-813.063232421875,-813.063232421875,21205
2015-11-18,-813.063232421875,-813.063232421875,-813.063232421875,-813.063232421875,3178
2015-11-19,-813.063232421875,-813.063232421875,-813.063232421875,-813.063232421875,21330
2015-11-20,-813.063232421875,-813.063232421875,-813.063232421875,-813.063232421875,22925
2015-11-23,-949.4832153320312,-949.4832153320312,-949.4832153320312,-949.4832153320312,0
2015-11-24,-949.4832153320312,-949.4832153320312,-949.4832153320312,-949.4832153320312,29
2015-11-25,-949.4832153320312,-949.4832153320312,-949.4832153320312,-949.4832153320312,1189
2015-11-26,-949.4832153320312,-949.4832153320312,-949.4832153320312,-949.4832153320312,0
2015-11-27,-949.4832153320312,-949.4832153320312,-949.4832153320312,-949.4832153320312,1201
2015-11-30,-949.4832153320312,-949.4832153320312,-949.4832153320312,-949.4832153320312,0
2015-12-01,-949.4832153320312,-949.4832153320312,-949.4832153320312,-949.4832153320312,1904156
2015-12-02,-949.4832153320312,-949.4832153320312,-949.4832153320312,-949.4832153320312,36
2015-12-03,-949.4832153320312,-949.4832153320312,-949.4832153320312,-949.4832153320312,0
2015-12-04,-949.4832153320312,-949.4832153320312,-949.4832153320312,-949.4832153320312,3884
2015-12-08,-949.4832153320312,-949.4832153320312,-949.4832153320312,-949.4832153320312,0
2015-12-09,-949.4832153320312,-949.4832153320312,-949.4832153320312,-949.4832153320312,0
2015-12-10,-1271.4342041015625,-1271.4342041015625,-1271.4342041015625,-1271.4342041015625,174684
2015-12-11,-1271.4342041015625,-1271.4342041015625,-1271.4342041015625,-1271.4342041015625,66114
2015-12-14,-1271.4342041015625,-1271.4342041015625,-1271.4342041015625,-1271.4342041015625,0
2015-12-15,-1271.4342041015625,-1271.4342041015625,-1271.4342041015625,-1271.4342041015625,766
2015-12-16,-1271.4342041015625,-1271.4342041015625,-1271.4342041015625,-1271.4342041015625,418
2015-12-17,-1271.4342041015625,-1271.4342041015625,-1271.4342041015625,-1271.4342041015625,1378501
2015-12-18,-1271.4342041015625,-1271.4342041015625,-1271.4342041015625,-1271.4342041015625,532
2015-12-21,-1271.4342041015625,-1271.4342041015625,-1271.4342041015625,-1271.4342041015625,0
2015-12-22,-1271.4342041015625,-1271.4342041015625,-1271.4342041015625,-1271.4342041015625,858
2015-12-23,-1271.4342041015625,-1271.4342041015625,-1271.4342041015625,-1271.4342041015625,0
2015-12-28,-1271.4342041015625,-1271.4342041015625,-1271.4342041015625,-1271.4342041015625,421
2015-12-29,-1271.4342041015625,-1271.4342041015625,-1271.4342041015625,-1271.4342041015625,3594
2015-12-30,-1271.4342041015625,-1271.4342041015625,-1271.4342041015625,-1271.4342041015625,0
2016-01-04,-1271.4342041015625,-1271.4342041015625,-1271.4342041015625,-1271.4342041015625,0
2016-01-05,-1271.4342041015625,-1271.4342041015625,-1271.4342041015625,-1271.4342041015625,0
2016-01-06,-1271.4342041015625,-1271.4342041015625,-1271.4342041015625,-1271.4342041015625,1408
2016-01-07,-1271.4342041015625,-1271.4342041015625,-1271.4342041015625,-1271.4342041015625,197
2016-01-08,-1271.4342041015625,-1271.4342041015625,-1271.4342041015625,-1271.4342041015625,0
2016-01-12,-1271.4342041015625,-1271.4342041015625,-1271.4342041015625,-1271.4342041015625,0
2016-01-13,-1271.4342041015625,-1271.4342041015625,-1271.4342041015625,-1271.4342041015625,4371
2016-01-14,-1271.4342041015625,-1271.4342041015625,-1271.4342041015625,-1271.4342041015625,0
2016-01-15,-1271.4342041015625,-1271.4342041015625,-1271.4342041015625,-1271.4342041015625,2468
2016-01-18,-1271.4342041015625,-1271.4342041015625,-1271.4342041015625,-1271.4342041015625,0
2016-01-19,-1271.4342041015625,-1271.4342041015625,-1271.4342041015625,-1271.4342041015625,2372
2016-01-20,-1271.4342041015625,-1271.4342041015625,-1271.4342041015625,-1271.4342041015625,601453
2016-01-21,-1271.4342041015625,-1271.4342041015625,-1271.4342041015625,-1271.4342041015625,48857
2016-01-22,-1271.4342041015625,-1271.4342041015625,-1271.4342041015625,-1271.4342041015625,79026
2016-01-25,-1271.4342041015625,-1271.4342041015625,-1271.4342041015625,-1271.4342041015625,0
2016-01-26,-1271.4342041015625,-1271.4342041015625,-1271.4342041015625,-1271.4342041015625,0
2016-01-27,-1271.4342041015625,-1271.4342041015625,-1271.4342041015625,-1271.4342041015625,128644
2016-01-28,-1271.4342041015625,-1271.4342041015625,-1271.4342041015625,-1271.4342041015625,39553
2016-01-29,-1271.4342041015625,-1271.4342041015625,-1271.4342041015625,-1271.4342041015625,1041368
2016-02-01,-1271.4342041015625,-1271.4342041015625,-1271.4342041015625,-1271.4342041015625,0
2016-02-02,-1271.4342041015625,-1271.4342041015625,-1271.4342041015625,-1271.4342041015625,3536
2016-02-03,-1271.4342041015625,-1271.4342041015625,-1271.4342041015625,-1271.4342041015625,883
2016-02-04,-1271.4342041015625,-1271.4342041015625,-1271.4342041015625,-1271.4342041015625,85835
2016-02-05,-1271.4342041015625,-1271.4342041015625,-1271.4342041015625,-1271.4342041015625,17
2016-02-10,-1271.4342041015625,-1271.4342041015625,-1271.4342041015625,-1271.4342041015625,0
2016-02-11,-1271.4342041015625,-1271.4342041015625,-1271.4342041015625,-1271.4342041015625,8585
2016-02-12,-1271.4342041015625,-1271.4342041015625,-1271.4342041015625,-1271.4342041015625,0
2016-02-15,-1271.4342041015625,-1271.4342041015625,-1271.4342041015625,-1271.4342041015625,0
2016-02-16,-1271.4342041015625,-1271.4342041015625,-1271.4342041015625,-1271.4342041015625,663
2016-02-17,-1271.4342041015625,-1271.4342041015625,-1271.4342041015625,-1271.4342041015625,17855
2016-02-18,-1271.4342041015625,-1271.4342041015625,-1271.4342041015625,-1271.4342041015625,68951
2016-02-19,-1271.4342041015625,-1271.4342041015625,-1271.4342041015625,-1271.4342041015625,343
2016-02-22,-1271.4342041015625,-1271.4342041015625,-1271.4342041015625,-1271.4342041015625,257
2016-02-23,-1271.4342041015625,-1271.4342041015625,-1271.4342041015625,-1271.4342041015625,1647
2016-02-24,-1271.4342041015625,-1271.4342041015625,-1271.4342041015625,-1271.4342041015625,257
2016-02-25,-1587.928955078125,-1587.9289550781252,-1587.9289550781252,-1587.9289550781252,6142
2016-02-26,-1587.928955078125,-1587.9289550781252,-1587.9289550781252,-1587.9289550781252,1557
2016-02-29,-1587.928955078125,-1587.9289550781252,-1587.9289550781252,-1587.9289550781252,0
2016-03-01,-1587.928955078125,-1587.9289550781252,-1587.9289550781252,-1587.9289550781252,35124
2016-03-02,-1587.928955078125,-1587.9289550781252,-1587.9289550781252,-1587.9289550781252,1980
2016-03-03,-1587.928955078125,-1587.9289550781252,-1587.9289550781252,-1587.9289550781252,6107
2016-03-04,-1948.0777587890625,-1948.0777587890625,-1948.0777587890625,-1948.0777587890625,8674
2016-03-07,-1948.0777587890625,-1948.0777587890625,-1948.0777587890625,-1948.0777587890625,0
2016-03-08,-1948.0777587890625,-1948.0777587890625,-1948.0777587890625,-1948.0777587890625,89
2016-03-09,-1948.0777587890625,-1948.0777587890625,-1948.0777587890625,-1948.0777587890625,367
2016-03-10,-1948.0777587890625,-1948.0777587890625,-1948.0777587890625,-1948.0777587890625,52
2016-03-11,-1948.0777587890625,-1948.0777587890625,-1948.0777587890625,-1948.0777587890625,866
2016-03-14,-1948.0777587890625,-1948.0777587890625,-1948.0777587890625,-1948.0777587890625,0
2016-03-15,-1948.0777587890625,-1948.0777587890625,-1948.0777587890625,-1948.0777587890625,2951
2016-03-16,-1948.0777587890625,-1948.0777587890625,-1948.0777587890625,-1948.0777587890625,2683
2016-03-17,-1948.0777587890625,-1948.0777587890625,-1948.0777587890625,-1948.0777587890625,279
2016-03-18,-1555.18798828125,-1555.18798828125,-1555.18798828125,-1555.18798828125,508993
2016-03-21,-1555.18798828125,-1555.18798828125,-1555.18798828125,-1555.18798828125,0
2016-03-22,-1555.18798828125,-1555.18798828125,-1555.18798828125,-1555.18798828125,206
2016-03-23,-1555.18798828125,-1555.18798828125,-1555.18798828125,-1555.18798828125,0
2016-03-28,-1555.18798828125,-1555.18798828125,-1555.18798828125,-1555.18798828125,0
2016-03-29,-1555.18798828125,-1555.18798828125,-1555.18798828125,-1555.18798828125,58
2016-03-30,-1555.18798828125,-1555.18798828125,-1555.18798828125,-1555.18798828125,3982
2016-03-31,-1555.18798828125,-1555.18798828125,-1555.18798828125,-1555.18798828125,0
2016-04-01,-1555.18798828125,-1555.18798828125,-1555.18798828125,-1555.18798828125,0
2016-04-04,-1555.18798828125,-1555.18798828125,-1555.18798828125,-1555.18798828125,0
2016-04-05,-1555.18798828125,-1555.18798828125,-1555.18798828125,-1555.18798828125,0
2016-04-06,-1555.18798828125,-1555.18798828125,-1555.18798828125,-1555.18798828125,590
2016-04-07,-1948.0777587890625,-1948.0777587890625,-1948.0777587890625,-1948.0777587890625,664
2016-04-08,-2335.510498046875,-2335.510498046875,-2335.510498046875,-2335.510498046875,1539
2016-04-11,-2335.510498046875,-2335.510498046875,-2335.510498046875,-2335.510498046875,0
2016-04-12,-2335.510498046875,-2335.510498046875,-2335.510498046875,-2335.510498046875,2354
2016-04-13,-2335.510498046875,-2335.510498046875,-2335.510498046875,-2335.510498046875,10829
2016-04-14,-2335.510498046875,-2335.510498046875,-2335.510498046875,-2335.510498046875,37634
2016-04-15,-2335.510498046875,-2335.510498046875,-2335.510498046875,-2335.510498046875,1552
2016-04-18,-2335.510498046875,-2335.510498046875,-2335.510498046875,-2335.510498046875,0
2016-04-20,-2335.510498046875,-2335.510498046875,-2335.510498046875,-2335.510498046875,0
2016-04-21,-2335.510498046875,-2335.510498046875,-2335.510498046875,-2335.510498046875,924
2016-04-22,-2335.510498046875,-2335.510498046875,-2335.510498046875,-2335.510498046875,4073
2016-04-25,-2335.510498046875,-2335.510498046875,-2335.510498046875,-2335.510498046875,0
2016-04-26,-2335.510498046875,-2335.510498046875,-2335.510498046875,-2335.510498046875,2524
2016-04-27,-2335.510498046875,-2335.510498046875,-2335.510498046875,-2335.510498046875,2245
2016-04-28,-2335.510498046875,-2335.510498046875,-2335.510498046875,-2335.510498046875,2782
2016-04-29,-2335.510498046875,-2335.510498046875,-2335.510498046875,-2335.510498046875,139
2016-05-02,-2335.510498046875,-2335.510498046875,-2335.510498046875,-2335.510498046875,0
2016-05-03,-2335.510498046875,-2335.510498046875,-2335.510498046875,-2335.510498046875,1493
2016-05-04,-2335.510498046875,-2335.510498046875,-2335.510498046875,-2335.510498046875,939
2016-05-05,-2335.510498046875,-2335.510498046875,-2335.510498046875,-2335.510498046875,1160
2016-05-06,-2335.510498046875,-2335.510498046875,-2335.510498046875,-2335.510498046875,7557
2016-05-10,-2335.510498046875,-2335.510498046875,-2335.510498046875,-2335.510498046875,0
2016-05-11,-2335.510498046875,-2335.510498046875,-2335.510498046875,-2335.510498046875,3078
2016-05-12,-2335.510498046875,-2335.510498046875,-2335.510498046875,-2335.510498046875,30362
2016-05-13,-2335.510498046875,-2335.510498046875,-2335.510498046875,-2335.510498046875,54
2016-05-16,-2335.510498046875,-2335.510498046875,-2335.510498046875,-2335.510498046875,0
2016-05-17,-2335.510498046875,-2335.510498046875,-2335.510498046875,-2335.510498046875,455
2016-05-18,-2335.510498046875,-2335.510498046875,-2335.510498046875,-2335.510498046875,454
2016-05-19,-2335.510498046875,-2335.510498046875,-2335.510498046875,-2335.510498046875,601089
2016-05-20,-2335.510498046875,-2335.510498046875,-2335.510498046875,-2335.510498046875,1119
2016-05-23,-2335.510498046875,-2335.510498046875,-2335.510498046875,-2335.510498046875,0
2016-05-24,-2335.510498046875,-2335.510498046875,-2335.510498046875,-2335.510498046875,1404
2016-05-25,-2335.510498046875,-2335.510498046875,-2335.510498046875,-2335.510498046875,2826
2016-05-26,-2335.510498046875,-2335.510498046875,-2335.510498046875,-2335.510498046875,2884
2016-05-27,-2335.510498046875,-2335.510498046875,-2335.510498046875,-2335.510498046875,450975
2016-05-31,-2335.510498046875,-2335.510498046875,-2335.510498046875,-2335.510498046875,0
2016-06-01,-2335.510498046875,-2335.510498046875,-2335.510498046875,-2335.510498046875,3372
2016-06-02,-2335.510498046875,-2335.510498046875,-2335.510498046875,-2335.510498046875,1970
2016-06-03,-2335.510498046875,-2335.510498046875,-2335.510498046875,-2335.510498046875,3502
2016-06-06,-2335.510498046875,-2335.510498046875,-2335.510498046875,-2335.510498046875,0
2016-06-07,-2335.510498046875,-2335.510498046875,-2335.510498046875,-2335.510498046875,8311
2016-06-08,-2335.510498046875,-2335.510498046875,-2335.510498046875,-2335.510498046875,20424
2016-06-09,-2335.510498046875,-2335.510498046875,-2335.510498046875,-2335.510498046875,12874
2016-06-10,-2335.510498046875,-2335.510498046875,-2335.510498046875,-2335.510498046875,62332
2016-06-13,-2286.399169921875,-2286.399169921875,-2286.399169921875,-2286.399169921875,1366
2016-06-14,-2286.399169921875,-2286.399169921875,-2286.399169921875,-2286.399169921875,0
2016-06-15,-2286.399169921875,-2286.399169921875,-2286.399169921875,-2286.399169921875,238
2016-06-16,-2286.399169921875,-2286.399169921875,-2286.399169921875,-2286.399169921875,0
2016-06-17,-2286.399169921875,-2286.399169921875,-2286.399169921875,-2286.399169921875,0
2016-06-20,-2286.399169921875,-2286.399169921875,-2286.399169921875,-2286.399169921875,0
2016-06-21,-2286.399169921875,-2286.399169921875,-2286.399169921875,-2286.399169921875,1718
2016-06-22,-2286.399169921875,-2286.399169921875,-2286.399169921875,-2286.399169921875,59
2016-06-23,-1828.0283203125,-1828.0283203124998,-1828.0283203124998,-1828.0283203124998,26205
2016-06-27,-1828.0283203125,-1828.0283203124998,-1828.0283203124998,-1828.0283203124998,184
2016-06-28,-1828.0283203125,-1828.0283203124998,-1828.0283203124998,-1828.0283203124998,1372
2016-06-29,-1828.0283203125,-1828.0283203124998,-1828.0283203124998,-1828.0283203124998,0
2016-06-30,-1828.0283203125,-1828.0283203124998,-1828.0283203124998,-1828.0283203124998,0
2016-07-01,-1828.0283203125,-1828.0283203124998,-1828.0283203124998,-1828.0283203124998,596
2016-07-06,-1828.0283203125,-1828.0283203124998,-1828.0283203124998,-1828.0283203124998,715
2016-07-07,-1828.0283203125,-1828.0283203124998,-1828.0283203124998,-1828.0283203124998,3277
2016-07-08,-1369.65673828125,-1369.65673828125,-1369.65673828125,-1369.65673828125,960
2016-07-11,-1369.65673828125,-1369.65673828125,-1369.65673828125,-1369.65673828125,119
2016-07-12,-1369.65673828125,-1369.65673828125,-1369.65673828125,-1369.65673828125,441
2016-07-13,-1828.0283203125,-1828.0283203124998,-1828.0283203124998,-1828.0283203124998,59
2016-07-14,-1828.0283203125,-1828.0283203124998,-1828.0283203124998,-1828.0283203124998,5881
2016-07-15,-1828.0283203125,-1828.0283203124998,-1828.0283203124998,-1828.0283203124998,171
2016-07-18,-1828.0283203125,-1828.0283203124998,-1828.0283203124998,-1828.0283203124998,91
2016-07-19,-1828.0283203125,-1828.0283203124998,-1828.0283203124998,-1828.0283203124998,954
2016-07-20,-1828.0283203125,-1828.0283203124998,-1828.0283203124998,-1828.0283203124998,1789
2016-07-21,-1828.0283203125,-1828.0283203124998,-1828.0283203124998,-1828.0283203124998,0
2016-07-22,-1828.0283203125,-1828.0283203124998,-1828.0283203124998,-1828.0283203124998,0
2016-07-25,-1828.0283203125,-1828.0283203124998,-1828.0283203124998,-1828.0283203124998,0
2016-07-26,-1828.0283203125,-1828.0283203124998,-1828.0283203124998,-1828.0283203124998,775
2016-07-27,-1828.0283203125,-1828.0283203124998,-1828.0283203124998,-1828.0283203124998,298
2016-07-28,-1828.0283203125,-1828.0283203124998,-1828.0283203124998,-1828.0283203124998,13478
2016-07-29,-1828.0283203125,-1828.0283203124998,-1828.0283203124998,-1828.0283203124998,920096
2016-08-01,-1828.0283203125,-1828.0283203124998,-1828.0283203124998,-1828.0283203124998,1909
2016-08-02,-1828.0283203125,-1828.0283203124998,-1828.0283203124998,-1828.0283203124998,8542
2016-08-03,-1828.0283203125,-1828.0283203124998,-1828.0283203124998,-1828.0283203124998,32051
2016-08-04,-1828.0283203125,-1828.0283203124998,-1828.0283203124998,-1828.0283203124998,2482
2016-08-05,-1828.0283203125,-1828.0283203124998,-1828.0283203124998,-1828.0283203124998,0
2016-08-08,-1828.0283203125,-1828.0283203124998,-1828.0283203124998,-1828.0283203124998,0
2016-08-09,-1828.0283203125,-1828.0283203124998,-1828.0283203124998,-1828.0283203124998,4506
2016-08-10,-1828.0283203125,-1828.0283203124998,-1828.0283203124998,-1828.0283203124998,239464
2016-08-11,-1828.0283203125,-1828.0283203124998,-1828.0283203124998,-1828.0283203124998,0
2016-08-12,-1828.0283203125,-1828.0283203124998,-1828.0283203124998,-1828.0283203124998,20046
2016-08-16,-1828.0283203125,-1828.0283203124998,-1828.0283203124998,-1828.0283203124998,1290
2016-08-17,-1828.0283203125,-1828.0283203124998,-1828.0283203124998,-1828.0283203124998,4331
2016-08-18,-1828.0283203125,-1828.0283203124998,-1828.0283203124998,-1828.0283203124998,185
2016-08-19,-1828.0283203125,-1828.0283203124998,-1828.0283203124998,-1828.0283203124998,0
2016-08-22,-1828.0283203125,-1828.0283203124998,-1828.0283203124998,-1828.0283203124998,0
2016-08-23,-1369.65673828125,-1369.65673828125,-1369.65673828125,-1369.65673828125,596
2016-08-24,-1369.65673828125,-1369.65673828125,-1369.65673828125,-1369.65673828125,21120
2016-08-25,-1369.65673828125,-1369.65673828125,-1369.65673828125,-1369.65673828125,4226
2016-08-26,-1369.65673828125,-1369.65673828125,-1369.65673828125,-1369.65673828125,101489
2016-08-29,-1369.65673828125,-1369.65673828125,-1369.65673828125,-1369.65673828125,8591
2016-08-30,-1369.65673828125,-1369.65673828125,-1369.65673828125,-1369.65673828125,1470
2016-08-31,-1369.65673828125,-1369.65673828125,-1369.65673828125,-1369.65673828125,3877
2016-09-01,-1369.65673828125,-1369.65673828125,-1369.65673828125,-1369.65673828125,1514
2016-09-02,-1369.65673828125,-1369.65673828125,-1369.65673828125,-1369.65673828125,3579
2016-09-05,-1369.65673828125,-1369.65673828125,-1369.65673828125,-1369.65673828125,1227
2016-09-06,-1369.65673828125,-1369.65673828125,-1369.65673828125,-1369.65673828125,2516
2016-09-07,-1369.65673828125,-1369.65673828125,-1369.65673828125,-1369.65673828125,9619
2016-09-08,-1369.65673828125,-1369.65673828125,-1369.65673828125,-1369.65673828125,24261
2016-09-09,-1369.65673828125,-1369.65673828125,-1369.65673828125,-1369.65673828125,1688
2016-09-12,-1369.65673828125,-1369.65673828125,-1369.65673828125,-1369.65673828125,445
2016-09-13,-1369.65673828125,-1369.65673828125,-1369.65673828125,-1369.65673828125,2147
2016-09-14,-1369.65673828125,-1369.65673828125,-1369.65673828125,-1369.65673828125,9319
2016-09-15,-1369.65673828125,-1369.65673828125,-1369.65673828125,-1369.65673828125,1670
2016-09-16,-1369.65673828125,-1369.65673828125,-1369.65673828125,-1369.65673828125,417
2016-09-19,-1369.65673828125,-1369.65673828125,-1369.65673828125,-1369.65673828125,0
2016-09-20,-1828.0283203125,-1828.0283203124998,-1828.0283203124998,-1828.0283203124998,5369
2016-09-21,-1828.0283203125,-1828.0283203124998,-1828.0283203124998,-1828.0283203124998,298264
2016-09-22,-1828.0283203125,-1828.0283203124998,-1828.0283203124998,-1828.0283203124998,75140
2016-09-23,-1828.0283203125,-1828.0283203124998,-1828.0283203124998,-1828.0283203124998,214
2016-09-26,-1828.0283203125,-1828.0283203124998,-1828.0283203124998,-1828.0283203124998,1790197
2016-09-27,-1828.0283203125,-1828.0283203124998,-1828.0283203124998,-1828.0283203124998,9328
2016-09-28,-1828.0283203125,-1828.0283203124998,-1828.0283203124998,-1828.0283203124998,440041
2016-09-29,-1828.0283203125,-1828.0283203124998,-1828.0283203124998,-1828.0283203124998,1431
2016-09-30,-1828.0283203125,-1828.0283203124998,-1828.0283203124998,-1828.0283203124998,7013
2016-10-03,-1828.0283203125,-1828.0283203124998,-1828.0283203124998,-1828.0283203124998,1783
2016-10-04,-1828.0283203125,-1828.0283203124998,-1828.0283203124998,-1828.0283203124998,7241
2016-10-05,-1828.0283203125,-1828.0283203124998,-1828.0283203124998,-1828.0283203124998,29914
2016-10-06,-1828.0283203125,-1828.0283203124998,-1828.0283203124998,-1828.0283203124998,9068
2016-10-07,-1828.0283203125,-1828.0283203124998,-1828.0283203124998,-1828.0283203124998,21111
2016-10-10,-1828.0283203125,-1828.0283203124998,-1828.0283203124998,-1828.0283203124998,633
2016-10-11,-1828.0283203125,-1828.0283203124998,-1828.0283203124998,-1828.0283203124998,1604
2016-10-13,-1828.0283203125,-1828.0283203124998,-1828.0283203124998,-1828.0283203124998,42794
2016-10-14,-1828.0283203125,-1828.0283203124998,-1828.0283203124998,-1828.0283203124998,13340
2016-10-17,-1828.0283203125,-1828.0283203124998,-1828.0283203124998,-1828.0283203124998,8798
2016-10-18,-1828.0283203125,-1828.0283203124998,-1828.0283203124998,-1828.0283203124998,9842
2016-10-19,-1828.0283203125,-1828.0283203124998,-1828.0283203124998,-1828.0283203124998,5996
2016-10-20,-1828.0283203125,-1828.0283203124998,-1828.0283203124998,-1828.0283203124998,11705
2016-10-21,-1828.0283203125,-1828.0283203124998,-1828.0283203124998,-1828.0283203124998,25060
2016-10-24,-1828.0283203125,-1828.0283203124998,-1828.0283203124998,-1828.0283203124998,16705
2016-10-25,-1828.0283203125,-1828.0283203124998,-1828.0283203124998,-1828.0283203124998,6641
2016-10-26,-1828.0283203125,-1828.0283203124998,-1828.0283203124998,-1828.0283203124998,11807
2016-10-27,-1828.0283203125,-1828.0283203124998,-1828.0283203124998,-1828.0283203124998,178
2016-10-28,-1828.0283203125,-1828.0283203124998,-1828.0283203124998,-1828.0283203124998,9744
2016-10-31,-1828.0283203125,-1828.0283203124998,-1828.0283203124998,-1828.0283203124998,10609
2016-11-01,-1828.0283203125,-1828.0283203124998,-1828.0283203124998,-1828.0283203124998,21691
2016-11-02,-1828.0283203125,-1828.0283203124998,-1828.0283203124998,-1828.0283203124998,28874
2016-11-03,-1828.0283203125,-1828.0283203124998,-1828.0283203124998,-1828.0283203124998,1885
2016-11-04,-1828.0283203125,-1828.0283203124998,-1828.0283203124998,-1828.0283203124998,119
2016-11-08,-2286.399169921875,-2286.399169921875,-2286.399169921875,-2286.399169921875,2175
2016-11-09,-2286.399169921875,-2286.399169921875,-2286.399169921875,-2286.399169921875,0
2016-11-10,-2739.3134765625,-2739.3134765625,-2739.3134765625,-2739.3134765625,5890
2016-11-11,-2739.3134765625,-2739.3134765625,-2739.3134765625,-2739.3134765625,14215
2016-11-14,-3197.68505859375,-3197.68505859375,-3197.68505859375,-3197.68505859375,16334
2016-11-15,-3197.68505859375,-3197.68505859375,-3197.68505859375,-3197.68505859375,28999
2016-11-16,-3197.68505859375,-3197.68505859375,-3197.68505859375,-3197.68505859375,8741
2016-11-17,-3197.68505859375,-3197.68505859375,-3197.68505859375,-3197.68505859375,9520
2016-11-18,-3197.68505859375,-3197.68505859375,-3197.68505859375,-3197.68505859375,136799
2016-11-21,-3197.68505859375,-3197.68505859375,-3197.68505859375,-3197.68505859375,105872
2016-11-22,-3197.68505859375,-3197.68505859375,-3197.68505859375,-3197.68505859375,922
2016-11-23,-3197.68505859375,-3197.68505859375,-3197.68505859375,-3197.68505859375,1290
2016-11-24,-3197.68505859375,-3197.68505859375,-3197.68505859375,-3197.68505859375,113095
2016-11-25,-3197.68505859375,-3197.68505859375,-3197.68505859375,-3197.68505859375,17480
2016-11-28,-3656.056640625,-3656.0566406249995,-3656.0566406249995,-3656.0566406249995,35758
2016-11-29,-3656.056640625,-3656.0566406249995,-3656.0566406249995,-3656.0566406249995,3398
2016-11-30,-3656.056640625,-3656.0566406249995,-3656.0566406249995,-3656.0566406249995,1491
2016-12-01,-4114.4267578125,-4114.4267578125,-4114.4267578125,-4114.4267578125,15011
2016-12-02,-5025.712890625,-5025.712890625,-5025.712890625,-5025.712890625,1655252
2016-12-05,-4572.79833984375,-4572.79833984375,-4572.79833984375,-4572.79833984375,9776
2016-12-06,-5025.712890625,-5025.712890625,-5025.712890625,-5025.712890625,1280733
2016-12-07,-5025.712890625,-5025.712890625,-5025.712890625,-5025.712890625,1254703
2016-12-08,-5025.712890625,-5025.712890625,-5025.712890625,-5025.712890625,5152
2016-12-09,-5031.17041015625,-5031.17041015625,-5031.17041015625,-5031.17041015625,3513
2016-12-13,-5031.17041015625,-5031.17041015625,-5031.17041015625,-5031.17041015625,307451
2016-12-14,-4469.119140625,-4469.119140625,-4469.119140625,-4469.119140625,2599
2016-12-15,-4469.119140625,-4469.119140625,-4469.119140625,-4469.119140625,61
2016-12-16,-4469.119140625,-4469.119140625,-4469.119140625,-4469.119140625,0
2016-12-19,-3912.52587890625,-3912.52587890625,-3912.52587890625,-3912.52587890625,1986
2016-12-20,-3912.52587890625,-3912.52587890625,-3912.52587890625,-3912.52587890625,7027
2016-12-21,-3912.52587890625,-3912.52587890625,-3912.52587890625,-3912.52587890625,1491
2016-12-22,-3912.52587890625,-3912.52587890625,-3912.52587890625,-3912.52587890625,128330
2016-12-23,-3912.52587890625,-3912.52587890625,-3912.52587890625,-3912.52587890625,8881
2016-12-26,-3912.52587890625,-3912.52587890625,-3912.52587890625,-3912.52587890625,6185
2016-12-27,-3912.52587890625,-3912.52587890625,-3912.52587890625,-3912.52587890625,562
2016-12-28,-3912.52587890625,-3912.52587890625,-3912.52587890625,-3912.52587890625,4243
2016-12-29,-3912.52587890625,-3912.52587890625,-3912.52587890625,-3912.52587890625,7655
2016-12-30,-3912.52587890625,-3912.52587890625,-3912.52587890625,-3912.52587890625,2311
2017-01-02,-3912.52587890625,-3912.52587890625,-3912.52587890625,-3912.52587890625,0
2017-01-03,-4469.119140625,-4469.119140625,-4469.119140625,-4469.119140625,1195
2017-01-04,-4469.119140625,-4469.119140625,-4469.119140625,-4469.119140625,488
2017-01-05,-5031.17041015625,-5031.17041015625,-5031.17041015625,-5031.17041015625,2388
2017-01-09,-5031.17041015625,-5031.17041015625,-5031.17041015625,-5031.17041015625,0
2017-01-10,-5031.17041015625,-5031.17041015625,-5031.17041015625,-5031.17041015625,554
2017-01-11,-5031.17041015625,-5031.17041015625,-5031.17041015625,-5031.17041015625,2869
2017-01-12,-4469.119140625,-4469.119140625,-4469.119140625,-4469.119140625,21245
2017-01-13,-4469.119140625,-4469.119140625,-4469.119140625,-4469.119140625,108
2017-01-16,-4469.119140625,-4469.119140625,-4469.119140625,-4469.119140625,32846
2017-01-17,-4469.119140625,-4469.119140625,-4469.119140625,-4469.119140625,1786
2017-01-18,-3912.52587890625,-3912.52587890625,-3912.52587890625,-3912.52587890625,5465
2017-01-19,-4469.119140625,-4469.119140625,-4469.119140625,-4469.119140625,8120
2017-01-20,-3912.52587890625,-3912.52587890625,-3912.52587890625,-3912.52587890625,488
2017-01-23,-3912.52587890625,-3912.52587890625,-3912.52587890625,-3912.52587890625,7799
2017-01-24,-3912.52587890625,-3912.52587890625,-3912.52587890625,-3912.52587890625,3528
2017-01-25,-4469.119140625,-4469.119140625,-4469.119140625,-4469.119140625,234
2017-01-26,-3912.52587890625,-3912.52587890625,-3912.52587890625,-3912.52587890625,5345
2017-01-27,-3912.52587890625,-3912.52587890625,-3912.52587890625,-3912.52587890625,5101
2017-01-30,-4469.119140625,-4469.119140625,-4469.119140625,-4469.119140625,2485
2017-01-31,-4469.119140625,-4469.119140625,-4469.119140625,-4469.119140625,15984
2017-02-01,-4469.119140625,-4469.119140625,-4469.119140625,-4469.119140625,0
2017-02-02,-4469.119140625,-4469.119140625,-4469.119140625,-4469.119140625,2352
2017-02-03,-3912.52587890625,-3912.52587890625,-3912.52587890625,-3912.52587890625,244
2017-02-06,-4469.119140625,-4469.119140625,-4469.119140625,-4469.119140625,518
2017-02-07,-4469.119140625,-4469.119140625,-4469.119140625,-4469.119140625,8273
2017-02-08,-4469.119140625,-4469.119140625,-4469.119140625,-4469.119140625,249530
2017-02-09,-4469.119140625,-4469.119140625,-4469.119140625,-4469.119140625,20448
2017-02-10,-6149.81396484375,-6149.81396484375,-6149.81396484375,-6149.81396484375,22221
2017-02-13,-5587.76416015625,-5587.76416015625,-5587.76416015625,-5587.76416015625,26446
2017-02-14,-6149.81396484375,-6149.81396484375,-6149.81396484375,-6149.81396484375,3291
2017-02-15,-6149.81396484375,-6149.81396484375,-6149.81396484375,-6149.81396484375,11260
2017-02-16,-6149.81396484375,-6149.81396484375,-6149.81396484375,-6149.81396484375,6713
2017-02-17,11.452337265014648,11.452337265014648,11.452337265014648,11.452337265014648,6335
2017-02-20,11.452337265014648,11.452337265014648,11.452337265014648,11.452337265014648,2202
2017-02-21,11.452337265014648,11.452337265014648,11.452337265014648,11.452337265014648,3069
2017-02-22,11.452337265014648,11.452337265014648,11.452337265014648,11.452337265014648,95
2017-02-23,11.452337265014648,11.452337265014648,11.452337265014648,11.452337265014648,19149
2017-02-24,11.452337265014648,11.452337265014648,11.452337265014648,11.452337265014648,335
2017-03-01,11.452337265014648,11.452337265014648,11.452337265014648,11.452337265014648,5162
2017-03-02,11.452337265014648,11.452337265014648,11.452337265014648,11.452337265014648,2475
2017-03-03,11.452337265014648,11.452337265014648,11.452337265014648,11.452337265014648,2138
2017-03-06,11.452337265014648,11.452337265014648,11.452337265014648,11.452337265014648,315
2017-03-07,11.452337265014648,11.452337265014648,11.452337265014648,11.452337265014648,2082
2017-03-08,11.452337265014648,11.452337265014648,11.452337265014648,11.452337265014648,17621
2017-03-09,10.177605628967285,10.177605628967285,10.177605628967285,10.177605628967285,646
2017-03-10,10.177605628967285,10.177605628967285,10.177605628967285,10.177605628967285,2517
2017-03-13,10.177605628967285,10.177605628967285,10.177605628967285,10.177605628967285,588
2017-03-14,10.177605628967285,10.177605628967285,10.177605628967285,10.177605628967285,85
2017-03-15,8.902876853942871,8.902876853942871,8.902876853942871,8.902876853942871,407
2017-03-16,8.902876853942871,8.902876853942871,8.902876853942871,8.902876853942871,10203
2017-03-17,8.902876853942871,8.902876853942871,8.902876853942871,8.902876853942871,4889
2017-03-20,8.902876853942871,8.902876853942871,8.902876853942871,8.902876853942871,4332
2017-03-21,8.902876853942871,8.902876853942871,8.902876853942871,8.902876853942871,1589
2017-03-22,10.177605628967285,10.177605628967285,10.177605628967285,10.177605628967285,3154
2017-03-23,10.177605628967285,10.177605628967285,10.177605628967285,10.177605628967285,5567
2017-03-24,11.452337265014648,11.452337265014648,11.452337265014648,11.452337265014648,3812
2017-03-27,12.716952323913574,12.716952323913574,12.716952323913574,12.716952323913574,26571
2017-03-28,12.716952323913574,12.716952323913574,12.716952323913574,12.716952323913574,282232
2017-03-29,12.716952323913574,12.716952323913574,12.716952323913574,12.716952323913574,9818
2017-03-30,12.716952323913574,12.716952323913574,12.716952323913574,12.716952323913574,2410
2017-03-31,12.716952323913574,12.716952323913574,12.716952323913574,12.716952323913574,5254
2017-04-03,13.991678237915039,13.991678237915039,13.991678237915039,13.991678237915039,8960
2017-04-04,13.991678237915039,13.991678237915039,13.991678237915039,13.991678237915039,12969
2017-04-05,13.991678237915039,13.991678237915039,13.991678237915039,13.991678237915039,8491
2017-04-06,13.991678237915039,13.991678237915039,13.991678237915039,13.991678237915039,10268
2017-04-07,15.266410827636719,15.266410827636719,15.266410827636719,15.266410827636719,3177
2017-04-10,15.266410827636719,15.266410827636719,15.266410827636719,15.266410827636719,930
2017-04-11,15.266410827636719,15.266410827636719,15.266410827636719,15.266410827636719,12740
2017-04-12,15.266410827636719,15.266410827636719,15.266410827636719,15.266410827636719,961
2017-04-17,15.266410827636719,15.266410827636719,15.266410827636719,15.266410827636719,79
2017-04-18,15.266410827636719,15.266410827636719,15.266410827636719,15.266410827636719,1713
2017-04-20,15.266410827636719,15.266410827636719,15.266410827636719,15.266410827636719,2779
2017-04-21,16.541139602661133,16.541139602661133,16.541139602661133,16.541139602661133,9473
2017-04-24,15.266410827636719,15.266410827636719,15.266410827636719,15.266410827636719,3328
2017-04-25,16.541139602661133,16.541139602661133,16.541139602661133,16.541139602661133,21623
2017-04-26,16.541139602661133,16.541139602661133,16.541139602661133,16.541139602661133,10856
2017-04-27,16.541139602661133,16.541139602661133,16.541139602661133,16.541139602661133,9836
2017-04-28,16.541139602661133,16.541139602661133,16.541139602661133,16.541139602661133,1750
2017-05-02,16.541139602661133,16.541139602661133,16.541139602661133,16.541139602661133,4651
2017-05-03,16.541139602661133,16.541139602661133,16.541139602661133,16.541139602661133,5244
2017-05-04,16.541139602661133,16.541139602661133,16.541139602661133,16.541139602661133,9491
2017-05-05,16.541139602661133,16.541139602661133,16.541139602661133,16.541139602661133,19864
2017-05-08,16.541139602661133,16.541139602661133,16.541139602661133,16.541139602661133,3676
2017-05-09,17.81587028503418,17.81587028503418,17.81587028503418,17.81587028503418,13388
2017-05-10,16.541139602661133,16.541139602661133,16.541139602661133,16.541139602661133,1393
2017-05-11,16.541139602661133,16.541139602661133,16.541139602661133,16.541139602661133,1560
2017-05-12,16.541139602661133,16.541139602661133,16.541139602661133,16.541139602661133,1277910
2017-05-15,17.81587028503418,17.81587028503418,17.81587028503418,17.81587028503418,6852
2017-05-16,17.81587028503418,17.81587028503418,17.81587028503418,17.81587028503418,1872
2017-05-17,16.541139602661133,16.541139602661133,16.541139602661133,16.541139602661133,21585
2017-05-18,16.541139602661133,16.541139602661133,16.541139602661133,16.541139602661133,67820
2017-05-19,17.81587028503418,17.81587028503418,17.81587028503418,17.81587028503418,4475
2017-05-22,17.81587028503418,17.81587028503418,17.81587028503418,17.81587028503418,28784
2017-05-23,19.080488204956055,19.080488204956055,19.080488204956055,19.080488204956055,82168
2017-05-24,19.080488204956055,19.080488204956055,19.080488204956055,19.080488204956055,7886
2017-05-26,20.35521125793457,20.35521125793457,20.35521125793457,20.35521125793457,1523
2017-05-29,20.35521125793457,20.35521125793457,20.35521125793457,20.35521125793457,0
2017-05-30,20.35521125793457,20.35521125793457,20.35521125793457,20.35521125793457,16810
2017-05-31,20.35521125793457,20.35521125793457,20.35521125793457,20.35521125793457,9029
2017-06-01,21.629941940307617,21.629941940307617,21.629941940307617,21.629941940307617,3828
2017-06-02,21.629941940307617,21.629941940307617,21.629941940307617,21.629941940307617,2168
2017-06-05,21.629941940307617,21.629941940307617,21.629941940307617,21.629941940307617,2007
2017-06-06,22.904674530029297,22.904674530029297,22.904674530029297,22.904674530029297,2636
2017-06-07,25.444019317626953,25.444019317626953,25.444019317626953,25.444019317626953,22196
2017-06-08,30.532821655273438,30.532821655273438,30.532821655273438,30.532821655273438,3940
2017-06-09,30.532821655273438,30.532821655273438,30.532821655273438,30.532821655273438,99920
2017-06-12,31.80755043029785,31.80755043029785,31.80755043029785,31.80755043029785,2514
2017-06-13,31.80755043029785,31.80755043029785,31.80755043029785,31.80755043029785,9252
2017-06-14,33.082279205322266,33.082279205322266,33.082279205322266,33.082279205322266,4309
2017-06-16,33.082279205322266,33.082279205322266,33.082279205322266,33.082279205322266,15558
2017-06-20,34.35701370239258,34.35701370239258,34.35701370239258,34.35701370239258,8106
2017-06-21,34.35701370239258,34.35701370239258,34.35701370239258,34.35701370239258,67023
2017-06-22,34.35701370239258,34.35701370239258,34.35701370239258,34.35701370239258,1041
2017-06-23,34.35701370239258,34.35701370239258,34.35701370239258,34.35701370239258,3631
2017-06-26,34.35701370239258,34.35701370239258,34.35701370239258,34.35701370239258,7064
2017-06-27,34.35701370239258,34.35701370239258,34.35701370239258,34.35701370239258,9192
2017-06-28,34.35701370239258,34.35701370239258,34.35701370239258,34.35701370239258,919
2017-06-30,35.63174057006836,35.63174057006836,35.63174057006836,35.63174057006836,515
2017-07-03,35.63174057006836,35.63174057006836,35.63174057006836,35.63174057006836,515
2017-07-04,35.63174057006836,35.63174057006836,35.63174057006836,35.63174057006836,794
2017-07-06,35.63174057006836,35.63174057006836,35.63174057006836,35.63174057006836,1997
2017-07-07,34.35701370239258,34.35701370239258,34.35701370239258,34.35701370239258,4458
2017-07-10,35.63174057006836,35.63174057006836,35.63174057006836,35.63174057006836,5914
2017-07-11,34.35701370239258,34.35701370239258,34.35701370239258,34.35701370239258,2666821
2017-07-12,34.35701370239258,34.35701370239258,34.35701370239258,34.35701370239258,10112
2017-07-13,34.35701370239258,34.35701370239258,34.35701370239258,34.35701370239258,2688
2017-07-14,34.35701370239258,34.35701370239258,34.35701370239258,34.35701370239258,926
2017-07-17,34.35701370239258,34.35701370239258,34.35701370239258,34.35701370239258,17706
2017-07-18,34.35701370239258,34.35701370239258,34.35701370239258,34.35701370239258,1085225
2017-07-19,34.35701370239258,34.35701370239258,34.35701370239258,34.35701370239258,284
2017-07-20,34.35701370239258,34.35701370239258,34.35701370239258,34.35701370239258,0
2017-07-21,34.35701370239258,34.35701370239258,34.35701370239258,34.35701370239258,3692
2017-07-25,34.35701370239258,34.35701370239258,34.35701370239258,34.35701370239258,27278
2017-07-26,34.35701370239258,34.35701370239258,34.35701370239258,34.35701370239258,0
2017-07-27,34.35701370239258,34.35701370239258,34.35701370239258,34.35701370239258,0
2017-07-28,34.35701370239258,34.35701370239258,34.35701370239258,34.35701370239258,3207
2017-07-31,34.35701370239258,34.35701370239258,34.35701370239258,34.35701370239258,810
2017-08-01,34.35701370239258,34.35701370239258,34.35701370239258,34.35701370239258,47541
2017-08-02,34.35701370239258,34.35701370239258,34.35701370239258,34.35701370239258,1820
2017-08-03,40.72054672241211,40.72054672241211,40.72054672241211,40.72054672241211,4099
2017-08-04,50.89814758300781,50.89814758300781,50.89814758300781,50.89814758300781,3390
2017-08-07,61.07575607299805,61.07575607299805,61.07575607299805,61.07575607299805,8730
2017-08-08,57.261688232421875,57.261688232421875,57.261688232421875,57.261688232421875,1507
2017-08-09,48.34868621826172,48.34868621826171,48.34868621826171,48.34868621826171,1067
2017-08-10,49.62342071533203,49.62342071533203,49.62342071533203,49.62342071533203,5722
2017-08-11,49.62342071533203,49.62342071533203,49.62342071533203,49.62342071533203,301792
2017-08-14,49.62342071533203,49.62342071533203,49.62342071533203,49.62342071533203,0
2017-08-16,49.62342071533203,49.62342071533203,49.62342071533203,49.62342071533203,588
2017-08-17,50.89814758300781,50.89814758300781,50.89814758300781,50.89814758300781,8089
2017-08-18,52.172874450683594,52.172874450683594,52.172874450683594,52.172874450683594,13337
2017-08-21,52.172874450683594,52.172874450683594,52.172874450683594,52.172874450683594,10244
2017-08-22,53.44761657714844,53.44761657714844,53.44761657714844,53.44761657714844,2250
2017-08-23,53.44761657714844,53.44761657714844,53.44761657714844,53.44761657714844,801
2017-08-24,54.71223068237305,54.71223068237305,54.71223068237305,54.71223068237305,5950
2017-08-25,55.98695373535156,55.98695373535156,55.98695373535156,55.98695373535156,5341
2017-08-28,55.98695373535156,55.98695373535156,55.98695373535156,55.98695373535156,1833
2017-08-29,55.98695373535156,55.98695373535156,55.98695373535156,55.98695373535156,1707
2017-08-30,55.98695373535156,55.98695373535156,55.98695373535156,55.98695373535156,13033
2017-08-31,55.98695373535156,55.98695373535156,55.98695373535156,55.98695373535156,5744
2017-09-01,105.62049865722656,105.62049865722656,105.62049865722656,105.62049865722656,1454
2017-09-04,59.801029205322266,59.801029205322266,59.801029205322266,59.801029205322266,6481
2017-09-05,59.801029205322266,59.801029205322266,59.801029205322266,59.801029205322266,8124
2017-09-06,61.07575607299805,61.07575607299805,61.07575607299805,61.07575607299805,3415
2017-09-07,66.16455841064453,66.16455841064453,66.16455841064453,66.16455841064453,2206
2017-09-08,68.71402740478516,68.71402740478516,68.71402740478516,68.71402740478516,1804
2017-09-12,76.352294921875,76.352294921875,76.352294921875,76.352294921875,6216
2017-09-13,82.7158203125,82.7158203125,82.7158203125,82.7158203125,10448
2017-09-14,91.61869812011719,91.61869812011719,91.61869812011719,91.61869812011719,7015
2017-09-15,96.70750427246094,96.70750427246092,96.70750427246092,96.70750427246092,6019
2017-09-18,105.62049865722656,105.62049865722656,105.62049865722656,105.62049865722656,8366
2017-09-19,105.62049865722656,105.62049865722656,105.62049865722656,105.62049865722656,3411
2017-09-20,105.62049865722656,105.62049865722656,105.62049865722656,105.62049865722656,557
2017-09-21,103.07103729248047,103.07103729248047,103.07103729248047,103.07103729248047,8372
2017-09-22,105.62049865722656,105.62049865722656,105.62049865722656,105.62049865722656,13275
2017-09-25,105.62049865722656,105.62049865722656,105.62049865722656,105.62049865722656,1983
2017-09-26,105.62049865722656,105.62049865722656,105.62049865722656,105.62049865722656,1454
2017-09-27,110.70929718017578,110.70929718017577,110.70929718017577,110.70929718017577,1683
2017-09-28,127.25045013427734,127.25045013427734,127.25045013427734,127.25045013427734,3390
2017-09-29,143.7915802001953,143.7915802001953,143.7915802001953,143.7915802001953,3393
2017-10-02,171.795166015625,171.795166015625,171.795166015625,171.795166015625,2676
2017-10-03,206.15220642089844,206.1522064208984,206.1522064208984,206.1522064208984,8972
2017-10-04,245.59800720214844,245.59800720214844,245.59800720214844,245.59800720214844,2617
2017-10-05,217.60452270507812,217.6045227050781,217.6045227050781,217.6045227050781,4091
2017-10-06,209.9662628173828,209.9662628173828,209.9662628173828,209.9662628173828,3428
2017-10-09,198.513916015625,198.513916015625,198.513916015625,198.513916015625,3321
2017-10-10,216.3297882080078,216.3297882080078,216.3297882080078,216.3297882080078,7590
2017-10-11,216.3297882080078,216.3297882080078,216.3297882080078,216.3297882080078,2227
2017-10-13,220.1539764404297,220.1539764404297,220.1539764404297,220.1539764404297,2936
2017-10-16,227.78213500976562,227.78213500976565,227.78213500976565,227.78213500976565,5265
2017-10-17,241.783935546875,241.783935546875,241.783935546875,241.783935546875,5421
2017-10-18,244.33335876464844,244.3333587646484,244.3333587646484,244.3333587646484,1556
2017-10-19,244.33335876464844,244.3333587646484,244.3333587646484,244.3333587646484,1137
2017-10-20,244.33335876464844,244.3333587646484,244.3333587646484,244.3333587646484,4486
2017-10-23,244.33335876464844,244.3333587646484,244.3333587646484,244.3333587646484,5743
2017-10-24,245.59800720214844,245.59800720214844,245.59800720214844,245.59800720214844,3645
2017-10-25,248.14747619628906,248.1474761962891,248.1474761962891,248.1474761962891,40312
2017-10-26,248.14747619628906,248.1474761962891,248.1474761962891,248.1474761962891,668
2017-10-27,248.14747619628906,248.1474761962891,248.1474761962891,248.1474761962891,6744
2017-10-30,246.8727264404297,246.8727264404297,246.8727264404297,246.8727264404297,1169
2017-10-31,244.33335876464844,244.3333587646484,244.3333587646484,244.3333587646484,4675
2017-11-02,245.59800720214844,245.59800720214844,245.59800720214844,245.59800720214844,4245
2017-11-03,245.59800720214844,245.59800720214844,245.59800720214844,245.59800720214844,4865
2017-11-06,245.59800720214844,245.59800720214844,245.59800720214844,245.59800720214844,0
2017-11-07,248.14747619628906,248.1474761962891,248.1474761962891,248.1474761962891,1806
2017-11-08,245.59800720214844,245.59800720214844,245.59800720214844,245.59800720214844,3496
2017-11-09,216.3297882080078,216.3297882080078,216.3297882080078,216.3297882080078,1396
2017-11-10,217.60452270507812,217.6045227050781,217.6045227050781,217.6045227050781,5106
2017-11-13,229.05682373046875,229.05682373046875,229.05682373046875,229.05682373046875,3624
2017-11-14,229.05682373046875,229.05682373046875,229.05682373046875,229.05682373046875,11594
2017-11-15,229.05682373046875,229.05682373046875,229.05682373046875,229.05682373046875,4653
2017-11-16,227.78213500976562,227.78213500976565,227.78213500976565,227.78213500976565,259
2017-11-17,241.783935546875,241.783935546875,241.783935546875,241.783935546875,6982
2017-11-20,240.50921630859375,240.50921630859375,240.50921630859375,240.50921630859375,1896
2017-11-21,235.42041015625,235.42041015625,235.42041015625,235.42041015625,2374
2017-11-22,231.60630798339844,231.6063079833984,231.6063079833984,231.6063079833984,1008
2017-11-23,231.60630798339844,231.6063079833984,231.6063079833984,231.6063079833984,5386
2017-11-24,231.60630798339844,231.6063079833984,231.6063079833984,231.6063079833984,2021
2017-11-27,230.33157348632812,230.33157348632812,230.33157348632812,230.33157348632812,870
2017-11-28,226.5175018310547,226.51750183105472,226.51750183105472,226.51750183105472,2484
2017-11-29,222.69332885742188,222.69332885742188,222.69332885742188,222.69332885742188,6376
2017-11-30,235.42041015625,235.42041015625,235.42041015625,235.42041015625,8785
2017-12-01,254.51100158691406,254.51100158691406,254.51100158691406,254.51100158691406,13972
2017-12-04,279.9651184082031,279.9651184082031,279.9651184082031,279.9651184082031,8348
2017-12-05,305.4091796875,305.4091796875,305.4091796875,305.4091796875,8578
2017-12-06,304.14453125,304.14453125,304.14453125,304.14453125,128
2017-12-07,286.3287048339844,286.3287048339844,286.3287048339844,286.3287048339844,7667
2017-12-11,286.3287048339844,286.3287048339844,286.3287048339844,286.3287048339844,0
2017-12-12,273.6015625,273.6015625,273.6015625,273.6015625,1014
2017-12-13,276.1409912109375,276.1409912109375,276.1409912109375,276.1409912109375,3487
2017-12-14,254.51100158691406,254.51100158691406,254.51100158691406,254.51100158691406,8536
2017-12-15,254.51100158691406,254.51100158691406,254.51100158691406,254.51100158691406,3109
2017-12-18,248.14747619628906,248.1474761962891,248.1474761962891,248.1474761962891,82163
2017-12-19,248.14747619628906,248.1474761962891,248.1474761962891,248.1474761962891,3214
2017-12-20,241.783935546875,241.783935546875,241.783935546875,241.783935546875,152967
2017-12-21,237.96987915039062,237.96987915039065,237.96987915039065,237.96987915039065,8840
2017-12-22,237.96987915039062,237.96987915039065,237.96987915039065,237.96987915039065,3964
2017-12-26,254.51100158691406,254.51100158691406,254.51100158691406,254.51100158691406,2714
2017-12-27,241.783935546875,241.783935546875,241.783935546875,241.783935546875,55
2017-12-28,241.783935546875,241.783935546875,241.783935546875,241.783935546875,80
2017-12-29,240.50921630859375,240.50921630859375,240.50921630859375,240.50921630859375,459
2018-01-01,240.50921630859375,240.50921630859375,240.50921630859375,240.50921630859375,0
2018-01-02,248.14747619628906,248.1474761962891,248.1474761962891,248.1474761962891,15
2018-01-03,246.8727264404297,246.8727264404297,246.8727264404297,246.8727264404297,39
2018-01-04,246.8727264404297,246.8727264404297,246.8727264404297,246.8727264404297,3895
2018-01-05,241.783935546875,241.783935546875,241.783935546875,241.783935546875,612
2018-01-08,245.59800720214844,245.59800720214844,245.59800720214844,245.59800720214844,3009
2018-01-09,254.51100158691406,254.51100158691406,254.51100158691406,254.51100158691406,2823
2018-01-10,271.0521240234375,271.0521240234375,271.0521240234375,271.0521240234375,4770
2018-01-11,283.7792053222656,283.7792053222656,283.7792053222656,283.7792053222656,5559
2018-01-12,305.4091796875,305.4091796875,305.4091796875,305.4091796875,12341
2018-01-15,358.856689453125,358.856689453125,358.856689453125,358.856689453125,4480
2018-01-16,388.13507080078125,388.13507080078125,388.13507080078125,388.13507080078125,4911
2018-01-17,394.4884948730469,394.4884948730468,394.4884948730468,394.4884948730468,899
2018-01-18,394.4884948730469,394.4884948730468,394.4884948730468,394.4884948730468,6435
2018-01-19,419.942626953125,419.94262695312494,419.94262695312494,419.94262695312494,2137
2018-01-22,456.8490905761719,456.8490905761719,456.8490905761719,456.8490905761719,2739
2018-01-23,509.0220031738281,509.0220031738281,509.0220031738281,509.0220031738281,13024
2018-01-24,534.47607421875,534.47607421875,534.47607421875,534.47607421875,5227
2018-01-25,674.4637451171875,674.4637451171875,674.4637451171875,674.4637451171875,3502
2018-01-26,858.9859008789062,858.9859008789062,858.9859008789062,858.9859008789062,31153
2018-01-29,903.5206298828125,903.5206298828125,903.5206298828125,903.5206298828125,22904
2018-01-30,801.7141723632812,801.7141723632812,801.7141723632812,801.7141723632812,3150
2018-01-31,712.634765625,712.634765625,712.634765625,712.634765625,4421
2018-02-01,699.9078369140625,699.9078369140625,699.9078369140625,699.9078369140625,7212
2018-02-02,674.4637451171875,674.4637451171875,674.4637451171875,674.4637451171875,3471
2018-02-05,636.2825927734375,636.2825927734375,636.2825927734375,636.2825927734375,364
2018-02-06,674.4637451171875,674.4637451171875,674.4637451171875,674.4637451171875,6120
2018-02-07,788.987060546875,788.9870605468749,788.9870605468749,788.9870605468749,5973
2018-02-08,890.7935180664062,890.7935180664061,890.7935180664061,890.7935180664061,4337
2018-02-09,1272.5751953125,1272.5751953125,1272.5751953125,1272.5751953125,10234
2018-02-12,1272.5751953125,1272.5751953125,1272.5751953125,1272.5751953125,0
2018-02-13,1272.5751953125,1272.5751953125,1272.5751953125,1272.5751953125,0
2018-02-14,1374.381591796875,1374.381591796875,1374.381591796875,1374.381591796875,3564
2018-02-15,1272.5751953125,1272.5751953125,1272.5751953125,1272.5751953125,1904
2018-02-16,1196.212890625,1196.212890625,1196.212890625,1196.212890625,2414
2018-02-19,1145.3148193359375,1145.3148193359375,1145.3148193359375,1145.3148193359375,4399
2018-02-20,1126.223876953125,1126.223876953125,1126.223876953125,1126.223876953125,10289
2018-02-21,1145.3148193359375,1145.3148193359375,1145.3148193359375,1145.3148193359375,6445
2018-02-22,-275.7008361816406,-275.7008361816406,-275.7008361816406,-275.7008361816406,1719995
2018-02-23,-275.7008361816406,-275.7008361816406,-275.7008361816406,-275.7008361816406,15750
2018-02-26,-275.7008361816406,-275.7008361816406,-275.7008361816406,-275.7008361816406,4929
2018-02-27,-258.1036376953125,-258.1036376953125,-258.1036376953125,-258.1036376953125,5429
2018-02-28,-228.77304077148438,-228.77304077148438,-228.77304077148438,-228.77304077148438,4749
2018-03-01,-227.3056182861328,-227.3056182861328,-227.3056182861328,-227.3056182861328,917
2018-03-02,-225.84019470214844,-225.84019470214844,-225.84019470214844,-225.84019470214844,1823
2018-03-05,-225.84019470214844,-225.84019470214844,-225.84019470214844,-225.84019470214844,335
2018-03-06,-237.57164001464844,-237.57164001464844,-237.57164001464844,-237.57164001464844,4595
2018-03-07,-249.30307006835938,-249.30307006835938,-249.30307006835938,-249.30307006835938,2477
2018-03-08,-249.30307006835938,-249.30307006835938,-249.30307006835938,-249.30307006835938,39645
2018-03-09,-249.30307006835938,-249.30307006835938,-249.30307006835938,-249.30307006835938,863
2018-03-12,-266.9022216796875,-266.9022216796875,-266.9022216796875,-266.9022216796875,38700
2018-03-13,-277.1682434082031,-277.1682434082031,-277.1682434082031,-277.1682434082031,3076
2018-03-14,-293.2979431152344,-293.2979431152344,-293.2979431152344,-293.2979431152344,5922
2018-03-15,-288.8996887207031,-288.8996887207031,-288.8996887207031,-288.8996887207031,6923
2018-03-16,-293.2979431152344,-293.2979431152344,-293.2979431152344,-293.2979431152344,44850
2018-03-19,-293.2979431152344,-293.2979431152344,-293.2979431152344,-293.2979431152344,0
2018-03-20,-278.6336364746094,-278.6336364746094,-278.6336364746094,-278.6336364746094,25928
2018-03-21,-278.6336364746094,-278.6336364746094,-278.6336364746094,-278.6336364746094,10659
2018-03-22,-293.2979431152344,-293.2979431152344,-293.2979431152344,-293.2979431152344,4031
2018-03-23,-293.2979431152344,-293.2979431152344,-293.2979431152344,-293.2979431152344,2935
2018-03-26,-296.2328186035156,-296.2328186035156,-296.2328186035156,-296.2328186035156,148
2018-03-27,-322.62847900390625,-322.62847900390625,-322.62847900390625,-322.62847900390625,2459
2018-03-28,-322.62847900390625,-322.62847900390625,-322.62847900390625,-322.62847900390625,3727
2018-03-29,-322.62847900390625,-322.62847900390625,-322.62847900390625,-322.62847900390625,0
2018-03-30,-322.62847900390625,-322.62847900390625,-322.62847900390625,-322.62847900390625,0
2018-04-02,-319.6956481933594,-319.6956481933594,-319.6956481933594,-319.6956481933594,4468
2018-04-03,-329.961669921875,-329.961669921875,-329.961669921875,-329.961669921875,6928
2018-04-04,-310.8970947265625,-310.8970947265625,-310.8970947265625,-310.8970947265625,653
2018-04-05,-319.6956481933594,-319.6956481933594,-319.6956481933594,-319.6956481933594,8470
2018-04-06,-319.6956481933594,-319.6956481933594,-319.6956481933594,-319.6956481933594,0
2018-04-09,-349.0262756347656,-349.0262756347656,-349.0262756347656,-349.0262756347656,10716
2018-04-10,-366.62347412109375,-366.62347412109375,-366.62347412109375,-366.62347412109375,6781
2018-04-11,-456.0806579589844,-456.0806579589844,-456.0806579589844,-456.0806579589844,26629
2018-04-12,-615.928466796875,-615.928466796875,-615.928466796875,-615.928466796875,2359
2018-04-13,-844.70361328125,-844.70361328125,-844.70361328125,-844.70361328125,4685
2018-04-16,-997.2182006835938,-997.2182006835938,-997.2182006835938,-997.2182006835938,145430
2018-04-17,-1196.6627197265625,-1196.6627197265625,-1196.6627197265625,-1196.6627197265625,100466
2018-04-18,-1319.8487548828125,-1319.8487548828125,-1319.8487548828125,-1319.8487548828125,2799
2018-04-19,-1319.8487548828125,-1319.8487548828125,-1319.8487548828125,-1319.8487548828125,2799
2018-04-20,-1466.4976806640625,-1466.4976806640625,-1466.4976806640625,-1466.4976806640625,16414
2018-04-23,-1319.8487548828125,-1319.8487548828125,-1319.8487548828125,-1319.8487548828125,520
2018-04-24,-1176.1309814453125,-1176.1309814453125,-1176.1309814453125,-1176.1309814453125,32039
2018-04-25,-938.5590209960938,-938.5590209960938,-938.5590209960938,-938.5590209960938,377
2018-04-26,-1085.2078857421875,-1085.2078857421875,-1085.2078857421875,-1085.2078857421875,2975
2018-04-27,-1187.8642578125,-1187.8642578125,-1187.8642578125,-1187.8642578125,1484
2018-04-30,-1173.197998046875,-1173.197998046875,-1173.197998046875,-1173.197998046875,1688
2018-05-01,-1173.197998046875,-1173.197998046875,-1173.197998046875,-1173.197998046875,0
2018-05-02,-1158.533447265625,-1158.533447265625,-1158.533447265625,-1158.533447265625,1206
2018-05-03,-1160.0009765625,-1160.0009765625,-1160.0009765625,-1160.0009765625,3301
2018-05-04,-1026.25634765625,-1026.25634765625,-1026.25634765625,-1026.25634765625,2558
2018-05-07,-850.5692138671875,-850.5692138671875,-850.5692138671875,-850.5692138671875,2619
2018-05-08,-733.2488403320312,-733.2488403320312,-733.2488403320312,-733.2488403320312,4927
2018-05-09,-732.9560546875,-732.9560546875,-732.9560546875,-732.9560546875,6063
2018-05-10,-732.9560546875,-732.9560546875,-732.9560546875,-732.9560546875,0
2018-05-11,-879.8978881835938,-879.8978881835938,-879.8978881835938,-879.8978881835938,2588
2018-05-14,-879.8978881835938,-879.8978881835938,-879.8978881835938,-879.8978881835938,0
2018-05-15,-879.8978881835938,-879.8978881835938,-879.8978881835938,-879.8978881835938,1007
2018-05-16,-909.2284545898438,-909.2284545898438,-909.2284545898438,-909.2284545898438,979
2018-05-17,-938.5590209960938,-938.5590209960938,-938.5590209960938,-938.5590209960938,1125
2018-05-18,-909.2284545898438,-909.2284545898438,-909.2284545898438,-909.2284545898438,3905
2018-05-21,-923.892822265625,-923.892822265625,-923.892822265625,-923.892822265625,813
2018-05-22,-970.8224487304688,-970.8224487304688,-970.8224487304688,-970.8224487304688,2099
2018-05-23,-1143.8692626953125,-1143.8692626953125,-1143.8692626953125,-1143.8692626953125,10439
2018-05-24,-1319.8487548828125,-1319.8487548828125,-1319.8487548828125,-1319.8487548828125,58766
2018-05-25,-1583.818115234375,-1583.818115234375,-1583.818115234375,-1583.818115234375,40641
2018-05-28,-1671.8079833984375,-1671.8079833984375,-1671.8079833984375,-1671.8079833984375,4610
2018-05-29,-1686.4722900390625,-1686.4722900390625,-1686.4722900390625,-1686.4722900390625,51095
2018-05-30,-1758.3323974609375,-1758.3323974609375,-1758.3323974609375,-1758.3323974609375,25891
2018-05-31,-1758.3323974609375,-1758.3323974609375,-1758.3323974609375,-1758.3323974609375,0
2018-06-01,-1730.174560546875,-1730.174560546875,-1730.174560546875,-1730.174560546875,22856
2018-06-04,-1730.174560546875,-1730.174560546875,-1730.174560546875,-1730.174560546875,22856
2018-06-05,-1668.875,-1668.875,-1668.875,-1668.875,3626
2018-06-06,-1671.8079833984375,-1671.8079833984375,-1671.8079833984375,-1671.8079833984375,1410
2018-06-07,-1789.1282958984375,-1789.1282958984375,-1789.1282958984375,-1789.1282958984375,22770
2018-06-08,-1815.5260009765625,-1815.5260009765625,-1815.5260009765625,-1815.5260009765625,313021
2018-06-11,-1783.262451171875,-1783.262451171875,-1783.262451171875,-1783.262451171875,2255
2018-06-12,-1730.4691162109375,-1730.4691162109375,-1730.4691162109375,-1730.4691162109375,3009
2018-06-13,-1877.1180419921875,-1877.1180419921875,-1877.1180419921875,-1877.1180419921875,24229
2018-06-14,-2082.42822265625,-2082.42822265625,-2082.42822265625,-2082.42822265625,21269
2018-06-15,-2185.08251953125,-2185.08251953125,-2185.08251953125,-2185.08251953125,5218
2018-06-18,-2405.058837890625,-2405.058837890625,-2405.058837890625,-2405.058837890625,6434
2018-06-19,-2495.9814453125,-2495.9814453125,-2495.9814453125,-2495.9814453125,873
2018-06-20,-2669.0283203125,-2669.0283203125,-2669.0283203125,-2669.0283203125,6183
2018-06-21,-2522.37744140625,-2522.37744140625,-2522.37744140625,-2522.37744140625,4426
2018-06-22,-2727.687255859375,-2727.687255859375,-2727.687255859375,-2727.687255859375,6179
2018-06-25,-2713.023193359375,-2713.023193359375,-2713.023193359375,-2713.023193359375,2521
2018-06-26,-2859.671875,-2859.671875,-2859.671875,-2859.671875,2163
2018-06-27,-2962.327880859375,-2962.327880859375,-2962.327880859375,-2962.327880859375,2813
2018-06-28,-3225.710205078125,-3225.710205078125,-3225.710205078125,-3225.710205078125,18093
2018-06-29,-3225.710205078125,-3225.710205078125,-3225.710205078125,-3225.710205078125,0
2018-07-02,-3225.710205078125,-3225.710205078125,-3225.710205078125,-3225.710205078125,0
2018-07-03,-4223.517578125,-4223.517578125,-4223.517578125,-4223.517578125,5385
2018-07-04,-4531.482421875,-4531.482421875,-4531.482421875,-4531.482421875,3624
2018-07-05,-4531.482421875,-4531.482421875,-4531.482421875,-4531.482421875,0
2018-07-06,-4634.1357421875,-4634.1357421875,-4634.1357421875,-4634.1357421875,20224
2018-07-09,-3959.54638671875,-3959.54638671875,-3959.54638671875,-3959.54638671875,2260
2018-07-10,-3812.8974609375,-3812.8974609375,-3812.8974609375,-3812.8974609375,271
2018-07-11,-3519.59716796875,-3519.59716796875,-3519.59716796875,-3519.59716796875,5289
2018-07-12,-4106.197265625,-4106.197265625,-4106.197265625,-4106.197265625,16589
2018-07-13,-4311.5078125,-4311.5078125,-4311.5078125,-4311.5078125,4251
2018-07-16,-4252.8466796875,-4252.8466796875,-4252.8466796875,-4252.8466796875,909
2018-07-17,-4252.8466796875,-4252.8466796875,-4252.8466796875,-4252.8466796875,674
2018-07-18,-4311.5078125,-4311.5078125,-4311.5078125,-4311.5078125,139208
2018-07-19,-4252.5537109375,-4252.5537109375,-4252.5537109375,-4252.5537109375,431
2018-07-20,-3578.256591796875,-3578.256591796875,-3578.256591796875,-3578.256591796875,1892
2018-07-23,-3812.8974609375,-3812.8974609375,-3812.8974609375,-3812.8974609375,15285
2018-07-24,-3812.8974609375,-3812.8974609375,-3812.8974609375,-3812.8974609375,0
2018-07-25,-3519.59716796875,-3519.59716796875,-3519.59716796875,-3519.59716796875,3313
2018-07-26,-3754.238037109375,-3754.238037109375,-3754.238037109375,-3754.238037109375,1972
2018-07-27,-3724.90771484375,-3724.90771484375,-3724.90771484375,-3724.90771484375,165389
2018-07-30,-3754.238037109375,-3754.238037109375,-3754.238037109375,-3754.238037109375,1612
2018-07-31,-3754.238037109375,-3754.238037109375,-3754.238037109375,-3754.238037109375,0
2018-08-01,-3739.571533203125,-3739.571533203125,-3739.571533203125,-3739.571533203125,71374
2018-08-02,-3812.8974609375,-3812.8974609375,-3812.8974609375,-3812.8974609375,3160
2018-08-03,-3900.887451171875,-3900.887451171875,-3900.887451171875,-3900.887451171875,5451
2018-08-06,-3886.222900390625,-3886.222900390625,-3886.222900390625,-3886.222900390625,6367
2018-08-07,-3872.143798828125,-3872.143798828125,-3872.143798828125,-3872.143798828125,6868
2018-08-08,-3900.887451171875,-3900.887451171875,-3900.887451171875,-3900.887451171875,307340
2018-08-09,-4663.46728515625,-4663.46728515625,-4663.46728515625,-4663.46728515625,9008
2018-08-10,-4986.09716796875,-4986.09716796875,-4986.09716796875,-4986.09716796875,3137
2018-08-13,-4399.4970703125,-4399.4970703125,-4399.4970703125,-4399.4970703125,130605
2018-08-14,-5570.056640625,-5570.056640625,-5570.056640625,-5570.056640625,7702
2018-08-15,-5570.056640625,-5570.056640625,-5570.056640625,-5570.056640625,0
2018-08-16,-11438.693359375,-11438.693359375,-11438.693359375,-11438.693359375,6490
2018-08-17,-11438.693359375,-11438.693359375,-11438.693359375,-11438.693359375,0
2018-08-20,-11438.693359375,-11438.693359375,-11438.693359375,-11438.693359375,0
2018-08-21,-0.29268452525138855,-0.29268452525138855,-0.29268452525138855,-0.29268452525138855,867
2018-08-22,-0.29268452525138855,-0.29268452525138855,-0.29268452525138855,-0.29268452525138855,148286
2018-08-23,-0.29268452525138855,-0.29268452525138855,-0.29268452525138855,-0.29268452525138855,2276
2018-08-24,-0.29268452525138855,-0.29268452525138855,-0.29268452525138855,-0.29268452525138855,14679
2018-08-27,-0.29268452525138855,-0.29268452525138855,-0.29268452525138855,-0.29268452525138855,1822
2018-08-28,-0.29268452525138855,-0.29268452525138855,-0.29268452525138855,-0.29268452525138855,1954
2018-08-29,-0.29268452525138855,-0.29268452525138855,-0.29268452525138855,-0.29268452525138855,2132
2018-08-30,-0.29268452525138855,-0.29268452525138855,-0.29268452525138855,-0.29268452525138855,460
2018-08-31,-0.29268452525138855,-0.29268452525138855,-0.29268452525138855,-0.29268452525138855,348
2018-09-03,-0.29268452525138855,-0.29268452525138855,-0.29268452525138855,-0.29268452525138855,116099
2018-09-04,-0.29268452525138855,-0.29268452525138855,-0.29268452525138855,-0.29268452525138855,1159
2018-09-05,-0.29268452525138855,-0.29268452525138855,-0.29268452525138855,-0.29268452525138855,1621
2018-09-06,-0.29268452525138855,-0.29268452525138855,-0.29268452525138855,-0.29268452525138855,1093
2018-09-07,-0.29268452525138855,-0.29268452525138855,-0.29268452525138855,-0.29268452525138855,2138
2018-09-10,-0.29268452525138855,-0.29268452525138855,-0.29268452525138855,-0.29268452525138855,0
2018-09-11,-0.29268452525138855,-0.29268452525138855,-0.29268452525138855,-0.29268452525138855,0
2018-09-12,-0.29268452525138855,-0.29268452525138855,-0.29268452525138855,-0.29268452525138855,0
2018-09-13,-0.29268452525138855,-0.29268452525138855,-0.29268452525138855,-0.29268452525138855,2804
2018-09-14,-0.29268452525138855,-0.29268452525138855,-0.29268452525138855,-0.29268452525138855,0
2018-09-17,-0.29268452525138855,-0.29268452525138855,-0.29268452525138855,-0.29268452525138855,0
2018-09-18,-0.29268452525138855,-0.29268452525138855,-0.29268452525138855,-0.29268452525138855,0
2018-09-19,-0.29268452525138855,-0.29268452525138855,-0.29268452525138855,-0.29268452525138855,0
2018-09-20,-0.29268452525138855,-0.29268452525138855,-0.29268452525138855,-0.29268452525138855,0
2018-09-21,-0.29268452525138855,-0.29268452525138855,-0.29268452525138855,-0.29268452525138855,0
2018-09-24,-0.29268452525138855,-0.29268452525138855,-0.29268452525138855,-0.29268452525138855,0
2018-09-25,-0.29268452525138855,-0.29268452525138855,-0.29268452525138855,-0.29268452525138855,0
2018-09-26,-0.29268452525138855,-0.29268452525138855,-0.29268452525138855,-0.29268452525138855,0
2018-09-27,-0.29268452525138855,-0.29268452525138855,-0.29268452525138855,-0.29268452525138855,0
2018-09-28,-0.29268452525138855,-0.29268452525138855,-0.29268452525138855,-0.29268452525138855,0
2018-10-01,-0.29268452525138855,-0.29268452525138855,-0.29268452525138855,-0.29268452525138855,0
2018-10-02,-0.29268452525138855,-0.29268452525138855,-0.29268452525138855,-0.29268452525138855,0
2018-10-03,-0.29268452525138855,-0.29268452525138855,-0.29268452525138855,-0.29268452525138855,0
2018-10-04,-0.29268452525138855,-0.29268452525138855,-0.29268452525138855,-0.29268452525138855,0
2018-10-05,-0.29268452525138855,-0.29268452525138855,-0.29268452525138855,-0.29268452525138855,0
2018-10-08,-0.29268452525138855,-0.29268452525138855,-0.29268452525138855,-0.29268452525138855,0
2018-10-09,-0.29268452525138855,-0.29268452525138855,-0.29268452525138855,-0.29268452525138855,0
2018-10-10,-0.29268452525138855,-0.29268452525138855,-0.29268452525138855,-0.29268452525138855,0
2018-10-11,-0.29268452525138855,-0.29268452525138855,-0.29268452525138855,-0.29268452525138855,0
2018-10-12,-0.29268452525138855,-0.29268452525138855,-0.29268452525138855,-0.29268452525138855,0
2018-10-15,-0.29268452525138855,-0.29268452525138855,-0.29268452525138855,-0.29268452525138855,17939
2018-10-16,-0.29268452525138855,-0.29268452525138855,-0.29268452525138855,-0.29268452525138855,142735
2018-10-17,-0.29268452525138855,-0.29268452525138855,-0.29268452525138855,-0.29268452525138855,4922
2018-10-18,-0.29268452525138855,-0.29268452525138855,-0.29268452525138855,-0.29268452525138855,116103
2018-10-19,-0.29268452525138855,-0.29268452525138855,-0.29268452525138855,-0.29268452525138855,735
2018-10-22,-0.29268452525138855,-0.29268452525138855,-0.29268452525138855,-0.29268452525138855,2436
2018-10-23,-0.29268452525138855,-0.29268452525138855,-0.29268452525138855,-0.29268452525138855,2268
2018-10-24,-0.29268452525138855,-0.29268452525138855,-0.29268452525138855,-0.29268452525138855,2317
2018-10-25,-0.29268452525138855,-0.29268452525138855,-0.29268452525138855,-0.29268452525138855,27445
2018-10-26,-0.29268452525138855,-0.29268452525138855,-0.29268452525138855,-0.29268452525138855,3701
2018-10-29,-0.29268452525138855,-0.29268452525138855,-0.29268452525138855,-0.29268452525138855,14527
2018-10-30,-0.29268452525138855,-0.29268452525138855,-0.29268452525138855,-0.29268452525138855,2975
2018-10-31,-0.29268452525138855,-0.29268452525138855,-0.29268452525138855,-0.29268452525138855,3793
2018-11-01,-0.29268452525138855,-0.29268452525138855,-0.29268452525138855,-0.29268452525138855,2740
2018-11-02,-0.29268452525138855,-0.29268452525138855,-0.29268452525138855,-0.29268452525138855,9901
2018-11-05,-0.29268452525138855,-0.29268452525138855,-0.29268452525138855,-0.29268452525138855,0
2018-11-06,-0.29268452525138855,-0.29268452525138855,-0.29268452525138855,-0.29268452525138855,2722
2018-11-07,-0.29268452525138855,-0.29268452525138855,-0.29268452525138855,-0.29268452525138855,8519
2018-11-08,-0.29268452525138855,-0.29268452525138855,-0.29268452525138855,-0.29268452525138855,11518
2018-11-09,-0.29268452525138855,-0.29268452525138855,-0.29268452525138855,-0.29268452525138855,8207
2018-11-12,-0.29268452525138855,-0.29268452525138855,-0.29268452525138855,-0.29268452525138855,2087
2018-11-13,-0.29268452525138855,-0.29268452525138855,-0.29268452525138855,-0.29268452525138855,222129
2018-11-14,-0.29268452525138855,-0.29268452525138855,-0.29268452525138855,-0.29268452525138855,7365
2018-11-15,-0.29268452525138855,-0.29268452525138855,-0.29268452525138855,-0.29268452525138855,4479
2018-11-16,-0.29268452525138855,-0.29268452525138855,-0.29268452525138855,-0.29268452525138855,9391
2018-11-19,-0.29268452525138855,-0.29268452525138855,-0.29268452525138855,-0.29268452525138855,15290
2018-11-20,-0.29268452525138855,-0.29268452525138855,-0.29268452525138855,-0.29268452525138855,890
2018-11-21,-0.29268452525138855,-0.29268452525138855,-0.29268452525138855,-0.29268452525138855,20633
2018-11-22,-0.29268452525138855,-0.29268452525138855,-0.29268452525138855,-0.29268452525138855,489
2018-11-23,-0.29268452525138855,-0.29268452525138855,-0.29268452525138855,-0.29268452525138855,1950
2018-11-26,-0.29268452525138855,-0.29268452525138855,-0.29268452525138855,-0.29268452525138855,8329
2018-11-27,-0.29268452525138855,-0.29268452525138855,-0.29268452525138855,-0.29268452525138855,5669
2018-11-28,-0.29268452525138855,-0.29268452525138855,-0.29268452525138855,-0.29268452525138855,17474
2018-11-29,-0.29268452525138855,-0.29268452525138855,-0.29268452525138855,-0.29268452525138855,3993
2018-11-30,-0.29268452525138855,-0.29268452525138855,-0.29268452525138855,-0.29268452525138855,12148
2018-12-03,-0.29268452525138855,-0.29268452525138855,-0.29268452525138855,-0.29268452525138855,4832
2018-12-04,-0.29268452525138855,-0.29268452525138855,-0.29268452525138855,-0.29268452525138855,22999
2018-12-05,-0.29268452525138855,-0.29268452525138855,-0.29268452525138855,-0.29268452525138855,9873
2018-12-06,-0.29268452525138855,-0.29268452525138855,-0.29268452525138855,-0.29268452525138855,1732
2018-12-07,-0.29268452525138855,-0.29268452525138855,-0.29268452525138855,-0.29268452525138855,734
2018-12-10,-0.29268452525138855,-0.29268452525138855,-0.29268452525138855,-0.29268452525138855,2075
2018-12-11,-0.29268452525138855,-0.29268452525138855,-0.29268452525138855,-0.29268452525138855,5281
2018-12-12,-0.29268452525138855,-0.29268452525138855,-0.29268452525138855,-0.29268452525138855,3460
2018-12-13,-0.29268452525138855,-0.29268452525138855,-0.29268452525138855,-0.29268452525138855,3579
2018-12-14,-0.29268452525138855,-0.29268452525138855,-0.29268452525138855,-0.29268452525138855,2304
2018-12-17,-0.29268452525138855,-0.29268452525138855,-0.29268452525138855,-0.29268452525138855,1201
2018-12-18,-0.29268452525138855,-0.29268452525138855,-0.29268452525138855,-0.29268452525138855,227
2018-12-19,-0.29268452525138855,-0.29268452525138855,-0.29268452525138855,-0.29268452525138855,1986
2018-12-20,-0.29268452525138855,-0.29268452525138855,-0.29268452525138855,-0.29268452525138855,7927
2018-12-21,-0.29268452525138855,-0.29268452525138855,-0.29268452525138855,-0.29268452525138855,115111
2018-12-24,-0.29268452525138855,-0.29268452525138855,-0.29268452525138855,-0.29268452525138855,0
2018-12-25,-0.29268452525138855,-0.29268452525138855,-0.29268452525138855,-0.29268452525138855,0
2018-12-26,-0.29268452525138855,-0.29268452525138855,-0.29268452525138855,-0.29268452525138855,3294
2018-12-27,-0.29268452525138855,-0.29268452525138855,-0.29268452525138855,-0.29268452525138855,1775
2018-12-28,-0.29268452525138855,-0.29268452525138855,-0.29268452525138855,-0.29268452525138855,236831
2018-12-31,-0.29268452525138855,-0.29268452525138855,-0.29268452525138855,-0.29268452525138855,0
2019-01-01,-0.29268452525138855,-0.29268452525138855,-0.29268452525138855,-0.29268452525138855,0
2019-01-02,-0.5853690505027771,-0.5853690505027771,-0.5853690505027771,-0.5853690505027771,587
2019-01-03,-0.5853690505027771,-0.5853690505027771,-0.5853690505027771,-0.5853690505027771,10387
2019-01-04,-0.5853690505027771,-0.5853690505027771,-0.5853690505027771,-0.5853690505027771,8890
2019-01-07,-0.8780535459518433,-0.8780535459518433,-0.8780535459518433,-0.8780535459518433,19192
2019-01-08,-0.8780535459518433,-0.8780535459518433,-0.8780535459518433,-0.8780535459518433,28969
2019-01-09,-0.8780535459518433,-0.8780535459518433,-0.8780535459518433,-0.8780535459518433,6416
2019-01-10,-1.1727428436279297,-1.1727428436279297,-1.1727428436279297,-1.1727428436279297,3986
2019-01-11,-1.758111834526062,-1.758111834526062,-1.758111834526062,-1.758111834526062,40361
2019-01-14,-2.3454856872558594,-2.3454856872558594,-2.3454856872558594,-2.3454856872558594,6898
2019-01-15,-2.3454856872558594,-2.3454856872558594,-2.3454856872558594,-2.3454856872558594,223861
2019-01-16,-2.0528011322021484,-2.0528011322021484,-2.0528011322021484,-2.0528011322021484,6308
2019-01-17,-2.0528011322021484,-2.0528011322021484,-2.0528011322021484,-2.0528011322021484,17491
2019-01-18,-2.0528011322021484,-2.0528011322021484,-2.0528011322021484,-2.0528011322021484,3574
2019-01-21,-1.758111834526062,-1.758111834526062,-1.758111834526062,-1.758111834526062,887
2019-01-22,-1.758111834526062,-1.758111834526062,-1.758111834526062,-1.758111834526062,6613
2019-01-23,-1.758111834526062,-1.758111834526062,-1.758111834526062,-1.758111834526062,3521
2019-01-24,-1.758111834526062,-1.758111834526062,-1.758111834526062,-1.758111834526062,79545
2019-01-25,-1.758111834526062,-1.758111834526062,-1.758111834526062,-1.758111834526062,17824
2019-01-28,-2.0528011322021484,-2.0528011322021484,-2.0528011322021484,-2.0528011322021484,33014
2019-01-29,-2.3454856872558594,-2.3454856872558594,-2.3454856872558594,-2.3454856872558594,40356
2019-01-30,-2.0528011322021484,-2.0528011322021484,-2.0528011322021484,-2.0528011322021484,16575
2019-01-31,-1.758111834526062,-1.758111834526062,-1.758111834526062,-1.758111834526062,2047
2019-02-01,-1.758111834526062,-1.758111834526062,-1.758111834526062,-1.758111834526062,15885
2019-02-04,-1.465427041053772,-1.465427041053772,-1.465427041053772,-1.465427041053772,12790
2019-02-05,-1.758111834526062,-1.758111834526062,-1.758111834526062,-1.758111834526062,9047
2019-02-06,-1.758111834526062,-1.758111834526062,-1.758111834526062,-1.758111834526062,10169
2019-02-07,-1.758111834526062,-1.758111834526062,-1.758111834526062,-1.758111834526062,52632
2019-02-08,-1.758111834526062,-1.758111834526062,-1.758111834526062,-1.758111834526062,1431
2019-02-11,-1.758111834526062,-1.758111834526062,-1.758111834526062,-1.758111834526062,2143
2019-02-12,-1.465427041053772,-1.465427041053772,-1.465427041053772,-1.465427041053772,8929
2019-02-13,-1.465427041053772,-1.465427041053772,-1.465427041053772,-1.465427041053772,8212
2019-02-14,-1.758111834526062,-1.758111834526062,-1.758111834526062,-1.758111834526062,86703
2019-02-15,-1.758111834526062,-1.758111834526062,-1.758111834526062,-1.758111834526062,92830
2019-02-18,-2.0528011322021484,-2.0528011322021484,-2.0528011322021484,-2.0528011322021484,38992
2019-02-19,-2.0528011322021484,-2.0528011322021484,-2.0528011322021484,-2.0528011322021484,102136
2019-02-20,-2.0528011322021484,-2.0528011322021484,-2.0528011322021484,-2.0528011322021484,353736
2019-02-21,-2.0528011322021484,-2.0528011322021484,-2.0528011322021484,-2.0528011322021484,9125
2019-02-22,-2.932858943939209,-2.932858943939209,-2.932858943939209,-2.932858943939209,18655
2019-02-25,-3.22554349899292,-3.22554349899292,-3.22554349899292,-3.22554349899292,58083
2019-02-26,-3.22554349899292,-3.22554349899292,-3.22554349899292,-3.22554349899292,36811
2019-02-27,-3.22554349899292,-3.22554349899292,-3.22554349899292,-3.22554349899292,38264
2019-02-28,-3.22554349899292,-3.22554349899292,-3.22554349899292,-3.22554349899292,0
2019-03-01,-3.22554349899292,-3.22554349899292,-3.22554349899292,-3.22554349899292,0
2019-03-04,-3.22554349899292,-3.22554349899292,-3.22554349899292,-3.22554349899292,0
2019-03-05,-3.22554349899292,-3.22554349899292,-3.22554349899292,-3.22554349899292,0
2019-03-06,-3.518228530883789,-3.518228530883789,-3.518228530883789,-3.518228530883789,60230
2019-03-07,-3.22554349899292,-3.22554349899292,-3.22554349899292,-3.22554349899292,120792
2019-03-08,-3.22554349899292,-3.22554349899292,-3.22554349899292,-3.22554349899292,0
2019-03-11,-3.22554349899292,-3.22554349899292,-3.22554349899292,-3.22554349899292,0
2019-03-12,-3.22554349899292,-3.22554349899292,-3.22554349899292,-3.22554349899292,0
2019-03-13,-3.22554349899292,-3.22554349899292,-3.22554349899292,-3.22554349899292,0
2019-03-14,-2.6381702423095703,-2.6381702423095703,-2.6381702423095703,-2.6381702423095703,24045
2019-03-15,-2.6381702423095703,-2.6381702423095703,-2.6381702423095703,-2.6381702423095703,11416
2019-03-18,-2.6381702423095703,-2.6381702423095703,-2.6381702423095703,-2.6381702423095703,0
2019-03-19,-2.6381702423095703,-2.6381702423095703,-2.6381702423095703,-2.6381702423095703,0
2019-03-20,-2.932858943939209,-2.932858943939209,-2.932858943939209,-2.932858943939209,304694
2019-03-21,-2.932858943939209,-2.932858943939209,-2.932858943939209,-2.932858943939209,4529
2019-03-22,-2.932858943939209,-2.932858943939209,-2.932858943939209,-2.932858943939209,715
2019-03-25,-2.6381702423095703,-2.6381702423095703,-2.6381702423095703,-2.6381702423095703,23442
2019-03-26,-2.6381702423095703,-2.6381702423095703,-2.6381702423095703,-2.6381702423095703,0
2019-03-27,-2.6381702423095703,-2.6381702423095703,-2.6381702423095703,-2.6381702423095703,23442
2019-03-28,-2.6381702423095703,-2.6381702423095703,-2.6381702423095703,-2.6381702423095703,23442
2019-03-29,-2.6381702423095703,-2.6381702423095703,-2.6381702423095703,-2.6381702423095703,23442
2019-04-01,-2.3454856872558594,-2.3454856872558594,-2.3454856872558594,-2.3454856872558594,3277
2019-04-02,-2.6381702423095703,-2.6381702423095703,-2.6381702423095703,-2.6381702423095703,14633
2019-04-03,-2.6381702423095703,-2.6381702423095703,-2.6381702423095703,-2.6381702423095703,4293
2019-04-04,-2.6381702423095703,-2.6381702423095703,-2.6381702423095703,-2.6381702423095703,2538
2019-04-05,-2.932858943939209,-2.932858943939209,-2.932858943939209,-2.932858943939209,491569
2019-04-08,-3.22554349899292,-3.22554349899292,-3.22554349899292,-3.22554349899292,19329
2019-04-09,-2.932858943939209,-2.932858943939209,-2.932858943939209,-2.932858943939209,9214
2019-04-10,-2.932858943939209,-2.932858943939209,-2.932858943939209,-2.932858943939209,545957
2019-04-11,-3.22554349899292,-3.22554349899292,-3.22554349899292,-3.22554349899292,10366
2019-04-12,-3.518228530883789,-3.518228530883789,-3.518228530883789,-3.518228530883789,22472
2019-04-15,-3.518228530883789,-3.518228530883789,-3.518228530883789,-3.518228530883789,0
2019-04-16,-3.518228530883789,-3.518228530883789,-3.518228530883789,-3.518228530883789,0
2019-04-17,-3.518228530883789,-3.518228530883789,-3.518228530883789,-3.518228530883789,0
2019-04-18,-3.518228530883789,-3.518228530883789,-3.518228530883789,-3.518228530883789,0
2019-04-19,-3.518228530883789,-3.518228530883789,-3.518228530883789,-3.518228530883789,0
2019-04-22,-4.105602264404297,-4.105602264404297,-4.105602264404297,-4.105602264404297,183814
2019-04-23,-4.690971374511719,-4.690971374511719,-4.690971374511719,-4.690971374511719,11244
2019-04-24,-4.985660552978516,-4.985660552978516,-4.985660552978516,-4.985660552978516,2737
2019-04-25,-5.278344631195068,-5.278344631195068,-5.278344631195068,-5.278344631195068,2187
2019-04-26,-6.45108699798584,-6.45108699798584,-6.45108699798584,-6.45108699798584,13017
2019-04-29,-7.91851806640625,-7.91851806640625,-7.91851806640625,-7.91851806640625,4855
2019-04-30,-7.91851806640625,-7.91851806640625,-7.91851806640625,-7.91851806640625,0
2019-05-01,-7.91851806640625,-7.91851806640625,-7.91851806640625,-7.91851806640625,0
2019-05-02,-7.331145763397217,-7.331145763397217,-7.331145763397217,-7.331145763397217,1569
2019-05-03,-6.45108699798584,-6.45108699798584,-6.45108699798584,-6.45108699798584,12402
2019-05-06,-2.932858943939209,-2.932858943939209,-2.932858943939209,-2.932858943939209,3545
2019-05-07,-2.932858943939209,-2.932858943939209,-2.932858943939209,-2.932858943939209,0
2019-05-08,-6.745776653289795,-6.745776653289795,-6.745776653289795,-6.745776653289795,11899
2019-05-09,-7.331145763397217,-7.331145763397217,-7.331145763397217,-7.331145763397217,18316
2019-05-10,-7.331145763397217,-7.331145763397217,-7.331145763397217,-7.331145763397217,0
2019-05-13,-7.623830318450928,-7.623830318450928,-7.623830318450928,-7.623830318450928,2758
2019-05-14,-7.331145763397217,-7.331145763397217,-7.331145763397217,-7.331145763397217,2410
2019-05-15,-6.745776653289795,-6.745776653289795,-6.745776653289795,-6.745776653289795,4061
2019-05-16,-6.45108699798584,-6.45108699798584,-6.45108699798584,-6.45108699798584,4231
2019-05-17,0.0023475473280996084,0.0023475473280996084,0.0023475473280996084,0.0023475473280996084,9954
2019-05-20,0.0023475473280996084,0.0023475473280996084,0.0023475473280996084,0.0023475473280996084,0
2019-05-21,0.0023475473280996084,0.0023475473280996084,0.0023475473280996084,0.0023475473280996084,4806
2019-05-22,0.0021668276749551296,0.0021668276749551296,0.0021668276749551296,0.0021668276749551296,3745
2019-05-23,0.0019861082546412945,0.0019861082546412945,0.0019861082546412945,0.0019861082546412945,4012
2019-05-24,0.0019861082546412945,0.0019861082546412945,0.0019861082546412945,0.0019861082546412945,170
2019-05-27,0.0021668276749551296,0.0021668276749551296,0.0021668276749551296,0.0021668276749551296,13022
2019-05-28,0.0021668276749551296,0.0021668276749551296,0.0021668276749551296,0.0021668276749551296,5205
2019-05-29,0.0021668276749551296,0.0021668276749551296,0.0021668276749551296,0.0021668276749551296,6206
2019-05-30,0.0021668276749551296,0.0021668276749551296,0.0021668276749551296,0.0021668276749551296,7799
2019-05-31,0.0021668276749551296,0.0021668276749551296,0.0021668276749551296,0.0021668276749551296,3122
2019-06-03,0.0021668276749551296,0.0021668276749551296,0.0021668276749551296,0.0021668276749551296,0
2019-06-04,0.0021668276749551296,0.0021668276749551296,0.0021668276749551296,0.0021668276749551296,8208
2019-06-05,0.0021668276749551296,0.0021668276749551296,0.0021668276749551296,0.0021668276749551296,1733
2019-06-06,0.0019861082546412945,0.0019861082546412945,0.0019861082546412945,0.0019861082546412945,6212
2019-06-07,0.0019861082546412945,0.0019861082546412945,0.0019861082546412945,0.0019861082546412945,5848
2019-06-10,0.0018053887179121375,0.0018053887179121375,0.0018053887179121375,0.0018053887179121375,3346
2019-06-11,0.0018053887179121375,0.0018053887179121375,0.0018053887179121375,0.0018053887179121375,4892
2019-06-12,0.0018053887179121375,0.0018053887179121375,0.0018053887179121375,0.0018053887179121375,2595
2019-06-13,0.0019861082546412945,0.0019861082546412945,0.0019861082546412945,0.0019861082546412945,1892
2019-06-14,0.0021668276749551296,0.0021668276749551296,0.0021668276749551296,0.0021668276749551296,315507
2019-06-17,0.0021668276749551296,0.0021668276749551296,0.0021668276749551296,0.0021668276749551296,0
2019-06-18,0.0021668276749551296,0.0021668276749551296,0.0021668276749551296,0.0021668276749551296,4835
2019-06-19,0.0021668276749551296,0.0021668276749551296,0.0021668276749551296,0.0021668276749551296,6065
2019-06-20,0.0021668276749551296,0.0021668276749551296,0.0021668276749551296,0.0021668276749551296,826231
2019-06-21,0.0021668276749551296,0.0021668276749551296,0.0021668276749551296,0.0021668276749551296,2998
2019-06-24,0.0021668276749551296,0.0021668276749551296,0.0021668276749551296,0.0021668276749551296,0
2019-06-25,0.0023475473280996084,0.0023475473280996084,0.0023475473280996084,0.0023475473280996084,18215
2019-06-26,0.0021668276749551296,0.0021668276749551296,0.0021668276749551296,0.0021668276749551296,2288
2019-06-27,0.0021668276749551296,0.0021668276749551296,0.0021668276749551296,0.0021668276749551296,75298
2019-06-28,0.0023475473280996084,0.0023475473280996084,0.0023475473280996084,0.0023475473280996084,22311
2019-07-01,0.0023475473280996084,0.0023475473280996084,0.0023475473280996084,0.0023475473280996084,2559
2019-07-02,0.0023475473280996084,0.0023475473280996084,0.0023475473280996084,0.0023475473280996084,3169
2019-07-03,0.0023475473280996084,0.0023475473280996084,0.0023475473280996084,0.0023475473280996084,1900
2019-07-04,0.0025282669812440872,0.0025282669812440872,0.0025282669812440872,0.0025282669812440872,6457
2019-07-05,0.0025282669812440872,0.0025282669812440872,0.0025282669812440872,0.0025282669812440872,0
2019-07-08,0.0025282669812440872,0.0025282669812440872,0.0025282669812440872,0.0025282669812440872,18765
2019-07-09,0.0025282669812440872,0.0025282669812440872,0.0025282669812440872,0.0025282669812440872,61457
2019-07-10,0.0025282669812440872,0.0025282669812440872,0.0025282669812440872,0.0025282669812440872,4311
2019-07-11,0.0025282669812440872,0.0025282669812440872,0.0025282669812440872,0.0025282669812440872,12605
2019-07-12,0.0025282669812440872,0.0025282669812440872,0.0025282669812440872,0.0025282669812440872,36513
2019-07-15,0.0025282669812440872,0.0025282669812440872,0.0025282669812440872,0.0025282669812440872,11256
2019-07-16,0.0025282669812440872,0.0025282669812440872,0.0025282669812440872,0.0025282669812440872,325817
2019-07-17,0.002889706287533045,0.002889706287533045,0.002889706287533045,0.002889706287533045,29077
2019-07-18,0.002889706287533045,0.002889706287533045,0.002889706287533045,0.002889706287533045,12412
2019-07-19,0.002708986634388566,0.002708986634388566,0.002708986634388566,0.002708986634388566,54605
2019-07-22,0.0030695220921188593,0.0030695220921188593,0.0030695220921188593,0.0030695220921188593,89937
2019-07-23,0.0030695220921188593,0.0030695220921188593,0.0030695220921188593,0.0030695220921188593,0
2019-07-24,0.0030695220921188593,0.0030695220921188593,0.0030695220921188593,0.0030695220921188593,0
2019-07-25,0.0032502422109246254,0.0032502422109246254,0.0032502422109246254,0.0032502422109246254,6622
2019-07-26,0.0032502422109246254,0.0032502422109246254,0.0032502422109246254,0.0032502422109246254,11468
2019-07-29,0.0032502422109246254,0.0032502422109246254,0.0032502422109246254,0.0032502422109246254,14445
2019-07-30,0.0032502422109246254,0.0032502422109246254,0.0032502422109246254,0.0032502422109246254,2854
2019-07-31,0.004153839312493801,0.004153839312493801,0.004153839312493801,0.004153839312493801,1524
2019-08-01,0.004153839312493801,0.004153839312493801,0.004153839312493801,0.004153839312493801,4872
2019-08-02,0.004153839312493801,0.004153839312493801,0.004153839312493801,0.004153839312493801,315267
2019-08-05,0.004153839312493801,0.004153839312493801,0.004153839312493801,0.004153839312493801,23474
2019-08-06,0.004695094656199217,0.004695094656199217,0.004695094656199217,0.004695094656199217,12075
2019-08-07,0.005417973268777132,0.005417973268777132,0.005417973268777132,0.005417973268777132,6360
2019-08-08,0.005417973268777132,0.005417973268777132,0.005417973268777132,0.005417973268777132,0
2019-08-09,0.005598692689090967,0.005598692689090967,0.005598692689090967,0.005598692689090967,7800
2019-08-12,0.00577941257506609,0.00577941257506609,0.00577941257506609,0.00577941257506609,7879
2019-08-13,0.00577941257506609,0.00577941257506609,0.00577941257506609,0.00577941257506609,4961
2019-08-14,0.00577941257506609,0.00577941257506609,0.00577941257506609,0.00577941257506609,4002
2019-08-15,0.005598692689090967,0.005598692689090967,0.005598692689090967,0.005598692689090967,14473
2019-08-16,0.005598692689090967,0.005598692689090967,0.005598692689090967,0.005598692689090967,11899
2019-08-19,0.005598692689090967,0.005598692689090967,0.005598692689090967,0.005598692689090967,0
2019-08-20,0.005598692689090967,0.005598692689090967,0.005598692689090967,0.005598692689090967,5547
2019-08-21,0.00577941257506609,0.00577941257506609,0.00577941257506609,0.00577941257506609,1589
2019-08-22,0.00577941257506609,0.00577941257506609,0.00577941257506609,0.00577941257506609,5770
2019-08-23,0.00577941257506609,0.00577941257506609,0.00577941257506609,0.00577941257506609,5658
2019-08-26,0.00577941257506609,0.00577941257506609,0.00577941257506609,0.00577941257506609,900
2019-08-27,0.00577941257506609,0.00577941257506609,0.00577941257506609,0.00577941257506609,322173
2019-08-28,0.006320667453110218,0.006320667453110218,0.006320667453110218,0.006320667453110218,17867
2019-08-29,0.0065013873390853405,0.0065013873390853405,0.0065013873390853405,0.0065013873390853405,11781
2019-08-30,0.006682107225060463,0.006682107225060463,0.006682107225060463,0.006682107225060463,15743
2019-09-02,0.008669118396937847,0.008669118396937847,0.008669118396937847,0.008669118396937847,8757
2019-09-03,0.008669118396937847,0.008669118396937847,0.008669118396937847,0.008669118396937847,24072
2019-09-04,0.008488398976624012,0.008488398976624012,0.008488398976624012,0.008488398976624012,13226
2019-09-05,0.008126961067318916,0.008126961067318916,0.008126961067318916,0.008126961067318916,6550
2019-09-06,0.007584801409393549,0.007584801409393549,0.007584801409393549,0.007584801409393549,5248
2019-09-09,0.007404082454741001,0.007404082454741,0.007404082454741,0.007404082454741,571
2019-09-10,0.007224265486001968,0.007224265486001968,0.007224265486001968,0.007224265486001968,1333
2019-09-11,0.007043545600026846,0.007043545600026846,0.007043545600026846,0.007043545600026846,173482
2019-09-12,0.007043545600026846,0.007043545600026846,0.007043545600026846,0.007043545600026846,2473
2019-09-13,0.007043545600026846,0.007043545600026846,0.007043545600026846,0.007043545600026846,3535
2019-09-17,0.007043545600026846,0.007043545600026846,0.007043545600026846,0.007043545600026846,3535
2019-09-18,0.006862826179713011,0.006862826179713011,0.006862826179713011,0.006862826179713011,11049
2019-09-19,0.006862826179713011,0.006862826179713011,0.006862826179713011,0.006862826179713011,2081
2019-09-20,0.006682107225060463,0.006682107225060463,0.006682107225060463,0.006682107225060463,41115
2019-09-23,0.007043545600026846,0.007043545600026846,0.007043545600026846,0.007043545600026846,12849
2019-09-24,0.007043545600026846,0.007043545600026846,0.007043545600026846,0.007043545600026846,2953
2019-09-25,0.006862826179713011,0.006862826179713011,0.006862826179713011,0.006862826179713011,316277
2019-09-26,0.006862826179713011,0.006862826179713011,0.006862826179713011,0.006862826179713011,98424
2019-09-27,0.0065013873390853405,0.0065013873390853405,0.0065013873390853405,0.0065013873390853405,2091
2019-09-30,0.0065013873390853405,0.0065013873390853405,0.0065013873390853405,0.0065013873390853405,12879
2019-10-01,0.006320667453110218,0.006320667453110218,0.006320667453110218,0.006320667453110218,3354
2019-10-02,0.006139947567135096,0.006139947567135096,0.006139947567135096,0.006139947567135096,16851
2019-10-03,0.006139947567135096,0.006139947567135096,0.006139947567135096,0.006139947567135096,3170347
2019-10-04,0.006139947567135096,0.006139947567135096,0.006139947567135096,0.006139947567135096,20374
2019-10-07,0.006139947567135096,0.006139947567135096,0.006139947567135096,0.006139947567135096,250884
2019-10-08,0.0059592281468212605,0.0059592281468212605,0.0059592281468212605,0.0059592281468212605,13633
2019-10-09,0.0059592281468212605,0.0059592281468212605,0.0059592281468212605,0.0059592281468212605,3856
2019-10-10,0.0059592281468212605,0.0059592281468212605,0.0059592281468212605,0.0059592281468212605,1163
2019-10-11,0.0059592281468212605,0.0059592281468212605,0.0059592281468212605,0.0059592281468212605,16148
2019-10-14,0.006139947567135096,0.006139947567135096,0.006139947567135096,0.006139947567135096,2364
2019-10-15,0.0059592281468212605,0.0059592281468212605,0.0059592281468212605,0.0059592281468212605,542
2019-10-16,0.0059592281468212605,0.0059592281468212605,0.0059592281468212605,0.0059592281468212605,787
2019-10-17,0.00577941257506609,0.00577941257506609,0.00577941257506609,0.00577941257506609,12862
2019-10-18,0.00577941257506609,0.00577941257506609,0.00577941257506609,0.00577941257506609,12194
2019-10-21,0.005598692689090967,0.005598692689090967,0.005598692689090967,0.005598692689090967,1969
2019-10-22,0.005417973268777132,0.005417973268777132,0.005417973268777132,0.005417973268777132,500416
2019-10-23,0.005598692689090967,0.005598692689090967,0.005598692689090967,0.005598692689090967,51263
2019-10-24,0.0065013873390853405,0.0065013873390853405,0.0065013873390853405,0.0065013873390853405,4311
2019-10-25,0.006139947567135096,0.006139947567135096,0.006139947567135096,0.006139947567135096,9428
2019-10-28,0.006320667453110218,0.006320667453110218,0.006320667453110218,0.006320667453110218,2381
2019-10-29,0.0065013873390853405,0.0065013873390853405,0.0065013873390853405,0.0065013873390853405,148291
2019-10-30,0.006682107225060463,0.006682107225060463,0.006682107225060463,0.006682107225060463,1913
2019-10-31,0.006320667453110218,0.006320667453110218,0.006320667453110218,0.006320667453110218,1948
2019-11-01,0.0059592281468212605,0.0059592281468212605,0.0059592281468212605,0.0059592281468212605,2626
2019-11-05,0.006320667453110218,0.006320667453110218,0.006320667453110218,0.006320667453110218,4541
2019-11-06,0.006139947567135096,0.006139947567135096,0.006139947567135096,0.006139947567135096,2465
2019-11-07,0.006320667453110218,0.006320667453110218,0.006320667453110218,0.006320667453110218,35226
2019-11-08,0.006682107225060463,0.006682107225060463,0.006682107225060463,0.006682107225060463,41393
2019-11-11,0.007043545600026846,0.007043545600026846,0.007043545600026846,0.007043545600026846,43957
2019-11-12,0.007043545600026846,0.007043545600026846,0.007043545600026846,0.007043545600026846,11354
2019-11-13,0.007224265486001968,0.007224265486001968,0.007224265486001968,0.007224265486001968,5304
2019-11-14,0.007043545600026846,0.007043545600026846,0.007043545600026846,0.007043545600026846,3234
2019-11-15,0.006862826179713011,0.006862826179713011,0.006862826179713011,0.006862826179713011,13610
2019-11-18,0.006862826179713011,0.006862826179713011,0.006862826179713011,0.006862826179713011,1094
2019-11-19,0.006862826179713011,0.006862826179713011,0.006862826179713011,0.006862826179713011,12193
2019-11-20,0.006862826179713011,0.006862826179713011,0.006862826179713011,0.006862826179713011,71232
2019-11-21,0.007043545600026846,0.007043545600026846,0.007043545600026846,0.007043545600026846,1277
2019-11-22,0.007043545600026846,0.007043545600026846,0.007043545600026846,0.007043545600026846,15050507
2019-11-25,0.007043545600026846,0.007043545600026846,0.007043545600026846,0.007043545600026846,11641
2019-11-26,0.006862826179713011,0.006862826179713011,0.006862826179713011,0.006862826179713011,16174
2019-11-27,0.007043545600026846,0.007043545600026846,0.007043545600026846,0.007043545600026846,11766
2019-11-28,0.007404082454741001,0.007404082454741,0.007404082454741,0.007404082454741,9293
2019-11-29,0.007584801409393549,0.007584801409393549,0.007584801409393549,0.007584801409393549,13337
2019-12-02,0.007584801409393549,0.007584801409393549,0.007584801409393549,0.007584801409393549,6326
2019-12-03,0.007224265486001968,0.007224265486001968,0.007224265486001968,0.007224265486001968,11965
2019-12-04,0.007404082454741001,0.007404082454741,0.007404082454741,0.007404082454741,13112
2019-12-05,0.007404082454741001,0.007404082454741,0.007404082454741,0.007404082454741,7898
2019-12-06,0.007584801409393549,0.007584801409393549,0.007584801409393549,0.007584801409393549,11629
2019-12-09,0.007224265486001968,0.007224265486001968,0.007224265486001968,0.007224265486001968,10367
2019-12-10,0.007404082454741001,0.007404082454741,0.007404082454741,0.007404082454741,36436
2019-12-11,0.006862826179713011,0.006862826179713011,0.006862826179713011,0.006862826179713011,140315
2019-12-12,0.007043545600026846,0.007043545600026846,0.007043545600026846,0.007043545600026846,87733
2019-12-13,0.007043545600026846,0.007043545600026846,0.007043545600026846,0.007043545600026846,2744
2019-12-16,0.007043545600026846,0.007043545600026846,0.007043545600026846,0.007043545600026846,34648
2019-12-17,0.007224265486001968,0.007224265486001968,0.007224265486001968,0.007224265486001968,46006
2019-12-18,0.007224265486001968,0.007224265486001968,0.007224265486001968,0.007224265486001968,229399
2019-12-19,0.007584801409393549,0.007584801409393549,0.007584801409393549,0.007584801409393549,1499
2019-12-20,0.007946239784359932,0.007946239784359932,0.007946239784359932,0.007946239784359932,5410
2019-12-23,0.008307678624987602,0.008307678624987602,0.008307678624987602,0.008307678624987602,123857
2019-12-26,0.009210372343659401,0.009210372343659401,0.009210372343659401,0.009210372343659401,1795
2019-12-27,0.009210372343659401,0.009210372343659401,0.009210372343659401,0.009210372343659401,1442
2019-12-30,0.00975253339856863,0.00975253339856863,0.00975253339856863,0.00975253339856863,10556
2020-01-02,0.00975253339856863,0.00975253339856863,0.00975253339856863,0.00975253339856863,816
2020-01-03,0.010113971307873726,0.010113971307873726,0.010113971307873726,0.010113971307873726,12437
2020-01-07,0.010835946537554264,0.010835946537554264,0.010835946537554264,0.010835946537554264,12987
2020-01-08,0.0110166659578681,0.0110166659578681,0.0110166659578681,0.0110166659578681,5560
2020-01-09,0.011738640256226063,0.011738640256226063,0.011738640256226063,0.011738640256226063,328551
2020-01-10,0.012461518868803978,0.012461518868803978,0.012461518868803978,0.012461518868803978,1836
2020-01-13,0.012642239220440388,0.012642239220440388,0.012642239220440388,0.012642239220440388,7558
2020-01-14,0.012642239220440388,0.012642239220440388,0.012642239220440388,0.012642239220440388,12939
2020-01-15,0.012822957709431648,0.012822957709431648,0.012822957709431648,0.012822957709431648,7958
2020-01-16,0.012822957709431648,0.012822957709431648,0.012822957709431648,0.012822957709431648,6947
2020-01-17,0.012822957709431648,0.012822957709431648,0.012822957709431648,0.012822957709431648,4236
2020-01-21,0.012100080959498882,0.012100080959498882,0.012100080959498882,0.012100080959498882,552310
2020-01-22,0.011919359676539898,0.011919359676539898,0.011919359676539898,0.011919359676539898,1477
2020-01-23,0.01155882515013218,0.01155882515013218,0.01155882515013218,0.01155882515013218,713
2020-01-24,0.010835946537554264,0.010835946537554264,0.010835946537554264,0.010835946537554264,2514
2020-01-27,0.010655227117240429,0.010655227117240429,0.010655227117240429,0.010655227117240429,1393
2020-01-28,0.010835946537554264,0.010835946537554264,0.010835946537554264,0.010835946537554264,3181
2020-01-29,0.012642239220440388,0.012642239220440388,0.012642239220440388,0.012642239220440388,40007
2020-01-30,0.011738640256226063,0.011738640256226063,0.011738640256226063,0.011738640256226063,9925
2020-01-31,0.012642239220440388,0.012642239220440388,0.012642239220440388,0.012642239220440388,8092
2020-02-03,0.012642239220440388,0.012642239220440388,0.012642239220440388,0.012642239220440388,5183
2020-02-04,0.012461518868803978,0.012461518868803978,0.012461518868803978,0.012461518868803978,3228
2020-02-05,0.012461518868803978,0.012461518868803978,0.012461518868803978,0.012461518868803978,764
2020-02-06,0.012461518868803978,0.012461518868803978,0.012461518868803978,0.012461518868803978,1574
2020-02-07,0.012642239220440388,0.012642239220440388,0.012642239220440388,0.012642239220440388,380
2020-02-10,0.012642239220440388,0.012642239220440388,0.012642239220440388,0.012642239220440388,1065
2020-02-11,0.012461518868803978,0.012461518868803978,0.012461518868803978,0.012461518868803978,3432
2020-02-12,0.012461518868803978,0.012461518868803978,0.012461518868803978,0.012461518868803978,1191509
2020-02-13,0.012461518868803978,0.012461518868803978,0.012461518868803978,0.012461518868803978,0
2020-02-14,0.012461518868803978,0.012461518868803978,0.012461518868803978,0.012461518868803978,0
2020-02-17,0.012642239220440388,0.012642239220440388,0.012642239220440388,0.012642239220440388,3444
2020-02-18,0.012642239220440388,0.012642239220440388,0.012642239220440388,0.012642239220440388,2624
2020-02-19,0.012642239220440388,0.012642239220440388,0.012642239220440388,0.012642239220440388,343975
2020-02-20,0.012642239220440388,0.012642239220440388,0.012642239220440388,0.012642239220440388,343975
2020-02-21,0.012642239220440388,0.012642239220440388,0.012642239220440388,0.012642239220440388,0
2020-02-26,0.011738640256226063,0.011738640256226063,0.011738640256226063,0.011738640256226063,932
2020-02-27,0.01137810479849577,0.01137810479849577,0.01137810479849577,0.01137810479849577,36807
2020-02-28,0.01155882515013218,0.01155882515013218,0.01155882515013218,0.01155882515013218,3260
2020-03-02,0.01137810479849577,0.01137810479849577,0.01137810479849577,0.01137810479849577,768
2020-03-03,0.01137810479849577,0.01137810479849577,0.01137810479849577,0.01137810479849577,2186
2020-03-04,0.01137810479849577,0.01137810479849577,0.01137810479849577,0.01137810479849577,1122
2020-03-05,0.011738640256226063,0.011738640256226063,0.011738640256226063,0.011738640256226063,2595
2020-03-06,0.011738640256226063,0.011738640256226063,0.011738640256226063,0.011738640256226063,0
2020-03-09,0.0110166659578681,0.0110166659578681,0.0110166659578681,0.0110166659578681,371
2020-03-10,0.0110166659578681,0.0110166659578681,0.0110166659578681,0.0110166659578681,2209
2020-03-11,0.011197385378181934,0.011197385378181934,0.011197385378181934,0.011197385378181934,2394
2020-03-12,0.012100080959498882,0.012100080959498882,0.012100080959498882,0.012100080959498882,4281
2020-03-13,0.012100080959498882,0.012100080959498882,0.012100080959498882,0.012100080959498882,8433
2020-03-16,0.012100080959498882,0.012100080959498882,0.012100080959498882,0.012100080959498882,4
2020-03-17,0.012100080959498882,0.012100080959498882,0.012100080959498882,0.012100080959498882,299
2020-03-18,0.012100080959498882,0.012100080959498882,0.012100080959498882,0.012100080959498882,2308
2020-03-20,0.01155882515013218,0.01155882515013218,0.01155882515013218,0.01155882515013218,2445
2020-03-23,0.009933250956237316,0.009933250956237316,0.009933250956237316,0.009933250956237316,4408
2020-03-24,0.009210372343659401,0.009210372343659401,0.009210372343659401,0.009210372343659401,1416
2020-03-25,0.009029654785990715,0.009029654785990715,0.009029654785990715,0.009029654785990715,4122
2020-03-26,0.008126961067318916,0.008126961067318916,0.008126961067318916,0.008126961067318916,1492
2020-03-27,0.009571812115609646,0.009571812115609646,0.009571812115609646,0.009571812115609646,47125
2020-03-30,0.011197385378181934,0.011197385378181934,0.011197385378181934,0.011197385378181934,3433
2020-03-31,0.01155882515013218,0.01155882515013218,0.01155882515013218,0.01155882515013218,430
2020-04-01,0.011738640256226063,0.011738640256226063,0.011738640256226063,0.011738640256226063,1160
2020-04-02,0.013364214450120926,0.013364214450120926,0.013364214450120926,0.013364214450120926,1535
2020-04-03,0.013544932939112186,0.013544932939112186,0.013544932939112186,0.013544932939112186,3518
2020-04-06,0.014267811551690102,0.014267811551690102,0.014267811551690102,0.014267811551690102,6825
2020-04-07,0.015712665393948555,0.015712665393948555,0.015712665393948555,0.015712665393948555,10384
2020-04-08,0.01715751551091671,0.01715751551091671,0.01715751551091671,0.01715751551091671,11008
2020-04-13,0.020588478073477745,0.020588478073477745,0.020588478073477745,0.020588478073477745,3099
2020-04-14,0.020949916914105415,0.020949916914105415,0.020949916914105415,0.020949916914105415,364052
2020-04-15,0.01950506679713726,0.01950506679713726,0.01950506679713726,0.01950506679713726,14310
2020-04-16,0.018060214817523956,0.018060214817523956,0.018060214817523956,0.018060214817523956,83385
2020-04-17,0.020227942615747452,0.020227942615747452,0.020227942615747452,0.020227942615747452,5177
2020-04-20,0.02149207703769207,0.02149207703769207,0.02149207703769207,0.02149207703769207,10959
2020-04-21,0.022214051336050034,0.022214051336050034,0.022214051336050034,0.022214051336050034,16657
2020-04-22,0.023478185757994652,0.023478185757994652,0.023478185757994652,0.023478185757994652,10719
2020-04-23,0.023658903315663338,0.023658903315663338,0.023658903315663338,0.023658903315663338,3864
2020-04-24,0.023478185757994652,0.023478185757994652,0.023478185757994652,0.023478185757994652,14377
2020-04-27,0.020949916914105415,0.020949916914105415,0.020949916914105415,0.020949916914105415,5323
2020-04-28,0.021672796458005905,0.021672796458005905,0.021672796458005905,0.021672796458005905,6092
2020-04-29,0.022575488314032555,0.022575488314032555,0.022575488314032555,0.022575488314032555,5747
2020-04-30,0.023478185757994652,0.023478185757994652,0.023478185757994652,0.023478185757994652,2367
2020-05-04,0.024381782859563828,0.024381782859563828,0.024381782859563828,0.024381782859563828,5012
2020-05-05,0.024381782859563828,0.024381782859563828,0.024381782859563828,0.024381782859563828,1949
2020-05-06,0.02709076926112175,0.02709076926112175,0.02709076926112175,0.02709076926112175,5623
2020-05-07,0.027993464842438698,0.027993464842438698,0.027993464842438698,0.027993464842438698,1025
2020-05-08,0.030702445656061172,0.030702445656061172,0.030702445656061172,0.030702445656061172,12926
2020-05-11,0.030702445656061172,0.030702445656061172,0.030702445656061172,0.030702445656061172,46352
2020-05-12,0.030702445656061172,0.030702445656061172,0.030702445656061172,0.030702445656061172,10575
2020-05-13,0.028897061944007874,0.028897061944007874,0.028897061944007874,0.028897061944007874,5218
2020-05-14,0.02709076926112175,0.02709076926112175,0.02709076926112175,0.02709076926112175,13766
2020-05-15,0.027993464842438698,0.027993464842438698,0.027993464842438698,0.027993464842438698,14956
2020-05-18,0.027632927522063255,0.027632927522063255,0.027632927522063255,0.027632927522063255,3012
2020-05-19,0.027993464842438698,0.027993464842438698,0.027993464842438698,0.027993464842438698,3253
2020-05-20,0.027993464842438698,0.027993464842438698,0.027993464842438698,0.027993464842438698,545
2020-05-21,0.027812741696834564,0.027812741696834564,0.027812741696834564,0.027812741696834564,10495
2020-05-22,0.028897061944007874,0.028897061944007874,0.028897061944007874,0.028897061944007874,46195
2020-05-26,0.028897061944007874,0.028897061944007874,0.028897061944007874,0.028897061944007874,49217
2020-05-27,0.028897061944007874,0.028897061944007874,0.028897061944007874,0.028897061944007874,28087
2020-05-28,0.030702445656061172,0.030702445656061172,0.030702445656061172,0.030702445656061172,362098
2020-05-29,0.031606048345565796,0.031606048345565796,0.031606048345565796,0.031606048345565796,2311
2020-06-01,0.031606048345565796,0.031606048345565796,0.031606048345565796,0.031606048345565796,23106
2020-06-02,0.031606048345565796,0.031606048345565796,0.031606048345565796,0.031606048345565796,7661
2020-06-03,0.032508742064237595,0.032508742064237595,0.032508742064237595,0.032508742064237595,6759
2020-06-04,0.03341234102845192,0.03341234102845192,0.03341234102845192,0.03341234102845192,23340
2020-06-05,0.03341234102845192,0.03341234102845192,0.03341234102845192,0.03341234102845192,2466
2020-06-08,0.032508742064237595,0.032508742064237595,0.032508742064237595,0.032508742064237595,835
2020-06-09,0.032147299498319626,0.032147299498319626,0.032147299498319626,0.032147299498319626,3228
2020-06-10,0.031606048345565796,0.031606048345565796,0.031606048345565796,0.031606048345565796,1939
2020-06-11,0.031244613230228424,0.031244613230228428,0.031244613230228428,0.031244613230228428,251544
2020-06-12,0.029799755662679672,0.029799755662679672,0.029799755662679672,0.029799755662679672,2395
2020-06-16,0.030341913923621178,0.03034191392362118,0.03034191392362118,0.03034191392362118,257069
2020-06-17,0.028897061944007874,0.028897061944007874,0.028897061944007874,0.028897061944007874,7015
2020-06-18,0.03016119822859764,0.03016119822859764,0.03016119822859764,0.03016119822859764,8382
2020-06-19,0.029619038105010986,0.029619038105010986,0.029619038105010986,0.029619038105010986,20271
2020-06-22,0.028897061944007874,0.028897061944007874,0.028897061944007874,0.028897061944007874,1247
2020-06-23,0.028897061944007874,0.028897061944007874,0.028897061944007874,0.028897061944007874,905
2020-06-25,0.02709076926112175,0.02709076926112175,0.02709076926112175,0.02709076926112175,8202
2020-06-26,0.028897061944007874,0.028897061944007874,0.028897061944007874,0.028897061944007874,9240
2020-06-30,0.029799755662679672,0.029799755662679672,0.029799755662679672,0.029799755662679672,3733
2020-07-01,0.028897061944007874,0.028897061944007874,0.028897061944007874,0.028897061944007874,3467
2020-07-02,0.028897061944007874,0.028897061944007874,0.028897061944007874,0.028897061944007874,1768
2020-07-03,0.028897061944007874,0.028897061944007874,0.028897061944007874,0.028897061944007874,175
2020-07-06,0.028897061944007874,0.028897061944007874,0.028897061944007874,0.028897061944007874,851
2020-07-07,0.028897061944007874,0.028897061944007874,0.028897061944007874,0.028897061944007874,1209
2020-07-08,0.027993464842438698,0.027993464842438698,0.027993464842438698,0.027993464842438698,1758
2020-07-09,0.02709076926112175,0.02709076926112175,0.02709076926112175,0.02709076926112175,4761
2020-07-10,0.02709076926112175,0.02709076926112175,0.02709076926112175,0.02709076926112175,5556
2020-07-13,0.028174182400107384,0.028174182400107384,0.028174182400107384,0.028174182400107384,1551
2020-07-14,0.028174182400107384,0.028174182400107384,0.028174182400107384,0.028174182400107384,2930
2020-07-15,0.028897061944007874,0.028897061944007874,0.028897061944007874,0.028897061944007874,3234
2020-07-16,0.02745220810174942,0.02745220810174942,0.02745220810174942,0.02745220810174942,2188
2020-07-17,0.028897061944007874,0.028897061944007874,0.028897061944007874,0.028897061944007874,1600
2020-07-20,0.029799755662679672,0.029799755662679672,0.029799755662679672,0.029799755662679672,95011
2020-07-21,0.030702445656061172,0.030702445656061172,0.030702445656061172,0.030702445656061172,2793
2020-07-22,0.03232802078127861,0.03232802078127861,0.03232802078127861,0.03232802078127861,127523
2020-07-23,0.034495752304792404,0.034495752304792404,0.034495752304792404,0.034495752304792404,17548
2020-07-27,0.035217732191085815,0.035217732191085815,0.035217732191085815,0.035217732191085815,312295
2020-07-28,0.035217732191085815,0.035217732191085815,0.035217732191085815,0.035217732191085815,4428
2020-07-29,0.035217732191085815,0.035217732191085815,0.035217732191085815,0.035217732191085815,17798
2020-07-30,0.036481861025094986,0.036481861025094986,0.036481861025094986,0.036481861025094986,3416
2020-07-31,0.03666258230805397,0.03666258230805397,0.03666258230805397,0.03666258230805397,7822
2020-08-03,0.03720473498106003,0.03720473498106003,0.03720473498106003,0.03720473498106003,4317
2020-08-04,0.03792671859264374,0.03792671859264374,0.03792671859264374,0.03792671859264374,6133
2020-08-05,0.03864959254860878,0.03864959254860878,0.03864959254860878,0.03864959254860878,2278
2020-08-06,0.04153929650783539,0.04153929650783539,0.04153929650783539,0.04153929650783539,1163
2020-08-07,0.045151881873607635,0.045151881873607635,0.045151881873607635,0.045151881873607635,2023
2020-08-10,0.045151881873607635,0.045151881873607635,0.045151881873607635,0.045151881873607635,2427
2020-08-11,0.03792671859264374,0.03792671859264374,0.03792671859264374,0.03792671859264374,31249
2020-08-12,0.04334559291601181,0.04334559291601181,0.04334559291601181,0.04334559291601181,1033
2020-08-13,0.05147254839539528,0.05147254839539528,0.05147254839539528,0.05147254839539528,17207
2020-08-14,0.052736688405275345,0.052736688405275345,0.052736688405275345,0.052736688405275345,5384
2020-08-17,0.048763565719127655,0.048763565719127655,0.048763565719127655,0.048763565719127655,7344
2020-08-18,0.049125004559755325,0.049125004559755325,0.049125004559755325,0.049125004559755325,15069
2020-08-19,0.05147254839539528,0.05147254839539528,0.05147254839539528,0.05147254839539528,363380
2020-08-20,0.0541815385222435,0.0541815385222435,0.0541815385222435,0.0541815385222435,23860
2020-08-21,0.05219542980194092,0.05219542980194092,0.05219542980194092,0.05219542980194092,1310
2020-08-24,0.05219542980194092,0.05219542980194092,0.05219542980194092,0.05219542980194092,15478
2020-08-25,0.0541815385222435,0.0541815385222435,0.0541815385222435,0.0541815385222435,4311
2020-08-26,0.0541815385222435,0.0541815385222435,0.0541815385222435,0.0541815385222435,3684
2020-08-27,0.055085133761167526,0.055085133761167526,0.055085133761167526,0.055085133761167526,2680
2020-08-28,0.05598783120512962,0.05598783120512962,0.05598783120512962,0.05598783120512962,5476
2020-08-31,0.05598783120512962,0.05598783120512962,0.05598783120512962,0.05598783120512962,43068
2020-09-01,0.05743268504738808,0.05743268504738808,0.05743268504738808,0.05743268504738808,848
2020-09-02,0.05689052492380142,0.05689052492380142,0.05689052492380142,0.05689052492380142,3116
2020-09-03,0.05779412388801575,0.05779412388801575,0.05779412388801575,0.05779412388801575,10737
2020-09-04,0.05779412388801575,0.05779412388801575,0.05779412388801575,0.05779412388801575,16921
2020-09-07,0.05598783120512962,0.05598783120512962,0.05598783120512962,0.05598783120512962,60398
2020-09-08,0.05779412388801575,0.05779412388801575,0.05779412388801575,0.05779412388801575,1072
2020-09-09,0.05779412388801575,0.05779412388801575,0.05779412388801575,0.05779412388801575,2551
2020-09-10,0.05779412388801575,0.05779412388801575,0.05779412388801575,0.05779412388801575,2185
2020-09-11,0.05779412388801575,0.05779412388801575,0.05779412388801575,0.05779412388801575,33470
2020-09-15,0.05779412388801575,0.05779412388801575,0.05779412388801575,0.05779412388801575,922
2020-09-16,0.05779412388801575,0.05779412388801575,0.05779412388801575,0.05779412388801575,51361
2020-09-17,0.05779412388801575,0.05779412388801575,0.05779412388801575,0.05779412388801575,160
2020-09-18,0.05779412388801575,0.05779412388801575,0.05779412388801575,0.05779412388801575,2314
2020-09-21,0.05598783120512962,0.05598783120512962,0.05598783120512962,0.05598783120512962,916
2020-09-22,0.05598783120512962,0.05598783120512962,0.05598783120512962,0.05598783120512962,1622
2020-09-23,0.05779412388801575,0.05779412388801575,0.05779412388801575,0.05779412388801575,2311
2020-09-24,0.05779412388801575,0.05779412388801575,0.05779412388801575,0.05779412388801575,14160
2020-09-25,0.05815556272864342,0.05815556272864342,0.05815556272864342,0.05815556272864342,5710
2020-09-28,0.05779412388801575,0.05779412388801575,0.05779412388801575,0.05779412388801575,6287
2020-09-29,0.05815556272864342,0.05815556272864342,0.05815556272864342,0.05815556272864342,365274
2020-09-30,0.05761340260505676,0.05761340260505676,0.05761340260505676,0.05761340260505676,4737
2020-10-01,0.05797484144568443,0.05797484144568443,0.05797484144568443,0.05797484144568443,2871432
2020-10-02,0.05797484144568443,0.05797484144568443,0.05797484144568443,0.05797484144568443,7885
2020-10-05,0.05797484144568443,0.05797484144568443,0.05797484144568443,0.05797484144568443,38368
2020-10-06,0.05887753888964653,0.05887753888964653,0.05887753888964653,0.05887753888964653,9258
2020-10-07,0.058696817606687546,0.058696817606687546,0.058696817606687546,0.058696817606687546,6552
2020-10-08,0.058696817606687546,0.058696817606687546,0.058696817606687546,0.058696817606687546,4676
2020-10-09,0.0592389740049839,0.0592389740049839,0.0592389740049839,0.0592389740049839,13238
2020-10-13,0.0592389740049839,0.0592389740049839,0.0592389740049839,0.0592389740049839,11922
2020-10-14,0.05779412388801575,0.05779412388801575,0.05779412388801575,0.05779412388801575,860244
2020-10-15,0.05779412388801575,0.05779412388801575,0.05779412388801575,0.05779412388801575,7530
2020-10-16,0.05779412388801575,0.05779412388801575,0.05779412388801575,0.05779412388801575,1160
2020-10-19,0.05779412388801575,0.05779412388801575,0.05779412388801575,0.05779412388801575,12400
2020-10-20,0.058696817606687546,0.058696817606687546,0.058696817606687546,0.058696817606687546,12748
2020-10-21,0.05960041284561157,0.05960041284561157,0.05960041284561157,0.05960041284561157,5914
2020-10-22,0.05960041284561157,0.05960041284561157,0.05960041284561157,0.05960041284561157,1741
2020-10-23,0.05960041284561157,0.05960041284561157,0.05960041284561157,0.05960041284561157,0
2020-10-26,0.05887753888964653,0.05887753888964653,0.05887753888964653,0.05887753888964653,14507
2020-10-27,0.058696817606687546,0.058696817606687546,0.058696817606687546,0.058696817606687546,141607
2020-10-28,0.058696817606687546,0.058696817606687546,0.058696817606687546,0.058696817606687546,13931
2020-10-29,0.058696817606687546,0.058696817606687546,0.058696817606687546,0.058696817606687546,1413
2020-10-30,0.058696817606687546,0.058696817606687546,0.058696817606687546,0.058696817606687546,0
2020-11-02,0.058696817606687546,0.058696817606687546,0.058696817606687546,0.058696817606687546,288488
2020-11-03,0.058696817606687546,0.058696817606687546,0.058696817606687546,0.058696817606687546,5734
2020-11-04,0.059058256447315216,0.059058256447315216,0.059058256447315216,0.059058256447315216,366611
2020-11-05,0.05960041284561157,0.05960041284561157,0.05960041284561157,0.05960041284561157,8604
2020-11-06,0.05960041284561157,0.05960041284561157,0.05960041284561157,0.05960041284561157,988
2020-11-09,0.06032239645719528,0.06032239645719528,0.06032239645719528,0.06032239645719528,8288
2020-11-10,0.06032239645719528,0.06032239645719528,0.06032239645719528,0.06032239645719528,53034
2020-11-11,0.061045270413160324,0.061045270413160324,0.061045270413160324,0.061045270413160324,6667
2020-11-12,0.06158652901649475,0.06158652901649475,0.06158652901649475,0.06158652901649475,1963
2020-11-13,0.06321209669113159,0.06321209669113159,0.06321209669113159,0.06321209669113159,25738
2020-11-16,0.06483765691518784,0.06483765691518784,0.06483765691518784,0.06483765691518784,24868
2020-11-17,0.06465695798397064,0.06465695798397064,0.06465695798397064,0.06465695798397064,12645
2020-11-18,0.06574036180973053,0.06574036180973053,0.06574036180973053,0.06574036180973053,32641
2020-11-19,0.0651991069316864,0.0651991069316864,0.0651991069316864,0.0651991069316864,1259
2020-11-20,0.06682468205690384,0.06682468205690384,0.06682468205690384,0.06682468205690384,16138
2020-11-24,0.07188121229410172,0.07188121229410172,0.07188121229410172,0.07188121229410172,13664
2020-11-25,0.07224264740943909,0.07224264740943909,0.07224264740943909,0.07224264740943909,15150
2020-11-26,0.0848848894238472,0.0848848894238472,0.0848848894238472,0.0848848894238472,2586930
2020-11-27,0.0848848894238472,0.0848848894238472,0.0848848894238472,0.0848848894238472,0
2020-11-30,0.12823139131069183,0.12823139131069183,0.12823139131069183,0.12823139131069183,8389
2020-12-01,0.13364936411380768,0.13364936411380768,0.13364936411380768,0.13364936411380768,3947
2020-12-02,0.12642508745193481,0.12642508745193481,0.12642508745193481,0.12642508745193481,371350
2020-12-03,0.12642508745193481,0.12642508745193481,0.12642508745193481,0.12642508745193481,846
2020-12-04,0.1354556381702423,0.1354556381702423,0.1354556381702423,0.1354556381702423,10243
2020-12-07,0.13906735181808472,0.13906735181808472,0.13906735181808472,0.13906735181808472,863895
2020-12-08,0.1354556381702423,0.1354556381702423,0.1354556381702423,0.1354556381702423,8406
2020-12-09,0.1372610479593277,0.1372610479593277,0.1372610479593277,0.1372610479593277,18328
2020-12-10,0.13816463947296143,0.13816463947296143,0.13816463947296143,0.13816463947296143,3948
2020-12-11,0.13906735181808472,0.13906735181808472,0.13906735181808472,0.13906735181808472,8743
2020-12-15,0.17067337036132812,0.17067337036132812,0.17067337036132812,0.17067337036132812,14231
2020-12-16,0.1807873696088791,0.1807873696088791,0.1807873696088791,0.1807873696088791,7275
2020-12-17,0.1807873696088791,0.1807873696088791,0.1807873696088791,0.1807873696088791,0
2020-12-18,0.1807873696088791,0.1807873696088791,0.1807873696088791,0.1807873696088791,0
2020-12-21,0.1807873696088791,0.1807873696088791,0.1807873696088791,0.1807873696088791,0
2020-12-22,0.1807873696088791,0.1807873696088791,0.1807873696088791,0.1807873696088791,0
2020-12-23,0.18060752749443054,0.18060752749443054,0.18060752749443054,0.18060752749443054,5709
2020-12-28,0.18060752749443054,0.18060752749443054,0.18060752749443054,0.18060752749443054,9604
2020-12-29,0.20228032767772675,0.20228032767772675,0.20228032767772675,0.20228032767772675,23702
2020-12-30,0.20553058385849,0.20553058385849,0.20553058385849,0.20553058385849,101366
2021-01-04,0.20589201152324677,0.20589201152324677,0.20589201152324677,0.20589201152324677,5107
2021-01-05,0.20697543025016785,0.20697543025016785,0.20697543025016785,0.20697543025016785,4822
2021-01-06,0.21401987969875336,0.21401987969875336,0.21401987969875336,0.21401987969875336,16482
2021-01-07,0.28897151350975037,0.28897151350975037,0.28897151350975037,0.28897151350975037,8381
2021-01-08,0.3973364233970642,0.3973364233970642,0.3973364233970642,0.3973364233970642,9995
2021-01-12,0.3520037829875946,0.3520037829875946,0.3520037829875946,0.3520037829875946,4575
2021-01-13,0.31606319546699524,0.31606319546699524,0.31606319546699524,0.31606319546699524,360104
2021-01-14,0.3250928223133087,0.3250928223133087,0.3250928223133087,0.3250928223133087,61848
2021-01-15,0.3250928223133087,0.3250928223133087,0.3250928223133087,0.3250928223133087,1673
2021-01-19,0.3231067359447479,0.3231067359447479,0.3231067359447479,0.3231067359447479,2147
2021-01-20,0.3214811384677887,0.3214811384677887,0.3214811384677887,0.3214811384677887,2115
2021-01-21,0.3232874870300293,0.3232874870300293,0.3232874870300293,0.3232874870300293,678262
2021-01-22,0.3305116891860962,0.3305116891860962,0.3305116891860962,0.3305116891860962,14989
2021-01-25,0.3341234028339386,0.3341234028339386,0.3341234028339386,0.3341234028339386,506913
2021-01-26,0.3359296917915344,0.3359296917915344,0.3359296917915344,0.3359296917915344,6888
2021-01-27,0.33231714367866516,0.33231714367866516,0.33231714367866516,0.33231714367866516,39550
2021-01-28,0.3341234028339386,0.3341234028339386,0.3341234028339386,0.3341234028339386,1006
2021-01-29,0.3458629846572876,0.3458629846572876,0.3458629846572876,0.3458629846572876,120527
2021-02-01,0.3612150549888611,0.3612150549888611,0.3612150549888611,0.3612150549888611,2720
2021-02-02,0.352184534072876,0.352184534072876,0.352184534072876,0.352184534072876,13786
2021-02-03,0.39697492122650146,0.39697492122650146,0.39697492122650146,0.39697492122650146,1095439
2021-02-04,0.37024474143981934,0.37024474143981934,0.37024474143981934,0.37024474143981934,456569
2021-02-05,0.3792753219604492,0.3792753219604492,0.3792753219604492,0.3792753219604492,6468
2021-02-08,0.3792753219604492,0.3792753219604492,0.3792753219604492,0.3792753219604492,0
2021-02-09,0.38108158111572266,0.38108158111572266,0.38108158111572266,0.38108158111572266,12852
2021-02-10,0.3973364233970642,0.3973364233970642,0.3973364233970642,0.3973364233970642,18624
2021-02-11,0.3883058428764343,0.3883058428764343,0.3883058428764343,0.3883058428764343,1662
2021-02-12,0.37024474143981934,0.37024474143981934,0.37024474143981934,0.37024474143981934,61378
2021-02-17,0.3610343635082245,0.3610343635082245,0.3610343635082245,0.3610343635082245,4526
2021-02-18,0.3738572895526886,0.3738572895526886,0.3738572895526886,0.3738572895526886,12723
2021-02-19,0.3828878402709961,0.3828878402709961,0.3828878402709961,0.3828878402709961,9072
2021-02-22,0.36843934655189514,0.36843934655189514,0.36843934655189514,0.36843934655189514,38204
2021-02-23,0.37024474143981934,0.37024474143981934,0.37024474143981934,0.37024474143981934,6981
2021-02-24,0.3828878402709961,0.3828878402709961,0.3828878402709961,0.3828878402709961,16933
2021-02-25,0.3982391357421875,0.3982391357421875,0.3982391357421875,0.3982391357421875,58924
2021-02-26,0.42966529726982117,0.42966529726982117,0.42966529726982117,0.42966529726982117,6744
2021-03-01,0.4442945718765259,0.4442945718765259,0.4442945718765259,0.4442945718765259,3010
2021-03-02,0.7224301099777222,0.7224301099777222,0.7224301099777222,0.7224301099777222,5686
2021-03-03,0.546337902545929,0.546337902545929,0.546337902545929,0.546337902545929,362345
2021-03-04,0.6140652298927307,0.6140652298927307,0.6140652298927307,0.6140652298927307,19965
2021-03-05,3.0883893966674805,3.0883893966674805,3.0883893966674805,3.0883893966674805,5270
2021-03-08,3.0883893966674805,3.0883893966674805,3.0883893966674805,3.0883893966674805,5531
2021-03-09,0.7224301099777222,0.7224301099777222,0.7224301099777222,0.7224301099777222,1183
2021-03-10,0.6321263909339905,0.6321263909339905,0.6321263909339905,0.6321263909339905,640
2021-03-11,0.6682476997375488,0.6682476997375488,0.6682476997375488,0.6682476997375488,1352
2021-03-12,0.6682476997375488,0.6682476997375488,0.6682476997375488,0.6682476997375488,5191
2021-03-15,0.6312227845191956,0.6312227845191956,0.6312227845191956,0.6312227845191956,1502
2021-03-16,0.6772783398628235,0.6772783398628235,0.6772783398628235,0.6772783398628235,4612
2021-03-17,0.6817935109138489,0.6817935109138489,0.6817935109138489,0.6817935109138489,8694
2021-03-18,0.680889904499054,0.680889904499054,0.680889904499054,0.680889904499054,330
2021-03-22,0.659217119216919,0.659217119216919,0.659217119216919,0.659217119216919,11682
2021-03-23,0.6411568522453308,0.6411568522453308,0.6411568522453308,0.6411568522453308,1833
2021-03-24,0.6456712484359741,0.6456712484359741,0.6456712484359741,0.6456712484359741,1404
2021-03-25,0.6501865386962891,0.6501865386962891,0.6501865386962891,0.6501865386962891,2741
2021-03-26,0.6583144068717957,0.6583144068717957,0.6583144068717957,0.6583144068717957,830
2021-03-29,0.6501865386962891,0.6501865386962891,0.6501865386962891,0.6501865386962891,443
2021-03-30,0.6501865386962891,0.6501865386962891,0.6501865386962891,0.6501865386962891,2448
2021-03-31,0.6682476997375488,0.6682476997375488,0.6682476997375488,0.6682476997375488,1121
2021-04-05,0.6772783398628235,0.6772783398628235,0.6772783398628235,0.6772783398628235,613
2021-04-06,0.6321263909339905,0.6321263909339905,0.6321263909339905,0.6321263909339905,663
2021-04-07,0.6682476997375488,0.6682476997375488,0.6682476997375488,0.6682476997375488,483
2021-04-08,0.6863088011741638,0.6863088011741638,0.6863088011741638,0.6863088011741638,6544
2021-04-09,0.6863088011741638,0.6863088011741638,0.6863088011741638,0.6863088011741638,1063
2021-04-12,0.6863088011741638,0.6863088011741638,0.6863088011741638,0.6863088011741638,2580
2021-04-13,0.6854051947593689,0.6854051947593689,0.6854051947593689,0.6854051947593689,1668
2021-04-14,0.8127338886260986,0.8127338886260986,0.8127338886260986,0.8127338886260986,791
2021-04-15,0.8127338886260986,0.8127338886260986,0.8127338886260986,0.8127338886260986,350787
2021-04-16,0.8217644095420837,0.8217644095420837,0.8217644095420837,0.8217644095420837,832
2021-04-20,0.8217644095420837,0.8217644095420837,0.8217644095420837,0.8217644095420837,0
2021-04-21,0.8217644095420837,0.8217644095420837,0.8217644095420837,0.8217644095420837,0
2021-04-22,0.8669164180755615,0.8669164180755615,0.8669164180755615,0.8669164180755615,1601
2021-04-23,0.9165835380554199,0.9165835380554199,0.9165835380554199,0.9165835380554199,2707
2021-04-26,0.9752803444862366,0.9752803444862366,0.9752803444862366,0.9752803444862366,9007
2021-04-27,1.0827425718307495,1.0827425718307495,1.0827425718307495,1.0827425718307495,5474
2021-04-28,1.1513725519180298,1.1513725519180298,1.1513725519180298,1.1513725519180298,23265
2021-04-29,1.1739490032196045,1.1739490032196045,1.1739490032196045,1.1739490032196045,613
2021-04-30,1.0836451053619385,1.0836451053619385,1.0836451053619385,1.0836451053619385,437
2021-05-03,1.16943359375,1.16943359375,1.16943359375,1.16943359375,2219
2021-05-04,1.1829795837402344,1.1829795837402344,1.1829795837402344,1.1829795837402344,6898
2021-05-05,1.3094046115875244,1.3094046115875244,1.3094046115875244,1.3094046115875244,1702
2021-05-06,1.397902011871338,1.397902011871338,1.397902011871338,1.397902011871338,1524
2021-05-07,1.6688134670257568,1.6688134670257568,1.6688134670257568,1.6688134670257568,7597
2021-05-10,1.7500876188278198,1.7500876188278198,1.7500876188278198,1.7500876188278198,540592
2021-05-11,1.6164371967315674,1.6164371967315674,1.6164371967315674,1.6164371967315674,62611
2021-05-12,1.5351639986038208,1.5351639986038208,1.5351639986038208,1.5351639986038208,2374757
2021-05-13,1.4665330648422241,1.4665330648422241,1.4665330648422241,1.4665330648422241,1088197
2021-05-14,1.6236615180969238,1.6236615180969238,1.6236615180969238,1.6236615180969238,1192244
2021-05-17,1.7139652967453003,1.7139652967453003,1.7139652967453003,1.7139652967453003,384
2021-05-18,1.6254677772521973,1.6254677772521973,1.6254677772521973,1.6254677772521973,528
2021-05-19,1.6254677772521973,1.6254677772521973,1.6254677772521973,1.6254677772521973,1278
2021-05-20,1.6254677772521973,1.6254677772521973,1.6254677772521973,1.6254677772521973,230552
2021-05-21,1.7157716751098633,1.7157716751098633,1.7157716751098633,1.7157716751098633,1132
2021-05-25,1.6706197261810303,1.6706197261810303,1.6706197261810303,1.6706197261810303,521
2021-05-26,1.6227587461471558,1.6227587461471558,1.6227587461471558,1.6227587461471558,225352
2021-05-27,1.4457629919052124,1.4457629919052124,1.4457629919052124,1.4457629919052124,2102
2021-05-28,1.6155346632003784,1.6155346632003784,1.6155346632003784,1.6155346632003784,220
2021-05-31,1.5848312377929688,1.5848312377929688,1.5848312377929688,1.5848312377929688,281
2021-06-01,1.5351639986038208,1.5351639986038208,1.5351639986038208,1.5351639986038208,634
2021-06-02,1.4439574480056763,1.4439574480056763,1.4439574480056763,1.4439574480056763,12315
2021-06-03,1.5333579778671265,1.5333579778671265,1.5333579778671265,1.5333579778671265,6469
2021-06-04,1.5252307653427124,1.5252307653427124,1.5252307653427124,1.5252307653427124,650
2021-06-07,1.5324550867080688,1.5324550867080688,1.5324550867080688,1.5324550867080688,1406
2021-06-08,1.4448602199554443,1.4448602199554443,1.4448602199554443,1.4448602199554443,1019
2021-06-09,1.3997085094451904,1.3997085094451904,1.3997085094451904,1.3997085094451904,2317
2021-06-10,1.354556679725647,1.354556679725647,1.354556679725647,1.354556679725647,360258
2021-06-11,1.3726176023483276,1.3726176023483276,1.3726176023483276,1.3726176023483276,1040
2021-06-15,1.5162001848220825,1.5162001848220825,1.5162001848220825,1.5162001848220825,1076
2021-06-16,1.4990426301956177,1.4990426301956177,1.4990426301956177,1.4990426301956177,865
2021-06-17,1.4891093969345093,1.4891093969345093,1.4891093969345093,1.4891093969345093,499
2021-06-18,1.4854968786239624,1.4854968786239624,1.4854968786239624,1.4854968786239624,606
2021-06-21,1.462921380996704,1.462921380996704,1.462921380996704,1.462921380996704,2086
2021-06-22,1.4448602199554443,1.4448602199554443,1.4448602199554443,1.4448602199554443,947
2021-06-23,1.4448602199554443,1.4448602199554443,1.4448602199554443,1.4448602199554443,59380
2021-06-25,1.480981707572937,1.480981707572937,1.480981707572937,1.480981707572937,1804
2021-06-29,1.4746609926223755,1.4746609926223755,1.4746609926223755,1.4746609926223755,471033
2021-06-30,1.4990426301956177,1.4990426301956177,1.4990426301956177,1.4990426301956177,2352
2021-07-01,1.480981707572937,1.480981707572937,1.480981707572937,1.480981707572937,13966
2021-07-02,1.480981707572937,1.480981707572937,1.480981707572937,1.480981707572937,1816
2021-07-06,1.4764665365219116,1.4764665365219116,1.4764665365219116,1.4764665365219116,617
2021-07-07,1.4042235612869263,1.4042235612869263,1.4042235612869263,1.4042235612869263,1420
2021-07-08,1.3997085094451904,1.3997085094451904,1.3997085094451904,1.3997085094451904,273
2021-07-09,1.3997085094451904,1.3997085094451904,1.3997085094451904,1.3997085094451904,2844
2021-07-12,1.3997085094451904,1.3997085094451904,1.3997085094451904,1.3997085094451904,1456
2021-07-13,1.4900121688842773,1.4900121688842773,1.4900121688842773,1.4900121688842773,40257
2021-07-14,1.5487099885940552,1.5487099885940552,1.5487099885940552,1.5487099885940552,876
2021-07-15,1.8512271642684937,1.8512271642684937,1.8512271642684937,1.8512271642684937,4528
2021-07-16,1.8494219779968262,1.8494219779968262,1.8494219779968262,1.8494219779968262,1886
2021-07-19,1.6706197261810303,1.6706197261810303,1.6706197261810303,1.6706197261810303,384
2021-07-20,1.7609235048294067,1.7609235048294067,1.7609235048294067,1.7609235048294067,2215
2021-07-21,1.6254677772521973,1.6254677772521973,1.6254677772521973,1.6254677772521973,1239
2021-07-22,1.7157716751098633,1.7157716751098633,1.7157716751098633,1.7157716751098633,3453
2021-07-23,1.8963792324066162,1.8963792324066162,1.8963792324066162,1.8963792324066162,749
2021-07-26,1.9189554452896118,1.9189554452896118,1.9189554452896118,1.9189554452896118,3502
2021-07-27,1.8232330083847046,1.8232330083847046,1.8232330083847046,1.8232330083847046,12765
2021-07-28,1.7157716751098633,1.7157716751098633,1.7157716751098633,1.7157716751098633,1570
2021-07-29,1.7157716751098633,1.7157716751098633,1.7157716751098633,1.7157716751098633,360041
2021-07-30,1.8512271642684937,1.8512271642684937,1.8512271642684937,1.8512271642684937,1833
2021-08-02,1.8963792324066162,1.8963792324066162,1.8963792324066162,1.8963792324066162,6073
2021-08-03,2.031834602355957,2.031834602355957,2.031834602355957,2.031834602355957,1626
2021-08-04,1.9866828918457031,1.9866828918457031,1.9866828918457031,1.9866828918457031,1654
2021-08-05,1.9866828918457031,1.9866828918457031,1.9866828918457031,1.9866828918457031,497
2021-08-06,1.9866828918457031,1.9866828918457031,1.9866828918457031,1.9866828918457031,544
2021-08-09,1.9415310621261597,1.9415310621261597,1.9415310621261597,1.9415310621261597,1675
2021-08-10,1.9866828918457031,1.9866828918457031,1.9866828918457031,1.9866828918457031,2929
2021-08-11,1.9866828918457031,1.9866828918457031,1.9866828918457031,1.9866828918457031,485
2021-08-12,1.9415310621261597,1.9415310621261597,1.9415310621261597,1.9415310621261597,1654
2021-08-13,1.9415310621261597,1.9415310621261597,1.9415310621261597,1.9415310621261597,1204
2021-08-16,1.9415310621261597,1.9415310621261597,1.9415310621261597,1.9415310621261597,748
2021-08-17,1.9415310621261597,1.9415310621261597,1.9415310621261597,1.9415310621261597,130
2021-08-18,1.9415310621261597,1.9415310621261597,1.9415310621261597,1.9415310621261597,1662
2021-08-19,2.212442636489868,2.212442636489868,2.212442636489868,2.212442636489868,2974
2021-08-20,2.257594108581543,2.257594108581543,2.257594108581543,2.257594108581543,30736
2021-08-23,2.253079891204834,2.253079891204834,2.253079891204834,2.253079891204834,31810
2021-08-24,2.167290210723877,2.167290210723877,2.167290210723877,2.167290210723877,2337
2021-08-25,2.162776231765747,2.162776231765747,2.162776231765747,2.162776231765747,549687
2021-08-26,2.1131091117858887,2.1131091117858887,2.1131091117858887,2.1131091117858887,562180
2021-08-27,2.0769870281219482,2.0769870281219482,2.0769870281219482,2.0769870281219482,557781
2021-08-30,1.9866828918457031,1.9866828918457031,1.9866828918457031,1.9866828918457031,551415
2021-08-31,1.9866828918457031,1.9866828918457031,1.9866828918457031,1.9866828918457031,594407
2021-09-01,2.0769870281219482,2.0769870281219482,2.0769870281219482,2.0769870281219482,899
2021-09-02,2.0760841369628906,2.0760841369628906,2.0760841369628906,2.0760841369628906,224
2021-09-03,2.0760841369628906,2.0760841369628906,2.0760841369628906,2.0760841369628906,887
2021-09-06,1.9866828918457031,1.9866828918457031,1.9866828918457031,1.9866828918457031,1152
2021-09-07,1.8963792324066162,1.8963792324066162,1.8963792324066162,1.8963792324066162,740
2021-09-08,1.9442399740219116,1.9442399740219116,1.9442399740219116,1.9442399740219116,2816
2021-09-09,1.9866828918457031,1.9866828918457031,1.9866828918457031,1.9866828918457031,367549
2021-09-10,1.9866828918457031,1.9866828918457031,1.9866828918457031,1.9866828918457031,273
2021-09-13,1.9686225652694702,1.9686225652694702,1.9686225652694702,1.9686225652694702,298388
2021-09-14,1.9406284093856812,1.9406284093856814,1.9406284093856814,1.9406284093856814,638
2021-09-15,1.9406284093856812,1.9406284093856814,1.9406284093856814,1.9406284093856814,347
2021-09-16,1.9054096937179565,1.9054096937179565,1.9054096937179565,1.9054096937179565,190
2021-09-17,1.9315978288650513,1.9315978288650515,1.9315978288650515,1.9315978288650515,3097
2021-09-20,1.8512271642684937,1.8512271642684937,1.8512271642684937,1.8512271642684937,1109
2021-09-21,1.8060753345489502,1.8060753345489502,1.8060753345489502,1.8060753345489502,9905
2021-09-22,1.7970448732376099,1.7970448732376099,1.7970448732376099,1.7970448732376099,105301
2021-09-23,1.7880151271820068,1.7880151271820068,1.7880151271820068,1.7880151271820068,225
2021-09-24,1.8512271642684937,1.8512271642684937,1.8512271642684937,1.8512271642684937,1473
2021-09-27,2.0769870281219482,2.0769870281219482,2.0769870281219482,2.0769870281219482,23
2021-09-28,2.0679566860198975,2.0679566860198975,2.0679566860198975,2.0679566860198975,729
2021-09-29,2.077890157699585,2.077890157699585,2.077890157699585,2.077890157699585,1529
2021-10-04,2.0769870281219482,2.0769870281219482,2.0769870281219482,2.0769870281219482,163
2021-10-05,1.9415310621261597,1.9415310621261597,1.9415310621261597,1.9415310621261597,813
2021-10-06,1.8963792324066162,1.8963792324066162,1.8963792324066162,1.8963792324066162,151
2021-10-07,1.8512271642684937,1.8512271642684937,1.8512271642684937,1.8512271642684937,1841
2021-10-08,1.8512271642684937,1.8512271642684937,1.8512271642684937,1.8512271642684937,775
2021-10-11,1.8512271642684937,1.8512271642684937,1.8512271642684937,1.8512271642684937,1159
2021-10-13,1.8060753345489502,1.8060753345489502,1.8060753345489502,1.8060753345489502,1320
2021-10-14,1.82413649559021,1.82413649559021,1.82413649559021,1.82413649559021,59
2021-10-15,1.7970448732376099,1.7970448732376099,1.7970448732376099,1.7970448732376099,1877
2021-10-18,1.7248022556304932,1.7248022556304932,1.7248022556304932,1.7248022556304932,4245
2021-10-19,1.7248022556304932,1.7248022556304932,1.7248022556304932,1.7248022556304932,0
2021-10-20,1.7157716751098633,1.7157716751098633,1.7157716751098633,1.7157716751098633,6208
2021-10-21,1.7609235048294067,1.7609235048294067,1.7609235048294067,1.7609235048294067,462980
2021-10-22,1.9866828918457031,1.9866828918457031,1.7609234527328255,1.7609234527328255,659
2021-10-25,1.7609235048294067,1.7609235048294067,1.7609235048294067,1.7609235048294067,32970
2021-10-26,1.68868088722229,1.68868088722229,1.68868088722229,1.68868088722229,1002
2021-10-27,1.5803160667419434,1.5803160667419434,1.5803160667419434,1.5803160667419434,5463
2021-10-28,1.5532252788543701,1.5532252788543701,1.5532252788543701,1.5532252788543701,16543
2021-10-29,1.5080732107162476,1.5080732107162476,1.5080732107162476,1.5080732107162476,468
2021-11-02,1.7157716751098633,1.7157716751098633,1.7157716751098633,1.7157716751098633,19176
2021-11-03,1.6706197261810303,1.6706197261810303,1.6706197261810303,1.6706197261810303,2239
2021-11-04,1.6254677772521973,1.6254677772521973,1.6254677772521973,1.6254677772521973,41616
2021-11-05,1.8873494863510132,1.8873494863510132,1.8873494863510132,1.8873494863510132,1350
2021-11-08,1.8873494863510132,1.8873494863510132,1.8873494863510132,1.8873494863510132,1489
2021-11-09,1.8060753345489502,1.8060753345489502,1.8060753345489502,1.8060753345489502,1015
2021-11-10,1.8060753345489502,1.8060753345489502,1.8060753345489502,1.8060753345489502,1227
2021-11-11,1.8060753345489502,1.8060753345489502,1.8060753345489502,1.8060753345489502,935
2021-11-12,1.9144401550292969,1.9144401550292969,1.9144401550292969,1.9144401550292969,25765
2021-11-15,1.9325013160705566,1.9325013160705566,1.9325013160705566,1.9325013160705566,40786
2021-11-16,1.9325013160705566,1.9325013160705566,1.9325013160705566,1.9325013160705566,0
2021-11-17,1.8060753345489502,1.8060753345489502,1.8060753345489502,1.8060753345489502,1839
2021-11-18,1.8060753345489502,1.8060753345489502,1.8060753345489502,1.8060753345489502,1376
2021-11-19,1.8060753345489502,1.8060753345489502,1.8060753345489502,1.8060753345489502,501805
2021-11-23,1.8512271642684937,1.8512271642684937,1.8512271642684937,1.8512271642684937,826310
2021-11-24,1.8060753345489502,1.8060753345489502,1.8060753345489502,1.8060753345489502,1279
2021-11-25,1.8060753345489502,1.8060753345489502,1.8060753345489502,1.8060753345489502,1874
2021-11-26,1.8512271642684937,1.8512271642684937,1.8512271642684937,1.8512271642684937,14666
2021-11-29,1.9505616426467896,1.9505616426467896,1.9505616426467896,1.9505616426467896,115
2021-11-30,1.9866828918457031,1.9866828918457031,1.9866828918457031,1.9866828918457031,439536
2021-12-01,2.004744052886963,2.004744052886963,2.004744052886963,2.004744052886963,661
2021-12-02,1.9866828918457031,1.9866828918457031,1.9866828918457031,1.9866828918457031,52717
2021-12-03,1.9686225652694702,1.9686225652694702,1.9686225652694702,1.9686225652694702,156
2021-12-06,1.869288444519043,1.869288444519043,1.869288444519043,1.869288444519043,905
2021-12-07,1.8060753345489502,1.8060753345489502,1.8060753345489502,1.8060753345489502,405
2021-12-08,1.7609235048294067,1.7609235048294067,1.7609235048294067,1.7609235048294067,1310
2021-12-09,1.6706197261810303,1.6706197261810303,1.6706197261810303,1.6706197261810303,5516
2021-12-10,1.7880151271820068,1.7880151271820068,1.7880151271820068,1.7880151271820068,330
2021-12-14,1.7609235048294067,1.7609235048294067,1.7609235048294067,1.7609235048294067,916
2021-12-15,1.7157716751098633,1.7157716751098633,1.7157716751098633,1.7157716751098633,1241
2021-12-16,1.6344983577728271,1.6344983577728271,1.6344983577728271,1.6344983577728271,1945
2021-12-17,1.6254677772521973,1.6254677772521973,1.6254677772521973,1.6254677772521973,3849
2021-12-20,1.6254677772521973,1.6254677772521973,1.6254677772521973,1.6254677772521973,1833
2021-12-21,1.652559518814087,1.652559518814087,1.652559518814087,1.652559518814087,7612
2021-12-22,1.652559518814087,1.652559518814087,1.652559518814087,1.652559518814087,14485
2021-12-23,1.652559518814087,1.652559518814087,1.652559518814087,1.652559518814087,165
2021-12-27,1.6706197261810303,1.6706197261810303,1.6706197261810303,1.6706197261810303,916
2021-12-28,1.607407569885254,1.607407569885254,1.607407569885254,1.607407569885254,1652
2021-12-29,1.607407569885254,1.607407569885254,1.607407569885254,1.607407569885254,2747
2021-12-30,1.6254677772521973,1.6254677772521973,1.6254677772521973,1.6254677772521973,4291
2022-01-03,1.6254677772521973,1.6254677772521973,1.6254677772521973,1.6254677772521973,2630
2022-01-04,1.6254677772521973,1.6254677772521973,1.6254677772521973,1.6254677772521973,684
2022-01-05,1.5803160667419434,1.5803160667419434,1.5803160667419434,1.5803160667419434,2053
2022-01-06,1.7157716751098633,1.7157716751098633,1.7157716751098633,1.7157716751098633,5817
2022-01-07,1.7609235048294067,1.7609235048294067,1.7609235048294067,1.7609235048294067,291
2022-01-11,1.7609235048294067,1.7609235048294067,1.7609235048294067,1.7609235048294067,259
2022-01-12,1.7157716751098633,1.7157716751098633,1.7157716751098633,1.7157716751098633,294
2022-01-13,1.6706197261810303,1.6706197261810303,1.6706197261810303,1.6706197261810303,775
2022-01-14,1.6796503067016602,1.6796503067016602,1.6796503067016602,1.6796503067016602,413
2022-01-18,1.6706197261810303,1.6706197261810303,1.6706197261810303,1.6706197261810303,256
2022-01-19,1.6706197261810303,1.6706197261810303,1.6706197261810303,1.6706197261810303,0
2022-01-20,1.6706197261810303,1.6706197261810303,1.6706197261810303,1.6706197261810303,83
2022-01-21,1.6254677772521973,1.6254677772521973,1.6254677772521973,1.6254677772521973,18809
2022-01-24,1.5441946983337402,1.5441946983337402,1.5441946983337402,1.5441946983337402,640575
2022-01-25,1.66158926486969,1.66158926486969,1.66158926486969,1.66158926486969,644571
2022-01-26,1.6254677772521973,1.6254677772521973,1.6254677772521973,1.6254677772521973,644473
2022-01-27,1.6254677772521973,1.6254677772521973,1.6254677772521973,1.6254677772521973,641262
2022-01-28,1.6254677772521973,1.6254677772521973,1.6254677772521973,1.6254677772521973,643336
2022-01-31,1.6254677772521973,1.6254677772521973,1.6254677772521973,1.6254677772521973,3118
2022-02-01,1.66158926486969,1.66158926486969,1.66158926486969,1.66158926486969,66378
2022-02-02,1.6254677772521973,1.6254677772521973,1.6254677772521973,1.6254677772521973,344
2022-02-03,1.5351639986038208,1.5351639986038208,1.5351639986038208,1.5351639986038208,1823
2022-02-04,1.4900121688842773,1.4900121688842773,1.4900121688842773,1.4900121688842773,321
2022-02-07,1.5351639986038208,1.5351639986038208,1.5351639986038208,1.5351639986038208,2207
2022-02-08,1.5261335372924805,1.5261335372924805,1.5261335372924805,1.5261335372924805,1084
2022-02-09,1.5351639986038208,1.5351639986038208,1.5351639986038208,1.5351639986038208,252
2022-02-10,1.5351639986038208,1.5351639986038208,1.5351639986038208,1.5351639986038208,822
2022-02-11,1.5351639986038208,1.5351639986038208,1.5351639986038208,1.5351639986038208,917
2022-02-14,1.5712854862213135,1.5712854862213135,1.5712854862213135,1.5712854862213135,152
2022-02-15,1.5261335372924805,1.5261335372924805,1.5261335372924805,1.5261335372924805,3413
2022-02-16,1.5351639986038208,1.5351639986038208,1.5351639986038208,1.5351639986038208,3180
2022-02-17,1.5712854862213135,1.5712854862213135,1.5712854862213135,1.5712854862213135,4405
2022-02-18,1.5893465280532837,1.5893465280532837,1.5893465280532837,1.5893465280532837,2470
2022-02-21,1.5803160667419434,1.5803160667419434,1.5803160667419434,1.5803160667419434,701
2022-02-22,1.5441946983337402,1.5441946983337402,1.5441946983337402,1.5441946983337402,3714
2022-02-23,1.5622557401657104,1.5622557401657104,1.5622557401657104,1.5622557401657104,23423
2022-02-24,1.5893465280532837,1.5893465280532837,1.5893465280532837,1.5893465280532837,1544
2022-02-25,1.5983771085739136,1.5983771085739136,1.5983771085739136,1.5983771085739136,181
2022-03-02,1.5983771085739136,1.5983771085739136,1.5983771085739136,1.5983771085739136,193220
2022-03-03,1.5803160667419434,1.5803160667419434,1.5803160667419434,1.5803160667419434,824
2022-03-04,1.6435288190841675,1.6435288190841675,1.6435288190841675,1.6435288190841675,1245
2022-03-07,1.6344983577728271,1.6344983577728271,1.6344983577728271,1.6344983577728271,19401
2022-03-08,1.6435288190841675,1.6435288190841675,1.6435288190841675,1.6435288190841675,852
2022-03-09,1.6344983577728271,1.6344983577728271,1.6344983577728271,1.6344983577728271,311
2022-03-10,1.5803160667419434,1.5803160667419434,1.5803160667419434,1.5803160667419434,1113
2022-03-11,1.6254677772521973,1.6254677772521973,1.6254677772521973,1.6254677772521973,778
2022-03-14,1.4448602199554443,1.4448602199554443,1.4448602199554443,1.4448602199554443,311
2022-03-15,1.6164371967315674,1.6164371967315674,1.6164371967315674,1.6164371967315674,643
2022-03-16,1.6977113485336304,1.6977113485336304,1.6977113485336304,1.6977113485336304,4731
2022-03-17,1.6254677772521973,1.6254677772521973,1.6254677772521973,1.6254677772521973,1986
2022-03-18,1.6977113485336304,1.6977113485336304,1.6977113485336304,1.6977113485336304,190686
2022-03-21,1.6254677772521973,1.6254677772521973,1.6254677772521973,1.6254677772521973,764
2022-03-22,1.6254677772521973,1.6254677772521973,1.6254677772521973,1.6254677772521973,403
2022-03-23,1.6254677772521973,1.6254677772521973,1.6254677772521973,1.6254677772521973,3126
2022-03-24,1.66158926486969,1.66158926486969,1.66158926486969,1.66158926486969,51
2022-03-25,1.652559518814087,1.652559518814087,1.652559518814087,1.652559518814087,981
2022-03-28,1.6435288190841675,1.6435288190841675,1.6435288190841675,1.6435288190841675,503
2022-03-29,1.6254677772521973,1.6254677772521973,1.6254677772521973,1.6254677772521973,1470
2022-03-30,1.6254677772521973,1.6254677772521973,1.6254677772521973,1.6254677772521973,581
2022-03-31,1.6254677772521973,1.6254677772521973,1.6254677772521973,1.6254677772521973,542
2022-04-01,1.7518929243087769,1.7518929243087769,1.7518929243087769,1.7518929243087769,2358
2022-04-04,1.7518929243087769,1.7518929243087769,1.7518929243087769,1.7518929243087769,937
2022-04-05,1.7157716751098633,1.7157716751098633,1.7157716751098633,1.7157716751098633,4729
2022-04-06,1.7157716751098633,1.7157716751098633,1.7157716751098633,1.7157716751098633,15635
2022-04-07,1.6706197261810303,1.6706197261810303,1.6706197261810303,1.6706197261810303,1406
2022-04-08,1.6796503067016602,1.6796503067016602,1.6796503067016602,1.6796503067016602,31007
2022-04-11,1.6254677772521973,1.6254677772521973,1.6254677772521973,1.6254677772521973,835690
2022-04-12,1.7157716751098633,1.7157716751098633,1.7157716751098633,1.7157716751098633,818949
2022-04-13,1.8060753345489502,1.8060753345489502,1.8060753345489502,1.8060753345489502,810502
2022-04-18,1.8060753345489502,1.8060753345489502,1.8060753345489502,1.8060753345489502,810478
2022-04-20,1.8060753345489502,1.8060753345489502,1.8060753345489502,1.8060753345489502,811512
2022-04-21,1.82413649559021,1.82413649559021,1.82413649559021,1.82413649559021,2360
2022-04-22,1.82413649559021,1.82413649559021,1.82413649559021,1.82413649559021,1239
2022-04-25,1.8060753345489502,1.8060753345489502,1.8060753345489502,1.8060753345489502,1019
2022-04-26,1.7609235048294067,1.7609235048294067,1.7609235048294067,1.7609235048294067,1033
2022-04-27,1.7157716751098633,1.7157716751098633,1.7157716751098633,1.7157716751098633,127
2022-04-28,1.66158926486969,1.66158926486969,1.66158926486969,1.66158926486969,2802
2022-04-29,1.7157716751098633,1.7157716751098633,1.7157716751098633,1.7157716751098633,6614
2022-05-02,1.733832836151123,1.733832836151123,1.733832836151123,1.733832836151123,2862
2022-05-03,1.7699542045593262,1.7699542045593262,1.7699542045593262,1.7699542045593262,22540
2022-05-04,1.7518929243087769,1.7518929243087769,1.7518929243087769,1.7518929243087769,32120
2022-05-05,1.7518929243087769,1.7518929243087769,1.7518929243087769,1.7518929243087769,240
2022-05-06,1.7518929243087769,1.7518929243087769,1.7518929243087769,1.7518929243087769,17750
2022-05-09,1.742863416671753,1.742863416671753,1.742863416671753,1.742863416671753,2947
2022-05-10,1.66158926486969,1.66158926486969,1.66158926486969,1.66158926486969,1629
2022-05-11,1.66158926486969,1.66158926486969,1.66158926486969,1.66158926486969,1317
2022-05-12,1.6706197261810303,1.6706197261810303,1.6706197261810303,1.6706197261810303,1175
2022-05-13,1.6977113485336304,1.6977113485336304,1.6977113485336304,1.6977113485336304,577
2022-05-16,1.6977113485336304,1.6977113485336304,1.6977113485336304,1.6977113485336304,1152098
2022-05-17,1.68868088722229,1.68868088722229,1.68868088722229,1.68868088722229,1049436
2022-05-18,1.6706197261810303,1.6706197261810303,1.6706197261810303,1.6706197261810303,2696
2022-05-19,1.7067410945892334,1.7067410945892334,1.7067410945892334,1.7067410945892334,741
2022-05-20,1.7067410945892334,1.7067410945892334,1.7067410945892334,1.7067410945892334,0
2022-05-23,1.7157716751098633,1.7157716751098633,1.7157716751098633,1.7157716751098633,2306
2022-05-24,1.7157716751098633,1.7157716751098633,1.7157716751098633,1.7157716751098633,905
2022-05-25,1.7157716751098633,1.7157716751098633,1.7157716751098633,1.7157716751098633,1118148
2022-05-26,1.7609235048294067,1.7609235048294067,1.7609235048294067,1.7609235048294067,1443
2022-05-27,1.7157716751098633,1.7157716751098633,1.7157716751098633,1.7157716751098633,2015
2022-05-31,1.7157716751098633,1.7157716751098633,1.7157716751098633,1.7157716751098633,395
2022-06-01,1.7067410945892334,1.7067410945892334,1.7067410945892334,1.7067410945892334,1112
2022-06-02,1.5893465280532837,1.5893465280532837,1.5893465280532837,1.5893465280532837,5434
2022-06-03,1.6254677772521973,1.6254677772521973,1.6254677772521973,1.6254677772521973,1691
2022-06-06,1.6706197261810303,1.6706197261810303,1.6706197261810303,1.6706197261810303,1435334
2022-06-07,1.7157716751098633,1.7157716751098633,1.7157716751098633,1.7157716751098633,580894
2022-06-08,1.7157716751098633,1.7157716751098633,1.7157716751098633,1.7157716751098633,102188
2022-06-09,1.7157716751098633,1.7157716751098633,1.7157716751098633,1.7157716751098633,5838
2022-06-10,1.7248022556304932,1.7248022556304932,1.7248022556304932,1.7248022556304932,659
2022-06-14,1.7248022556304932,1.7248022556304932,1.7248022556304932,1.7248022556304932,2731
2022-06-15,1.7157716751098633,1.7157716751098633,1.7157716751098633,1.7157716751098633,3190
2022-06-16,1.6706197261810303,1.6706197261810303,1.6706197261810303,1.6706197261810303,6326
2022-06-17,1.8783189058303833,1.8783189058303833,1.8783189058303833,1.8783189058303833,3445
2022-06-21,1.8873494863510132,1.8873494863510132,1.8873494863510132,1.8873494863510132,16081
2022-06-22,2.212442636489868,2.212442636489868,2.212442636489868,2.212442636489868,625758
2022-06-23,2.212442636489868,2.212442636489868,2.212442636489868,2.212442636489868,0
2022-06-27,2.4743237495422363,2.4743237495422363,2.4743237495422363,2.4743237495422363,144460
2022-06-28,2.2485647201538086,2.2485647201538086,2.2485647201538086,2.2485647201538086,1184
2022-06-29,2.2305033206939697,2.2305033206939697,2.2305033206939697,2.2305033206939697,26719
2022-06-30,2.1582610607147217,2.1582610607147217,2.1582610607147217,2.1582610607147217,3165
2022-07-01,2.0769870281219482,2.0769870281219482,2.0769870281219482,2.0769870281219482,469
2022-07-06,2.140199661254883,2.140199661254883,2.140199661254883,2.140199661254883,170
2022-07-07,2.0769870281219482,2.0769870281219482,2.0769870281219482,2.0769870281219482,813
2022-07-08,1.8963792324066162,1.8963792324066162,1.8963792324066162,1.8963792324066162,13694
2022-07-11,1.9144401550292969,1.9144401550292969,1.9144401550292969,1.9144401550292969,2714
2022-07-12,1.869288444519043,1.869288444519043,1.869288444519043,1.869288444519043,3094
2022-07-13,1.7970448732376099,1.7970448732376099,1.7970448732376099,1.7970448732376099,2475
2022-07-14,1.7970448732376099,1.7970448732376099,1.7970448732376099,1.7970448732376099,736
2022-07-15,1.8963792324066162,1.8963792324066162,1.8963792324066162,1.8963792324066162,26136
2022-07-18,2.0769870281219482,2.0769870281219482,2.0769870281219482,2.0769870281219482,1637
2022-07-19,2.0679566860198975,2.0679566860198975,2.0679566860198975,2.0679566860198975,29673
2022-07-20,2.031834602355957,2.031834602355957,2.031834602355957,2.031834602355957,1829
2022-07-21,2.031834602355957,2.031834602355957,2.031834602355957,2.031834602355957,493
2022-07-22,2.058926820755005,2.058926820755005,2.058926820755005,2.058926820755005,101326
2022-07-25,2.0679566860198975,2.0679566860198975,2.0679566860198975,2.0679566860198975,1091
2022-07-26,2.0679566860198975,2.0679566860198975,2.0679566860198975,2.0679566860198975,991
2022-07-27,2.0679566860198975,2.0679566860198975,2.0679566860198975,2.0679566860198975,5758
2022-07-28,2.058926820755005,2.058926820755005,2.058926820755005,2.058926820755005,111
2022-07-29,2.049896001815796,2.049896001815796,2.049896001815796,2.049896001815796,257448
2022-08-01,2.049896001815796,2.049896001815796,2.049896001815796,2.049896001815796,406
2022-08-02,2.049896001815796,2.049896001815796,2.049896001815796,2.049896001815796,590
2022-08-03,2.049896001815796,2.049896001815796,2.049896001815796,2.049896001815796,2891
2022-08-04,2.058926820755005,2.058926820755005,2.058926820755005,2.058926820755005,21555
2022-08-05,2.08601713180542,2.08601713180542,2.08601713180542,2.08601713180542,1352
2022-08-08,2.09504771232605,2.09504771232605,2.09504771232605,2.09504771232605,98170
2022-08-09,2.2034127712249756,2.2034127712249756,2.2034127712249756,2.2034127712249756,2767
2022-08-10,2.167290210723877,2.167290210723877,2.167290210723877,2.167290210723877,428
2022-08-11,2.167290210723877,2.167290210723877,2.167290210723877,2.167290210723877,368377
2022-08-12,2.185351610183716,2.185351610183716,2.185351610183716,2.185351610183716,51095
2022-08-16,2.167290210723877,2.167290210723877,2.167290210723877,2.167290210723877,587
2022-08-17,2.176320791244507,2.176320791244507,2.176320791244507,2.176320791244507,1021
2022-08-18,2.302746057510376,2.302746057510376,2.302746057510376,2.302746057510376,1440
2022-08-19,2.347898006439209,2.347898006439209,2.347898006439209,2.347898006439209,1343
2022-08-22,2.347898006439209,2.347898006439209,2.347898006439209,2.347898006439209,0
2022-08-23,2.3840203285217285,2.3840203285217285,2.3840203285217285,2.3840203285217285,53132
2022-08-24,2.5736582279205322,2.5736582279205322,2.5736582279205322,2.5736582279205322,369
2022-08-25,3.0522677898406982,3.0522677898406982,3.0522677898406982,3.0522677898406982,1433
2022-08-26,3.205784797668457,3.205784797668457,3.205784797668457,3.205784797668457,44504
2022-08-29,3.0974199771881104,3.0974199771881104,3.0974199771881104,3.0974199771881104,870
2022-08-30,3.079359531402588,3.079359531402588,3.079359531402588,3.079359531402588,2609
2022-08-31,3.070328950881958,3.070328950881958,3.070328950881958,3.070328950881958,1209
2022-09-01,3.0432374477386475,3.0432374477386475,3.0432374477386475,3.0432374477386475,1080
2022-09-02,3.0432374477386475,3.0432374477386475,3.0432374477386475,3.0432374477386475,854
2022-09-05,2.889721393585205,2.889721393585205,2.889721393585205,2.889721393585205,3146
2022-09-06,2.8806910514831543,2.8806910514831543,2.8806910514831543,2.8806910514831543,1351
2022-09-07,2.844569444656372,2.844569444656372,2.844569444656372,2.844569444656372,29
2022-09-08,2.7994179725646973,2.7994179725646973,2.7994179725646973,2.7994179725646973,133
2022-09-09,2.7723262310028076,2.7723262310028076,2.7723262310028076,2.7723262310028076,1811
2022-09-12,2.7091140747070312,2.7091140747070312,2.7091140747070312,2.7091140747070312,289
2022-09-13,2.7000832557678223,2.7000832557678223,2.7000832557678223,2.7000832557678223,115
2022-09-14,2.663961887359619,2.663961887359619,2.663961887359619,2.663961887359619,483
2022-09-15,2.6188101768493652,2.6188101768493652,2.6188101768493652,2.6188101768493652,513
2022-09-16,2.6188101768493652,2.6188101768493652,2.6188101768493652,2.6188101768493652,424
2022-09-19,2.663961887359619,2.663961887359619,2.663961887359619,2.663961887359619,3111
2022-09-20,2.6188101768493652,2.6188101768493652,2.6188101768493652,2.6188101768493652,1111
2022-09-21,2.6188101768493652,2.6188101768493652,2.6188101768493652,2.6188101768493652,185975
2022-09-22,2.5646274089813232,2.5646274089813232,2.5646274089813232,2.5646274089813232,1253
2022-09-23,2.6188101768493652,2.6188101768493652,2.6188101768493652,2.6188101768493652,20
2022-09-26,2.7091140747070312,2.7091140747070312,2.7091140747070312,2.7091140747070312,1731
2022-09-27,2.6097798347473145,2.6097798347473145,2.6097798347473145,2.6097798347473145,10360
2022-09-28,2.6097798347473145,2.6097798347473145,2.6097798347473145,2.6097798347473145,2966
2022-09-29,2.6188101768493652,2.6188101768493652,2.6188101768493652,2.6188101768493652,1224
2022-09-30,2.6188101768493652,2.6188101768493652,2.6188101768493652,2.6188101768493652,620
2022-10-03,2.6188101768493652,2.6188101768493652,2.6188101768493652,2.6188101768493652,1946
2022-10-04,2.6188101768493652,2.6188101768493652,2.6188101768493652,2.6188101768493652,5855
2022-10-05,2.7994179725646973,2.7994179725646973,2.7994179725646973,2.7994179725646973,2064
2022-10-06,2.844569444656372,2.844569444656372,2.844569444656372,2.844569444656372,2100
2022-10-07,3.115480661392212,3.115480661392212,3.115480661392212,3.115480661392212,983
2022-10-10,3.2689967155456543,3.2689967155456543,3.2689967155456543,3.2689967155456543,600
2022-10-11,3.2689967155456543,3.2689967155456543,3.2689967155456543,3.2689967155456543,1200
2022-10-13,3.2689967155456543,3.2689967155456543,3.2689967155456543,3.2689967155456543,1777
2022-10-14,3.2689967155456543,3.2689967155456543,3.2689967155456543,3.2689967155456543,449
2022-10-17,3.250936508178711,3.250936508178711,3.250936508178711,3.250936508178711,2299
2022-10-18,3.070328950881958,3.070328950881958,3.070328950881958,3.070328950881958,232
2022-10-19,2.980025291442871,2.980025291442871,2.980025291442871,2.980025291442871,61
2022-10-20,2.980025291442871,2.980025291442871,2.980025291442871,2.980025291442871,28
2022-10-21,2.980025291442871,2.980025291442871,2.980025291442871,2.980025291442871,1760
2022-10-25,2.925842761993408,2.925842761993408,2.925842761993408,2.925842761993408,2167
2022-10-26,2.934873580932617,2.934873580932617,2.934873580932617,2.934873580932617,1588
2022-10-27,2.889721393585205,2.889721393585205,2.889721393585205,2.889721393585205,413
2022-10-28,3.025177001953125,3.025177001953125,3.025177001953125,3.025177001953125,1118
2022-11-01,3.025177001953125,3.025177001953125,3.025177001953125,3.025177001953125,11789
2022-11-02,2.970994710922241,2.970994710922241,2.970994710922241,2.970994710922241,1
2022-11-03,2.8806910514831543,2.8806910514831543,2.8806910514831543,2.8806910514831543,420
2022-11-04,2.9619641304016113,2.9619641304016113,2.9619641304016113,2.9619641304016113,3352
2022-11-07,2.9619641304016113,2.9619641304016113,2.9619641304016113,2.9619641304016113,127
2022-11-08,2.980025291442871,2.980025291442871,2.980025291442871,2.980025291442871,1147
2022-11-09,2.9619641304016113,2.9619641304016113,2.9619641304016113,2.9619641304016113,5748
2022-11-10,2.980025291442871,2.980025291442871,2.980025291442871,2.980025291442871,1912
2022-11-11,3.1606333255767822,3.1606333255767822,3.1606333255767822,3.1606333255767822,969
2022-11-14,3.250936508178711,3.250936508178711,3.250936508178711,3.250936508178711,1133
2022-11-15,3.296088457107544,3.296088457107544,3.296088457107544,3.296088457107544,3777
2022-11-16,3.431544542312622,3.431544542312622,3.431544542312622,3.431544542312622,2482
2022-11-17,3.52184796333313,3.52184796333313,3.52184796333313,3.52184796333313,1032
2022-11-18,3.52184796333313,3.52184796333313,3.52184796333313,3.52184796333313,900
2022-11-22,3.874032735824585,3.874032735824585,3.874032735824585,3.874032735824585,979
2022-11-23,3.8650026321411133,3.8650026321411133,3.8650026321411133,3.8650026321411133,1532214
2022-11-24,3.9733667373657227,3.9733667373657227,3.9733667373657227,3.9733667373657227,2166
2022-11-25,4.3345818519592285,4.3345818519592285,4.3345818519592285,4.3345818519592285,673
2022-11-28,4.605493068695068,4.605493068695068,4.605493068695068,4.605493068695068,530
2022-11-29,4.786101818084717,4.786101818084717,4.786101818084717,4.786101818084717,2378
2022-11-30,4.966709136962891,4.966709136962891,4.966709136962891,4.966709136962891,26980
2022-12-01,5.1473164558410645,5.1473164558410645,5.1473164558410645,5.1473164558410645,748
2022-12-02,5.192468643188477,5.192468643188477,5.192468643188477,5.192468643188477,2934
2022-12-05,5.869747161865234,5.869747161865234,5.869747161865234,5.869747161865234,811
2022-12-06,5.869747161865234,5.869747161865234,5.869747161865234,5.869747161865234,8166
2022-12-07,5.869747161865234,5.869747161865234,5.869747161865234,5.869747161865234,138
2022-12-08,5.4182281494140625,5.4182281494140625,5.4182281494140625,5.4182281494140625,1531639
2022-12-09,5.689138889312744,5.689138889312744,5.689138889312744,5.689138889312744,5731122
2022-12-13,5.77944278717041,5.77944278717041,5.77944278717041,5.77944278717041,1882
2022-12-14,5.77944278717041,5.77944278717041,5.77944278717041,5.77944278717041,885109
2022-12-15,5.7252607345581055,5.7252607345581055,5.7252607345581055,5.7252607345581055,1781
2022-12-16,5.671078205108643,5.671078205108643,5.671078205108643,5.671078205108643,825
2022-12-19,6.005201816558838,6.005201816558838,6.005201816558838,6.005201816558838,37556
2022-12-20,5.734291076660156,5.734291076660156,5.734291076660156,5.734291076660156,67
2022-12-21,5.689138889312744,5.689138889312744,5.689138889312744,5.689138889312744,429
2022-12-22,5.5988359451293945,5.5988359451293945,5.5988359451293945,5.5988359451293945,22
2022-12-23,5.7252607345581055,5.7252607345581055,5.7252607345581055,5.7252607345581055,59
2022-12-26,6.501873016357422,6.501873016357422,6.501873016357422,6.501873016357422,41252
2022-12-27,8.569829940795898,8.569829940795898,8.569829940795898,8.569829940795898,43809
2022-12-28,8.940075874328613,8.940075874328613,8.940075874328613,8.940075874328613,1646
2022-12-29,8.940075874328613,8.940075874328613,8.940075874328613,8.940075874328613,0
2022-12-30,8.940075874328613,8.940075874328613,8.940075874328613,8.940075874328613,0
2023-01-02,8.89492416381836,8.89492416381836,8.89492416381836,8.89492416381836,540
2023-01-03,8.578861236572266,8.578861236572266,8.578861236572266,8.578861236572266,476
2023-01-04,8.03703784942627,8.03703784942627,8.03703784942627,8.03703784942627,1772
2023-01-05,2.167290210723877,2.167290210723877,2.167290210723877,2.167290210723877,1026
2023-01-06,2.1582610607147217,2.1582610607147217,2.1582610607147217,2.1582610607147217,2246
2023-01-10,2.049896001815796,2.049896001815796,2.049896001815796,2.049896001815796,2306
2023-01-11,2.0228054523468018,2.0228054523468018,2.0228054523468018,2.0228054523468018,4632
2023-01-12,1.9686225652694702,1.9686225652694702,1.9686225652694702,1.9686225652694702,6889
2023-01-13,1.9866828918457031,1.9866828918457031,1.9866828918457031,1.9866828918457031,813
2023-01-16,1.8963792324066162,1.8963792324066162,1.8963792324066162,1.8963792324066162,4206
2023-01-17,1.860257625579834,1.8602576255798342,1.8602576255798342,1.8602576255798342,5233
2023-01-18,1.860257625579834,1.8602576255798342,1.8602576255798342,1.8602576255798342,3431
2023-01-19,1.8512271642684937,1.8512271642684937,1.8512271642684937,1.8512271642684937,56831
2023-01-20,1.8512271642684937,1.8512271642684937,1.8512271642684937,1.8512271642684937,1726
2023-01-23,1.68868088722229,1.68868088722229,1.68868088722229,1.68868088722229,7957
2023-01-24,1.6254677772521973,1.6254677772521973,1.6254677772521973,1.6254677772521973,9035
2023-01-25,1.4719518423080444,1.4719518423080444,1.4719518423080444,1.4719518423080444,32315
2023-01-26,1.5441946983337402,1.5441946983337402,1.5441946983337402,1.5441946983337402,86825
2023-01-27,1.6977113485336304,1.6977113485336304,1.6977113485336304,1.6977113485336304,223933
2023-01-30,1.7248022556304932,1.7248022556304932,1.7248022556304932,1.7248022556304932,177475
2023-01-31,1.8873494863510132,1.8873494863510132,1.8873494863510132,1.8873494863510132,15362
2023-02-01,1.8421964645385742,1.8421964645385742,1.8421964645385742,1.8421964645385742,5534
2023-02-02,1.869288444519043,1.869288444519043,1.869288444519043,1.869288444519043,615264
2023-02-03,1.8512271642684937,1.8512271642684937,1.8512271642684937,1.8512271642684937,4008
2023-02-06,1.8060753345489502,1.8060753345489502,1.8060753345489502,1.8060753345489502,88645
2023-02-07,1.8421964645385742,1.8421964645385742,1.8421964645385742,1.8421964645385742,1029343
2023-02-08,1.8873494863510132,1.8873494863510132,1.8873494863510132,1.8873494863510132,7738
2023-02-09,1.869288444519043,1.869288444519043,1.869288444519043,1.869288444519043,10458
2023-02-10,1.8963792324066162,1.8963792324066162,1.8963792324066162,1.8963792324066162,1012238
2023-02-13,1.8963792324066162,1.8963792324066162,1.8963792324066162,1.8963792324066162,10559
2023-02-14,1.8963792324066162,1.8963792324066162,1.8963792324066162,1.8963792324066162,276483
2023-02-15,1.9595919847488403,1.9595919847488403,1.9595919847488403,1.9595919847488403,348373
2023-02-16,1.9595919847488403,1.9595919847488403,1.9595919847488403,1.9595919847488403,1248
2023-02-17,1.8963792324066162,1.8963792324066162,1.8963792324066162,1.8963792324066162,69934
2023-02-22,1.9595919847488403,1.9595919847488403,1.9595919847488403,1.9595919847488403,17691
2023-02-23,1.9776533842086792,1.9776533842086792,1.9776533842086792,1.9776533842086792,117124
2023-02-24,2.257594108581543,2.257594108581543,2.257594108581543,2.257594108581543,60835
2023-02-27,2.4382026195526123,2.4382026195526123,2.4382026195526123,2.4382026195526123,7055150
2023-02-28,2.4201416969299316,2.4201416969299316,2.4201416969299316,2.4201416969299316,6265
2023-03-01,2.3298377990722656,2.3298377990722656,2.3298377990722656,2.3298377990722656,8583
2023-03-02,2.3298377990722656,2.3298377990722656,2.3298377990722656,2.3298377990722656,738
2023-03-03,2.257594108581543,2.257594108581543,2.257594108581543,2.257594108581543,11269
2023-03-06,2.2485647201538086,2.2485647201538086,2.2485647201538086,2.2485647201538086,35532
2023-03-07,2.2305033206939697,2.2305033206939697,2.2305033206939697,2.2305033206939697,2237
2023-03-08,2.2305033206939697,2.2305033206939697,2.2305033206939697,2.2305033206939697,3304
2023-03-09,2.1943819522857666,2.1943819522857666,2.1943819522857666,2.1943819522857666,7574
2023-03-10,2.257594108581543,2.257594108581543,2.257594108581543,2.257594108581543,16546
2023-03-13,2.3388681411743164,2.3388681411743164,2.3388681411743164,2.3388681411743164,15294
2023-03-14,2.347898006439209,2.347898006439209,2.347898006439209,2.347898006439209,25419
2023-03-15,2.257594108581543,2.257594108581543,2.257594108581543,2.257594108581543,18811
2023-03-16,2.2756552696228027,2.2756552696228027,2.2756552696228027,2.2756552696228027,1367
2023-03-17,2.2034127712249756,2.2034127712249756,2.2034127712249756,2.2034127712249756,9
2023-03-20,2.167290210723877,2.167290210723877,2.167290210723877,2.167290210723877,2878
2023-03-21,2.1492302417755127,2.1492302417755127,2.1492302417755127,2.1492302417755127,11516
2023-03-22,2.1492302417755127,2.1492302417755127,2.1492302417755127,2.1492302417755127,6838032
2023-03-23,2.167290210723877,2.167290210723877,2.167290210723877,2.167290210723877,21855
2023-03-24,2.176320791244507,2.176320791244507,2.176320791244507,2.176320791244507,7833
2023-03-27,2.176320791244507,2.176320791244507,2.176320791244507,2.176320791244507,45807
2023-03-28,2.212442636489868,2.212442636489868,2.212442636489868,2.212442636489868,13713
2023-03-29,2.2034127712249756,2.2034127712249756,2.2034127712249756,2.2034127712249756,21364
2023-03-30,2.2034127712249756,2.2034127712249756,2.2034127712249756,2.2034127712249756,34461
2023-03-31,2.212442636489868,2.212442636489868,2.212442636489868,2.212442636489868,1186368
2023-04-03,2.0769870281219482,2.0769870281219482,2.0769870281219482,2.0769870281219482,69202
2023-04-04,2.1582610607147217,2.1582610607147217,2.1582610607147217,2.1582610607147217,781
2023-04-05,2.0769870281219482,2.0769870281219482,2.0769870281219482,2.0769870281219482,2536
2023-04-10,2.0769870281219482,2.0769870281219482,2.0769870281219482,2.0769870281219482,11180
2023-04-11,2.167290210723877,2.167290210723877,2.167290210723877,2.167290210723877,52986
2023-04-12,2.08601713180542,2.08601713180542,2.08601713180542,2.08601713180542,3337
2023-04-13,2.122138500213623,2.122138500213623,2.122138500213623,2.122138500213623,13125
2023-04-14,2.1040782928466797,2.1040782928466797,2.1040782928466797,2.1040782928466797,10636
2023-04-17,2.040865659713745,2.040865659713745,2.040865659713745,2.040865659713745,4691
2023-04-18,2.1131091117858887,2.1131091117858887,2.1131091117858887,2.1131091117858887,47905
2023-04-20,2.167290210723877,2.167290210723877,2.167290210723877,2.167290210723877,105767
2023-04-21,2.2485647201538086,2.2485647201538086,2.2485647201538086,2.2485647201538086,196374
2023-04-24,2.2034127712249756,2.2034127712249756,2.2034127712249756,2.2034127712249756,60857
2023-04-25,2.167290210723877,2.167290210723877,2.167290210723877,2.167290210723877,1266
2023-04-26,2.1582610607147217,2.1582610607147217,2.1582610607147217,2.1582610607147217,46814
2023-04-27,2.1582610607147217,2.1582610607147217,2.1582610607147217,2.1582610607147217,142727
2023-04-28,2.1582610607147217,2.1582610607147217,2.1582610607147217,2.1582610607147217,6083
2023-05-02,2.257594108581543,2.257594108581543,2.257594108581543,2.257594108581543,3486
2023-05-03,2.257594108581543,2.257594108581543,2.257594108581543,2.257594108581543,1268
2023-05-04,2.302746057510376,2.302746057510376,2.302746057510376,2.302746057510376,30344
2023-05-05,2.302746057510376,2.302746057510376,2.302746057510376,2.302746057510376,108917
2023-05-08,2.4382026195526123,2.4382026195526123,2.4382026195526123,2.4382026195526123,8238
2023-05-09,2.5104451179504395,2.5104451179504395,2.5104451179504395,2.5104451179504395,10594
2023-05-10,2.5014147758483887,2.5014147758483887,2.5014147758483887,2.5014147758483887,19362217
2023-05-11,2.4833545684814453,2.4833545684814453,2.4833545684814453,2.4833545684814453,46890
2023-05-12,2.257594108581543,2.257594108581543,2.257594108581543,2.257594108581543,46619
2023-05-15,2.212442636489868,2.212442636489868,2.212442636489868,2.212442636489868,10442
2023-05-16,2.2034127712249756,2.2034127712249756,2.2034127712249756,2.2034127712249756,10785
2023-05-17,2.2034127712249756,2.2034127712249756,2.2034127712249756,2.2034127712249756,1086
2023-05-18,2.185351610183716,2.185351610183716,2.185351610183716,2.185351610183716,35831
2023-05-19,2.185351610183716,2.185351610183716,2.185351610183716,2.185351610183716,3203
2023-05-23,2.140199661254883,2.140199661254883,2.140199661254883,2.140199661254883,1910
2023-05-24,2.1582610607147217,2.1582610607147217,2.1582610607147217,2.1582610607147217,1413
2023-05-25,2.1582610607147217,2.1582610607147217,2.1582610607147217,2.1582610607147217,583150
2023-05-26,2.176320791244507,2.176320791244507,2.176320791244507,2.176320791244507,27109
2023-05-29,2.3930509090423584,2.3930509090423584,2.3930509090423584,2.3930509090423584,1543
2023-05-30,2.167290210723877,2.167290210723877,2.167290210723877,2.167290210723877,13025066
2023-05-31,2.302746057510376,2.302746057510376,2.302746057510376,2.302746057510376,9034
2023-06-01,2.3298377990722656,2.3298377990722656,2.3298377990722656,2.3298377990722656,4918
2023-06-02,2.3659591674804688,2.3659591674804688,2.3659591674804688,2.3659591674804688,3325
2023-06-05,2.3298377990722656,2.3298377990722656,2.3298377990722656,2.3298377990722656,11731
2023-06-06,2.3298377990722656,2.3298377990722656,2.3298377990722656,2.3298377990722656,1889
2023-06-07,2.2937161922454834,2.2937161922454834,2.2937161922454834,2.2937161922454834,54020
2023-06-08,2.311776638031006,2.311776638031006,2.311776638031006,2.311776638031006,11700
2023-06-13,2.2485647201538086,2.2485647201538086,2.2485647201538086,2.2485647201538086,24216
2023-06-14,2.2395341396331787,2.2395341396331787,2.2395341396331787,2.2395341396331787,161534
2023-06-15,2.2395341396331787,2.2395341396331787,2.2395341396331787,2.2395341396331787,12160
2023-06-16,2.302746057510376,2.302746057510376,2.302746057510376,2.302746057510376,13907
2023-06-20,2.302746057510376,2.302746057510376,2.302746057510376,2.302746057510376,77195
2023-06-21,2.2485647201538086,2.2485647201538086,2.2485647201538086,2.2485647201538086,398179
2023-06-22,2.2395341396331787,2.2395341396331787,2.2395341396331787,2.2395341396331787,1157
2023-06-23,2.2034127712249756,2.2034127712249756,2.2034127712249756,2.2034127712249756,162535
2023-06-26,2.212442636489868,2.212442636489868,2.212442636489868,2.212442636489868,5628
2023-06-27,2.176320791244507,2.176320791244507,2.176320791244507,2.176320791244507,73140
2023-06-28,2.257594108581543,2.257594108581543,2.257594108581543,2.257594108581543,5494
2023-06-29,2.302746057510376,2.302746057510376,2.302746057510376,2.302746057510376,564
2023-06-30,2.3749895095825195,2.3749895095825195,2.3749895095825195,2.3749895095825195,1412
2023-07-04,2.347898006439209,2.347898006439209,2.347898006439209,2.347898006439209,36355
2023-07-06,2.167290210723877,2.167290210723877,2.167290210723877,2.167290210723877,10210
2023-07-07,2.2846856117248535,2.2846856117248535,2.2846856117248535,2.2846856117248535,940078
2023-07-10,2.3840203285217285,2.3840203285217285,2.3840203285217285,2.3840203285217285,12477
2023-07-11,2.3749895095825195,2.3749895095825195,2.3749895095825195,2.3749895095825195,31076
2023-07-12,2.266624927520752,2.266624927520752,2.266624927520752,2.266624927520752,13585
2023-07-13,2.3749895095825195,2.3749895095825195,2.3749895095825195,2.3749895095825195,5091
2023-07-14,2.4652934074401855,2.4652934074401855,2.4652934074401855,2.4652934074401855,28146
2023-07-17,2.6188101768493652,2.6188101768493652,2.6188101768493652,2.6188101768493652,62321
2023-07-18,2.6188101768493652,2.6188101768493652,2.6188101768493652,2.6188101768493652,3535
2023-07-19,2.5736582279205322,2.5736582279205322,2.5736582279205322,2.5736582279205322,202270
2023-07-20,2.622079849243164,2.622079849243164,2.622079849243164,2.622079849243164,5734
2023-07-21,2.6128792762756348,2.6128792762756348,2.6128792762756348,2.6128792762756348,12843
2023-07-25,2.5576775074005127,2.5576775074005127,2.5576775074005127,2.5576775074005127,10488
2023-07-26,2.4380745887756348,2.4380745887756348,2.4380745887756348,2.4380745887756348,5101
2023-07-27,2.3920722007751465,2.3920722007751465,2.3920722007751465,2.3920722007751465,3526
2023-07-28,2.3828723430633545,2.3828723430633545,2.3828723430633545,2.3828723430633545,860
2023-07-31,2.465675115585327,2.465675115585327,2.465675115585327,2.465675115585327,1721
2023-08-01,2.4288740158081055,2.4288740158081055,2.4288740158081055,2.4288740158081055,1988
2023-08-02,2.3000693321228027,2.3000693321228027,2.3000693321228027,2.3000693321228027,2456
2023-08-03,2.5576775074005127,2.5576775074005127,2.5576775074005127,2.5576775074005127,5310
2023-08-04,2.4748754501342773,2.4748754501342773,2.4748754501342773,2.4748754501342773,4652
2023-08-07,2.4380745887756348,2.4380745887756348,2.4380745887756348,2.4380745887756348,86584
2023-08-08,2.622079849243164,2.622079849243164,2.622079849243164,2.622079849243164,7844
2023-08-09,2.465675115585327,2.465675115585327,2.465675115585327,2.465675115585327,1161
2023-08-10,2.3920722007751465,2.3920722007751465,2.3920722007751465,2.3920722007751465,13192
2023-08-11,2.4380745887756348,2.4380745887756348,2.4380745887756348,2.4380745887756348,4745
2023-08-15,2.5300772190093994,2.5300772190093994,2.5300772190093994,2.5300772190093994,8730
2023-08-16,2.52087664604187,2.52087664604187,2.52087664604187,2.52087664604187,1790
2023-08-17,2.5300772190093994,2.5300772190093994,2.5300772190093994,2.5300772190093994,2105
2023-08-18,2.658881187438965,2.658881187438965,2.658881187438965,2.658881187438965,2595
2023-08-21,2.6128792762756348,2.6128792762756348,2.6128792762756348,2.6128792762756348,845
2023-08-22,2.566878080368042,2.566878080368042,2.566878080368042,2.566878080368042,31444
2023-08-23,2.566878080368042,2.566878080368042,2.566878080368042,2.566878080368042,4496
2023-08-24,2.5576775074005127,2.5576775074005127,2.5576775074005127,2.5576775074005127,1809
2023-08-25,2.668081283569336,2.668081283569336,2.668081283569336,2.668081283569336,770
2023-08-28,2.668081283569336,2.668081283569336,2.668081283569336,2.668081283569336,8951
2023-08-29,2.6404802799224854,2.6404802799224854,2.6404802799224854,2.6404802799224854,11359
2023-08-30,2.668081283569336,2.668081283569336,2.668081283569336,2.668081283569336,3601
2023-08-31,2.668081283569336,2.668081283569336,2.668081283569336,2.668081283569336,46459
2023-09-01,2.7416834831237793,2.7416834831237793,2.7416834831237793,2.7416834831237793,17707
2023-09-04,2.7416834831237793,2.7416834831237793,2.7416834831237793,2.7416834831237793,7676
2023-09-05,2.732482671737671,2.732482671737671,2.732482671737671,2.732482671737671,10651
2023-09-06,2.732482671737671,2.732482671737671,2.732482671737671,2.732482671737671,8758
2023-09-07,2.7232823371887207,2.7232823371887207,2.7232823371887207,2.7232823371887207,290
2023-09-08,2.7416834831237793,2.7416834831237793,2.7416834831237793,2.7416834831237793,1519
2023-09-12,2.714082717895508,2.714082717895508,2.714082717895508,2.714082717895508,6697
2023-09-13,2.668081283569336,2.668081283569336,2.668081283569336,2.668081283569336,4162
2023-09-14,2.668081283569336,2.668081283569336,2.668081283569336,2.668081283569336,105984
2023-09-15,2.7048821449279785,2.7048821449279785,2.7048821449279785,2.7048821449279785,50891
2023-09-18,2.7048821449279785,2.7048821449279785,2.7048821449279785,2.7048821449279785,2685
2023-09-19,2.668081283569336,2.668081283569336,2.668081283569336,2.668081283569336,2460
2023-09-20,2.668081283569336,2.668081283569336,2.668081283569336,2.668081283569336,2730
2023-09-21,2.668081283569336,2.668081283569336,2.668081283569336,2.668081283569336,17233
2023-09-22,2.5760786533355713,2.5760786533355713,2.5760786533355713,2.5760786533355713,361380
2023-09-25,2.5760786533355713,2.5760786533355713,2.5760786533355713,2.5760786533355713,9033
2023-09-26,2.658881187438965,2.658881187438965,2.658881187438965,2.658881187438965,263581
2023-09-27,2.668081283569336,2.668081283569336,2.668081283569336,2.668081283569336,23591
2023-09-28,2.668081283569336,2.668081283569336,2.668081283569336,2.668081283569336,103947
2023-09-29,2.7600841522216797,2.7600841522216797,2.7600841522216797,2.7600841522216797,141879
2023-10-02,2.8428866863250732,2.8428866863250732,2.8428866863250732,2.8428866863250732,17879
2023-10-03,2.833685874938965,2.833685874938965,2.833685874938965,2.833685874938965,962
2023-10-04,2.8060853481292725,2.8060853481292725,2.8060853481292725,2.8060853481292725,21415
2023-10-05,2.9012069702148438,2.9012069702148438,2.9012069702148438,2.9012069702148438,13380
2023-10-06,2.8916945457458496,2.8916945457458496,2.8916945457458496,2.8916945457458496,2343
2023-10-09,2.9012069702148438,2.9012069702148438,2.9012069702148438,2.9012069702148438,421
2023-10-10,3.1390109062194824,3.1390109062194824,3.1390109062194824,3.1390109062194824,7217
2023-10-11,2.996328592300415,2.996328592300415,2.996328592300415,2.996328592300415,3143
2023-10-13,3.0534017086029053,3.0534017086029053,3.0534017086029053,3.0534017086029053,7608
2023-10-16,3.119986057281494,3.119986057281494,3.119986057281494,3.119986057281494,2331
2023-10-17,3.1390109062194824,3.1390109062194824,3.1390109062194824,3.1390109062194824,8539
2023-10-18,3.2341322898864746,3.2341322898864746,3.2341322898864746,3.2341322898864746,1410
2023-10-19,3.6146185398101807,3.6146185398101807,3.6146185398101807,3.6146185398101807,11332
2023-10-20,3.6621792316436768,3.6621792316436768,3.6621792316436768,3.6621792316436768,36196
2023-10-23,4.423151016235352,4.423151016235352,4.423151016235352,4.423151016235352,5334
2023-10-24,3.8999826908111572,3.8999826908111572,3.8999826908111572,3.8999826908111572,11320
2023-10-25,3.890470266342163,3.890470266342163,3.890470266342163,3.890470266342163,919
2023-10-26,3.890470266342163,3.890470266342163,3.890470266342163,3.890470266342163,15880
2023-10-27,3.7097396850585938,3.7097396850585938,3.7097396850585938,3.7097396850585938,58581
2023-10-31,3.804861307144165,3.804861307144165,3.804861307144165,3.804861307144165,35720
2023-11-01,3.7097396850585938,3.7097396850585938,3.7097396850585938,3.7097396850585938,21670
2023-11-02,3.7002274990081787,3.7002274990081787,3.7002274990081787,3.7002274990081787,17477
2023-11-03,3.7002274990081787,3.7002274990081787,3.7002274990081787,3.7002274990081787,7846
2023-11-07,3.7002274990081787,3.7002274990081787,3.7002274990081787,3.7002274990081787,0
2023-11-08,3.681203842163086,3.681203842163086,3.681203842163086,3.681203842163086,1866
2023-11-09,3.6146185398101807,3.6146185398101807,3.6146185398101807,3.6146185398101807,17456
2023-11-10,3.6336426734924316,3.6336426734924316,3.6336426734924316,3.6336426734924316,2785
2023-11-13,3.329254150390625,3.329254150390625,3.329254150390625,3.329254150390625,20275
2023-11-14,3.6146185398101807,3.6146185398101807,3.6146185398101807,3.6146185398101807,86904
2023-11-15,3.4909605979919434,3.4909605979919434,3.4909605979919434,3.4909605979919434,1471
2023-11-16,3.509984254837036,3.509984254837036,3.509984254837036,3.509984254837036,3960
2023-11-17,3.5575454235076904,3.5575454235076904,3.5575454235076904,3.5575454235076904,1084
2023-11-20,3.5194966793060303,3.5194966793060303,3.5194966793060303,3.5194966793060303,2111
2023-11-21,3.5194966793060303,3.5194966793060303,3.5194966793060303,3.5194966793060303,11500
2023-11-22,3.471935987472534,3.471935987472534,3.471935987472534,3.471935987472534,3474
2023-11-23,3.424375295639038,3.424375295639038,3.424375295639038,3.424375295639038,3700
2023-11-24,3.424375295639038,3.424375295639038,3.424375295639038,3.424375295639038,175497
2023-11-27,3.40535044670105,3.40535044670105,3.40535044670105,3.40535044670105,12973
2023-11-28,3.424375295639038,3.424375295639038,3.424375295639038,3.424375295639038,21350
2023-11-29,3.46242356300354,3.46242356300354,3.46242356300354,3.46242356300354,12850
2023-11-30,3.471935987472534,3.471935987472534,3.471935987472534,3.471935987472534,19092
2023-12-01,3.471935987472534,3.471935987472534,3.471935987472534,3.471935987472534,9080
2023-12-04,3.471935987472534,3.471935987472534,3.471935987472534,3.471935987472534,13111
2023-12-05,3.414863109588623,3.414863109588623,3.414863109588623,3.414863109588623,15373
2023-12-06,3.414863109588623,3.414863109588623,3.414863109588623,3.414863109588623,49510
2023-12-07,3.414863109588623,3.414863109588623,3.414863109588623,3.414863109588623,28159
2023-12-08,3.376814365386963,3.376814365386963,3.376814365386963,3.376814365386963,12007
2023-12-12,3.46242356300354,3.46242356300354,3.46242356300354,3.46242356300354,343
2023-12-13,3.2341322898864746,3.2341322898864746,3.2341322898864746,3.2341322898864746,10096
2023-12-14,3.2341322898864746,3.2341322898864746,3.2341322898864746,3.2341322898864746,10893
2023-12-15,3.1675467491149902,3.1675467491149902,3.1675467491149902,3.1675467491149902,869
2023-12-18,3.1770589351654053,3.1770589351654053,3.0438889428377736,3.1770589351654053,44527
2023-12-19,3.034377098083496,3.167546876541892,3.034377098083496,3.034377098083496,13781
2023-12-20,3.452911138534546,3.452911138534546,3.452911138534546,3.452911138534546,6874
2023-12-21,3.471935987472534,3.471935987472534,3.4529112479742774,3.4529112479742774,823
2023-12-22,3.471935987472534,3.4814483572216623,3.471935987472534,3.471935987472534,2618
2023-12-26,3.6146185398101807,3.6146185398101807,3.4719361633384995,3.4719361633384995,2120
2023-12-27,3.5194966793060303,3.614618333842973,3.5194966793060303,3.614618333842973,1389
2023-12-28,3.5194966793060303,3.5194966793060303,3.5099843096170975,3.5194966793060303,12339
2023-12-29,3.795348882675171,3.795348882675171,3.5194967380083715,3.5194967380083715,1480
2024-01-02,3.795348882675171,3.795348882675171,3.795348882675171,3.795348882675171,2247
2024-01-03,3.7097396850585938,3.7097396850585938,3.7097396850585938,3.7097396850585938,5433
2024-01-04,3.6907153129577637,3.6907153129577637,3.6907153129577637,3.6907153129577637,2029
2024-01-05,3.6051058769226074,3.690714932771124,3.6051058769226074,3.690714932771124,6401
2024-01-08,3.509984254837036,3.509984254837036,3.509984254837036,3.509984254837036,400
2024-01-09,3.424375295639038,3.509984354657549,3.424375295639038,3.509984354657549,3463
2024-01-10,3.386327028274536,3.424375373746144,3.386327028274536,3.424375373746144,2526
2024-01-11,3.329254150390625,3.329254150390625,3.329254150390625,3.329254150390625,36423
2024-01-12,3.329254150390625,3.329254150390625,3.329254150390625,3.329254150390625,3260
2024-01-15,3.5194966793060303,3.6526666779584906,3.5194966793060303,3.3292538240882297,2361
2024-01-16,3.5194966793060303,3.614618333842973,3.42437525169713,3.5194966793060303,18439
2024-01-17,3.4909605979919434,3.519496571544803,3.4909605979919434,3.4909605979919434,178
2024-01-18,3.424375295639038,3.5194967244685453,3.424375295639038,3.424375295639038,89
2024-01-19,3.424375295639038,3.6526667248298557,3.13901078222247,3.424375295639038,500
2024-01-22,3.6146185398101807,3.6146185398101807,3.6146185398101807,3.6146185398101807,10639
2024-01-23,3.5860822200775146,3.6146184221291318,3.5194967652688662,3.5860822200775146,95
2024-01-24,3.4814484119415283,3.4814484119415283,3.4814484119415283,3.4814484119415283,168
2024-01-25,3.376814365386963,3.376814365386963,3.376814365386963,3.376814365386963,33131
2024-01-26,3.2341322898864746,3.3768146635367753,3.2341322898864746,3.2341322898864746,3277
2024-01-29,3.0914499759674072,3.0914499759674072,3.0914499759674072,3.0914499759674072,19316
2024-01-30,3.0914499759674072,3.0914499759674072,3.0914499759674072,3.0914499759674072,0
2024-01-31,3.0914499759674072,3.1770590324426577,3.0914499759674072,3.1770590324426577,9756
2024-02-01,3.1390109062194824,3.1390109062194824,3.1390109062194824,3.1390109062194824,18011
2024-02-02,3.329254150390625,3.329254150390625,3.329254150390625,3.329254150390625,18011
2024-02-05,3.329254150390625,3.3673024982352864,3.319741779769379,3.329254150390625,1211
2024-02-06,3.329254150390625,3.329254150390625,3.329254150390625,3.329254150390625,2541
2024-02-07,3.2341322898864746,3.2341322898864746,3.2341322898864746,3.2341322898864746,140
2024-02-08,3.1770589351654053,3.1770589351654053,3.1770589351654053,3.1770589351654053,1378
2024-02-09,3.2816929817199707,3.329253923878037,3.1675468113118312,3.2816929817199707,80
2024-02-14,3.2341322898864746,3.2341322898864746,3.2341322898864746,3.2341322898864746,54
2024-02-15,3.2246198654174805,3.2341322352997954,3.1865715205284566,3.2341322352997954,3215
2024-02-16,3.2151074409484863,3.2246198106692985,3.2151074409484863,3.2151074409484863,586
2024-02-19,3.1390109062194824,3.1390109062194824,3.1390109062194824,3.1390109062194824,330
2024-02-20,3.1294984817504883,3.1294984817504883,3.1294984817504883,3.1294984817504883,58
2024-02-21,3.081937551498413,3.129498263652393,3.081937551498413,3.081937551498413,5003
2024-02-22,3.081937551498413,3.0914499208572437,3.0724251821395825,3.081937551498413,12569
2024-02-23,3.081937551498413,3.081937551498413,3.0724251821395825,3.081937551498413,1150
2024-02-26,3.081937551498413,3.081937551498413,3.0438889817752295,3.081937551498413,65
2024-02-27,3.081937551498413,3.081937551498413,3.0438889817752295,3.081937551498413,20012
2024-02-28,3.072425127029419,3.072425127029419,3.072425127029419,3.072425127029419,4853
2024-02-29,3.062913179397583,3.062913179397583,3.062913179397583,3.062913179397583,515
2024-03-01,3.072425127029419,3.081937496217626,3.0438889271769205,3.072425127029419,7504
2024-03-04,2.94876766204834,3.081937660802494,2.94876766204834,2.94876766204834,4052
2024-03-05,3.043889045715332,3.043889045715332,3.043889045715332,3.043889045715332,20012
2024-03-06,3.2246198654174805,3.2246198654174805,3.2246198654174805,3.2246198654174805,173237
2024-03-07,3.2246198654174805,3.319741521888205,3.2246198654174805,3.2246198654174805,5246
2024-03-08,3.414863109588623,3.414863109588623,3.1865716681129883,3.414863109588623,5655
2024-03-11,3.5955936908721924,3.5955936908721924,3.5955936908721924,3.5955936908721924,199
2024-03-12,3.6146185398101807,3.6146185398101807,3.424375446823958,3.595593799348253,17502
2024-03-13,3.6051058769226074,3.7097396716886544,3.6051058769226074,3.6146182463813727,9157
2024-03-14,3.6051058769226074,3.6051058769226074,3.6051058769226074,3.6051058769226074,117572
2024-03-15,3.6526665687561035,3.6526665687561035,3.6526665687561035,3.6526665687561035,4269
2024-03-18,3.6146185398101807,3.652666886093759,3.6146185398101807,3.652666886093759,6740
2024-03-20,3.4433987140655518,3.4433987140655518,3.4433987140655518,3.4433987140655518,3642
2024-03-21,3.5194966793060303,3.5194966793060303,3.5194966793060303,3.4433988564347824,31
2024-03-22,3.46242356300354,3.519496645956112,3.4243752192485597,3.519496645956112,12202
2024-03-25,3.5194966793060303,3.5194966793060303,3.42437525169713,3.5194966793060303,19195
2024-03-26,3.776325225830078,3.7858366878350393,3.73827574696154,3.5194966897404854,667303
2024-03-27,3.766812801361084,3.7953487754574913,3.7097397185280694,3.766812801361084,12204
2024-04-01,4.185347557067871,4.185347557067871,3.433887788525316,4.185347557067871,47613
2024-04-02,4.648242950439453,4.725392127020414,4.387864249413412,4.648242950439453,8734
2024-04-03,4.648242950439453,4.648242950439453,4.648242950439453,4.648242950439453,200
2024-04-04,4.503588676452637,4.580737396364001,4.503588676452637,4.590381273934557,639
2024-04-05,4.503588676452637,4.503588676452637,4.503588676452637,4.503588676452637,0
2024-04-08,4.339645862579346,4.493944678666333,4.339645862579346,4.339645862579346,12914196
2024-04-09,4.513232231140137,4.513232231140137,4.513232231140137,4.513232231140137,1000
2024-04-10,4.503588676452637,4.513232554023192,4.339645978667507,4.513232554023192,4133
2024-04-11,4.339645862579346,4.503588555978909,4.339645862579346,4.339645862579346,6061
2024-04-12,4.387864589691162,4.387864589691162,4.339646120523434,4.339646120523434,2203
2024-04-15,4.4939446449279785,4.513232399408326,4.3975081731792365,4.387864295939062,3490
2024-04-16,4.465014457702637,4.465014457702637,4.465014457702637,4.465014457702637,7004
2024-04-17,4.43608283996582,4.43608283996582,4.43608283996582,4.43608283996582,35161
2024-04-18,3.8574633598327637,4.387864692594062,3.8574633598327637,3.8574633598327637,9972
2024-04-22,3.8574633598327637,3.8574633598327637,3.8574633598327637,3.8574633598327637,3253057
2024-04-23,3.761026620864868,3.857463094703057,3.761026620864868,3.857463094703057,3306
2024-04-24,3.712808609008789,3.857463328534752,3.712808609008789,3.712808609008789,30632
2024-04-25,3.712808609008789,3.857463328534752,3.712808609008789,3.712808609008789,7666
2024-04-26,3.953899621963501,4.291427515022903,3.7128084341105767,3.7128084341105767,24986
2024-04-29,4.002118110656738,4.002118110656738,4.002118110656738,3.9538996427671416,16404
2024-04-30,4.002118110656738,4.050336578546335,4.002118110656738,4.002118110656738,5594
2024-05-02,4.43608283996582,4.43608283996582,4.43608283996582,4.002118434379478,10006
2024-05-03,4.2239227294921875,4.436082517528729,4.2239227294921875,4.436082517528729,5449
2024-05-06,4.204634666442871,4.204634666442871,4.204634666442871,4.204634666442871,9316
2024-05-07,4.175704479217529,4.204634730276017,3.8574629750928477,4.175704479217529,30018
2024-05-08,4.146772861480713,4.1757044930266645,4.146772861480713,4.1757044930266645,4392
2024-05-09,4.0889105796813965,4.117842211659184,3.857463045426342,4.146772923375764,9005
2024-05-10,3.8574633598327637,4.0889109129521835,3.8574633598327637,3.8574633598327637,5003
2024-05-14,3.8574633598327637,3.8574633598327637,3.8574633598327637,3.8574633598327637,10686
2024-05-15,3.8574633598327637,4.050336780896255,3.375280727435319,3.8574633598327637,17378
2024-05-16,3.8574633598327637,3.8574633598327637,3.8574633598327637,3.8574633598327637,0
2024-05-17,3.8188886642456055,3.8188886642456055,3.8188886642456055,3.8188886642456055,4702
2024-05-20,3.703164577484131,3.7899571755369594,3.703164577484131,3.818888808438933,99
2024-05-21,3.664590358734131,3.664590358734131,3.664590358734131,3.664590358734131,7864
2024-05-22,3.8092448711395264,3.8092448711395264,3.6645901598750696,3.8092448711395264,63570
2024-05-23,3.722452402114868,3.722452402114868,3.722452402114868,3.722452402114868,10006
2024-05-24,3.751382827758789,3.751382827758789,3.751382827758789,3.751382827758789,188
2024-05-27,3.8092448711395264,4.00211804955744,3.7513827565684377,3.8092448711395264,27268
2024-05-28,3.761026620864868,3.8092448577839626,3.761026620864868,3.761026620864868,159
2024-05-29,3.761026620864868,3.8092448577839626,3.7417388659666204,3.761026620864868,13996
2024-05-30,3.8574633598327637,3.8574633598327637,3.8478194817208005,3.761026879366339,6065
2024-05-31,3.8574633598327637,4.002118310597721,3.8574633598327637,3.8574633598327637,50146
2024-06-04,3.8574633598327637,3.9442559621872255,3.8574633598327637,3.8574633598327637,22714
2024-06-05,3.8574633598327637,3.8574633598327637,3.8574633598327637,3.8574633598327637,41950
2024-06-06,3.8574633598327637,3.8574633598327637,3.8574633598327637,3.8574633598327637,0
2024-06-07,3.8478193283081055,3.8478193283081055,3.8478193283081055,3.8478193283081055,10006
2024-06-10,3.8574633598327637,3.8574633598327637,3.8574633598327637,3.8574633598327637,117775
2024-06-11,3.8478193283081055,3.8478193283081055,3.8478193283081055,3.8478193283081055,80882
2024-06-12,3.8574633598327637,3.8574633598327637,3.664590398899914,3.8478194817208005,33921
2024-06-13,3.8478193283081055,3.8478193283081055,3.8478193283081055,3.8478193283081055,23014
2024-06-14,3.9346120357513428,3.9346120357513428,3.847819434462846,3.847819434462846,1361
2024-06-18,3.8574633598327637,3.8574633598327637,3.8574633598327637,3.8574633598327637,40024
2024-06-19,3.953899621963501,3.953899621963501,3.8574631468223313,3.8574631468223313,9801
2024-06-20,3.9442555904388428,3.953899467641865,3.857462996264634,3.9442555904388428,1031
2024-06-21,3.953899621963501,3.953899621963501,3.944255744384076,3.944255744384076,21514
2024-06-25,4.137129306793213,4.243209663411149,4.002118236635332,4.137129306793213,9832
2024-06-26,4.243209362030029,4.243209362030029,4.243209362030029,4.243209362030029,4035
2024-06-27,3.96354341506958,4.243209417083875,3.96354341506958,3.96354341506958,64960
2024-06-28,4.059979438781738,4.059979438781738,4.059979438781738,4.059979438781738,31186
2024-07-01,4.339645862579346,4.339645862579346,4.339645862579346,4.339645862579346,3581
2024-07-02,5.014701843261719,5.014701843261719,4.812185932653187,4.33964604711621,6368
2024-07-03,4.773610591888428,4.773610591888428,4.773610591888428,4.773610591888428,23215
2024-07-04,4.773610591888428,4.9664840120399445,4.773610591888428,4.773610591888428,44756
2024-07-08,4.7253923416137695,4.821828816719423,4.677173873995636,4.773610349101288,6003
2024-07-09,4.715749263763428,4.773610227086648,4.715749263763428,4.715749263763428,490
2024-07-10,4.522876739501953,4.773610671446609,4.339646274101757,4.522876739501953,68878
2024-07-11,4.619312763214111,4.619312763214111,4.619312763214111,4.619312763214111,51347
2024-07-12,4.7253923416137695,4.7253923416137695,4.686817751571509,4.7253923416137695,365
2024-07-15,4.619312763214111,4.725392192282087,4.619312763214111,4.619312763214111,6137
2024-07-16,4.571094512939453,4.715749457921599,4.339646048811272,4.571094512939453,8934
2024-07-17,4.339645862579346,4.571094316775128,4.339645862579346,4.571094316775128,7267
2024-07-18,4.243209362030029,4.243209362030029,4.243209362030029,4.243209362030029,48393
2024-07-19,4.2239227294921875,4.2239227294921875,4.2239227294921875,4.2239227294921875,9305
2024-07-22,4.2239227294921875,4.2239227294921875,4.2239227294921875,4.2239227294921875,5372
2024-07-23,4.281784534454346,4.291427952887095,4.243209940462024,4.281784534454346,39235
2024-07-25,4.7253923416137695,4.7253923416137695,4.7253923416137695,4.28178409599715,2511
2024-07-26,4.7253923416137695,4.7253923416137695,4.7253923416137695,4.7253923416137695,179301
2024-07-29,4.387864589691162,4.7253924934733655,4.243209642318609,4.7253924934733655,400
2024-07-30,4.7253923416137695,4.7253923416137695,4.387864448678677,4.387864448678677,10706
2024-07-31,4.7253923416137695,4.7253923416137695,4.7253923416137695,4.7253923416137695,20512
2024-08-01,4.812185764312744,4.821828721436834,4.725392248236831,4.725392248236831,18182
2024-08-02,4.773610591888428,4.773610591888428,4.773610591888428,4.773610591888428,1359
2024-08-05,4.763967037200928,4.763967037200928,4.763967037200928,4.763967037200928,35181
2024-08-06,4.7253923416137695,4.763967391786647,4.7253923416137695,4.763967391786647,2024
2024-08-07,4.580737590789795,4.628956060427935,4.532519121151655,4.580737590789795,12587
2024-08-08,4.677173614501953,4.725392079444885,4.58073714474668,4.58073714474668,5045
2024-08-09,4.628955841064453,4.677173848286936,4.339645957207108,4.628955841064453,25015
2024-08-12,4.667531490325928,4.72539292236994,4.667531490325928,4.667531490325928,18304
2024-08-13,4.619312763214111,4.6771737261877515,4.532518788035345,4.667530769177846,9003
2024-08-14,4.5325188636779785,4.580737330577026,4.5325188636779785,4.6193128403052395,5006
2024-08-15,4.522876739501953,4.5325192373371035,4.522876739501953,4.5325192373371035,2798
2024-08-16,4.5325188636779785,4.5325188636779785,4.5325188636779785,4.5325188636779785,225
2024-08-20,4.657886981964111,4.667530859421677,4.532518875668802,4.657886981964111,7504
2024-08-21,4.821828842163086,4.821828842163086,4.821828842163086,4.6578870636837015,21013
2024-08-22,4.821828842163086,4.821828842163086,4.821828842163086,4.821828842163086,10939
2024-08-23,5.101495742797852,5.304012570503472,4.821828814777548,4.821828814777548,8797
2024-08-26,4.956840991973877,5.11113981818313,4.937553236083416,4.956840991973877,19011
2024-08-27,4.7253923416137695,4.956840802128569,4.7253923416137695,4.956840802128569,16836
2024-08-28,4.715749263763428,4.763967270018482,4.677173754445935,4.715749263763428,795
2024-08-29,4.7061052322387695,4.7061052322387695,4.7061052322387695,4.7061052322387695,19287
2024-08-30,4.7061052322387695,4.7061052322387695,4.7061052322387695,4.7061052322387695,0
2024-09-02,4.7061052322387695,4.7061052322387695,4.7061052322387695,4.7061052322387695,17285
2024-09-03,5.178644180297852,5.304012281243553,4.802541717983108,4.706105248175558,2301
2024-09-04,5.188288688659668,5.304012926640752,4.821829138538658,5.178644810440142,18875
2024-09-05,5.091851711273193,5.091851711273193,5.091851711273193,5.188288183424242,20012
2024-09-06,5.197932243347168,5.197932243347168,5.091851890188312,5.091851890188312,3574
2024-09-09,5.689758777618408,5.766907495462847,5.304012427612594,5.197932077831609,20
2024-09-10,5.583677768707275,5.689758574838195,5.583677768707275,5.689758574838195,2598
2024-09-11,5.458310604095459,5.583678254816541,5.458310604095459,5.458310604095459,21930
2024-09-12,5.390805244445801,5.5740347797364524,5.30401264572016,5.390805244445801,454306
2024-09-13,5.400449275970459,5.400449275970459,5.400449275970459,5.390805397987031,40
2024-09-17,5.304012298583984,5.689758639205899,5.304012298583984,5.304012298583984,151
2024-09-18,5.304012298583984,5.304012298583984,5.304012298583984,5.304012298583984,5697
2024-09-19,5.275081157684326,5.275081157684326,5.275081157684326,5.275081157684326,2107
2024-09-20,5.101495742797852,5.101495742797852,5.101495742797852,5.275080937787504,11977
2024-09-23,5.082208156585693,5.082208156585693,5.082208156585693,5.082208156585693,13518
2024-09-24,5.082208156585693,5.082208156585693,5.082208156585693,5.082208156585693,0
2024-09-25,4.8604044914245605,4.966483927432958,4.841116735620412,4.8604044914245605,28104
2024-09-26,4.850760459899902,4.918265302423401,4.850760459899902,4.860404337496557,6389
2024-09-27,4.850760459899902,4.850760459899902,4.850760459899902,4.850760459899902,0
2024-09-30,4.995415210723877,4.995415210723877,4.821828641577603,4.850760273254347,121780
2024-10-01,4.7253923416137695,4.850760449447042,4.7253923416137695,4.850760449447042,6990
2024-10-02,4.7253923416137695,4.7253923416137695,4.7253923416137695,4.7253923416137695,0
2024-10-03,4.628955841064453,4.686817725809799,4.609669006279951,4.628955841064453,4002
2024-10-04,4.677173614501953,4.677173614501953,4.677173614501953,4.677173614501953,1000
2024-10-07,4.677173614501953,4.821828549200158,4.6675306577223115,4.677173614501953,1535
2024-10-08,4.677173614501953,4.677173614501953,4.628955609689611,4.677173614501953,10036
2024-10-09,4.821828842163086,4.821828842163086,4.821828842163086,4.821828842163086,14894
2024-10-10,4.947196960449219,4.947196960449219,4.821828851706283,4.821828851706283,10053
2024-10-11,5.23650598526001,5.23650598526001,4.937552703182822,5.23650598526001,31537
2024-10-14,5.226863384246826,5.226863384246826,5.226863384246826,5.226863384246826,10378
2024-10-15,5.207576274871826,5.236506528192784,5.159357805611668,5.207576274871826,10941
2024-10-16,5.23650598526001,5.332942913781528,4.725392012592184,5.23650598526001,2596
2024-10-17,5.429379940032959,5.429379940032959,5.236506523303058,5.236506523303058,14002
2024-10-18,5.776551723480225,5.786195601377904,5.593322184599992,5.776551723480225,16214
2024-10-21,5.882631778717041,5.882631778717041,5.882631778717041,5.776551427923316,19407
2024-10-22,5.766907691955566,5.766907691955566,5.766907691955566,5.766907691955566,1972
2024-10-23,5.593322277069092,5.786195697035597,5.593322277069092,5.593322277069092,288
2024-10-24,5.766907691955566,5.7861954472371115,5.554747905425998,5.766907691955566,5544
2024-10-25,5.950136661529541,5.950136661529541,5.766907590872708,5.766907590872708,24349
2024-10-28,6.017642974853516,6.2683782713547265,6.017642974853516,5.950136751788583,18740
2024-10-29,5.882631778717041,5.882631778717041,5.882631778717041,5.882631778717041,24029
2024-10-30,6.017642974853516,6.017642974853516,5.882631909115504,5.882631909115504,4188
2024-10-31,6.104435920715332,6.104435920715332,6.065861328305721,6.0176433178590285,1335
2024-11-01,6.075504779815674,6.075504779815674,6.075504779815674,6.075504779815674,2501
2024-11-05,6.075504779815674,6.075504779815674,5.988712183054458,6.075504779815674,14464
2024-11-06,6.075504779815674,6.075504779815674,6.065860902325198,6.075504779815674,1904
2024-11-07,6.075504779815674,6.075504779815674,6.075504779815674,6.075504779815674,8004
2024-11-08,6.075504779815674,6.075504779815674,6.075504779815674,6.075504779815674,93658
2024-11-11,6.490181922912598,6.490181922912598,6.490181922912598,6.075504848852956,117112
2024-11-12,6.4612507820129395,6.4612507820129395,6.123722910608356,6.490181492633871,587864
2024-11-13,6.605906009674072,6.605906009674072,6.548043665594393,6.461251069736089,345
2024-11-14,6.4612507820129395,6.5962618385486556,6.364814313058856,6.6059057155093575,200
2024-11-15,6.557687759399414,6.557687759399414,6.557687759399414,6.461251282968393,2501
2024-11-19,6.557687759399414,6.721630459528083,6.461251282968393,6.557687759399414,17086
2024-11-20,6.480538845062256,6.557687563775004,6.364814616666614,6.480538845062256,1000
2024-11-21,6.4612507820129395,6.480538535934342,6.4612507820129395,6.480538535934342,7777
2024-11-22,6.4612507820129395,6.4612507820129395,6.4612507820129395,6.4612507820129395,16265
2024-11-25,6.509469509124756,6.509469509124756,6.461251042637455,6.461251042637455,18611
2024-11-26,6.769848823547363,6.779492701762724,6.509470093431026,6.509470093431026,2222977
2024-11-27,6.769848823547363,6.769848823547363,6.769848823547363,6.769848823547363,1467856
2024-11-28,6.750561714172363,6.769849011006509,6.654124769870974,6.769849011006509,872040
2024-11-29,6.490181922912598,6.490181922912598,6.490181922912598,6.750561096546824,16947741
2024-12-02,6.4612507820129395,6.4612507820129395,6.4612507820129395,6.490181492633871,17293
2024-12-03,6.490181922912598,6.490181922912598,6.490181922912598,6.46125121037365,18231
2024-12-04,6.451607704162598,6.490182296522165,6.451607704162598,6.490182296522165,1801
2024-12-05,6.432320594787598,6.45160743001719,6.432320594787598,6.45160743001719,3994
2024-12-06,6.451607704162598,6.548044185061516,6.432320868113457,6.451607704162598,3001
2024-12-09,6.451607704162598,6.451607704162598,6.451607704162598,6.451607704162598,6326
2024-12-10,6.451607704162598,6.702343014630428,6.364815101418893,6.451607704162598,346
2024-12-11,6.4226765632629395,6.45160727554526,6.4226765632629395,6.4226765632629395,44147
2024-12-12,6.355170726776123,6.355170726776123,6.355170726776123,6.355170726776123,1022759
2024-12-13,6.451607704162598,6.451607704162598,6.451607704162598,6.451607704162598,107387
2024-12-16,6.451607704162598,6.519113930987806,6.364815101418893,6.451607704162598,2161
2024-12-17,6.548043251037598,6.548043251037598,6.548043251037598,6.548043251037598,5218
2024-12-18,6.750561714172363,6.750561714172363,6.750561714172363,6.54804440721784,90
2024-12-19,7.618490695953369,7.618490695953369,7.618490695953369,7.618490695953369,37084
2024-12-20,7.7535014152526855,7.7535014152526855,7.7535014152526855,7.618490356823616,2536
2024-12-23,7.714927673339844,7.714927673339844,7.714927673339844,7.714927673339844,23737
2024-12-26,7.3002495765686035,7.714927103962074,7.3002495765686035,7.714927103962074,9448
2024-12-27,7.329180717468262,7.329180717468262,7.329180717468262,7.30025000371075,2575127
2024-12-30,7.425617218017578,7.425617218017578,7.425617218017578,7.329180738333603,1075831
2025-01-02,7.618490695953369,7.618490695953369,7.425616826493633,7.425616826493633,31321
2025-01-03,8.534637451171875,8.534637451171875,8.534637451171875,8.534637451171875,125
2025-01-07,8.631075859069824,8.631075859069824,8.631075859069824,8.631075859069824,431
2025-01-08,9.11325740814209,9.11325740814209,8.63107458848382,8.63107458848382,29205
2025-01-09,9.634016036987305,9.634016036987305,9.634016036987305,9.634016036987305,21411
2025-01-10,9.643658638000488,9.643658638000488,9.643658638000488,9.643658638000488,24239
2025-01-14,9.643658638000488,9.643658638000488,9.643658638000488,9.643658638000488,0
2025-01-15,9.643658638000488,9.643658638000488,9.643658638000488,9.643658638000488,0
2025-01-16,4.62509822845459,4.796755922888407,4.62509822845459,4.821828438173221,15689
2025-01-17,3.953899621963501,4.696461630877048,3.8574631468223313,4.62509859325952,52252
2025-01-20,3.8574633598327637,4.1467732613626795,3.8574633598327637,3.8574633598327637,16420
2025-01-21,3.8574633598327637,3.9442559621872255,3.8574633598327637,3.8574633598327637,27927
2025-01-22,3.664590358734131,3.857463317552994,3.664590358734131,3.664590358734131,11447
2025-01-23,3.6597681045532227,3.761026514245451,3.3752803997627083,3.66459004314109,8885
2025-01-24,3.5671894550323486,3.640480438643232,3.375280481761445,3.659768193463276,1654084
2025-01-27,3.4234986305236816,3.5671893633790908,3.380102103554804,3.5671893633790908,38023
2025-01-28,3.46207332611084,3.46207332611084,3.302952788412346,3.46207332611084,4645928
2025-01-29,3.7774202823638916,3.8082807813944743,3.375280404368704,3.46207299841577,330
2025-01-30,3.8439626693725586,3.85746336252972,3.5681536908628533,3.8439626693725586,26026
2025-01-31,4.339645862579346,4.339645862579346,3.83335449713011,3.8439623480564,4432
2025-02-03,4.315537929534912,4.339646475897079,4.310715760131811,4.315537929534912,80
2025-02-04,4.2914276123046875,4.314572642941609,4.2914276123046875,4.2914276123046875,30
2025-02-05,4.194991588592529,4.310715834029443,4.0985551008373315,4.310715834029443,950
2025-02-06,4.145808696746826,4.194990673598191,3.8584267835660877,4.194990673598191,8515
2025-02-07,4.048407077789307,4.242245374836952,3.953899473733202,4.145808903311152,44487
2025-02-10,4.0117621421813965,4.050336733920579,3.8574633150940283,4.048407406163793,12958
2025-02-11,4.050336837768555,4.194991330434019,4.0117622450403445,4.0117622450403445,5333
2025-02-12,4.243209362030029,4.248031070589111,3.963543363644282,4.0503364183607555,5158396
2025-02-13,4.243209362030029,4.6279917358918405,4.243209362030029,4.243209362030029,39214
2025-02-14,4.339645862579346,4.627027332770137,4.243209390106605,4.339645862579346,1540
2025-02-17,4.604846954345703,4.819900965297704,4.339646067367564,4.604846954345703,241529
2025-02-18,4.518054485321045,4.532519152062927,4.484301142226581,4.604847087078723,10716
2025-02-19,4.502624988555908,4.518054549465116,4.339646254067426,4.518054549465116,59006
2025-02-20,4.653065204620361,4.653065204620361,4.502624583599991,4.653065204620361,10076
2025-02-21,4.821828842163086,4.879690727531801,4.69067597153632,4.821828842163086,5063
2025-02-24,5.590429306030273,5.593322147288839,4.82182894545419,4.82182894545419,620
2025-02-25,5.545104026794434,5.590429193397542,5.545104026794434,5.590429193397542,24465
2025-02-26,5.543175220489502,5.545104088064749,5.304012665992015,5.545104088064749,11246
2025-02-27,5.304012298583984,5.542210862924498,5.304012298583984,5.543174836514723,2291
2025-02-28,5.2442216873168945,5.495920972076591,5.2442216873168945,5.3040129037851464,7154
2025-03-05,4.821828842163086,5.236506377501474,4.821828842163086,5.24422138757676,31319
2025-03-06,4.773610591888428,5.244221626626775,4.773610591888428,4.773610591888428,150
2025-03-07,4.7109270095825195,4.812185649116504,4.628955664226829,4.7109270095825195,7604
2025-03-10,4.628955841064453,4.7157493583783925,4.628955841064453,4.710927189551654,35351
2025-03-11,4.531554698944092,4.691639652598441,4.530590725359088,4.628955602260179,6944
2025-03-12,4.5325188636779785,4.5325188636779785,4.339645916343004,4.5315548900523215,3382
2025-03-13,4.483336925506592,4.609669006285653,4.483336925506592,4.483336925506592,8835
2025-03-14,4.8199005126953125,4.820864486263997,4.483336618310966,4.483336618310966,2407972
2025-03-17,4.701283931732178,4.818936112616348,4.701283931732178,4.701283931732178,20
2025-03-18,4.672352313995361,4.699354619910559,4.672352313995361,4.7012839476438835,121475
2025-03-20,4.7253923416137695,4.7253923416137695,4.628955866508117,4.672352165273007,117602
2025-03-21,4.7253923416137695,4.7253923416137695,4.580737398889982,4.7253923416137695,10006
2025-03-24,4.7253923416137695,4.7253923416137695,4.7253923416137695,4.7253923416137695,36812
2025-03-25,5.111139297485352,5.207575766460015,4.72539204119494,4.72539204119494,77638
2025-03-26,5.818983554840088,6.114079107385473,5.210468669185466,5.818983554840088,10066
2025-03-27,6.17194128036499,6.268378215158195,5.97906833103981,5.8189838291129705,25025
2025-03-28,6.075504779815674,6.171941254067364,6.075504779815674,6.171941254067364,7794
2025-03-31,5.928921222686768,6.065861159980042,5.926992355080619,5.928921222686768,68382
2025-04-01,5.593322277069092,5.928921319209628,5.593322277069092,5.593322277069092,500
2025-04-02,5.593322277069092,5.786195697035597,5.545104267175445,5.593322277069092,107256
2025-04-03,5.880702972412109,6.022464612776518,5.5933219566292,5.880702972412109,10
2025-04-04,5.786195278167725,6.02246452183026,5.689758805230914,5.8807028836066175,29998
2025-04-07,5.313655853271484,5.786195760368118,5.313655853271484,5.786195760368118,1492915
2025-04-08,5.593322277069092,5.689759217117664,5.313655795111126,5.313655795111126,19382
2025-04-09,5.593322277069092,5.689759217117664,5.593322277069092,5.593322277069092,1500
2025-04-10,5.593322277069092,5.593322277069092,5.496885797151158,5.593322277069092,76807
2025-04-11,5.593322277069092,5.593322277069092,5.496885797151158,5.593322277069092,13658
2025-04-14,5.593322277069092,5.593322277069092,5.496885797151158,5.593322277069092,10006
2025-04-15,5.5923566818237305,5.5923566818237305,5.583677698804398,5.5923566818237305,63279
2025-04-16,5.684728145599365,5.698485044933658,5.6012016691429976,5.684728145599365,30038
2025-04-21,5.650335311889648,5.683745996941994,5.507848883985275,5.684728264237138,58075
2025-04-22,5.40466833114624,5.6503350095352545,5.40466833114624,5.6503350095352545,42366
2025-04-23,5.406633377075195,5.64542186304125,5.281834788296157,5.404668842404194,160
2025-04-24,5.60120153427124,5.60120153427124,5.502934955846782,5.60120153427124,5543
2025-04-25,5.645421504974365,5.645421504974365,5.502935080253328,5.60120166089933,1000
2025-04-28,5.60120153427124,5.645421377346585,5.552068479490336,5.60120153427124,4002
2025-04-29,5.50293493270874,5.601201510720021,5.30640177668618,5.50293493270874,1000
2025-04-30,5.501951694488525,5.502934899454742,5.404668322037282,5.501951694488525,15009
2025-05-02,5.650335311889648,5.650335311889648,5.223857826609002,5.650335311889648,20012
2025-05-05,5.552068710327148,5.6454216120647045,5.404668602130722,5.552068710327148,52522
2025-05-06,5.552068710327148,5.552068710327148,5.5029351846407835,5.552068710327148,88124
2025-05-07,5.552068710327148,5.601201767150844,5.5029351846407835,5.552068710327148,4961884
2025-05-08,5.50293493270874,5.601201510720021,5.50293493270874,5.50293493270874,108717
2025-05-09,5.895018577575684,5.895018577575684,5.502934997055382,5.502934997055382,14208
2025-05-12,5.88617467880249,5.894036098625494,5.601201375041399,5.88617467880249,4903
2025-05-13,5.69946813583374,5.886174870029507,5.69946813583374,5.69946813583374,8505
2025-05-14,5.797735214233398,5.837041377108328,5.797735214233398,5.797735214233398,7614
2025-05-15,6.362767696380615,6.362767696380615,5.797735216571933,6.362767696380615,23204
2025-05-16,6.485601902008057,6.583868483829351,6.338201794844783,6.485601902008057,3812
2025-05-19,6.758783340454102,6.878668711161549,6.387335332263439,6.758783340454102,22503
2025-05-20,6.682134628295898,6.758782885303642,6.388317169347713,6.682134628295898,33450
2025-05-21,6.797107696533203,7.16855523534549,6.7804016508780585,6.797107696533203,1000
2025-05-22,7.271734714508057,7.365088080462244,6.976934981649554,7.271734714508057,20442
2025-05-23,7.461390495300293,7.463355967609391,7.370001659279276,7.461390495300293,11246
2025-05-26,7.468268394470215,7.566534972824722,7.271734768898551,7.468268394470215,27477
2025-05-27,7.468268394470215,7.664801551179229,7.376880500043656,7.468268394470215,26196
2025-05-28,7.468268394470215,8.156135849539712,7.468268394470215,7.468268394470215,420
2025-05-29,7.8122029304504395,8.156136204072718,7.468268719102822,7.468268719102822,15109
2025-05-30,7.7139363288879395,7.812202911272695,7.469251905785298,7.812202911272695,14518
2025-06-03,7.468268394470215,7.713936012513106,7.468268394470215,7.468268394470215,2021
2025-06-04,7.841682434082031,7.851508857616654,7.468268493650581,7.468268493650581,25075
2025-06-05,7.762085914611816,7.8515088062779865,7.468268444817808,7.762085914611816,17170
2025-06-06,7.763069152832031,7.763069152832031,7.664801635669014,7.763069152832031,40224
2025-06-09,7.861335754394531,7.861335754394531,7.684455442046193,7.763069174680264,75076
2025-06-10,8.057868957519531,8.647469376727752,7.86133579702523,8.057868957519531,640
2025-06-11,8.401802062988281,8.401802062988281,8.34677259155164,8.401802062988281,14879
2025-06-12,8.352668762207031,8.647468957519962,8.352668762207031,8.352668762207031,2501
2025-06-13,8.840071678161621,9.23706894751593,8.549202410272827,8.840071678161621,67311
2025-06-17,9.531868934631348,9.826669140116381,8.844002413649804,9.531868934631348,62438
2025-06-18,9.325510025024414,9.630136675903904,9.275394230291337,9.325510025024414,47569
2025-06-19,9.728402137756348,9.826669185951479,9.531868979091392,9.728402137756348,1701
2025-06-20,9.581003189086914,9.824704873987137,9.581003189086914,9.728402358130635,30198
2025-06-25,9.482736587524414,9.581003642596958,9.335336473778284,9.482736587524414,29968
2025-06-26,9.575106620788574,9.58100303756523,9.531869044269039,9.575106620788574,4362
2025-06-27,9.531868934631348,9.58002019124425,9.345163138064484,9.531868934631348,16450
2025-06-30,9.728402137756348,9.90528338714277,9.335335820426437,9.728402137756348,750
2025-07-01,9.536783218383789,9.924936815564003,9.536783218383789,9.536783218383789,21513
2025-07-02,9.148629188537598,9.825686560745908,9.148629188537598,9.53678276736087,96139
2025-07-03,9.725455284118652,9.728402554887886,9.630136440204637,9.725455284118652,20012
2025-07-04,9.725455284118652,9.728402554887886,9.630136440204637,9.725455284118652,11206
2025-07-07,10.31800365447998,10.31800365447998,9.630136181546122,9.725455022899943,19051
2025-07-08,10.31800365447998,10.31800365447998,10.219735666985443,10.31800365447998,110
2025-07-09,9.875802993774414,10.31309059449985,9.826669934795305,9.875802993774414,3201
2025-07-10,9.876786231994629,10.219735831247341,9.729386123834304,9.875802558115032,400
2025-07-11,10.121469497680664,10.217771074628136,9.877767815775927,9.87678601736834,30819
2025-07-14,10.308176040649414,10.612803606156094,9.92493615006802,10.121469307068056,3096458
2025-07-15,10.024187088012695,10.411357967641454,10.024187088012695,10.308177227823657,7814
2025-07-16,10.336673736572266,10.61280383619736,10.313089944766123,10.024186150827578,6534
2025-07-17,10.61280345916748,10.634421777934213,10.318003258887796,10.336673369352168,2841
2025-07-18,11.792003631591797,11.792003631591797,10.612803737295273,10.612803737295273,38213
2025-07-21,14.15040397644043,14.15040397644043,11.792003313700357,14.15040397644043,18041
2025-07-22,12.776636123657227,14.264393627185418,12.77467065136031,12.776636123657227,10006
2025-07-23,12.332469940185547,13.560803816252104,12.28333688521498,12.776635720331415,41675
2025-07-25,13.65907096862793,14.740003812618536,12.381603090072533,12.332470034725317,101432
2025-07-28,13.071435928344727,14.15040422976553,12.77663572300895,13.659070866781,23104
2025-07-29,12.87293815612793,14.145491491629189,12.774671101893802,13.071436799237055,3093556
2025-07-30,12.873920440673828,14.150404676126495,12.873920440673828,12.873920440673828,350
2025-07-31,12.479870796203613,14.047225284270443,12.430737738266998,12.873920809049373,69002
2025-08-01,13.75733757019043,14.05213683042355,12.774669931087343,13.75733757019043,17340
2025-08-04,14.022658348083496,14.05213761935417,13.26698676271911,14.022658348083496,62638
2025-08-05,14.027571678161621,14.052138207444639,13.26698731795054,14.02265893494024,15419
2025-08-06,14.259480476379395,15.23133710773685,13.266004588099456,14.259480476379395,4112
2025-08-07,15.329604148864746,16.70533813104084,14.022657944181558,14.259480470025844,75466
2025-08-08,19.653339385986328,19.653339385986328,15.330588657531223,15.329604983632436,21063
2025-08-11,18.179340362548828,19.65333961460092,18.179340362548828,18.179340362548828,1000
2025-08-12,17.295921325683594,19.652357507922112,17.295921325683594,18.1793392099924,23944
2025-08-13,17.688005447387695,19.162006526486895,16.705338686471787,17.295921854264055,107396
2025-08-14,18.07910919189453,18.07910919189453,17.68800643757852,18.07910919189453,130
2025-08-15,18.670673370361328,19.200330627356493,18.079107489019773,18.079107489019773,250
2025-08-19,19.162006378173828,19.456806591711928,18.6706739392441,18.6706739392441,84282
2025-08-20,20.537742614746094,20.537742614746094,19.751608037771952,19.16200757390404,2001
2025-08-21,20.537742614746094,21.126358466956923,19.16200757390404,20.537742614746094,1460
2025-08-22,22.601341247558594,23.09267556835364,20.537741601301025,20.537741601301025,18921
2025-08-25,21.12734031677246,24.56667496140525,21.12734031677246,21.12734031677246,210
2025-08-26,22.503074645996094,23.28920729169388,21.81618897283375,22.503074645996094,17110
2025-08-27,22.896141052246094,23.9770739128806,22.503074727965423,22.896141052246094,22283
2025-08-28,22.503074645996094,23.58400750269321,21.618674012998103,22.896140968844986,3181
2025-08-29,21.91347312927246,22.503073521816624,18.17933856012644,22.503073521816624,6851035
2025-09-01,21.07820701599121,22.50307504001168,20.636007629474886,21.913474607689466,2001
2025-09-02,22.601341247558594,24.074359598335242,21.12734016062413,21.07820710363476,17180
2025-09-03,24.566675186157227,24.566675186157227,22.60035888519875,22.60134162137282,33300
2025-09-04,26.04067611694336,27.023342892523203,24.556849529626383,24.56667501584824,63939
2025-09-05,24.566675186157227,29.48001097356896,24.566675186157227,26.04067629747089,15949
2025-09-08,27.51467514038086,28.006007553344485,24.566673160796878,24.566673160796878,4002
2025-09-09,23.190940856933594,27.514675974419642,19.456806153236606,27.514675974419642,6869936
2025-09-10,22.79787254333496,26.5320091027009,22.79787254333496,22.79787254333496,15709
2025-09-11,22.40480613708496,23.06810800297897,21.61867350968929,22.797872450782798,122345
2025-09-12,21.61867332458496,22.60035730203579,21.61867332458496,22.404805945249574,32770
2025-09-16,21.32387351989746,21.61867372699677,21.127339423347713,21.32387351989746,28477
2025-09-17,22.601341247558594,23.584008013698007,21.22560815005355,22.601341247558594,5673
2025-09-18,21.61867332458496,22.601340038141018,21.61867332458496,21.61867332458496,3452
2025-09-19,22.552207946777344,22.60134100323558,21.91347446191897,21.6186742477189,115441
2025-09-22,22.551223754882812,23.092673828019723,22.54237913012904,22.551223754882812,13378
2025-09-23,22.896141052246094,23.092675152111752,22.601340840172927,22.551225047929076,8105
2025-09-24,26.66260528564453,26.761724078387964,23.09437603908891,26.66260528564453,830
2025-09-25,26.26613426208496,27.257308890053878,24.87849016126612,26.26613426208496,880
2025-09-26,25.770545959472656,26.26613421847845,24.779371333149268,26.067900428226697,12657
2025-09-29,25.26504898071289,26.26613612592301,24.779373132625228,25.770547830927637,10
2025-09-30,21.26070213317871,22.697906664608137,20.81467418435624,22.103201471719295,2001
2025-10-01,27.257308959960938,27.45554464273842,25.274959698938957,25.274959698938957,570243
2025-10-02,25.37407684326172,27.257309227203063,21.904964656616514,25.37407684326172,12907267
2025-10-03,28.74407196044922,28.74407196044922,25.37407669059631,28.74407196044922,5503
2025-10-06,29.735246658325195,29.735246658325195,27.158192225384617,28.744072021939452,137665
2025-10-07,32.5154914855957,34.1955338664051,29.735247004846894,32.5154914855957,1214602
2025-10-08,31.816713333129883,35.97964952050621,31.71759643542177,31.816713333129883,17160
2025-10-09,33.203369140625,33.20435660186735,32.014950077011754,31.81671250338881,19321
2025-10-10,35.68229675292969,38.160234447813885,33.20337159673009,35.68229675292969,86883
2025-10-13,35.683284759521484,38.655819235621415,35.68031480909143,35.683284759521484,36572
2025-10-14,37.664649963378906,38.655822772039215,35.685270513383365,35.683288023997726,1352788
2025-10-15,39.375587463378906,39.975215911865234,37.961463928222656,39.375587463378906,15009
2025-10-16,39.975215911865234,41.973976135253906,39.375587463378906,39.375587463378906,43627
2025-10-17,40.07515335083008,41.77410125732422,39.47552490234375,40.07515335083008,155826
2025-10-21,40.97459411621094,42.97335433959961,39.975215911865234,40.97459411621094,19862
2025-10-22,40.97459411621094,42.47366714477539,39.975215911865234,40.97459411621094,45778
2025-10-23,42.97335433959961,43.473045349121094,40.97459411621094,40.97459411621094,108367
2025-10-24,43.473045349121094,47.97025680541992,42.97335433959961,43.473045349121094,480
2025-10-27,45.871559143066406,45.970497131347656,43.57298278808594,45.871559143066406,27086
2025-10-28,45.421836853027344,45.871559143066406,44.47242736816406,45.871559143066406,23064
2025-10-29,45.270931243896484,45.47080612182617,44.47242736816406,45.270931243896484,50
2025-10-30,44.42245864868164,45.17099380493164,44.41746139526367,45.270931243896484,20662
2025-10-31,43.872798919677734,43.97273635864258,41.973976135253906,44.42245864868164,520
2025-11-03,42.97335433959961,46.97087860107422,42.97335433959961,43.872798919677734,2001
2025-11-04,43.97273635864258,44.37248992919922,43.17323303222656,42.97335433959961,6273
2025-11-05,44.172611236572266,44.97211837768555,42.97335433959961,43.97273635864258,11056
2025-11-06,43.97273635864258,44.37248992919922,43.473045349121094,44.172611236572266,16460
2025-11-07,44.47242736816406,44.47242736816406,42.173851013183594,43.97273635864258,6413
2025-11-10,44.572364807128906,44.572364807128906,43.97273635864258,44.47242736816406,1741
2025-11-11,44.37248992919922,46.97087860107422,43.473045349121094,44.572364807128906,4132
2025-11-12,44.172611236572266,44.47142791748047,43.97273635864258,44.37248992919922,20012
2025-11-13,45.871559143066406,45.871559143066406,44.97211837768555,45.871559143066406,5383
2025-11-14,44.97211837768555,45.97149658203125,44.572364807128906,44.97211837768555,10266
2025-11-17,44.272552490234375,45.97149658203125,43.473045349121094,44.97211837768555,13648
2025-11-18,43.273170471191406,44.272552490234375,43.273170471191406,44.272552490234375,2221
2025-11-19,43.77286148071289,43.97273635864258,42.97335433959961,43.273170471191406,19121
2025-11-20,43.67292022705078,44.97211837768555,42.27378845214844,43.67292022705078,2501
2025-11-21,42.97335433959961,43.77286148071289,42.97335433959961,43.67292022705078,2511
2025-11-25,42.97335433959961,45.97149658203125,42.173851013183594,42.97335433959961,18011
2025-11-26,42.47366714477539,43.473045349121094,40.97459411621094,42.97335433959961,8075
2025-11-27,42.771480560302734,43.4720458984375,41.973976135253906,42.47366714477539,60307
2025-11-28,42.87141799926758,42.968360900878906,42.47366714477539,42.771480560302734,104604
2025-12-01,42.67354202270508,42.97335433959961,38.47614288330078,42.67354202270508,3101
2025-12-02,42.27378845214844,42.67354202270508,38.47614288330078,42.27378845214844,51181
2025-12-03,41.47428512573242,42.37272644042969,41.47428512573242,42.27378845214844,1210
2025-12-04,41.17447280883789,41.47428512573242,40.97459411621094,41.47428512573242,12427
2025-12-05,41.37434768676758,41.37434768676758,40.47490310668945,41.37434768676758,500
2025-12-09,39.97421646118164,41.47428512573242,39.87527847290039,41.37434768676758,14128
2025-12-10,39.47552490234375,40.874656677246094,37.97645568847656,39.97421646118164,10816
2025-12-11,39.47552490234375,39.86528396606445,38.47614288330078,39.47552490234375,8885
2025-12-12,39.47052764892578,39.47552490234375,38.975833892822266,39.47052764892578,70
2025-12-15,38.975833892822266,42.968360900878906,37.981449127197266,39.47052764892578,9085
2025-12-16,38.08039093017578,40.97459411621094,38.08039093017578,38.08039093017578,700
2025-12-17,38.975833892822266,40.47490310668945,38.975833892822266,38.08039093017578,160109
2025-12-18,40.874656677246094,41.97297668457031,38.975833892822266,38.975833892822266,44847
2025-12-19,43.97273635864258,44.4294548034668,40.97459411621094,40.874656677246094,31429
2025-12-22,43.97273635864258,47.4705696105957,43.97273635864258,43.97273635864258,16360
2025-12-23,45.461814880371094,46.97087860107422,43.872798919677734,43.97273635864258,15979
2025-12-26,47.76938247680664,47.76938247680664,44.97211837768555,47.76938247680664,2271
2025-12-29,52.967159271240234,54.965919494628906,46.97087860107422,47.76938247680664,35762
2025-12-30,54.965919494628906,54.965919494628906,49.96902084350586,52.967159271240234,65770
2026-01-02,59.862884521484375,59.96282196044922,54.965919494628906,54.965919494628906,12637
2026-01-05,69.95662689208984,69.95662689208984,64.95972442626953,59.862884521484375,10086
2026-01-06,90.94361114501953,90.94361114501953,75.95291137695312,69.95662689208984,70
2026-01-07,108.83251953125,108.93246459960938,91.2434310913086,108.83251953125,23014
2026-01-08,107.80815887451172,119.92564392089844,105.93431854248047,107.80815887451172,97060
2026-01-09,124.92254638671875,124.92254638671875,109.43315124511719,107.80815887451172,453771
2026-01-13,123.92316436767578,124.92254638671875,120.42533874511719,123.92316436767578,12827
2026-01-14,119.92564392089844,124.92254638671875,119.92564392089844,119.92564392089844,3592
2026-01-15,118.91626739501953,124.32292175292969,109.92184448242188,119.92564392089844,4002
2026-01-16,107.88211059570312,119.92564392089844,107.88211059570312,118.91626739501953,100
2026-01-20,98.93865966796875,106.93370056152344,97.93927764892578,107.88211059570312,10466
2026-01-21,89.14472961425781,99.93304443359375,89.09476470947266,98.93865966796875,55294
2026-01-22,83.94795227050781,88.94485473632812,81.04975128173828,89.14472961425781,74946
2026-01-23,86.94609069824219,87.94547271728516,75.65309143066406,83.94795227050781,161470
2026-01-26,87.94547271728516,94.44144439697266,83.94795227050781,86.94609069824219,43146
2026-01-27,87.74559783935547,87.94547271728516,85.94671630859375,87.94547271728516,1370
2026-01-28,87.44578552246094,95.94051361083984,79.45073699951172,87.74559783935547,13838
2026-01-29,92.4926528930664,92.94237518310547,84.94833374023438,87.44578552246094,93878
2026-01-30,101.4371109008789,101.4371109008789,92.44268798828125,92.4926528930664,31129
2026-02-02,111.53085327148438,111.57182312011719,104.9349365234375,101.4371109008789,2941
2026-02-03,120.72515106201172,122.66394805908203,111.53085327148438,111.53085327148438,25853649
2026-02-04,132.7237091064453,132.79266357421875,129.92544555664062,132.7237091064453,25812994
2026-02-05,145.9665069580078,145.9665069580078,132.91758728027344,132.7237091064453,21348878
2026-02-06,157.902099609375,160.5504608154297,145.95950317382812,145.9665069580078,95429
2026-02-09,152.9051971435547,169.89466857910156,132.91758728027344,157.902099609375,4172
2026-02-10,131.8682403564453,153.30494689941406,129.91944885253906,131.8682403564453,32920
2026-02-11,131.41851806640625,152.9051971435547,130.51907348632812,131.8682403564453,4402
2026-02-12,129.91944885253906,131.81826782226562,119.92564392089844,131.41851806640625,114080
2026-02-13,134.91635131835938,139.9132537841797,120.9250259399414,129.91944885253906,410
2026-02-18,134.91635131835938,134.91635131835938,134.91635131835938,134.91635131835938,0
2026-02-19,150.90643310546875,159.90086364746094,134.91635131835938,150.90643310546875,89365
2026-02-20,158.80154418945312,159.90086364746094,149.9070587158203,149.9070587158203,8525
2026-02-23,169.89466857910156,177.78976440429688,154.90396118164062,158.80154418945312,23074
2026-02-24,179.8884735107422,189.58245849609375,169.89466857910156,169.89466857910156,44837
2026-02-25,187.6836395263672,189.681396484375,179.8884735107422,179.8884735107422,25675
2026-02-26,179.8884735107422,189.68240356445312,164.89776611328125,187.6836395263672,23287709
2026-02-27,179.8884735107422,186.3844451904297,175.8909454345703,179.8884735107422,12707
2026-03-02,179.38877868652344,184.8853759765625,149.9070587158203,179.8884735107422,36362
2026-03-03,177.2900848388672,179.8884735107422,174.89157104492188,179.38877868652344,3086172
2026-03-04,171.8934326171875,179.7885284423828,169.99459838867188,177.2900848388672,4392
2026-03-05,169.89466857910156,179.88746643066406,168.39559936523438,171.8934326171875,4012486
2026-03-06,174.89157104492188,189.38258361816406,169.89466857910156,169.89466857910156,4782
2026-03-09,176.89031982421875,182.3869171142578,174.89157104492188,174.89157104492188,100
2026-03-10,179.7885284423828,189.8822784423828,179.58766174316406,176.89031982421875,4903
2026-03-11,174.89157104492188,181.38754272460938,174.89157104492188,174.89157104492188,50
2026-03-12,174.89256286621094,179.7885284423828,169.89466857910156,174.89157104492188,100
2026-03-13,184.88636779785156,189.8822784423828,169.99459838867188,174.89256286621094,10006
2026-03-16,196.8779296875,197.3766326904297,184.8853759765625,196.8779296875,2481
2026-03-17,194.7742462158203,199.87608337402344,194.37948608398438,196.8779296875,7204
2026-03-18,193.7798614501953,194.67929077148438,186.88412475585938,194.7742462158203,240
2026-03-20,189.78233337402344,194.3295135498047,169.99560546875,193.7798614501953,5053
2026-03-23,174.89157104492188,198.3769989013672,159.90086364746094,189.78233337402344,1500
2026-03-24,166.6966552734375,179.8884735107422,159.90185546875,174.89157104492188,1000
2026-03-25,159.90086364746094,173.89218139648438,159.90086364746094,159.90086364746094,40024
2026-03-26,159.90086364746094,171.39373779296875,158.70159912109375,159.90086364746094,41325
2026-03-27,162.8990020751953,169.89466857910156,158.70159912109375,159.90086364746094,25015
2026-03-30,164.89776611328125,171.39373779296875,159.90086364746094,162.8990020751953,4822
2026-03-31,171.39373779296875,171.39373779296875,164.8987579345703,164.89776611328125,45428
2026-04-01,161.89962768554688,170.89404296875,159.90086364746094,171.39373779296875,34231
2026-04-06,160.00079345703125,169.3949737548828,157.40240478515625,160.00079345703125,20012
2026-04-07,152.9051971435547,169.89466857910156,150.90643310546875,160.00079345703125,94598
2026-04-08,149.9070587158203,169.89466857910156,144.91015625,149.9070587158203,3001
2026-04-09,150.90643310546875,162.39930725097656,144.91015625,149.9070587158203,1000
2026-04-10,150.40675354003906,180.98779296875,149.9070587158203,150.90643310546875,4602
2026-04-13,146.4092254638672,159.90086364746094,143.4110870361328,146.4092254638672,65700
2026-04-14,144.91015625,154.80401611328125,143.98573303222656,146.4092254638672,89555
2026-04-15,147.90829467773438,149.9070587158203,144.91015625,147.90829467773438,59036
2026-04-16,147.90829467773438,177.3900146484375,147.90829467773438,147.90829467773438,21183
2026-04-17,149.9070587158203,171.79348754882812,147.90829467773438,147.90829467773438,10916
2026-04-20,154.90396118164062,171.79348754882812,141.91201782226562,154.90396118164062,70623
2026-04-21,149.80711364746094,154.90396118164062,147.90829467773438,149.80711364746094,10
2026-04-22,149.9070587158203,154.90396118164062,147.90829467773438,149.9070587158203,4772
2026-04-23,145.40985107421875,154.90396118164062,144.91015625,145.40985107421875,20742
2026-04-24,149.9070587158203,168.89527893066406,141.413330078125,145.40985107421875,3804127
2026-04-27,147.90829467773438,168.89527893066406,144.91015625,149.9070587158203,12157
2026-04-28,146.90892028808594,149.9070587158203,142.4116973876953,146.90892028808594,1944995
2026-04-29,142.4116973876953,147.00885009765625,139.9132537841797,142.4116973876953,15139
2026-04-30,139.9132537841797,159.89886474609375,139.9132537841797,139.9132537841797,1937880
2026-05-01,139.9132537841797,139.9132537841797,139.9132537841797,139.9132537841797,0
2026-05-04,139.9132537841797,145.80960083007812,137.91448974609375,139.9132537841797,1580
2026-05-05,138.4141845703125,145.80960083007812,118.92626190185547,139.9132537841797,380
2026-05-06,139.41355895996094,159.90086364746094,130.42413330078125,139.41355895996094,77978
2026-05-07,136.0156707763672,139.41355895996094,133.91697692871094,136.0156707763672,71774
2026-05-08,137.91448974609375,138.91387939453125,132.91758728027344,136.0156707763672,100992
2026-05-11,136.9151153564453,139.41355895996094,136.9151153564453,137.91448974609375,100562
2026-05-12,137.91448974609375,159.7999267578125,136.9151153564453,137.91448974609375,21723
2026-05-13,137.71461486816406,159.69998168945312,136.9151153564453,137.71461486816406,1951
2026-05-14,137.91448974609375,139.9132537841797,124.92354583740234,137.71461486816406,27146
2026-05-15,139.9132537841797,154.90396118164062,137.91448974609375,139.9132537841797,370
2026-05-18,139.9132537841797,139.9132537841797,139.9132537841797,139.9132537841797,0
2026-05-19,141.91201782226562,159.89886474609375,138.4141845703125,139.9132537841797,8385
2026-05-20,143.91078186035156,159.8998565673828,139.9132537841797,141.91201782226562,39694
2026-05-21,140.21307373046875,158.90147399902344,139.9132537841797,143.91078186035156,142188
2026-05-22,139.9132537841797,142.4116973876953,138.91387939453125,140.21307373046875,120
2026-05-25,140.11312866210938,144.91015625,136.1156005859375,140.11312866210938,25525
2026-05-26,152.40550231933594,154.90396118164062,137.414794921875,152.40550231933594,10216
2026-05-27,144.91015625,154.90396118164062,140.1141357421875,152.40550231933594,2571
2026-05-28,157.40240478515625,157.40240478515625,142.11288452148438,144.91015625,2291
2026-05-29,154.90396118164062,159.90086364746094,153.40489196777344,157.40240478515625,26096
2026-06-01,149.80511474609375,164.79782104492188,149.44235229492188,149.80511474609375,72544
2026-06-02,135.9157257080078,152.9051971435547,135.41604614257812,149.80511474609375,50591
2026-06-03,139.91224670410156,149.9070587158203,136.0156707763672,135.9157257080078,600
2026-06-04,139.8133087158203,139.9132537841797,134.91635131835938,139.91224670410156,13768
2026-06-05,138.91387939453125,139.9132537841797,134.91635131835938,138.91387939453125,900
2026-06-08,138.91387939453125,138.91387939453125,138.91387939453125,138.91387939453125,0
2026-06-09,139.71237182617188,149.9070587158203,131.41851806640625,139.71237182617188,1291860
2026-06-10,131.918212890625,144.81021118164062,112.43029022216797,139.71237182617188,400
2026-06-11,129.91944885253906,135.9157257080078,111.93060302734375,131.918212890625,3302
2026-06-12,131.918212890625,132.81765747070312,129.91944885253906,129.91944885253906,89975
2026-06-15,138.91387939453125,139.9132537841797,131.918212890625,138.91387939453125,2291
2026-06-16,135.9157257080078,139.9132537841797,131.91720581054688,135.9157257080078,3942
2026-06-17,131.918212890625,138.91387939453125,129.91944885253906,135.9157257080078,2066050
2026-06-18,131.918212890625,138.91387939453125,131.918212890625,131.918212890625,4192
2026-06-19,169.89466857910156,182.3869171142578,131.918212890625,169.89466857910156,18011
2026-06-22,155.00389099121094,199.87608337402344,154.90396118164062,169.89466857910156,12377
2026-06-23,159.90086364746094,167.89590454101562,155.90333557128906,155.00389099121094,111078
2026-06-24,159.90086364746094,159.90086364746094,159.90086364746094,159.90086364746094,0
2026-06-25,159.90086364746094,159.90086364746094,159.90086364746094,159.90086364746094,0
2026-06-26,159.90086364746094,159.90086364746094,159.90086364746094,159.90086364746094,0
2026-06-29,159.90086364746094,159.90086364746094,159.90086364746094,159.90086364746094,0
2026-06-30,479.70257568359375,509.6839904785156,479.70257568359375,479.70257568359375,8602640
2026-07-01,479.40277099609375,497.6914367675781,419.7547607421875,479.70257568359375,9939
2026-07-02,158.60166931152344,164.89776611328125,149.9070587158203,159.80091857910156,23614
2026-07-03,154.40426635742188,158.90147399902344,150.2068634033203,154.40426635742188,6670
2026-07-06,152.9051971435547,154.40426635742188,150.2068634033203,154.40426635742188,27100
2026-07-07,148.70779418945312,152.90220642089844,148.4049835205078,152.9051971435547,4669
2026-07-08,145.40084838867188,148.40798950195312,143.01133728027344,145.40084838867188,33354
2026-07-09,143.30514526367188,145.10704040527344,142.71151733398438,145.40084838867188,333
2026-07-10,142.1118927001953,142.71151733398438,137.91448974609375,143.30514526367188,2334
2026-07-13,141.79708862304688,149.9070587158203,140.91262817382812,142.1118927001953,19558
2026-07-14,135.51597595214844,141.81207275390625,134.91635131835938,141.79708862304688,14008
2026-07-15,135.51597595214844,137.3148651123047,131.918212890625,135.51597595214844,3635
2026-07-16,135.51597595214844,135.51597595214844,135.51597595214844,135.51597595214844,0
2026-07-17,134.3167266845703,134.6165313720703,134.01690673828125,134.3167266845703,9025
2026-07-20,130.4191436767578,140.91262817382812,129.21987915039062,134.3167266845703,23347
2026-07-21,131.01876831054688,134.91336059570312,130.42213439941406,130.4191436767578,23924
2026-07-22,131.918212890625,134.91635131835938,130.4191436767578,131.01876831054688,13341
2026-07-23,134.91635131835938,134.91635131835938,133.4172821044922,131.918212890625,10309
2026-07-24,134.91635131835938,134.91635131835938,134.91635131835938,134.91635131835938,0
2026-07-27,136.41542053222656,140.90963745117188,134.91635131835938,134.91635131835938,18374
2026-07-28,139.41355895996094,140.90963745117188,131.92420959472656,139.41355895996094,141611
2026-07-29,138.5141143798828,139.41355895996094,137.91448974609375,139.41355895996094,93391
2026-07-30,139.41656494140625,145.37986755371094,138.2143096923828,138.5141143798828,16183
2026-07-31,142.4116973876953,149.9070587158203,138.5141143798828,142.4116973876953,68332
2026-08-03,142.1118927001953,146.60910034179688,140.91262817382812,142.4116973876953,382820
2026-08-04,138.5141143798828,143.01133728027344,137.91448974609375,138.5141143798828,15042
2026-08-05,138.51112365722656,142.10888671875,137.91448974609375,138.51112365722656,7437
2026-08-06,138.51112365722656,140.91262817382812,134.91635131835938,138.51112365722656,100
2026-08-07,139.41355895996094,146.90892028808594,138.51112365722656,138.51112365722656,13341
2026-08-10,137.91448974609375,142.2617950439453,134.9193572998047,139.41355895996094,11723
2026-08-11,140.91262817382812,146.90892028808594,137.91448974609375,137.91448974609375,69763
2026-08-12,139.41355895996094,148.40798950195312,138.5141143798828,140.91262817382812,14008
2026-08-13,142.86141967773438,146.4532012939453,137.91448974609375,139.41355895996094,23254
2026-08-14,172.3451385498047,176.89031982421875,151.4061279296875,142.86141967773438,8105
2026-08-17,202.07470703125,204.17041015625,164.9007568359375,202.07470703125,8225
2026-08-18,680.0,699.8400268554688,680.0,674.0,7646
2026-08-19,683.0,696.0,680.0,680.0,5905
