Date,Close,High,Low,Open,Volume
,BPV.CR,BPV.CR,BPV.CR,BPV.CR,BPV.CR
2008-01-03,4.734404563903809,4.734404563903809,4.734404563903809,4.734404563903809,37
2008-01-04,4.734404563903809,4.897659893693596,4.734404563903809,4.734404563903809,1735
2008-01-07,4.244637966156006,4.244637966156006,4.244637966156006,4.244637966156006,1264
2008-01-08,4.244637966156006,4.244637966156006,3.754872046984159,4.244637966156006,1902
2008-01-09,4.244637966156006,4.244637966156006,4.244637966156006,4.244637966156006,849
2008-01-10,4.571149826049805,4.571149826049805,4.407894475119455,4.571149826049805,446
2008-01-11,4.571149826049805,4.571149826049805,4.571149826049805,4.571149826049805,0
2008-01-14,4.571149826049805,4.571149826049805,4.571149826049805,4.571149826049805,0
2008-01-15,4.571149826049805,4.571149826049805,4.571149826049805,4.571149826049805,0
2008-01-16,4.571149826049805,4.571149826049805,4.571149826049805,4.571149826049805,0
2008-01-17,4.571149826049805,4.571149826049805,4.571149826049805,4.571149826049805,0
2008-01-18,4.571149826049805,4.571149826049805,4.571149826049805,4.571149826049805,0
2008-01-21,4.571149826049805,4.571149826049805,4.571149826049805,4.571149826049805,0
2008-01-22,4.571149826049805,4.571149826049805,4.571149826049805,4.571149826049805,0
2008-01-23,4.571149826049805,4.571149826049805,4.571149826049805,4.571149826049805,0
2008-01-24,4.571149826049805,4.571149826049805,4.571149826049805,4.571149826049805,0
2008-01-25,4.571149826049805,4.571149826049805,4.571149826049805,4.571149826049805,0
2008-01-28,4.571149826049805,4.571149826049805,4.571149826049805,4.571149826049805,0
2008-01-29,4.571149826049805,4.571149826049805,4.571149826049805,4.571149826049805,0
2008-01-30,4.571149826049805,4.571149826049805,4.571149826049805,4.571149826049805,0
2008-01-31,4.571149826049805,4.571149826049805,4.571149826049805,4.571149826049805,0
2008-02-01,4.571149826049805,4.571149826049805,4.571149826049805,4.571149826049805,0
2008-02-06,3.4283621311187744,3.4283621311187744,3.4283621311187744,3.4283621311187744,0
2008-02-07,3.4283621311187744,3.4283621311187744,3.4283621311187744,3.4283621311187744,0
2008-02-08,3.4283621311187744,3.4283621311187744,3.4283621311187744,3.4283621311187744,0
2008-02-11,3.4283621311187744,3.4283621311187744,3.4283621311187744,3.4283621311187744,0
2008-02-12,3.4283621311187744,3.4283621311187744,3.4283621311187744,3.4283621311187744,0
2008-02-13,3.4283621311187744,3.4283621311187744,3.4283621311187744,3.4283621311187744,0
2008-02-14,3.4283621311187744,3.4283621311187744,3.4283621311187744,3.4283621311187744,0
2008-02-15,3.4283621311187744,3.4283621311187744,3.4283621311187744,3.4283621311187744,0
2008-02-18,3.4283621311187744,3.4283621311187744,3.4283621311187744,3.4283621311187744,0
2008-02-19,3.4283621311187744,3.4283621311187744,3.4283621311187744,3.4283621311187744,0
2008-02-20,3.4283621311187744,3.4283621311187744,3.4283621311187744,3.4283621311187744,0
2008-02-21,3.4283621311187744,3.4283621311187744,3.4283621311187744,3.4283621311187744,0
2008-02-22,3.5916178226470947,3.5916178226470947,3.5916178226470947,3.5916178226470947,0
2008-02-25,3.5916178226470947,3.5916178226470947,3.5916178226470947,3.5916178226470947,0
2008-02-26,3.5916178226470947,3.5916178226470947,3.5916178226470947,3.5916178226470947,0
2008-02-27,3.5916178226470947,3.5916178226470947,3.5916178226470947,3.5916178226470947,0
2008-02-28,3.5916178226470947,3.5916178226470947,3.5916178226470947,3.5916178226470947,0
2008-02-29,3.5916178226470947,3.5916178226470947,3.5916178226470947,3.5916178226470947,0
2008-03-03,3.5916178226470947,3.5916178226470947,3.5916178226470947,3.5916178226470947,0
2008-03-04,3.5916178226470947,3.5916178226470947,3.5916178226470947,3.5916178226470947,0
2008-03-05,3.5916178226470947,3.5916178226470947,3.5916178226470947,3.5916178226470947,0
2008-03-06,3.5916178226470947,3.5916178226470947,3.5916178226470947,3.5916178226470947,0
2008-03-07,3.5916178226470947,3.5916178226470947,3.5916178226470947,3.5916178226470947,0
2008-03-10,3.5916178226470947,3.5916178226470947,3.5916178226470947,3.5916178226470947,0
2008-03-11,3.5916178226470947,3.5916178226470947,3.5916178226470947,3.5916178226470947,0
2008-03-12,3.5916178226470947,3.5916178226470947,3.5916178226470947,3.5916178226470947,0
2008-03-13,3.5916178226470947,3.5916178226470947,3.5916178226470947,3.5916178226470947,0
2008-03-14,3.5916178226470947,3.5916178226470947,3.5916178226470947,3.5916178226470947,0
2008-03-17,3.5916178226470947,3.5916178226470947,3.5916178226470947,3.5916178226470947,0
2008-03-18,3.5916178226470947,3.5916178226470947,3.5916178226470947,3.5916178226470947,0
2008-03-24,3.4283621311187744,3.4283621311187744,3.4283621311187744,3.4283621311187744,0
2008-03-25,3.4283621311187744,3.4283621311187744,3.4283621311187744,3.4283621311187744,0
2008-03-26,3.4283621311187744,3.4283621311187744,3.4283621311187744,3.4283621311187744,0
2008-03-27,3.4283621311187744,3.4283621311187744,3.4283621311187744,3.4283621311187744,0
2008-03-28,3.4283621311187744,3.4283621311187744,3.4283621311187744,3.4283621311187744,0
2008-03-31,3.4283621311187744,3.4283621311187744,3.4283621311187744,3.4283621311187744,0
2008-04-01,2.938596248626709,2.938596248626709,2.938596248626709,2.938596248626709,0
2008-04-02,2.938596248626709,2.938596248626709,2.938596248626709,2.938596248626709,0
2008-04-03,2.938596248626709,2.938596248626709,2.938596248626709,2.938596248626709,0
2008-04-04,2.938596248626709,2.938596248626709,2.938596248626709,2.938596248626709,0
2008-04-07,2.938596248626709,2.938596248626709,2.938596248626709,2.938596248626709,0
2008-04-08,2.938596248626709,2.938596248626709,2.938596248626709,2.938596248626709,0
2008-04-09,2.938596248626709,2.938596248626709,2.938596248626709,2.938596248626709,0
2008-04-10,2.938596248626709,2.938596248626709,2.938596248626709,2.938596248626709,0
2008-04-11,2.938596248626709,2.938596248626709,2.938596248626709,2.938596248626709,0
2008-04-14,3.265106678009033,3.265106678009033,3.265106678009033,3.265106678009033,0
2008-04-15,3.265106678009033,3.265106678009033,3.265106678009033,3.265106678009033,0
2008-04-16,3.265106678009033,3.265106678009033,3.265106678009033,3.265106678009033,0
2008-04-17,3.101851463317871,3.101851463317871,3.101851463317871,3.101851463317871,0
2008-04-18,3.101851463317871,3.101851463317871,3.101851463317871,3.101851463317871,0
2008-04-21,3.101851463317871,3.101851463317871,3.101851463317871,3.101851463317871,0
2008-04-22,2.938596248626709,2.938596248626709,2.938596248626709,2.938596248626709,0
2008-04-23,2.938596248626709,2.938596248626709,2.938596248626709,2.938596248626709,0
2008-04-24,2.938596248626709,2.938596248626709,2.938596248626709,2.938596248626709,0
2008-04-25,2.938596248626709,2.938596248626709,2.938596248626709,2.938596248626709,0
2008-04-28,2.938596248626709,2.938596248626709,2.938596248626709,2.938596248626709,0
2008-04-29,2.775341033935547,2.775341033935547,2.775341033935547,2.775341033935547,0
2008-04-30,2.775341033935547,2.775341033935547,2.775341033935547,2.775341033935547,0
2008-05-02,2.775341033935547,2.775341033935547,2.775341033935547,2.775341033935547,0
2008-05-06,2.775341033935547,2.775341033935547,2.775341033935547,2.775341033935547,0
2008-05-07,2.775341033935547,2.775341033935547,2.775341033935547,2.775341033935547,0
2008-05-08,2.775341033935547,2.775341033935547,2.775341033935547,2.775341033935547,0
2008-05-09,2.775341033935547,2.775341033935547,2.775341033935547,2.775341033935547,0
2008-05-12,2.775341033935547,2.775341033935547,2.775341033935547,2.775341033935547,0
2008-05-13,2.775341033935547,2.775341033935547,2.775341033935547,2.775341033935547,0
2008-05-14,2.775341033935547,2.775341033935547,2.775341033935547,2.775341033935547,0
2008-05-15,2.775341033935547,2.775341033935547,2.775341033935547,2.775341033935547,0
2008-05-16,2.775341033935547,2.775341033935547,2.775341033935547,2.775341033935547,0
2008-05-19,2.775341033935547,2.775341033935547,2.775341033935547,2.775341033935547,0
2008-05-20,2.775341033935547,2.775341033935547,2.775341033935547,2.775341033935547,0
2008-05-21,2.775341033935547,2.775341033935547,2.775341033935547,2.775341033935547,0
2008-05-22,2.775341033935547,2.775341033935547,2.775341033935547,2.775341033935547,0
2008-05-23,2.775341033935547,2.775341033935547,2.775341033935547,2.775341033935547,0
2008-05-27,2.6120855808258057,2.6120855808258057,2.6120855808258057,2.6120855808258057,0
2008-05-28,2.6120855808258057,2.6120855808258057,2.6120855808258057,2.6120855808258057,0
2008-05-29,2.6120855808258057,2.6120855808258057,2.6120855808258057,2.6120855808258057,0
2008-05-30,2.6120855808258057,2.6120855808258057,2.6120855808258057,2.6120855808258057,0
2008-06-02,2.6120855808258057,2.6120855808258057,2.6120855808258057,2.6120855808258057,0
2008-06-03,2.6120855808258057,2.6120855808258057,2.6120855808258057,2.6120855808258057,0
2008-06-04,2.6120855808258057,2.6120855808258057,2.6120855808258057,2.6120855808258057,0
2008-06-05,2.6120855808258057,2.6120855808258057,2.6120855808258057,2.6120855808258057,0
2008-06-06,2.6120855808258057,2.6120855808258057,2.6120855808258057,2.6120855808258057,0
2008-06-09,2.6120855808258057,2.6120855808258057,2.6120855808258057,2.6120855808258057,0
2008-06-10,2.6120855808258057,2.6120855808258057,2.6120855808258057,2.6120855808258057,0
2008-06-11,2.6120855808258057,2.6120855808258057,2.6120855808258057,2.6120855808258057,0
2008-06-12,2.938596248626709,2.938596248626709,2.938596248626709,2.938596248626709,0
2008-06-13,2.938596248626709,2.938596248626709,2.938596248626709,2.938596248626709,0
2008-06-16,2.938596248626709,2.938596248626709,2.938596248626709,2.938596248626709,0
2008-06-17,2.938596248626709,2.938596248626709,2.938596248626709,2.938596248626709,0
2008-06-18,2.938596248626709,2.938596248626709,2.938596248626709,2.938596248626709,0
2008-06-19,2.938596248626709,2.938596248626709,2.938596248626709,2.938596248626709,0
2008-06-20,2.938596248626709,2.938596248626709,2.938596248626709,2.938596248626709,0
2008-06-23,2.938596248626709,2.938596248626709,2.938596248626709,2.938596248626709,0
2008-06-25,2.775341033935547,2.775341033935547,2.775341033935547,2.775341033935547,0
2008-06-26,2.775341033935547,2.775341033935547,2.775341033935547,2.775341033935547,0
2008-06-27,2.775341033935547,2.775341033935547,2.775341033935547,2.775341033935547,0
2008-06-30,2.775341033935547,2.775341033935547,2.775341033935547,2.775341033935547,0
2008-07-01,2.775341033935547,2.775341033935547,2.775341033935547,2.775341033935547,0
2008-07-02,2.775341033935547,2.775341033935547,2.775341033935547,2.775341033935547,0
2008-07-03,2.775341033935547,2.775341033935547,2.775341033935547,2.775341033935547,0
2008-07-04,2.775341033935547,2.775341033935547,2.775341033935547,2.775341033935547,0
2008-07-07,2.775341033935547,2.775341033935547,2.775341033935547,2.775341033935547,0
2008-07-08,2.775341033935547,2.775341033935547,2.775341033935547,2.775341033935547,0
2008-07-09,2.775341033935547,2.775341033935547,2.775341033935547,2.775341033935547,0
2008-07-10,2.6120855808258057,2.6120855808258057,2.6120855808258057,2.6120855808258057,0
2008-07-11,2.6120855808258057,2.6120855808258057,2.6120855808258057,2.6120855808258057,0
2008-07-14,2.610147748782765e-05,2.610147748782765e-05,2.610147748782765e-05,2.610147748782765e-05,0
2008-07-15,2.610147748782765e-05,2.610147748782765e-05,2.610147748782765e-05,2.610147748782765e-05,1352
2008-07-16,2.772017614915967e-05,2.772017614915967e-05,2.772017614915967e-05,2.772017614915967e-05,26470
2008-07-17,2.772017614915967e-05,2.772017614915967e-05,2.772017614915967e-05,2.772017614915967e-05,62900
2008-07-18,2.772017614915967e-05,2.772017614915967e-05,2.772017614915967e-05,2.772017614915967e-05,123
2008-07-21,2.772017614915967e-05,2.9338873168402338e-05,2.772017614915967e-05,2.772017614915967e-05,27468
2008-07-22,2.610147748782765e-05,2.7720174405235285e-05,2.610147748782765e-05,2.610147748782765e-05,20059
2008-07-23,2.610147748782765e-05,2.610147748782765e-05,2.610147748782765e-05,2.610147748782765e-05,518
2008-07-25,2.772017614915967e-05,2.772017614915967e-05,2.772017614915967e-05,2.772017614915967e-05,1833
2008-07-28,2.772017614915967e-05,2.772017614915967e-05,2.772017614915967e-05,2.772017614915967e-05,0
2008-07-29,2.610147748782765e-05,2.610147748782765e-05,2.610147748782765e-05,2.610147748782765e-05,2230
2008-07-30,2.772017614915967e-05,2.772017614915967e-05,2.772017614915967e-05,2.772017614915967e-05,867
2008-07-31,2.772017614915967e-05,2.772017614915967e-05,2.772017614915967e-05,2.772017614915967e-05,0
2008-08-01,2.772017614915967e-05,2.772017614915967e-05,2.772017614915967e-05,2.772017614915967e-05,87
2008-08-04,2.772017614915967e-05,2.772017614915967e-05,2.772017614915967e-05,2.772017614915967e-05,867
2008-08-05,2.772017614915967e-05,2.772017614915967e-05,2.772017614915967e-05,2.772017614915967e-05,123
2008-08-06,2.772017614915967e-05,2.772017614915967e-05,2.772017614915967e-05,2.772017614915967e-05,2602
2008-08-07,2.772017614915967e-05,2.772017614915967e-05,2.772017614915967e-05,2.772017614915967e-05,5329
2008-08-08,2.772017614915967e-05,2.772017614915967e-05,2.772017614915967e-05,2.772017614915967e-05,743
2008-08-11,2.772017614915967e-05,2.772017614915967e-05,2.772017614915967e-05,2.772017614915967e-05,4585
2008-08-12,2.933887117251288e-05,2.933887117251288e-05,2.7720174263388288e-05,2.933887117251288e-05,3098
2008-08-13,2.933887117251288e-05,2.933887117251288e-05,2.933887117251288e-05,2.933887117251288e-05,371
2008-08-14,3.09575698338449e-05,3.09575698338449e-05,3.09575698338449e-05,3.09575698338449e-05,2478
2008-08-15,3.419495988055132e-05,3.419495988055132e-05,3.095756625348187e-05,3.419495988055132e-05,2602
2008-08-19,3.419495988055132e-05,3.419495988055132e-05,3.419495988055132e-05,3.419495988055132e-05,0
2008-08-20,3.419495988055132e-05,3.419495988055132e-05,3.419495988055132e-05,2.7720172626412424e-05,128
2008-08-21,3.419495988055132e-05,3.419495988055132e-05,3.419495988055132e-05,3.419495988055132e-05,0
2008-08-22,3.419495988055132e-05,3.419495988055132e-05,3.419495988055132e-05,3.419495988055132e-05,202
2008-08-25,3.25762594002299e-05,3.25762594002299e-05,3.25762594002299e-05,3.25762594002299e-05,6196
2008-08-26,3.25762594002299e-05,3.25762594002299e-05,3.095756276889581e-05,2.772016950622764e-05,961
2008-08-27,3.25762594002299e-05,3.25762594002299e-05,3.25762594002299e-05,3.25762594002299e-05,0
2008-08-28,3.25762594002299e-05,3.25762594002299e-05,3.25762594002299e-05,3.25762594002299e-05,0
2008-08-29,3.25762594002299e-05,3.25762594002299e-05,3.25762594002299e-05,3.25762594002299e-05,0
2008-09-01,3.25762594002299e-05,3.25762594002299e-05,3.25762594002299e-05,3.25762594002299e-05,309
2008-09-02,3.09575698338449e-05,3.09575698338449e-05,3.09575698338449e-05,3.09575698338449e-05,773
2008-09-03,3.09575698338449e-05,3.09575698338449e-05,3.09575698338449e-05,3.09575698338449e-05,3876
2008-09-04,3.09575698338449e-05,3.09575698338449e-05,2.9338872833101588e-05,3.09575698338449e-05,396
2008-09-05,3.09575698338449e-05,3.09575698338449e-05,2.9338872833101588e-05,2.7720175832358275e-05,247
2008-09-08,3.09575698338449e-05,3.09575698338449e-05,3.09575698338449e-05,3.09575698338449e-05,0
2008-09-09,3.09575698338449e-05,3.09575698338449e-05,3.09575698338449e-05,3.09575698338449e-05,9010
2008-09-10,3.09575698338449e-05,3.09575698338449e-05,3.09575698338449e-05,3.09575698338449e-05,2808
2008-09-11,3.09575698338449e-05,3.09575698338449e-05,3.09575698338449e-05,3.09575698338449e-05,8919
2008-09-12,3.09575698338449e-05,3.09575698338449e-05,2.9338872833101588e-05,3.09575698338449e-05,4645
2008-09-15,3.09575698338449e-05,3.09575698338449e-05,3.09575698338449e-05,2.7720175832358275e-05,1359
2008-09-16,3.09575698338449e-05,3.09575698338449e-05,3.09575698338449e-05,3.09575698338449e-05,0
2008-09-17,3.09575698338449e-05,3.09575698338449e-05,3.09575698338449e-05,3.09575698338449e-05,21751
2008-09-18,3.09575698338449e-05,3.09575698338449e-05,3.09575698338449e-05,3.09575698338449e-05,29
2008-09-19,3.09575698338449e-05,3.09575698338449e-05,3.09575698338449e-05,3.09575698338449e-05,589
2008-09-22,2.4482780645485036e-05,2.7720172823359982e-05,2.4482780645485036e-05,2.4482780645485036e-05,105980
2008-09-23,2.4482780645485036e-05,2.6101475998324665e-05,2.4482780645485036e-05,2.4482780645485036e-05,15120
2008-09-24,2.4482780645485036e-05,2.4482780645485036e-05,2.4482780645485036e-05,2.4482780645485036e-05,185
2008-09-25,2.4482780645485036e-05,2.4482780645485036e-05,2.4482780645485036e-05,2.4482780645485036e-05,3098
2008-09-26,2.4482780645485036e-05,2.4482780645485036e-05,2.4482780645485036e-05,2.4482780645485036e-05,4107
2008-09-29,2.4482780645485036e-05,2.6101475998324665e-05,2.2661748189515993e-05,2.4482780645485036e-05,24558
2008-09-30,2.4482780645485036e-05,2.4482780645485036e-05,2.4482780645485036e-05,2.4482780645485036e-05,3245
2008-10-01,2.4482780645485036e-05,2.4482780645485036e-05,2.4482780645485036e-05,2.4482780645485036e-05,557
2008-10-02,2.4482780645485036e-05,2.6101475998324665e-05,2.4482780645485036e-05,2.4482780645485036e-05,8080
2008-10-03,2.4482780645485036e-05,2.4482780645485036e-05,2.4482780645485036e-05,2.4482780645485036e-05,309
2008-10-06,2.4482780645485036e-05,2.4482780645485036e-05,2.4482780645485036e-05,2.4482780645485036e-05,468
2008-10-07,2.4482780645485036e-05,2.6101475998324665e-05,2.4482780645485036e-05,2.4482780645485036e-05,4909
2008-10-08,2.2661748516838998e-05,2.448278099911077e-05,2.2661748516838998e-05,2.2661748516838998e-05,28142
2008-10-09,2.104304985550698e-05,2.104304985550698e-05,2.104304985550698e-05,2.104304985550698e-05,13773
2008-10-10,1.942435665114317e-05,2.104305205727461e-05,1.942435665114317e-05,1.942435665114317e-05,25730
2008-10-13,2.104304985550698e-05,2.104304985550698e-05,1.9424354618742183e-05,2.104304985550698e-05,7078
2008-10-14,2.104304985550698e-05,2.104304985550698e-05,2.104304985550698e-05,2.104304985550698e-05,11468
2008-10-15,2.2661748516838998e-05,2.2661748516838998e-05,2.1043051668423458e-05,2.2661748516838998e-05,12172
2008-10-16,2.2661748516838998e-05,2.448278099911077e-05,2.2661748516838998e-05,2.2661748516838998e-05,4299
2008-10-17,2.2661748516838998e-05,2.2661748516838998e-05,2.2661748516838998e-05,2.2661748516838998e-05,1239
2008-10-20,2.2661748516838998e-05,2.2661748516838998e-05,2.2661748516838998e-05,2.2661748516838998e-05,2751
2008-10-21,2.2661748516838998e-05,2.2661748516838998e-05,2.2661748516838998e-05,2.2661748516838998e-05,8560
2008-10-22,2.2661748516838998e-05,2.2661748516838998e-05,2.2661748516838998e-05,2.7720173223746137e-05,11334
2008-10-23,2.2661748516838998e-05,2.2661748516838998e-05,2.2661748516838998e-05,2.2661748516838998e-05,0
2008-10-24,2.2661748516838998e-05,2.2661748516838998e-05,2.2661748516838998e-05,2.2661748516838998e-05,1189
2008-10-27,2.2661748516838998e-05,2.2661748516838998e-05,2.2661748516838998e-05,2.2661748516838998e-05,811
2008-10-28,2.2661748516838998e-05,2.2661748516838998e-05,2.2661748516838998e-05,2.2661748516838998e-05,943
2008-10-29,2.2661748516838998e-05,2.2661748516838998e-05,2.2661748516838998e-05,2.2661748516838998e-05,185
2008-10-30,2.2661748516838998e-05,2.2661748516838998e-05,2.2661748516838998e-05,2.2661748516838998e-05,715
2008-10-31,2.2661748516838998e-05,2.2661748516838998e-05,2.1043051668423458e-05,2.2661748516838998e-05,6728
2008-11-03,2.2661748516838998e-05,2.2661748516838998e-05,2.2661748516838998e-05,2.2661748516838998e-05,247
2008-11-04,2.104304985550698e-05,2.104304985550698e-05,2.104304985550698e-05,2.7720170835577366e-05,1239
2008-11-05,2.104304985550698e-05,2.104304985550698e-05,2.104304985550698e-05,2.104304985550698e-05,0
2008-11-06,2.104304985550698e-05,2.104304985550698e-05,2.104304985550698e-05,2.104304985550698e-05,437
2008-11-07,2.104304985550698e-05,2.2661746564467353e-05,2.104304985550698e-05,2.104304985550698e-05,7064
2008-11-10,2.104304985550698e-05,2.2661746564467353e-05,2.104304985550698e-05,2.7720170835577366e-05,767
2008-11-11,2.104304985550698e-05,2.104304985550698e-05,2.104304985550698e-05,2.104304985550698e-05,0
2008-11-12,2.104304985550698e-05,2.104304985550698e-05,2.104304985550698e-05,2.104304985550698e-05,4
2008-11-13,2.104304985550698e-05,2.104304985550698e-05,2.104304985550698e-05,2.104304985550698e-05,2416
2008-11-14,2.104304985550698e-05,2.104304985550698e-05,2.104304985550698e-05,2.104304985550698e-05,1859
2008-11-17,2.104304985550698e-05,2.104304985550698e-05,2.104304985550698e-05,2.7720170835577366e-05,619
2008-11-18,2.104304985550698e-05,2.104304985550698e-05,2.104304985550698e-05,2.104304985550698e-05,0
2008-11-19,2.104304985550698e-05,2.104304985550698e-05,1.9424354618742183e-05,2.7720170835577366e-05,4585
2008-11-20,2.104304985550698e-05,2.104304985550698e-05,2.104304985550698e-05,2.104304985550698e-05,0
2008-11-21,2.104304985550698e-05,2.104304985550698e-05,2.104304985550698e-05,2.104304985550698e-05,725
2008-11-24,2.104304985550698e-05,2.2661746564467353e-05,1.9424354618742183e-05,2.104304985550698e-05,9977
2008-11-25,2.104304985550698e-05,2.104304985550698e-05,2.104304985550698e-05,2.104304985550698e-05,185
2008-11-26,2.104304985550698e-05,2.104304985550698e-05,2.104304985550698e-05,2.7720170835577366e-05,1314
2008-11-27,2.104304985550698e-05,2.104304985550698e-05,2.104304985550698e-05,2.104304985550698e-05,0
2008-11-28,2.104304985550698e-05,2.104304985550698e-05,2.104304985550698e-05,2.7720170835577366e-05,123
2008-12-01,2.104304985550698e-05,2.104304985550698e-05,2.104304985550698e-05,2.104304985550698e-05,0
2008-12-02,2.104304985550698e-05,2.104304985550698e-05,2.104304985550698e-05,2.104304985550698e-05,43
2008-12-03,2.104304985550698e-05,2.104304985550698e-05,2.104304985550698e-05,2.104304985550698e-05,2007
2008-12-04,1.942435665114317e-05,1.942435665114317e-05,1.942435665114317e-05,1.942435665114317e-05,1512
2008-12-05,1.942435665114317e-05,1.942435665114317e-05,1.942435665114317e-05,1.942435665114317e-05,123
2008-12-09,1.942435665114317e-05,1.942435665114317e-05,1.942435665114317e-05,1.942435665114317e-05,495
2008-12-10,1.942435665114317e-05,1.942435665114317e-05,1.942435665114317e-05,1.942435665114317e-05,11573
2008-12-11,1.942435665114317e-05,1.942435665114317e-05,1.942435665114317e-05,1.942435665114317e-05,1239
2008-12-12,2.104304985550698e-05,2.104304985550698e-05,1.9424354618742183e-05,2.104304985550698e-05,13493
2008-12-15,2.104304985550698e-05,2.104304985550698e-05,2.104304985550698e-05,2.104304985550698e-05,1738
2008-12-16,2.104304985550698e-05,2.104304985550698e-05,2.104304985550698e-05,2.7720170835577366e-05,718
2008-12-17,2.104304985550698e-05,2.104304985550698e-05,2.104304985550698e-05,2.104304985550698e-05,0
2008-12-18,2.104304985550698e-05,2.104304985550698e-05,2.104304985550698e-05,2.104304985550698e-05,433
2008-12-19,2.104304985550698e-05,2.104304985550698e-05,2.104304985550698e-05,2.7720170835577366e-05,198
2008-12-22,2.104304985550698e-05,2.104304985550698e-05,2.104304985550698e-05,2.104304985550698e-05,0
2008-12-23,2.104304985550698e-05,2.104304985550698e-05,2.104304985550698e-05,2.104304985550698e-05,681
2008-12-24,2.104304985550698e-05,2.104304985550698e-05,2.104304985550698e-05,2.104304985550698e-05,0
2008-12-26,2.104304985550698e-05,2.104304985550698e-05,2.104304985550698e-05,2.104304985550698e-05,206
2008-12-29,2.2661748516838998e-05,2.2661748516838998e-05,2.2661748516838998e-05,2.2661748516838998e-05,1741
2008-12-30,2.2661748516838998e-05,2.2661748516838998e-05,2.2661748516838998e-05,2.7720173223746137e-05,130
2008-12-31,2.2661748516838998e-05,2.2661748516838998e-05,2.2661748516838998e-05,2.2661748516838998e-05,0
2009-01-02,2.2661748516838998e-05,2.2661748516838998e-05,2.2661748516838998e-05,2.2661748516838998e-05,0
2009-01-06,2.2661748516838998e-05,2.448278099911077e-05,2.2661748516838998e-05,2.2661748516838998e-05,7510
2009-01-07,2.2661748516838998e-05,2.448278099911077e-05,2.2661748516838998e-05,2.2661748516838998e-05,1137
2009-01-08,2.2661748516838998e-05,2.448278099911077e-05,2.2661748516838998e-05,2.2661748516838998e-05,1805
2009-01-09,2.4482780645485036e-05,2.4482780645485036e-05,2.4482780645485036e-05,2.4482780645485036e-05,1486
2009-01-12,2.2661748516838998e-05,2.2661748516838998e-05,2.2661748516838998e-05,2.2661748516838998e-05,2895
2009-01-13,2.2661748516838998e-05,2.2661748516838998e-05,2.2661748516838998e-05,2.2661748516838998e-05,1001
2009-01-14,2.2661748516838998e-05,2.448278099911077e-05,2.2661748516838998e-05,2.2661748516838998e-05,1664
2009-01-15,2.2661748516838998e-05,2.2661748516838998e-05,2.2661748516838998e-05,2.2661748516838998e-05,61
2009-01-16,2.4482780645485036e-05,2.4482780645485036e-05,2.2661748189515993e-05,2.7720172823359982e-05,1892
2009-01-19,2.4482780645485036e-05,2.4482780645485036e-05,2.4482780645485036e-05,2.4482780645485036e-05,0
2009-01-20,2.4482780645485036e-05,2.4482780645485036e-05,2.4482780645485036e-05,2.4482780645485036e-05,0
2009-01-21,2.4482780645485036e-05,2.4482780645485036e-05,2.4482780645485036e-05,2.4482780645485036e-05,0
2009-01-22,2.4482780645485036e-05,2.4482780645485036e-05,2.4482780645485036e-05,2.4482780645485036e-05,3926
2009-01-23,2.4482780645485036e-05,2.4482780645485036e-05,2.4482780645485036e-05,2.4482780645485036e-05,4707
2009-01-26,2.4482780645485036e-05,2.4482780645485036e-05,2.4482780645485036e-05,2.4482780645485036e-05,1609
2009-01-27,2.4482780645485036e-05,2.4482780645485036e-05,2.4482780645485036e-05,2.4482780645485036e-05,586
2009-01-28,2.4482780645485036e-05,2.4482780645485036e-05,2.4482780645485036e-05,2.4482780645485036e-05,347
2009-01-29,2.4482780645485036e-05,2.4482780645485036e-05,2.4482780645485036e-05,2.4482780645485036e-05,161
2009-01-30,2.4482780645485036e-05,2.4482780645485036e-05,2.4482780645485036e-05,2.7720172823359982e-05,2651
2009-02-02,2.4482780645485036e-05,2.4482780645485036e-05,2.4482780645485036e-05,2.4482780645485036e-05,0
2009-02-03,2.4482780645485036e-05,2.4482780645485036e-05,2.4482780645485036e-05,2.4482780645485036e-05,1307
2009-02-04,2.4482780645485036e-05,2.4482780645485036e-05,2.4482780645485036e-05,2.4482780645485036e-05,1239
2009-02-05,2.4482780645485036e-05,2.4482780645485036e-05,2.4482780645485036e-05,2.4482780645485036e-05,4709
2009-02-06,2.4482780645485036e-05,2.4482780645485036e-05,2.4482780645485036e-05,2.4482780645485036e-05,17351
2009-02-09,2.4482780645485036e-05,2.4482780645485036e-05,2.4482780645485036e-05,2.7720172823359982e-05,1406
2009-02-10,2.4482780645485036e-05,2.4482780645485036e-05,2.4482780645485036e-05,2.4482780645485036e-05,0
2009-02-11,2.610147748782765e-05,2.610147748782765e-05,2.610147748782765e-05,2.610147748782765e-05,1239
2009-02-12,2.772017614915967e-05,2.772017614915967e-05,2.6101479129917e-05,2.772017614915967e-05,6444
2009-02-13,2.772017614915967e-05,2.772017614915967e-05,2.772017614915967e-05,2.772017614915967e-05,8539
2009-02-16,2.772017614915967e-05,2.772017614915967e-05,2.772017614915967e-05,2.772017614915967e-05,0
2009-02-17,2.772017614915967e-05,2.772017614915967e-05,2.772017614915967e-05,2.772017614915967e-05,348
2009-02-18,2.772017614915967e-05,2.772017614915967e-05,2.772017614915967e-05,2.772017614915967e-05,324
2009-02-19,2.610147748782765e-05,2.610147748782765e-05,2.610147748782765e-05,2.610147748782765e-05,1784
2009-02-20,2.610147748782765e-05,2.610147748782765e-05,2.610147748782765e-05,2.610147748782765e-05,123
2009-02-25,2.610147748782765e-05,2.610147748782765e-05,2.610147748782765e-05,2.610147748782765e-05,136
2009-02-26,2.610147748782765e-05,2.610147748782765e-05,2.610147748782765e-05,2.610147748782765e-05,3718
2009-02-27,2.610147748782765e-05,2.610147748782765e-05,2.610147748782765e-05,2.610147748782765e-05,2256
2009-03-02,2.610147748782765e-05,2.610147748782765e-05,2.610147748782765e-05,2.610147748782765e-05,1282
2009-03-03,2.610147748782765e-05,2.610147748782765e-05,2.610147748782765e-05,2.610147748782765e-05,123
2009-03-04,2.610147748782765e-05,2.610147748782765e-05,2.610147748782765e-05,2.610147748782765e-05,2251
2009-03-05,2.610147748782765e-05,2.610147748782765e-05,2.610147748782765e-05,2.610147748782765e-05,3024
2009-03-06,2.610147748782765e-05,2.610147748782765e-05,2.610147748782765e-05,2.7720174405235285e-05,123
2009-03-09,2.610147748782765e-05,2.610147748782765e-05,2.610147748782765e-05,2.610147748782765e-05,0
2009-03-10,2.610147748782765e-05,2.610147748782765e-05,2.4482782042615792e-05,2.610147748782765e-05,7612
2009-03-11,2.610147748782765e-05,2.610147748782765e-05,2.610147748782765e-05,2.610147748782765e-05,0
2009-03-12,2.610147748782765e-05,2.610147748782765e-05,2.610147748782765e-05,2.610147748782765e-05,768
2009-03-13,2.610147748782765e-05,2.610147748782765e-05,2.610147748782765e-05,2.610147748782765e-05,194
2009-03-16,2.610147748782765e-05,2.610147748782765e-05,2.610147748782765e-05,2.610147748782765e-05,495
2009-03-17,2.610147748782765e-05,2.610147748782765e-05,2.610147748782765e-05,2.610147748782765e-05,171
2009-03-18,2.610147748782765e-05,2.610147748782765e-05,2.610147748782765e-05,2.610147748782765e-05,123
2009-03-20,2.610147748782765e-05,2.610147748782765e-05,2.610147748782765e-05,2.610147748782765e-05,0
2009-03-23,2.2661748516838998e-05,2.2661748516838998e-05,2.2661748516838998e-05,2.2661748516838998e-05,1487
2009-03-24,2.4482780645485036e-05,2.4482780645485036e-05,2.4482780645485036e-05,2.4482780645485036e-05,867
2009-03-25,2.4482780645485036e-05,2.4482780645485036e-05,2.4482780645485036e-05,2.4482780645485036e-05,316
2009-03-26,2.4482780645485036e-05,2.4482780645485036e-05,2.4482780645485036e-05,2.4482780645485036e-05,0
2009-03-27,2.4482780645485036e-05,2.4482780645485036e-05,2.4482780645485036e-05,2.4482780645485036e-05,61
2009-03-30,2.4482780645485036e-05,2.4482780645485036e-05,2.4482780645485036e-05,2.4482780645485036e-05,0
2009-03-31,2.4482780645485036e-05,2.4482780645485036e-05,2.4482780645485036e-05,2.4482780645485036e-05,3284
2009-04-01,2.4482780645485036e-05,2.4482780645485036e-05,2.4482780645485036e-05,2.4482780645485036e-05,0
2009-04-02,2.610147748782765e-05,2.610147748782765e-05,2.610147748782765e-05,2.610147748782765e-05,1239
2009-04-03,2.610147748782765e-05,2.610147748782765e-05,2.4482782042615792e-05,2.610147748782765e-05,298
2009-04-06,2.610147748782765e-05,2.610147748782765e-05,2.610147748782765e-05,2.610147748782765e-05,99
2009-04-07,2.610147748782765e-05,2.610147748782765e-05,2.610147748782765e-05,2.610147748782765e-05,0
2009-04-08,2.610147748782765e-05,2.610147748782765e-05,2.610147748782765e-05,2.610147748782765e-05,0
2009-04-13,2.610147748782765e-05,2.610147748782765e-05,2.610147748782765e-05,2.610147748782765e-05,2726
2009-04-14,2.610147748782765e-05,2.610147748782765e-05,2.610147748782765e-05,2.610147748782765e-05,1834
2009-04-15,2.610147748782765e-05,2.610147748782765e-05,2.610147748782765e-05,2.610147748782765e-05,3688
2009-04-16,2.610147748782765e-05,2.610147748782765e-05,2.4482782042615792e-05,2.610147748782765e-05,2756
2009-04-17,2.610147748782765e-05,2.610147748782765e-05,2.610147748782765e-05,2.610147748782765e-05,2926
2009-04-20,2.610147748782765e-05,2.610147748782765e-05,2.610147748782765e-05,2.610147748782765e-05,4195
2009-04-21,2.610147748782765e-05,2.610147748782765e-05,2.610147748782765e-05,2.610147748782765e-05,0
2009-04-22,2.610147748782765e-05,2.610147748782765e-05,2.610147748782765e-05,2.610147748782765e-05,68
2009-04-23,2.610147748782765e-05,2.610147748782765e-05,2.610147748782765e-05,2.610147748782765e-05,0
2009-04-24,2.610147748782765e-05,2.610147748782765e-05,2.610147748782765e-05,2.610147748782765e-05,8928
2009-04-27,2.610147748782765e-05,2.610147748782765e-05,2.610147748782765e-05,2.610147748782765e-05,302
2009-04-28,2.610147748782765e-05,2.610147748782765e-05,2.610147748782765e-05,2.610147748782765e-05,0
2009-04-29,2.610147748782765e-05,2.610147748782765e-05,2.610147748782765e-05,2.610147748782765e-05,1137
2009-04-30,2.610147748782765e-05,2.610147748782765e-05,2.610147748782765e-05,2.610147748782765e-05,2580
2009-05-04,2.610147748782765e-05,2.610147748782765e-05,2.610147748782765e-05,2.610147748782765e-05,0
2009-05-05,2.610147748782765e-05,2.610147748782765e-05,2.610147748782765e-05,2.610147748782765e-05,123
2009-05-06,2.610147748782765e-05,2.610147748782765e-05,2.610147748782765e-05,2.610147748782765e-05,2670
2009-05-07,2.610147748782765e-05,2.610147748782765e-05,2.610147748782765e-05,2.610147748782765e-05,0
2009-05-08,2.610147748782765e-05,2.7720174405235285e-05,2.610147748782765e-05,2.610147748782765e-05,2497
2009-05-11,2.610147748782765e-05,2.610147748782765e-05,2.610147748782765e-05,2.610147748782765e-05,86
2009-05-12,2.772017614915967e-05,2.772017614915967e-05,2.6101479129917e-05,2.772017614915967e-05,2327
2009-05-13,2.772017614915967e-05,2.772017614915967e-05,2.772017614915967e-05,2.772017614915967e-05,0
2009-05-14,2.772017614915967e-05,2.772017614915967e-05,2.772017614915967e-05,2.772017614915967e-05,2106
2009-05-15,2.772017614915967e-05,2.772017614915967e-05,2.772017614915967e-05,2.772017614915967e-05,6111
2009-05-18,2.772017614915967e-05,2.772017614915967e-05,2.772017614915967e-05,2.772017614915967e-05,405
2009-05-19,2.610147748782765e-05,2.610147748782765e-05,2.610147748782765e-05,2.610147748782765e-05,2273
2009-05-20,2.610147748782765e-05,2.610147748782765e-05,2.610147748782765e-05,2.610147748782765e-05,2
2009-05-21,2.772017614915967e-05,2.772017614915967e-05,2.772017614915967e-05,2.772017614915967e-05,1041
2009-05-22,2.772017614915967e-05,2.772017614915967e-05,2.772017614915967e-05,2.772017614915967e-05,267
2009-05-26,2.772017614915967e-05,2.772017614915967e-05,2.772017614915967e-05,2.772017614915967e-05,0
2009-05-27,2.772017614915967e-05,2.772017614915967e-05,2.772017614915967e-05,2.772017614915967e-05,0
2009-05-28,2.772017614915967e-05,2.772017614915967e-05,2.772017614915967e-05,2.772017614915967e-05,706
2009-05-29,2.772017614915967e-05,2.772017614915967e-05,2.772017614915967e-05,2.772017614915967e-05,0
2009-06-01,2.772017614915967e-05,2.772017614915967e-05,2.772017614915967e-05,2.772017614915967e-05,38
2009-06-02,2.772017614915967e-05,2.772017614915967e-05,2.772017614915967e-05,2.772017614915967e-05,172
2009-06-03,2.772017614915967e-05,2.772017614915967e-05,2.772017614915967e-05,2.772017614915967e-05,130
2009-06-04,2.772017614915967e-05,2.772017614915967e-05,2.772017614915967e-05,2.772017614915967e-05,645
2009-06-05,2.772017614915967e-05,2.772017614915967e-05,2.772017614915967e-05,2.772017614915967e-05,1699
2009-06-08,2.772017614915967e-05,2.772017614915967e-05,2.772017614915967e-05,2.772017614915967e-05,0
2009-06-09,2.772017614915967e-05,2.772017614915967e-05,2.772017614915967e-05,2.772017614915967e-05,5558
2009-06-10,2.772017614915967e-05,2.772017614915967e-05,2.772017614915967e-05,2.772017614915967e-05,0
2009-06-11,2.772017614915967e-05,2.772017614915967e-05,2.772017614915967e-05,2.772017614915967e-05,427
2009-06-12,2.772017614915967e-05,2.772017614915967e-05,2.772017614915967e-05,2.772017614915967e-05,5155
2009-06-16,2.933887117251288e-05,2.933887117251288e-05,2.933887117251288e-05,2.933887117251288e-05,1271
2009-06-17,2.933887117251288e-05,2.933887117251288e-05,2.933887117251288e-05,2.933887117251288e-05,879
2009-06-18,2.933887117251288e-05,2.933887117251288e-05,2.933887117251288e-05,2.933887117251288e-05,0
2009-06-19,2.933887117251288e-05,2.933887117251288e-05,2.7720174263388288e-05,2.933887117251288e-05,817
2009-06-22,2.933887117251288e-05,2.933887117251288e-05,2.933887117251288e-05,2.933887117251288e-05,0
2009-06-23,2.933887117251288e-05,2.933887117251288e-05,2.933887117251288e-05,2.933887117251288e-05,4294
2009-06-25,2.933887117251288e-05,2.933887117251288e-05,2.933887117251288e-05,2.933887117251288e-05,0
2009-06-26,2.933887117251288e-05,2.933887117251288e-05,2.933887117251288e-05,2.933887117251288e-05,0
2009-06-30,2.933887117251288e-05,2.933887117251288e-05,2.933887117251288e-05,2.933887117251288e-05,1981
2009-07-01,2.933887117251288e-05,2.933887117251288e-05,2.933887117251288e-05,2.933887117251288e-05,361
2009-07-02,2.933887117251288e-05,2.933887117251288e-05,2.933887117251288e-05,2.933887117251288e-05,11305
2009-07-03,2.933887117251288e-05,2.933887117251288e-05,2.933887117251288e-05,2.933887117251288e-05,0
2009-07-06,3.09575698338449e-05,3.09575698338449e-05,3.09575698338449e-05,3.09575698338449e-05,619
2009-07-07,3.25762594002299e-05,3.25762594002299e-05,3.095756276889581e-05,3.25762594002299e-05,13438
2009-07-08,3.09575698338449e-05,3.09575698338449e-05,3.09575698338449e-05,3.09575698338449e-05,1146
2009-07-09,3.09575698338449e-05,3.09575698338449e-05,3.09575698338449e-05,3.09575698338449e-05,0
2009-07-10,3.09575698338449e-05,3.09575698338449e-05,3.09575698338449e-05,3.09575698338449e-05,335
2009-07-13,3.09575698338449e-05,3.257626683458821e-05,3.09575698338449e-05,3.09575698338449e-05,1336
2009-07-14,3.09575698338449e-05,3.09575698338449e-05,3.09575698338449e-05,3.09575698338449e-05,0
2009-07-15,3.25762594002299e-05,3.25762594002299e-05,3.095756276889581e-05,3.25762594002299e-05,1100
2009-07-16,3.25762594002299e-05,3.25762594002299e-05,3.095756276889581e-05,3.25762594002299e-05,1524
2009-07-17,3.25762594002299e-05,3.25762594002299e-05,3.095756276889581e-05,3.25762594002299e-05,27862
2009-07-20,3.25762594002299e-05,3.25762594002299e-05,3.25762594002299e-05,3.25762594002299e-05,324
2009-07-21,3.25762594002299e-05,3.25762594002299e-05,3.25762594002299e-05,3.25762594002299e-05,308
2009-07-22,3.25762594002299e-05,3.25762594002299e-05,3.25762594002299e-05,3.25762594002299e-05,0
2009-07-23,3.25762594002299e-05,3.25762594002299e-05,3.25762594002299e-05,3.25762594002299e-05,1530
2009-07-27,3.25762594002299e-05,3.25762594002299e-05,3.25762594002299e-05,3.25762594002299e-05,0
2009-07-28,3.25762594002299e-05,3.25762594002299e-05,3.25762594002299e-05,3.25762594002299e-05,1182
2009-07-29,3.25762594002299e-05,3.25762594002299e-05,3.25762594002299e-05,3.25762594002299e-05,3267
2009-07-30,3.25762594002299e-05,3.25762594002299e-05,3.25762594002299e-05,3.25762594002299e-05,0
2009-07-31,3.25762594002299e-05,3.25762594002299e-05,3.25762594002299e-05,3.25762594002299e-05,16573
2009-08-03,3.25762594002299e-05,3.25762594002299e-05,3.095756276889581e-05,3.25762594002299e-05,15158
2009-08-04,3.25762594002299e-05,3.25762594002299e-05,3.25762594002299e-05,3.25762594002299e-05,1158
2009-08-05,3.25762594002299e-05,3.25762594002299e-05,3.25762594002299e-05,3.25762594002299e-05,7684
2009-08-06,3.25762594002299e-05,3.25762594002299e-05,3.25762594002299e-05,3.25762594002299e-05,4963
2009-08-07,3.25762594002299e-05,3.25762594002299e-05,3.25762594002299e-05,3.25762594002299e-05,0
2009-08-10,3.25762594002299e-05,3.25762594002299e-05,3.25762594002299e-05,3.25762594002299e-05,0
2009-08-11,3.419495988055132e-05,3.419495988055132e-05,3.25762630670166e-05,3.419495988055132e-05,15944
2009-08-12,3.419495988055132e-05,3.419495988055132e-05,3.419495988055132e-05,3.419495988055132e-05,7436
2009-08-13,3.419495988055132e-05,3.5813653749694696e-05,3.419495988055132e-05,3.419495988055132e-05,55551
2009-08-14,3.419495988055132e-05,3.419495988055132e-05,3.419495988055132e-05,3.419495988055132e-05,738
2009-08-17,3.419495988055132e-05,3.419495988055132e-05,3.419495988055132e-05,3.419495988055132e-05,0
2009-08-18,3.419495988055132e-05,3.419495988055132e-05,3.419495988055132e-05,3.419495988055132e-05,24787
2009-08-19,3.419495988055132e-05,3.419495988055132e-05,3.419495988055132e-05,3.419495988055132e-05,991
2009-08-20,3.419495988055132e-05,3.419495988055132e-05,3.419495988055132e-05,3.419495988055132e-05,694
2009-08-21,3.419495988055132e-05,3.419495988055132e-05,3.419495988055132e-05,3.419495988055132e-05,731
2009-08-24,3.419495988055132e-05,3.419495988055132e-05,3.419495988055132e-05,3.419495988055132e-05,2478
2009-08-25,3.419495988055132e-05,3.419495988055132e-05,3.419495988055132e-05,3.419495988055132e-05,0
2009-08-26,3.419495988055132e-05,3.419495988055132e-05,3.419495988055132e-05,3.419495988055132e-05,31510
2009-08-27,3.419495988055132e-05,3.419495988055132e-05,3.419495988055132e-05,3.419495988055132e-05,18046
2009-08-28,3.419495988055132e-05,3.419495988055132e-05,3.419495988055132e-05,3.419495988055132e-05,83
2009-08-31,3.419495988055132e-05,3.419495988055132e-05,3.419495988055132e-05,3.419495988055132e-05,35541
2009-09-01,3.419495988055132e-05,3.419495988055132e-05,3.419495988055132e-05,3.419495988055132e-05,5329
2009-09-02,3.419495988055132e-05,3.419495988055132e-05,3.419495988055132e-05,3.419495988055132e-05,15120
2009-09-03,3.419495988055132e-05,3.419495988055132e-05,3.419495988055132e-05,3.419495988055132e-05,0
2009-09-04,3.419495988055132e-05,3.419495988055132e-05,3.419495988055132e-05,3.419495988055132e-05,0
2009-09-07,3.419495988055132e-05,3.419495988055132e-05,3.419495988055132e-05,3.419495988055132e-05,0
2009-09-08,3.419495988055132e-05,3.419495988055132e-05,3.419495988055132e-05,3.419495988055132e-05,0
2009-09-09,3.581365308491513e-05,3.581365308491513e-05,3.581365308491513e-05,3.581365308491513e-05,2544
2009-09-10,3.581365308491513e-05,3.581365308491513e-05,3.581365308491513e-05,3.581365308491513e-05,10956
2009-09-11,3.581365308491513e-05,3.581365308491513e-05,3.581365308491513e-05,3.581365308491513e-05,9245
2009-09-14,3.581365308491513e-05,3.581365308491513e-05,3.581365308491513e-05,3.581365308491513e-05,1239
2009-09-15,3.581365308491513e-05,3.581365308491513e-05,3.581365308491513e-05,3.581365308491513e-05,619
2009-09-16,3.581365308491513e-05,3.581365308491513e-05,3.581365308491513e-05,3.581365308491513e-05,3358
2009-09-17,3.581365308491513e-05,3.581365308491513e-05,3.581365308491513e-05,3.581365308491513e-05,0
2009-09-18,3.581365308491513e-05,3.581365308491513e-05,3.581365308491513e-05,3.581365308491513e-05,0
2009-09-21,3.419495988055132e-05,3.419495988055132e-05,3.419495988055132e-05,3.419495988055132e-05,2478
2009-09-22,3.419495988055132e-05,3.419495988055132e-05,3.419495988055132e-05,3.419495988055132e-05,0
2009-09-23,3.25762594002299e-05,3.25762594002299e-05,3.25762594002299e-05,3.25762594002299e-05,1821
2009-09-24,3.25762594002299e-05,3.25762594002299e-05,3.25762594002299e-05,3.25762594002299e-05,239
2009-09-25,3.25762594002299e-05,3.25762594002299e-05,3.25762594002299e-05,3.25762594002299e-05,561
2009-09-28,3.09575698338449e-05,3.09575698338449e-05,3.09575698338449e-05,3.09575698338449e-05,867
2009-09-29,2.772017614915967e-05,2.9338873168402338e-05,2.772017614915967e-05,2.772017614915967e-05,9993
2009-09-30,2.772017614915967e-05,2.772017614915967e-05,2.772017614915967e-05,2.772017614915967e-05,8370
2009-10-01,3.09575698338449e-05,3.09575698338449e-05,2.7720175832358275e-05,3.09575698338449e-05,10719
2009-10-02,2.933887117251288e-05,2.933887117251288e-05,2.933887117251288e-05,2.933887117251288e-05,991
2009-10-05,2.933887117251288e-05,2.933887117251288e-05,2.933887117251288e-05,2.933887117251288e-05,262
2009-10-06,2.933887117251288e-05,2.933887117251288e-05,2.933887117251288e-05,2.933887117251288e-05,0
2009-10-07,2.933887117251288e-05,2.933887117251288e-05,2.933887117251288e-05,2.933887117251288e-05,251
2009-10-08,2.933887117251288e-05,2.933887117251288e-05,2.933887117251288e-05,2.933887117251288e-05,0
2009-10-09,2.933887117251288e-05,2.933887117251288e-05,2.933887117251288e-05,2.933887117251288e-05,0
2009-10-13,2.933887117251288e-05,2.933887117251288e-05,2.933887117251288e-05,2.933887117251288e-05,0
2009-10-14,2.933887117251288e-05,2.933887117251288e-05,2.933887117251288e-05,2.933887117251288e-05,3265
2009-10-15,2.933887117251288e-05,2.933887117251288e-05,2.933887117251288e-05,2.933887117251288e-05,0
2009-10-16,2.933887117251288e-05,2.933887117251288e-05,2.933887117251288e-05,2.933887117251288e-05,0
2009-10-19,2.933887117251288e-05,2.933887117251288e-05,2.933887117251288e-05,2.933887117251288e-05,0
2009-10-20,2.933887117251288e-05,2.933887117251288e-05,2.933887117251288e-05,2.933887117251288e-05,12935
2009-10-21,2.933887117251288e-05,2.933887117251288e-05,2.933887117251288e-05,2.933887117251288e-05,12137
2009-10-22,2.933887117251288e-05,2.933887117251288e-05,2.933887117251288e-05,2.933887117251288e-05,690
2009-10-23,2.933887117251288e-05,2.933887117251288e-05,2.933887117251288e-05,2.933887117251288e-05,202
2009-10-26,2.933887117251288e-05,2.933887117251288e-05,2.933887117251288e-05,2.933887117251288e-05,0
2009-10-27,2.933887117251288e-05,2.933887117251288e-05,2.933887117251288e-05,2.933887117251288e-05,136
2009-10-28,3.09575698338449e-05,3.09575698338449e-05,2.9338872833101588e-05,3.09575698338449e-05,3870
2009-10-29,3.09575698338449e-05,3.09575698338449e-05,3.09575698338449e-05,3.09575698338449e-05,0
2009-10-30,3.09575698338449e-05,3.09575698338449e-05,3.09575698338449e-05,3.09575698338449e-05,0
2009-11-02,3.09575698338449e-05,3.09575698338449e-05,3.09575698338449e-05,3.09575698338449e-05,1141
2009-11-03,3.09575698338449e-05,3.09575698338449e-05,3.09575698338449e-05,3.09575698338449e-05,1735
2009-11-04,3.09575698338449e-05,3.09575698338449e-05,3.09575698338449e-05,3.09575698338449e-05,2477
2009-11-05,3.25762594002299e-05,3.25762594002299e-05,3.095756276889581e-05,3.25762594002299e-05,4801
2009-11-06,3.25762594002299e-05,3.25762594002299e-05,3.095756276889581e-05,3.25762594002299e-05,3123
2009-11-09,3.25762594002299e-05,3.25762594002299e-05,3.25762594002299e-05,3.25762594002299e-05,0
2009-11-10,3.25762594002299e-05,3.25762594002299e-05,3.25762594002299e-05,3.25762594002299e-05,2478
2009-11-11,3.25762594002299e-05,3.25762594002299e-05,3.25762594002299e-05,3.25762594002299e-05,3905
2009-11-12,3.25762594002299e-05,3.25762594002299e-05,3.095756276889581e-05,3.25762594002299e-05,701
2009-11-13,3.25762594002299e-05,3.25762594002299e-05,3.25762594002299e-05,3.25762594002299e-05,4191
2009-11-16,3.419495988055132e-05,3.419495988055132e-05,3.25762630670166e-05,3.419495988055132e-05,11477
2009-11-17,3.419495988055132e-05,3.419495988055132e-05,3.419495988055132e-05,3.419495988055132e-05,3718
2009-11-18,3.419495988055132e-05,3.419495988055132e-05,3.419495988055132e-05,3.419495988055132e-05,5572
2009-11-19,3.419495988055132e-05,3.419495988055132e-05,3.419495988055132e-05,3.419495988055132e-05,3363
2009-11-20,3.419495988055132e-05,3.419495988055132e-05,3.419495988055132e-05,3.419495988055132e-05,123
2009-11-23,3.419495988055132e-05,3.419495988055132e-05,3.419495988055132e-05,3.419495988055132e-05,0
2009-11-24,3.09575698338449e-05,3.257626683458821e-05,3.09575698338449e-05,3.09575698338449e-05,1561
2009-11-25,3.09575698338449e-05,3.09575698338449e-05,3.09575698338449e-05,3.09575698338449e-05,1637
2009-11-26,3.09575698338449e-05,3.09575698338449e-05,3.09575698338449e-05,3.09575698338449e-05,123
2009-11-27,3.419495988055132e-05,3.419495988055132e-05,3.419495988055132e-05,3.419495988055132e-05,2446
2009-11-30,3.419495988055132e-05,3.419495988055132e-05,3.419495988055132e-05,3.419495988055132e-05,61
2009-12-01,3.419495988055132e-05,3.419495988055132e-05,3.419495988055132e-05,3.419495988055132e-05,0
2009-12-02,3.419495988055132e-05,3.419495988055132e-05,3.419495988055132e-05,3.419495988055132e-05,0
2009-12-03,3.419495988055132e-05,3.419495988055132e-05,3.419495988055132e-05,3.419495988055132e-05,309
2009-12-04,3.25762594002299e-05,3.25762594002299e-05,3.095756276889581e-05,3.25762594002299e-05,3346
2009-12-08,3.25762594002299e-05,3.25762594002299e-05,3.25762594002299e-05,3.25762594002299e-05,2958
2009-12-09,3.419495988055132e-05,3.419495988055132e-05,3.25762630670166e-05,3.25762630670166e-05,4853
2009-12-10,3.419495988055132e-05,3.419495988055132e-05,3.419495988055132e-05,3.419495988055132e-05,0
2009-12-11,3.25762594002299e-05,3.25762594002299e-05,3.25762594002299e-05,3.4194956031563985e-05,5199
2009-12-14,3.419495988055132e-05,3.419495988055132e-05,3.25762630670166e-05,3.25762630670166e-05,2193
2009-12-15,3.419495988055132e-05,3.419495988055132e-05,3.419495988055132e-05,3.419495988055132e-05,2478
2009-12-16,3.419495988055132e-05,3.419495988055132e-05,3.419495988055132e-05,3.419495988055132e-05,10068
2009-12-17,3.419495988055132e-05,3.419495988055132e-05,3.419495988055132e-05,3.419495988055132e-05,1983
2009-12-18,3.25762594002299e-05,3.25762594002299e-05,3.25762594002299e-05,3.4194956031563985e-05,14184
2009-12-21,3.419495988055132e-05,3.419495988055132e-05,3.419495988055132e-05,3.25762630670166e-05,1363
2009-12-22,3.419495988055132e-05,3.419495988055132e-05,3.419495988055132e-05,3.419495988055132e-05,0
2009-12-23,3.419495988055132e-05,3.419495988055132e-05,3.419495988055132e-05,3.419495988055132e-05,0
2009-12-24,3.419495988055132e-05,3.419495988055132e-05,3.419495988055132e-05,3.419495988055132e-05,0
2009-12-28,3.419495988055132e-05,3.419495988055132e-05,3.419495988055132e-05,3.419495988055132e-05,24
2009-12-29,3.419495988055132e-05,3.419495988055132e-05,3.419495988055132e-05,3.419495988055132e-05,0
2009-12-30,3.419495988055132e-05,3.419495988055132e-05,3.419495988055132e-05,3.419495988055132e-05,0
2009-12-31,3.419495988055132e-05,3.419495988055132e-05,3.419495988055132e-05,3.419495988055132e-05,0
2010-01-05,3.419495988055132e-05,3.419495988055132e-05,3.419495988055132e-05,3.419495988055132e-05,479
2010-01-06,3.419495988055132e-05,3.419495988055132e-05,3.25762630670166e-05,3.419495988055132e-05,3117
2010-01-07,3.25762594002299e-05,3.4194956031563985e-05,3.25762594002299e-05,3.4194956031563985e-05,39105
2010-01-08,3.25762594002299e-05,3.25762594002299e-05,3.25762594002299e-05,3.25762594002299e-05,1239
2010-01-11,3.419495988055132e-05,3.7432350563229416e-05,3.419495988055132e-05,3.25762630670166e-05,13374
2010-01-12,4.066974361194298e-05,4.066974361194298e-05,3.743235003091182e-05,3.419495939427198e-05,57755
2010-01-13,4.066974361194298e-05,4.066974361194298e-05,4.066974361194298e-05,4.066974361194298e-05,0
2010-01-14,4.066974361194298e-05,4.066974361194298e-05,4.066974361194298e-05,4.066974361194298e-05,3098
2010-01-15,4.066974361194298e-05,4.066974361194298e-05,4.066974361194298e-05,4.066974361194298e-05,1239
2010-01-18,4.066974361194298e-05,4.066974361194298e-05,3.90510468214274e-05,4.066974361194298e-05,1577
2010-01-19,4.066974361194298e-05,4.066974361194298e-05,4.066974361194298e-05,4.066974361194298e-05,390
2010-01-20,4.066974361194298e-05,4.066974361194298e-05,4.066974361194298e-05,4.066974361194298e-05,11
2010-01-21,4.066974361194298e-05,4.066974361194298e-05,4.066974361194298e-05,4.066974361194298e-05,20146
2010-01-22,4.066974361194298e-05,4.066974361194298e-05,4.066974361194298e-05,4.066974361194298e-05,0
2010-01-25,3.581365308491513e-05,3.743234986840331e-05,3.581365308491513e-05,4.066974343537967e-05,1463
2010-01-26,3.581365308491513e-05,3.581365308491513e-05,3.581365308491513e-05,3.581365308491513e-05,836
2010-01-27,3.581365308491513e-05,3.581365308491513e-05,3.581365308491513e-05,3.581365308491513e-05,2082
2010-01-28,3.7432349927257746e-05,3.7432349927257746e-05,3.7432349927257746e-05,3.5813653141224506e-05,2478
2010-01-29,3.7432349927257746e-05,3.7432349927257746e-05,3.7432349927257746e-05,3.7432349927257746e-05,3730
2010-02-01,3.7432349927257746e-05,3.7432349927257746e-05,3.7432349927257746e-05,3.7432349927257746e-05,8
2010-02-02,4.066974361194298e-05,4.066974361194298e-05,3.90510468214274e-05,3.743235003091182e-05,4078
2010-02-03,3.905104676960036e-05,3.905104676960036e-05,3.905104676960036e-05,4.0669743557967666e-05,722
2010-02-04,3.7432349927257746e-05,3.905104671329098e-05,3.7432349927257746e-05,3.905104671329098e-05,1047
2010-02-05,3.581365308491513e-05,4.066974343537967e-05,3.581365308491513e-05,3.743234986840331e-05,43335
2010-02-08,3.7432349927257746e-05,3.7432349927257746e-05,3.7432349927257746e-05,3.5813653141224506e-05,929
2010-02-09,3.7432349927257746e-05,3.7432349927257746e-05,3.7432349927257746e-05,3.7432349927257746e-05,11963
2010-02-10,4.066974361194298e-05,4.066974361194298e-05,4.066974361194298e-05,3.743235003091182e-05,836
2010-02-11,4.066974361194298e-05,4.066974361194298e-05,4.066974361194298e-05,4.066974361194298e-05,0
2010-02-12,3.7432349927257746e-05,3.7432349927257746e-05,3.7432349927257746e-05,4.066974349932422e-05,2762
2010-02-17,3.7432349927257746e-05,3.7432349927257746e-05,3.7432349927257746e-05,3.7432349927257746e-05,653
2010-02-18,3.7432349927257746e-05,4.066974349932422e-05,3.7432349927257746e-05,3.7432349927257746e-05,4283
2010-02-19,3.7432349927257746e-05,3.7432349927257746e-05,3.7432349927257746e-05,3.7432349927257746e-05,0
2010-02-22,2.0233704844940803e-07,2.0233704844940803e-07,2.0233704844940803e-07,2.0233704844940803e-07,1343
2010-02-23,2.0233704844940803e-07,2.0233704844940803e-07,2.0233704844940803e-07,2.0233704844940803e-07,2791
2010-02-24,2.0233704844940803e-07,2.0233704844940803e-07,2.0233704844940803e-07,2.0233704844940803e-07,907
2010-02-25,2.0233704844940803e-07,2.0233704844940803e-07,2.0233704844940803e-07,2.0233704844940803e-07,0
2010-02-26,2.0233704844940803e-07,2.0233704844940803e-07,2.0233704844940803e-07,2.0233704844940803e-07,959
2010-03-01,2.0233704844940803e-07,2.0233704844940803e-07,2.0233704844940803e-07,2.0233704844940803e-07,139
2010-03-02,2.0233704844940803e-07,2.0233704844940803e-07,2.0233704844940803e-07,2.0233704844940803e-07,47033
2010-03-03,2.0233704844940803e-07,2.0233704844940803e-07,2.0233704844940803e-07,2.0233704844940803e-07,0
2010-03-04,2.0233704844940803e-07,2.0233704844940803e-07,2.0233704844940803e-07,2.0233704844940803e-07,50121
2010-03-05,2.0233704844940803e-07,2.0233704844940803e-07,2.0233704844940803e-07,2.0233704844940803e-07,19085
2010-03-08,2.0233704844940803e-07,2.0233704844940803e-07,2.0233704844940803e-07,2.0233704844940803e-07,0
2010-03-09,2.0233704844940803e-07,2.0233704844940803e-07,2.0233704844940803e-07,2.0233704844940803e-07,28785
2010-03-10,2.0233704844940803e-07,2.0233704844940803e-07,2.0233704844940803e-07,2.0233704844940803e-07,20934
2010-03-11,2.0233704844940803e-07,2.0233704844940803e-07,2.0233704844940803e-07,2.0233704844940803e-07,130302
2010-03-12,2.0233704844940803e-07,2.0233704844940803e-07,2.0233704844940803e-07,2.0233704844940803e-07,17445
2010-03-15,2.0233704844940803e-07,2.0233704844940803e-07,2.0233704844940803e-07,2.0233704844940803e-07,68038
2010-03-16,2.0233704844940803e-07,2.0233704844940803e-07,2.0233704844940803e-07,2.0233704844940803e-07,29867
2010-03-17,2.0233704844940803e-07,2.0233704844940803e-07,2.0233704844940803e-07,2.0233704844940803e-07,0
2010-03-18,2.0233704844940803e-07,2.0233704844940803e-07,2.0233704844940803e-07,2.0233704844940803e-07,0
2010-03-22,2.0233704844940803e-07,2.0233704844940803e-07,2.0233704844940803e-07,2.0233704844940803e-07,35414
2010-03-23,2.0233704844940803e-07,2.0233704844940803e-07,2.0233704844940803e-07,2.0233704844940803e-07,23900
2010-03-24,2.0233704844940803e-07,2.0233704844940803e-07,2.0233704844940803e-07,2.0233704844940803e-07,89845
2010-03-25,2.0233704844940803e-07,2.0233704844940803e-07,2.0233704844940803e-07,2.0233704844940803e-07,25941
2010-03-26,2.0233704844940803e-07,2.0233704844940803e-07,2.0233704844940803e-07,2.0233704844940803e-07,8478
2010-03-29,2.0233704844940803e-07,2.0233704844940803e-07,2.0233704844940803e-07,2.0233704844940803e-07,0
2010-03-30,2.0233704844940803e-07,2.0233704844940803e-07,2.0233704844940803e-07,2.0233704844940803e-07,0
2010-03-31,2.0233704844940803e-07,2.0233704844940803e-07,2.0233704844940803e-07,2.0233704844940803e-07,0
2010-04-05,2.0233704844940803e-07,2.0233704844940803e-07,2.0233704844940803e-07,2.0233704844940803e-07,0
2010-04-06,2.0233704844940803e-07,2.0233704844940803e-07,2.0233704844940803e-07,2.0233704844940803e-07,34891
2010-04-07,2.0233704844940803e-07,2.0233704844940803e-07,2.0233704844940803e-07,2.0233704844940803e-07,31472
2010-04-08,2.0233704844940803e-07,2.0233704844940803e-07,2.0233704844940803e-07,2.0233704844940803e-07,58233
2010-04-09,2.0233704844940803e-07,2.0233704844940803e-07,2.0233704844940803e-07,2.0233704844940803e-07,179516
2010-04-12,2.0233704844940803e-07,2.0233704844940803e-07,2.0233704844940803e-07,2.0233704844940803e-07,23464
2010-04-13,2.0233704844940803e-07,2.0233704844940803e-07,2.0233704844940803e-07,2.0233704844940803e-07,1238
2010-04-14,2.0233704844940803e-07,2.0233704844940803e-07,2.0233704844940803e-07,2.0233704844940803e-07,23551
2010-04-15,2.0233704844940803e-07,2.0233704844940803e-07,2.0233704844940803e-07,2.0233704844940803e-07,8722
2010-04-16,2.0233704844940803e-07,2.0233704844940803e-07,2.0233704844940803e-07,2.0233704844940803e-07,15003
2010-04-20,2.0233704844940803e-07,2.0233704844940803e-07,2.0233704844940803e-07,2.0233704844940803e-07,56628
2010-04-21,2.0233704844940803e-07,2.0233704844940803e-07,2.0233704844940803e-07,2.0233704844940803e-07,27337
2010-04-22,2.0233704844940803e-07,2.0233704844940803e-07,2.0233704844940803e-07,2.0233704844940803e-07,0
2010-04-23,2.0233704844940803e-07,2.0233704844940803e-07,2.0233704844940803e-07,2.0233704844940803e-07,46457
2010-04-26,2.0233704844940803e-07,2.0233704844940803e-07,2.0233704844940803e-07,2.0233704844940803e-07,593
2010-04-27,2.0233704844940803e-07,2.0233704844940803e-07,2.0233704844940803e-07,2.0233704844940803e-07,36810
2010-04-28,2.0233704844940803e-07,2.0233704844940803e-07,2.0233704844940803e-07,2.0233704844940803e-07,0
2010-04-29,2.0233704844940803e-07,2.0233704844940803e-07,2.0233704844940803e-07,2.0233704844940803e-07,0
2010-04-30,2.0233704844940803e-07,2.0233704844940803e-07,2.0233704844940803e-07,2.0233704844940803e-07,6542
2010-05-03,2.0233704844940803e-07,2.0233704844940803e-07,2.0233704844940803e-07,2.0233704844940803e-07,300066
2010-05-04,2.0233704844940803e-07,2.0233704844940803e-07,2.0233704844940803e-07,2.0233704844940803e-07,0
2010-05-05,2.0233704844940803e-07,2.0233704844940803e-07,2.0233704844940803e-07,2.0233704844940803e-07,0
2010-05-06,2.0233704844940803e-07,2.0233704844940803e-07,2.0233704844940803e-07,2.0233704844940803e-07,17445
2010-05-07,2.0233704844940803e-07,2.0233704844940803e-07,2.0233704844940803e-07,2.0233704844940803e-07,1744
2010-05-10,2.0233704844940803e-07,2.0233704844940803e-07,2.0233704844940803e-07,2.0233704844940803e-07,104674
2010-05-11,2.0233704844940803e-07,2.0233704844940803e-07,2.0233704844940803e-07,2.0233704844940803e-07,16294
2010-05-12,2.0233704844940803e-07,2.0233704844940803e-07,2.0233704844940803e-07,2.0233704844940803e-07,23167
2010-05-13,2.0233704844940803e-07,2.0233704844940803e-07,2.0233704844940803e-07,2.0233704844940803e-07,13520
2010-05-14,2.0233704844940803e-07,2.0233704844940803e-07,2.0233704844940803e-07,2.0233704844940803e-07,0
2010-05-18,2.0233704844940803e-07,2.0233704844940803e-07,2.0233704844940803e-07,2.0233704844940803e-07,17445
2010-05-19,2.0233704844940803e-07,2.0233704844940803e-07,2.0233704844940803e-07,2.0233704844940803e-07,0
2010-05-20,2.0233704844940803e-07,2.0233704844940803e-07,2.0233704844940803e-07,2.0233704844940803e-07,17445
2010-05-21,2.0233704844940803e-07,2.0233704844940803e-07,2.0233704844940803e-07,2.0233704844940803e-07,17445
2010-05-24,2.0233704844940803e-07,2.0233704844940803e-07,2.0233704844940803e-07,2.0233704844940803e-07,0
2010-05-25,2.0233704844940803e-07,2.0233704844940803e-07,2.0233704844940803e-07,2.0233704844940803e-07,0
2010-05-26,2.0233704844940803e-07,2.0233704844940803e-07,2.0233704844940803e-07,2.0233704844940803e-07,69782
2010-05-27,2.0233704844940803e-07,2.0233704844940803e-07,2.0233704844940803e-07,2.0233704844940803e-07,418
2010-05-28,2.0233704844940803e-07,2.0233704844940803e-07,2.0233704844940803e-07,2.0233704844940803e-07,0
2010-05-31,2.0233704844940803e-07,2.0233704844940803e-07,2.0233704844940803e-07,2.0233704844940803e-07,0
2010-06-01,2.0233704844940803e-07,2.0233704844940803e-07,2.0233704844940803e-07,2.0233704844940803e-07,191902
2010-06-02,2.0233704844940803e-07,2.0233704844940803e-07,2.0233704844940803e-07,2.0233704844940803e-07,87228
2010-06-03,2.0233704844940803e-07,2.0233704844940803e-07,2.0233704844940803e-07,2.0233704844940803e-07,0
2010-06-04,2.0233704844940803e-07,2.0233704844940803e-07,2.0233704844940803e-07,2.0233704844940803e-07,0
2010-06-08,2.0233704844940803e-07,2.0233704844940803e-07,2.0233704844940803e-07,2.0233704844940803e-07,0
2010-06-09,2.0233704844940803e-07,2.0233704844940803e-07,2.0233704844940803e-07,2.0233704844940803e-07,0
2010-06-10,2.0233704844940803e-07,2.0233704844940803e-07,2.0233704844940803e-07,2.0233704844940803e-07,0
2010-06-11,2.0233704844940803e-07,2.0233704844940803e-07,2.0233704844940803e-07,2.0233704844940803e-07,55302
2010-06-14,2.0233704844940803e-07,2.0233704844940803e-07,2.0233704844940803e-07,2.0233704844940803e-07,0
2010-06-15,2.0233704844940803e-07,2.0233704844940803e-07,2.0233704844940803e-07,2.0233704844940803e-07,8722
2010-06-16,2.0233704844940803e-07,2.0233704844940803e-07,2.0233704844940803e-07,2.0233704844940803e-07,17445
2010-06-17,2.0233704844940803e-07,2.0233704844940803e-07,2.0233704844940803e-07,2.0233704844940803e-07,0
2010-06-18,2.0233704844940803e-07,2.0233704844940803e-07,2.0233704844940803e-07,2.0233704844940803e-07,0
2010-06-21,2.0233704844940803e-07,2.0233704844940803e-07,2.0233704844940803e-07,2.0233704844940803e-07,109995
2010-06-22,2.0233704844940803e-07,2.0233704844940803e-07,2.0233704844940803e-07,2.0233704844940803e-07,0
2010-06-23,2.0233704844940803e-07,2.0233704844940803e-07,2.0233704844940803e-07,2.0233704844940803e-07,15544
2010-06-25,2.0233704844940803e-07,2.0233704844940803e-07,2.0233704844940803e-07,2.0233704844940803e-07,0
2010-06-29,2.0233704844940803e-07,2.0233704844940803e-07,2.0233704844940803e-07,2.0233704844940803e-07,1046
2010-06-30,2.0233704844940803e-07,2.0233704844940803e-07,2.0233704844940803e-07,2.0233704844940803e-07,1290
2010-07-01,2.0233704844940803e-07,2.0233704844940803e-07,2.0233704844940803e-07,2.0233704844940803e-07,0
2010-07-02,2.0233704844940803e-07,2.0233704844940803e-07,2.0233704844940803e-07,2.0233704844940803e-07,131872
2010-07-06,2.0233704844940803e-07,2.0233704844940803e-07,2.0233704844940803e-07,2.0233704844940803e-07,4884
2010-07-07,2.0233704844940803e-07,2.0233704844940803e-07,2.0233704844940803e-07,2.0233704844940803e-07,54116
2010-07-08,2.0233704844940803e-07,2.0233704844940803e-07,2.0233704844940803e-07,2.0233704844940803e-07,43614
2010-07-09,2.0233704844940803e-07,2.0233704844940803e-07,2.0233704844940803e-07,2.0233704844940803e-07,0
2010-07-12,2.0233704844940803e-07,2.0233704844940803e-07,2.0233704844940803e-07,2.0233704844940803e-07,0
2010-07-13,2.0233704844940803e-07,2.0233704844940803e-07,2.0233704844940803e-07,2.0233704844940803e-07,540
2010-07-14,2.0233704844940803e-07,2.0233704844940803e-07,2.0233704844940803e-07,2.0233704844940803e-07,29343
2010-07-15,2.0233704844940803e-07,2.0233704844940803e-07,2.0233704844940803e-07,2.0233704844940803e-07,0
2010-07-16,2.0233704844940803e-07,2.0233704844940803e-07,2.0233704844940803e-07,2.0233704844940803e-07,5320
2010-07-19,2.0233704844940803e-07,2.0233704844940803e-07,2.0233704844940803e-07,2.0233704844940803e-07,18666
2010-07-20,2.0233704844940803e-07,2.0233704844940803e-07,2.0233704844940803e-07,2.0233704844940803e-07,0
2010-07-21,2.0233704844940803e-07,2.0233704844940803e-07,2.0233704844940803e-07,2.0233704844940803e-07,6053
2010-07-22,2.0233704844940803e-07,2.0233704844940803e-07,2.0233704844940803e-07,2.0233704844940803e-07,0
2010-07-23,2.0233704844940803e-07,2.0233704844940803e-07,2.0233704844940803e-07,2.0233704844940803e-07,48848
2010-07-26,2.0233704844940803e-07,2.0233704844940803e-07,2.0233704844940803e-07,2.0233704844940803e-07,0
2010-07-27,2.0233704844940803e-07,2.0233704844940803e-07,2.0233704844940803e-07,2.0233704844940803e-07,91764
2010-07-28,2.0233704844940803e-07,2.0233704844940803e-07,2.0233704844940803e-07,2.0233704844940803e-07,26569
2010-07-29,2.0233704844940803e-07,2.0233704844940803e-07,2.0233704844940803e-07,2.0233704844940803e-07,872
2010-07-30,2.0233704844940803e-07,2.0233704844940803e-07,2.0233704844940803e-07,2.0233704844940803e-07,22086
2010-08-02,2.0233704844940803e-07,2.0233704844940803e-07,2.0233704844940803e-07,2.0233704844940803e-07,22347
2010-08-03,2.0233704844940803e-07,2.0233704844940803e-07,2.0233704844940803e-07,2.0233704844940803e-07,28715
2010-08-04,2.0233704844940803e-07,2.0233704844940803e-07,2.0233704844940803e-07,2.0233704844940803e-07,0
2010-08-05,2.0233704844940803e-07,2.0233704844940803e-07,2.0233704844940803e-07,2.0233704844940803e-07,0
2010-08-06,2.0233704844940803e-07,2.0233704844940803e-07,2.0233704844940803e-07,2.0233704844940803e-07,25052
2010-08-09,2.0233704844940803e-07,2.0233704844940803e-07,2.0233704844940803e-07,2.0233704844940803e-07,5373
2010-08-10,2.0233704844940803e-07,2.0233704844940803e-07,2.0233704844940803e-07,2.0233704844940803e-07,30634
2010-08-11,2.0233704844940803e-07,2.0233704844940803e-07,2.0233704844940803e-07,2.0233704844940803e-07,46370
2010-08-12,2.0233704844940803e-07,2.0233704844940803e-07,2.0233704844940803e-07,2.0233704844940803e-07,0
2010-08-13,2.0233704844940803e-07,2.0233704844940803e-07,2.0233704844940803e-07,2.0233704844940803e-07,0
2010-08-16,2.0233704844940803e-07,2.0233704844940803e-07,2.0233704844940803e-07,2.0233704844940803e-07,401
2010-08-17,2.0233704844940803e-07,2.0233704844940803e-07,2.0233704844940803e-07,2.0233704844940803e-07,0
2010-08-18,2.0233704844940803e-07,2.0233704844940803e-07,2.0233704844940803e-07,2.0233704844940803e-07,0
2010-08-19,2.0233704844940803e-07,2.0233704844940803e-07,2.0233704844940803e-07,2.0233704844940803e-07,0
2010-08-20,2.0233704844940803e-07,2.0233704844940803e-07,2.0233704844940803e-07,2.0233704844940803e-07,0
2010-08-23,2.0233704844940803e-07,2.0233704844940803e-07,2.0233704844940803e-07,2.0233704844940803e-07,0
2010-08-24,2.0233704844940803e-07,2.0233704844940803e-07,2.0233704844940803e-07,2.0233704844940803e-07,0
2010-08-25,2.0233704844940803e-07,2.0233704844940803e-07,2.0233704844940803e-07,2.0233704844940803e-07,11793
2010-08-26,2.0233704844940803e-07,2.0233704844940803e-07,2.0233704844940803e-07,2.0233704844940803e-07,16050
2010-08-27,2.0233704844940803e-07,2.0233704844940803e-07,2.0233704844940803e-07,2.0233704844940803e-07,11653
2010-08-30,2.0233704844940803e-07,2.0233704844940803e-07,2.0233704844940803e-07,2.0233704844940803e-07,25156
2010-08-31,2.0233704844940803e-07,2.0233704844940803e-07,2.0233704844940803e-07,2.0233704844940803e-07,0
2010-09-01,2.0233704844940803e-07,2.0233704844940803e-07,2.0233704844940803e-07,2.0233704844940803e-07,1325
2010-09-02,2.0233704844940803e-07,2.0233704844940803e-07,2.0233704844940803e-07,2.0233704844940803e-07,0
2010-09-03,2.0233704844940803e-07,2.0233704844940803e-07,2.0233704844940803e-07,2.0233704844940803e-07,12665
2010-09-06,2.0233704844940803e-07,2.0233704844940803e-07,2.0233704844940803e-07,2.0233704844940803e-07,0
2010-09-07,2.0233704844940803e-07,2.0233704844940803e-07,2.0233704844940803e-07,2.0233704844940803e-07,21022
2010-09-08,2.0233704844940803e-07,2.0233704844940803e-07,2.0233704844940803e-07,2.0233704844940803e-07,0
2010-09-09,2.0233704844940803e-07,2.0233704844940803e-07,2.0233704844940803e-07,2.0233704844940803e-07,0
2010-09-10,2.0233704844940803e-07,2.0233704844940803e-07,2.0233704844940803e-07,2.0233704844940803e-07,0
2010-09-13,2.0233704844940803e-07,2.0233704844940803e-07,2.0233704844940803e-07,2.0233704844940803e-07,0
2010-09-14,2.0233704844940803e-07,2.0233704844940803e-07,2.0233704844940803e-07,2.0233704844940803e-07,0
2010-09-15,2.0233704844940803e-07,2.0233704844940803e-07,2.0233704844940803e-07,2.0233704844940803e-07,0
2010-09-16,2.0233704844940803e-07,2.0233704844940803e-07,2.0233704844940803e-07,2.0233704844940803e-07,0
2010-09-17,2.0233704844940803e-07,2.0233704844940803e-07,2.0233704844940803e-07,2.0233704844940803e-07,1744
2010-09-20,2.0233704844940803e-07,2.0233704844940803e-07,2.0233704844940803e-07,2.0233704844940803e-07,6210
2010-09-21,2.0233704844940803e-07,2.0233704844940803e-07,2.0233704844940803e-07,2.0233704844940803e-07,0
2010-09-22,2.0233704844940803e-07,2.0233704844940803e-07,2.0233704844940803e-07,2.0233704844940803e-07,0
2010-09-23,2.0233704844940803e-07,2.0233704844940803e-07,2.0233704844940803e-07,2.0233704844940803e-07,64374
2010-09-24,2.0233704844940803e-07,2.0233704844940803e-07,2.0233704844940803e-07,2.0233704844940803e-07,10415
2010-09-27,2.0233704844940803e-07,2.0233704844940803e-07,2.0233704844940803e-07,2.0233704844940803e-07,0
2010-09-28,2.0233704844940803e-07,2.0233704844940803e-07,2.0233704844940803e-07,2.0233704844940803e-07,17445
2010-09-29,2.0233704844940803e-07,2.0233704844940803e-07,2.0233704844940803e-07,2.0233704844940803e-07,0
2010-09-30,2.0233704844940803e-07,2.0233704844940803e-07,2.0233704844940803e-07,2.0233704844940803e-07,5669
2010-10-01,2.0233704844940803e-07,2.0233704844940803e-07,2.0233704844940803e-07,2.0233704844940803e-07,8897
2010-10-04,2.0233704844940803e-07,2.0233704844940803e-07,2.0233704844940803e-07,2.0233704844940803e-07,174
2010-10-05,2.0233704844940803e-07,2.0233704844940803e-07,2.0233704844940803e-07,2.0233704844940803e-07,8722
2010-10-06,2.0233704844940803e-07,2.0233704844940803e-07,2.0233704844940803e-07,2.0233704844940803e-07,0
2010-10-07,2.0233704844940803e-07,2.0233704844940803e-07,2.0233704844940803e-07,2.0233704844940803e-07,3489
2010-10-08,2.0233704844940803e-07,2.0233704844940803e-07,2.0233704844940803e-07,2.0233704844940803e-07,0
2010-10-11,2.0233704844940803e-07,2.0233704844940803e-07,2.0233704844940803e-07,2.0233704844940803e-07,0
2010-10-13,2.0233704844940803e-07,2.0233704844940803e-07,2.0233704844940803e-07,2.0233704844940803e-07,1744
2010-10-14,2.0233704844940803e-07,2.0233704844940803e-07,2.0233704844940803e-07,2.0233704844940803e-07,0
2010-10-15,2.0233704844940803e-07,2.0233704844940803e-07,2.0233704844940803e-07,2.0233704844940803e-07,174
2010-10-18,2.0233704844940803e-07,2.0233704844940803e-07,2.0233704844940803e-07,2.0233704844940803e-07,0
2010-10-19,2.0233704844940803e-07,2.0233704844940803e-07,2.0233704844940803e-07,2.0233704844940803e-07,91694
2010-10-20,2.0233704844940803e-07,2.0233704844940803e-07,2.0233704844940803e-07,2.0233704844940803e-07,23028
2010-10-21,2.0233704844940803e-07,2.0233704844940803e-07,2.0233704844940803e-07,2.0233704844940803e-07,0
2010-10-22,2.0233704844940803e-07,2.0233704844940803e-07,2.0233704844940803e-07,2.0233704844940803e-07,195392
2010-10-25,2.0233704844940803e-07,2.0233704844940803e-07,2.0233704844940803e-07,2.0233704844940803e-07,0
2010-10-26,2.0233704844940803e-07,2.0233704844940803e-07,2.0233704844940803e-07,2.0233704844940803e-07,34891
2010-10-27,2.0233704844940803e-07,2.0233704844940803e-07,2.0233704844940803e-07,2.0233704844940803e-07,0
2010-10-28,2.0233704844940803e-07,2.0233704844940803e-07,2.0233704844940803e-07,2.0233704844940803e-07,17794
2010-10-29,2.0233704844940803e-07,2.0233704844940803e-07,2.0233704844940803e-07,2.0233704844940803e-07,0
2010-11-02,2.0233704844940803e-07,2.0233704844940803e-07,2.0233704844940803e-07,2.0233704844940803e-07,75906
2010-11-03,2.0233704844940803e-07,2.0233704844940803e-07,2.0233704844940803e-07,2.0233704844940803e-07,0
2010-11-04,2.0233704844940803e-07,2.0233704844940803e-07,2.0233704844940803e-07,2.0233704844940803e-07,17445
2010-11-05,2.0233704844940803e-07,2.0233704844940803e-07,2.0233704844940803e-07,2.0233704844940803e-07,1744
2010-11-08,2.0233704844940803e-07,2.0233704844940803e-07,2.0233704844940803e-07,2.0233704844940803e-07,0
2010-11-09,2.0233704844940803e-07,2.0233704844940803e-07,2.0233704844940803e-07,2.0233704844940803e-07,0
2010-11-10,2.0233704844940803e-07,2.0233704844940803e-07,2.0233704844940803e-07,2.0233704844940803e-07,523
2010-11-11,2.0233704844940803e-07,2.0233704844940803e-07,2.0233704844940803e-07,2.0233704844940803e-07,0
2010-11-12,2.0233704844940803e-07,2.0233704844940803e-07,2.0233704844940803e-07,2.0233704844940803e-07,126272
2010-11-15,2.0233704844940803e-07,2.0233704844940803e-07,2.0233704844940803e-07,2.0233704844940803e-07,0
2010-11-16,2.0233704844940803e-07,2.0233704844940803e-07,2.0233704844940803e-07,2.0233704844940803e-07,785
2010-11-17,2.0233704844940803e-07,2.0233704844940803e-07,2.0233704844940803e-07,2.0233704844940803e-07,0
2010-11-18,2.0233704844940803e-07,2.0233704844940803e-07,2.0233704844940803e-07,2.0233704844940803e-07,348
2010-11-19,2.0233704844940803e-07,2.0233704844940803e-07,2.0233704844940803e-07,2.0233704844940803e-07,0
2010-11-22,2.0233704844940803e-07,2.0233704844940803e-07,2.0233704844940803e-07,2.0233704844940803e-07,0
2010-11-23,2.0233704844940803e-07,2.0233704844940803e-07,2.0233704844940803e-07,2.0233704844940803e-07,0
2010-11-24,2.0233704844940803e-07,2.0233704844940803e-07,2.0233704844940803e-07,2.0233704844940803e-07,872
2010-11-25,2.0233704844940803e-07,2.0233704844940803e-07,2.0233704844940803e-07,2.0233704844940803e-07,0
2010-11-26,2.0233704844940803e-07,2.0233704844940803e-07,2.0233704844940803e-07,2.0233704844940803e-07,0
2010-11-29,2.0233704844940803e-07,2.0233704844940803e-07,2.0233704844940803e-07,2.0233704844940803e-07,872
2010-11-30,2.0233704844940803e-07,2.0233704844940803e-07,2.0233704844940803e-07,2.0233704844940803e-07,0
2010-12-01,2.0233704844940803e-07,2.0233704844940803e-07,2.0233704844940803e-07,2.0233704844940803e-07,9368
2010-12-02,2.0233704844940803e-07,2.0233704844940803e-07,2.0233704844940803e-07,2.0233704844940803e-07,5233
2010-12-03,2.0233704844940803e-07,2.0233704844940803e-07,2.0233704844940803e-07,2.0233704844940803e-07,0
2010-12-07,2.0233704844940803e-07,2.0233704844940803e-07,2.0233704844940803e-07,2.0233704844940803e-07,0
2010-12-08,2.0233704844940803e-07,2.0233704844940803e-07,2.0233704844940803e-07,2.0233704844940803e-07,20620
2010-12-09,2.0233704844940803e-07,2.0233704844940803e-07,2.0233704844940803e-07,2.0233704844940803e-07,0
2010-12-10,2.0233704844940803e-07,2.0233704844940803e-07,2.0233704844940803e-07,2.0233704844940803e-07,0
2010-12-13,2.0233704844940803e-07,2.0233704844940803e-07,2.0233704844940803e-07,2.0233704844940803e-07,0
2010-12-14,2.0233704844940803e-07,2.0233704844940803e-07,2.0233704844940803e-07,2.0233704844940803e-07,70655
2010-12-15,2.0233704844940803e-07,2.0233704844940803e-07,2.0233704844940803e-07,2.0233704844940803e-07,0
2010-12-16,2.0233704844940803e-07,2.0233704844940803e-07,2.0233704844940803e-07,2.0233704844940803e-07,732
2010-12-17,2.0233704844940803e-07,2.0233704844940803e-07,2.0233704844940803e-07,2.0233704844940803e-07,0
2010-12-20,2.0233704844940803e-07,2.0233704844940803e-07,2.0233704844940803e-07,2.0233704844940803e-07,0
2010-12-21,2.0233704844940803e-07,2.0233704844940803e-07,2.0233704844940803e-07,2.0233704844940803e-07,11793
2010-12-22,2.0233704844940803e-07,2.0233704844940803e-07,2.0233704844940803e-07,2.0233704844940803e-07,0
2010-12-23,2.0233704844940803e-07,2.0233704844940803e-07,2.0233704844940803e-07,2.0233704844940803e-07,0
2010-12-24,2.0233704844940803e-07,2.0233704844940803e-07,2.0233704844940803e-07,2.0233704844940803e-07,0
2010-12-27,2.0233704844940803e-07,2.0233704844940803e-07,2.0233704844940803e-07,2.0233704844940803e-07,0
2010-12-28,2.0233704844940803e-07,2.0233704844940803e-07,2.0233704844940803e-07,2.0233704844940803e-07,0
2010-12-29,2.0233704844940803e-07,2.0233704844940803e-07,2.0233704844940803e-07,2.0233704844940803e-07,5233
2010-12-30,2.0233704844940803e-07,2.0233704844940803e-07,2.0233704844940803e-07,2.0233704844940803e-07,628
2010-12-31,2.0233704844940803e-07,2.0233704844940803e-07,2.0233704844940803e-07,2.0233704844940803e-07,0
2011-01-03,2.0233704844940803e-07,2.0233704844940803e-07,2.0233704844940803e-07,2.0233704844940803e-07,8164
2011-01-05,2.0233704844940803e-07,2.0233704844940803e-07,2.0233704844940803e-07,2.0233704844940803e-07,7798
2011-01-06,2.0233704844940803e-07,2.0233704844940803e-07,2.0233704844940803e-07,2.0233704844940803e-07,0
2011-01-07,2.0233704844940803e-07,2.0233704844940803e-07,2.0233704844940803e-07,2.0233704844940803e-07,0
2011-01-11,2.0233704844940803e-07,2.0233704844940803e-07,2.0233704844940803e-07,2.0233704844940803e-07,157
2011-01-12,2.0233704844940803e-07,2.0233704844940803e-07,2.0233704844940803e-07,2.0233704844940803e-07,0
2011-01-13,2.0233704844940803e-07,2.0233704844940803e-07,2.0233704844940803e-07,2.0233704844940803e-07,0
2011-01-14,2.0233704844940803e-07,2.0233704844940803e-07,2.0233704844940803e-07,2.0233704844940803e-07,244
2011-01-17,2.0233704844940803e-07,2.0233704844940803e-07,2.0233704844940803e-07,2.0233704844940803e-07,0
2011-01-18,2.0233704844940803e-07,2.0233704844940803e-07,2.0233704844940803e-07,2.0233704844940803e-07,0
2011-01-19,2.0233704844940803e-07,2.0233704844940803e-07,2.0233704844940803e-07,2.0233704844940803e-07,0
2011-01-20,2.0233704844940803e-07,2.0233704844940803e-07,2.0233704844940803e-07,2.0233704844940803e-07,314
2011-01-21,2.0233704844940803e-07,2.0233704844940803e-07,2.0233704844940803e-07,2.0233704844940803e-07,7466
2011-01-24,2.0233704844940803e-07,2.0233704844940803e-07,2.0233704844940803e-07,2.0233704844940803e-07,0
2011-01-25,2.0233704844940803e-07,2.0233704844940803e-07,2.0233704844940803e-07,2.0233704844940803e-07,0
2011-01-26,2.0233704844940803e-07,2.0233704844940803e-07,2.0233704844940803e-07,2.0233704844940803e-07,174
2011-01-27,2.0233704844940803e-07,2.0233704844940803e-07,2.0233704844940803e-07,2.0233704844940803e-07,4256
2011-01-28,2.0233704844940803e-07,2.0233704844940803e-07,2.0233704844940803e-07,2.0233704844940803e-07,0
2011-01-31,2.0233704844940803e-07,2.0233704844940803e-07,2.0233704844940803e-07,2.0233704844940803e-07,18736
2011-02-01,2.0233704844940803e-07,2.0233704844940803e-07,2.0233704844940803e-07,2.0233704844940803e-07,308928
2011-02-02,2.0233704844940803e-07,2.0233704844940803e-07,2.0233704844940803e-07,2.0233704844940803e-07,0
2011-02-03,2.0233704844940803e-07,2.0233704844940803e-07,2.0233704844940803e-07,2.0233704844940803e-07,0
2011-02-04,2.0233704844940803e-07,2.0233704844940803e-07,2.0233704844940803e-07,2.0233704844940803e-07,2616
2011-02-07,2.0233704844940803e-07,2.0233704844940803e-07,2.0233704844940803e-07,2.0233704844940803e-07,0
2011-02-08,2.0233704844940803e-07,2.0233704844940803e-07,2.0233704844940803e-07,2.0233704844940803e-07,0
2011-02-09,2.0233704844940803e-07,2.0233704844940803e-07,2.0233704844940803e-07,2.0233704844940803e-07,0
2011-02-10,2.0233704844940803e-07,2.0233704844940803e-07,2.0233704844940803e-07,2.0233704844940803e-07,44486
2011-02-11,2.0233704844940803e-07,2.0233704844940803e-07,2.0233704844940803e-07,2.0233704844940803e-07,34891
2011-02-14,2.0233704844940803e-07,2.0233704844940803e-07,2.0233704844940803e-07,2.0233704844940803e-07,26168
2011-02-15,2.0233704844940803e-07,2.0233704844940803e-07,2.0233704844940803e-07,2.0233704844940803e-07,49144
2011-02-16,2.0233704844940803e-07,2.0233704844940803e-07,2.0233704844940803e-07,2.0233704844940803e-07,0
2011-02-17,2.0233704844940803e-07,2.0233704844940803e-07,2.0233704844940803e-07,2.0233704844940803e-07,0
2011-02-18,2.0233704844940803e-07,2.0233704844940803e-07,2.0233704844940803e-07,2.0233704844940803e-07,0
2011-02-21,2.0233704844940803e-07,2.0233704844940803e-07,2.0233704844940803e-07,2.0233704844940803e-07,715
2011-02-22,2.0233704844940803e-07,2.0233704844940803e-07,2.0233704844940803e-07,2.0233704844940803e-07,0
2011-02-23,2.0233704844940803e-07,2.0233704844940803e-07,2.0233704844940803e-07,2.0233704844940803e-07,8722
2011-02-24,2.0233704844940803e-07,2.0233704844940803e-07,2.0233704844940803e-07,2.0233704844940803e-07,0
2011-02-25,2.0233704844940803e-07,2.0233704844940803e-07,2.0233704844940803e-07,2.0233704844940803e-07,80075
2011-02-28,2.0233704844940803e-07,2.0233704844940803e-07,2.0233704844940803e-07,2.0233704844940803e-07,3663
2011-03-01,2.0233704844940803e-07,2.0233704844940803e-07,2.0233704844940803e-07,2.0233704844940803e-07,0
2011-03-02,2.0233704844940803e-07,2.0233704844940803e-07,2.0233704844940803e-07,2.0233704844940803e-07,0
2011-03-03,2.0233704844940803e-07,2.0233704844940803e-07,2.0233704844940803e-07,2.0233704844940803e-07,0
2011-03-04,2.0233704844940803e-07,2.0233704844940803e-07,2.0233704844940803e-07,2.0233704844940803e-07,20254
2011-03-09,2.0233704844940803e-07,2.0233704844940803e-07,2.0233704844940803e-07,2.0233704844940803e-07,0
2011-03-10,2.0233704844940803e-07,2.0233704844940803e-07,2.0233704844940803e-07,2.0233704844940803e-07,0
2011-03-11,2.0233704844940803e-07,2.0233704844940803e-07,2.0233704844940803e-07,2.0233704844940803e-07,10641
2011-03-14,2.0233704844940803e-07,2.0233704844940803e-07,2.0233704844940803e-07,2.0233704844940803e-07,837
2011-03-15,2.0233704844940803e-07,2.0233704844940803e-07,2.0233704844940803e-07,2.0233704844940803e-07,0
2011-03-16,2.0233704844940803e-07,2.0233704844940803e-07,2.0233704844940803e-07,2.0233704844940803e-07,183180
2011-03-17,2.0233704844940803e-07,2.0233704844940803e-07,2.0233704844940803e-07,2.0233704844940803e-07,0
2011-03-18,2.0233704844940803e-07,2.0233704844940803e-07,2.0233704844940803e-07,2.0233704844940803e-07,0
2011-03-21,2.0233704844940803e-07,2.0233704844940803e-07,2.0233704844940803e-07,2.0233704844940803e-07,0
2011-03-22,2.0233704844940803e-07,2.0233704844940803e-07,2.0233704844940803e-07,2.0233704844940803e-07,8722
2011-03-23,2.0233704844940803e-07,2.0233704844940803e-07,2.0233704844940803e-07,2.0233704844940803e-07,0
2011-03-24,2.0233704844940803e-07,2.0233704844940803e-07,2.0233704844940803e-07,2.0233704844940803e-07,83739
2011-03-25,2.0233704844940803e-07,2.0233704844940803e-07,2.0233704844940803e-07,2.0233704844940803e-07,8722
2011-03-28,2.0233704844940803e-07,2.0233704844940803e-07,2.0233704844940803e-07,2.0233704844940803e-07,0
2011-03-29,2.0233704844940803e-07,2.0233704844940803e-07,2.0233704844940803e-07,2.0233704844940803e-07,0
2011-03-30,2.0233704844940803e-07,2.0233704844940803e-07,2.0233704844940803e-07,2.0233704844940803e-07,8897
2011-03-31,2.0233704844940803e-07,2.0233704844940803e-07,2.0233704844940803e-07,2.0233704844940803e-07,16276
2011-04-01,2.0233704844940803e-07,2.0233704844940803e-07,2.0233704844940803e-07,2.0233704844940803e-07,27930
2011-04-04,2.0233704844940803e-07,2.0233704844940803e-07,2.0233704844940803e-07,2.0233704844940803e-07,0
2011-04-05,2.0233704844940803e-07,2.0233704844940803e-07,2.0233704844940803e-07,2.0233704844940803e-07,610
2011-04-06,2.0233704844940803e-07,2.0233704844940803e-07,2.0233704844940803e-07,2.0233704844940803e-07,0
2011-04-07,2.0233704844940803e-07,2.0233704844940803e-07,2.0233704844940803e-07,2.0233704844940803e-07,0
2011-04-08,2.0233704844940803e-07,2.0233704844940803e-07,2.0233704844940803e-07,2.0233704844940803e-07,3663
2011-04-11,2.0233704844940803e-07,2.0233704844940803e-07,2.0233704844940803e-07,2.0233704844940803e-07,0
2011-04-12,2.0233704844940803e-07,2.0233704844940803e-07,2.0233704844940803e-07,2.0233704844940803e-07,0
2011-04-13,2.0233704844940803e-07,2.0233704844940803e-07,2.0233704844940803e-07,2.0233704844940803e-07,418
2011-04-14,2.0233704844940803e-07,2.0233704844940803e-07,2.0233704844940803e-07,2.0233704844940803e-07,6280
2011-04-15,2.0233704844940803e-07,2.0233704844940803e-07,2.0233704844940803e-07,2.0233704844940803e-07,174
2011-04-18,2.0233704844940803e-07,2.0233704844940803e-07,2.0233704844940803e-07,2.0233704844940803e-07,0
2011-04-20,2.0233704844940803e-07,2.0233704844940803e-07,2.0233704844940803e-07,2.0233704844940803e-07,0
2011-04-25,2.0233704844940803e-07,2.0233704844940803e-07,2.0233704844940803e-07,2.0233704844940803e-07,0
2011-04-26,2.0233704844940803e-07,2.0233704844940803e-07,2.0233704844940803e-07,2.0233704844940803e-07,8722
2011-04-27,2.0233704844940803e-07,2.0233704844940803e-07,2.0233704844940803e-07,2.0233704844940803e-07,159628
2011-04-28,2.0233704844940803e-07,2.0233704844940803e-07,2.0233704844940803e-07,2.0233704844940803e-07,10467
2011-04-29,2.0233704844940803e-07,2.0233704844940803e-07,2.0233704844940803e-07,2.0233704844940803e-07,0
2011-05-02,2.0233704844940803e-07,2.0233704844940803e-07,2.0233704844940803e-07,2.0233704844940803e-07,174
2011-05-03,2.0233704844940803e-07,2.0233704844940803e-07,2.0233704844940803e-07,2.0233704844940803e-07,0
2011-05-04,2.0233704844940803e-07,2.0233704844940803e-07,2.0233704844940803e-07,2.0233704844940803e-07,174
2011-05-05,2.0233704844940803e-07,2.0233704844940803e-07,2.0233704844940803e-07,2.0233704844940803e-07,174
2011-05-06,2.0233704844940803e-07,2.0233704844940803e-07,2.0233704844940803e-07,2.0233704844940803e-07,12212
2011-05-09,2.0233704844940803e-07,2.0233704844940803e-07,2.0233704844940803e-07,2.0233704844940803e-07,0
2011-05-10,2.0233704844940803e-07,2.0233704844940803e-07,2.0233704844940803e-07,2.0233704844940803e-07,18544
2011-05-11,2.0233704844940803e-07,2.0233704844940803e-07,2.0233704844940803e-07,2.0233704844940803e-07,33670
2011-05-12,2.0233704844940803e-07,2.0233704844940803e-07,2.0233704844940803e-07,2.0233704844940803e-07,37141
2011-05-13,2.0233704844940803e-07,2.0233704844940803e-07,2.0233704844940803e-07,2.0233704844940803e-07,174
2011-05-16,2.0233704844940803e-07,2.0233704844940803e-07,2.0233704844940803e-07,2.0233704844940803e-07,0
2011-05-17,2.0233704844940803e-07,2.0233704844940803e-07,2.0233704844940803e-07,2.0233704844940803e-07,12351
2011-05-18,2.0233704844940803e-07,2.0233704844940803e-07,2.0233704844940803e-07,2.0233704844940803e-07,12246
2011-05-19,2.0233704844940803e-07,2.0233704844940803e-07,2.0233704844940803e-07,2.0233704844940803e-07,0
2011-05-20,2.0233704844940803e-07,2.0233704844940803e-07,2.0233704844940803e-07,2.0233704844940803e-07,10659
2011-05-23,2.0233704844940803e-07,2.0233704844940803e-07,2.0233704844940803e-07,2.0233704844940803e-07,13974
2011-05-24,2.0233704844940803e-07,2.0233704844940803e-07,2.0233704844940803e-07,2.0233704844940803e-07,0
2011-05-25,2.0233704844940803e-07,2.0233704844940803e-07,2.0233704844940803e-07,2.0233704844940803e-07,35536
2011-05-26,2.0233704844940803e-07,2.0233704844940803e-07,2.0233704844940803e-07,2.0233704844940803e-07,0
2011-05-27,2.0233704844940803e-07,2.0233704844940803e-07,2.0233704844940803e-07,2.0233704844940803e-07,0
2011-05-30,2.0233704844940803e-07,2.0233704844940803e-07,2.0233704844940803e-07,2.0233704844940803e-07,12386
2011-05-31,2.0233704844940803e-07,2.0233704844940803e-07,2.0233704844940803e-07,2.0233704844940803e-07,0
2011-06-01,2.0233704844940803e-07,2.0233704844940803e-07,2.0233704844940803e-07,2.0233704844940803e-07,0
2011-06-02,2.0233704844940803e-07,2.0233704844940803e-07,2.0233704844940803e-07,2.0233704844940803e-07,0
2011-06-03,2.0233704844940803e-07,2.0233704844940803e-07,2.0233704844940803e-07,2.0233704844940803e-07,3087
2011-06-07,2.0233704844940803e-07,2.0233704844940803e-07,2.0233704844940803e-07,2.0233704844940803e-07,0
2011-06-08,2.0233704844940803e-07,2.0233704844940803e-07,2.0233704844940803e-07,2.0233704844940803e-07,0
2011-06-09,2.0233704844940803e-07,2.0233704844940803e-07,2.0233704844940803e-07,2.0233704844940803e-07,12316
2011-06-10,2.0233704844940803e-07,2.0233704844940803e-07,2.0233704844940803e-07,2.0233704844940803e-07,0
2011-06-13,2.0233704844940803e-07,2.0233704844940803e-07,2.0233704844940803e-07,2.0233704844940803e-07,5879
2011-06-14,2.0233704844940803e-07,2.0233704844940803e-07,2.0233704844940803e-07,2.0233704844940803e-07,68980
2011-06-15,2.0233704844940803e-07,2.0233704844940803e-07,2.0233704844940803e-07,2.0233704844940803e-07,174
2011-06-16,2.0233704844940803e-07,2.0233704844940803e-07,2.0233704844940803e-07,2.0233704844940803e-07,64950
2011-06-17,2.0233704844940803e-07,2.0233704844940803e-07,2.0233704844940803e-07,2.0233704844940803e-07,0
2011-06-20,2.0233704844940803e-07,2.0233704844940803e-07,2.0233704844940803e-07,2.0233704844940803e-07,0
2011-06-21,2.0233704844940803e-07,2.0233704844940803e-07,2.0233704844940803e-07,2.0233704844940803e-07,17445
2011-06-22,2.0233704844940803e-07,2.0233704844940803e-07,2.0233704844940803e-07,2.0233704844940803e-07,0
2011-06-23,2.0233704844940803e-07,2.0233704844940803e-07,2.0233704844940803e-07,2.0233704844940803e-07,0
2011-06-28,2.0233704844940803e-07,2.0233704844940803e-07,2.0233704844940803e-07,2.0233704844940803e-07,0
2011-06-29,2.0233704844940803e-07,2.0233704844940803e-07,2.0233704844940803e-07,2.0233704844940803e-07,0
2011-06-30,2.0233704844940803e-07,2.0233704844940803e-07,2.0233704844940803e-07,2.0233704844940803e-07,0
2011-07-01,2.0233704844940803e-07,2.0233704844940803e-07,2.0233704844940803e-07,2.0233704844940803e-07,0
2011-07-06,2.0233704844940803e-07,2.0233704844940803e-07,2.0233704844940803e-07,2.0233704844940803e-07,0
2011-07-07,2.0233704844940803e-07,2.0233704844940803e-07,2.0233704844940803e-07,2.0233704844940803e-07,0
2011-07-08,2.0233704844940803e-07,2.0233704844940803e-07,2.0233704844940803e-07,2.0233704844940803e-07,0
2011-07-11,2.0233704844940803e-07,2.0233704844940803e-07,2.0233704844940803e-07,2.0233704844940803e-07,1744
2011-07-12,2.0233704844940803e-07,2.0233704844940803e-07,2.0233704844940803e-07,2.0233704844940803e-07,6106
2011-07-13,2.0233704844940803e-07,2.0233704844940803e-07,2.0233704844940803e-07,2.0233704844940803e-07,0
2011-07-14,2.0233704844940803e-07,2.0233704844940803e-07,2.0233704844940803e-07,2.0233704844940803e-07,44626
2011-07-15,2.0233704844940803e-07,2.0233704844940803e-07,2.0233704844940803e-07,2.0233704844940803e-07,128592
2011-07-18,2.0233704844940803e-07,2.0233704844940803e-07,2.0233704844940803e-07,2.0233704844940803e-07,0
2011-07-19,2.0233704844940803e-07,2.0233704844940803e-07,2.0233704844940803e-07,2.0233704844940803e-07,907
2011-07-20,2.0233704844940803e-07,2.0233704844940803e-07,2.0233704844940803e-07,2.0233704844940803e-07,2721
2011-07-21,2.0233704844940803e-07,2.0233704844940803e-07,2.0233704844940803e-07,2.0233704844940803e-07,2424
2011-07-22,2.0233704844940803e-07,2.0233704844940803e-07,2.0233704844940803e-07,2.0233704844940803e-07,3489
2011-07-25,2.0233704844940803e-07,2.0233704844940803e-07,2.0233704844940803e-07,2.0233704844940803e-07,0
2011-07-26,2.0233704844940803e-07,2.0233704844940803e-07,2.0233704844940803e-07,2.0233704844940803e-07,0
2011-07-27,2.0233704844940803e-07,2.0233704844940803e-07,2.0233704844940803e-07,2.0233704844940803e-07,8722
2011-07-28,2.0233704844940803e-07,2.0233704844940803e-07,2.0233704844940803e-07,2.0233704844940803e-07,0
2011-07-29,2.0233704844940803e-07,2.0233704844940803e-07,2.0233704844940803e-07,2.0233704844940803e-07,0
2011-08-01,2.0233704844940803e-07,2.0233704844940803e-07,2.0233704844940803e-07,2.0233704844940803e-07,39095
2011-08-02,4.0467409689881606e-07,4.0467409689881606e-07,2.0233704844940803e-07,2.0233704844940803e-07,25418
2011-08-03,4.0467409689881606e-07,4.0467409689881606e-07,4.0467409689881606e-07,4.0467409689881606e-07,88240
2011-08-04,4.0467409689881606e-07,4.0467409689881606e-07,4.0467409689881606e-07,4.0467409689881606e-07,57762
2011-08-05,4.0467409689881606e-07,4.0467409689881606e-07,4.0467409689881606e-07,4.0467409689881606e-07,19190
2011-08-08,4.0467409689881606e-07,4.0467409689881606e-07,4.0467409689881606e-07,4.0467409689881606e-07,0
2011-08-09,4.0467409689881606e-07,4.0467409689881606e-07,4.0467409689881606e-07,4.0467409689881606e-07,202906
2011-08-10,4.0467409689881606e-07,4.0467409689881606e-07,4.0467409689881606e-07,4.0467409689881606e-07,31417
2011-08-11,4.0467409689881606e-07,4.0467409689881606e-07,4.0467409689881606e-07,4.0467409689881606e-07,15314
2011-08-12,4.0467409689881606e-07,4.0467409689881606e-07,4.0467409689881606e-07,4.0467409689881606e-07,9022
2011-08-16,4.0467409689881606e-07,4.0467409689881606e-07,4.0467409689881606e-07,4.0467409689881606e-07,0
2011-08-17,4.0467409689881606e-07,4.0467409689881606e-07,4.0467409689881606e-07,4.0467409689881606e-07,21494
2011-08-18,4.0467409689881606e-07,4.0467409689881606e-07,4.0467409689881606e-07,4.0467409689881606e-07,0
2011-08-19,4.0467409689881606e-07,4.0467409689881606e-07,4.0467409689881606e-07,4.0467409689881606e-07,0
2011-08-22,4.0467409689881606e-07,4.0467409689881606e-07,4.0467409689881606e-07,4.0467409689881606e-07,0
2011-08-23,4.0467409689881606e-07,4.0467409689881606e-07,4.0467409689881606e-07,4.0467409689881606e-07,7404
2011-08-24,4.0467409689881606e-07,4.0467409689881606e-07,4.0467409689881606e-07,4.0467409689881606e-07,190083
2011-08-25,4.0467409689881606e-07,4.0467409689881606e-07,4.0467409689881606e-07,4.0467409689881606e-07,7643
2011-08-26,4.0467409689881606e-07,4.0467409689881606e-07,4.0467409689881606e-07,4.0467409689881606e-07,11922
2011-08-29,4.0467409689881606e-07,4.0467409689881606e-07,4.0467409689881606e-07,4.0467409689881606e-07,0
2011-08-30,4.0467409689881606e-07,4.0467409689881606e-07,4.0467409689881606e-07,4.0467409689881606e-07,9191
2011-08-31,4.0467409689881606e-07,4.0467409689881606e-07,4.0467409689881606e-07,4.0467409689881606e-07,1463
2011-09-01,4.0467409689881606e-07,4.0467409689881606e-07,4.0467409689881606e-07,4.0467409689881606e-07,0
2011-09-02,4.0467409689881606e-07,4.0467409689881606e-07,4.0467409689881606e-07,4.0467409689881606e-07,126684
2011-09-05,4.0467409689881606e-07,4.0467409689881606e-07,4.0467409689881606e-07,4.0467409689881606e-07,1717
2011-09-06,4.0467409689881606e-07,4.0467409689881606e-07,4.0467409689881606e-07,4.0467409689881606e-07,8347
2011-09-07,4.0467409689881606e-07,4.0467409689881606e-07,4.0467409689881606e-07,4.0467409689881606e-07,351
2011-09-08,4.0467409689881606e-07,4.0467409689881606e-07,4.0467409689881606e-07,4.0467409689881606e-07,38286
2011-09-09,4.0467409689881606e-07,4.0467409689881606e-07,4.0467409689881606e-07,4.0467409689881606e-07,1815
2011-09-12,4.0467409689881606e-07,4.0467409689881606e-07,4.0467409689881606e-07,4.0467409689881606e-07,0
2011-09-13,4.0467409689881606e-07,4.0467409689881606e-07,4.0467409689881606e-07,4.0467409689881606e-07,141323
2011-09-14,4.0467409689881606e-07,4.0467409689881606e-07,4.0467409689881606e-07,4.0467409689881606e-07,8867
2011-09-15,4.0467409689881606e-07,4.0467409689881606e-07,4.0467409689881606e-07,4.0467409689881606e-07,4912
2011-09-16,4.0467409689881606e-07,4.0467409689881606e-07,4.0467409689881606e-07,4.0467409689881606e-07,4462
2011-09-19,4.0467409689881606e-07,4.0467409689881606e-07,4.0467409689881606e-07,4.0467409689881606e-07,0
2011-09-20,4.0467409689881606e-07,4.0467409689881606e-07,4.0467409689881606e-07,4.0467409689881606e-07,2815
2011-09-21,4.0467409689881606e-07,4.0467409689881606e-07,4.0467409689881606e-07,4.0467409689881606e-07,0
2011-09-22,4.0467409689881606e-07,4.0467409689881606e-07,4.0467409689881606e-07,4.0467409689881606e-07,0
2011-09-23,4.0467409689881606e-07,4.0467409689881606e-07,4.0467409689881606e-07,4.0467409689881606e-07,0
2011-09-26,4.0467409689881606e-07,4.0467409689881606e-07,4.0467409689881606e-07,4.0467409689881606e-07,0
2011-09-27,4.0467409689881606e-07,4.0467409689881606e-07,4.0467409689881606e-07,4.0467409689881606e-07,4828
2011-09-28,4.0467409689881606e-07,4.0467409689881606e-07,4.0467409689881606e-07,4.0467409689881606e-07,0
2011-09-29,4.0467409689881606e-07,4.0467409689881606e-07,4.0467409689881606e-07,4.0467409689881606e-07,0
2011-09-30,4.0467409689881606e-07,4.0467409689881606e-07,4.0467409689881606e-07,4.0467409689881606e-07,0
2011-10-03,4.0467409689881606e-07,4.0467409689881606e-07,4.0467409689881606e-07,4.0467409689881606e-07,2829
2011-10-04,4.0467409689881606e-07,4.0467409689881606e-07,4.0467409689881606e-07,4.0467409689881606e-07,2815
2011-10-05,4.0467409689881606e-07,4.0467409689881606e-07,4.0467409689881606e-07,4.0467409689881606e-07,28152
2011-10-06,4.0467409689881606e-07,4.0467409689881606e-07,4.0467409689881606e-07,4.0467409689881606e-07,1407
2011-10-07,4.0467409689881606e-07,4.0467409689881606e-07,4.0467409689881606e-07,4.0467409689881606e-07,14301
2011-10-10,4.0467409689881606e-07,4.0467409689881606e-07,4.0467409689881606e-07,4.0467409689881606e-07,14076
2011-10-11,4.0467409689881606e-07,4.0467409689881606e-07,4.0467409689881606e-07,4.0467409689881606e-07,8220
2011-10-13,4.0467409689881606e-07,4.0467409689881606e-07,4.0467409689881606e-07,4.0467409689881606e-07,7643
2011-10-14,4.0467409689881606e-07,4.0467409689881606e-07,4.0467409689881606e-07,4.0467409689881606e-07,0
2011-10-17,4.0467409689881606e-07,4.0467409689881606e-07,4.0467409689881606e-07,4.0467409689881606e-07,30559
2011-10-18,4.0467409689881606e-07,4.0467409689881606e-07,4.0467409689881606e-07,4.0467409689881606e-07,858
2011-10-19,4.0467409689881606e-07,4.0467409689881606e-07,4.0467409689881606e-07,4.0467409689881606e-07,0
2011-10-20,4.0467409689881606e-07,4.0467409689881606e-07,4.0467409689881606e-07,4.0467409689881606e-07,0
2011-10-21,4.0467409689881606e-07,4.0467409689881606e-07,4.0467409689881606e-07,4.0467409689881606e-07,0
2011-10-24,8.093481937976321e-07,8.093481937976321e-07,8.093481937976321e-07,8.093481937976321e-07,0
2011-10-25,8.093481937976321e-07,8.093481937976321e-07,8.093481937976321e-07,8.093481937976321e-07,0
2011-10-26,8.093481937976321e-07,8.093481937976321e-07,8.093481937976321e-07,8.093481937976321e-07,8445
2011-10-27,8.093481937976321e-07,8.093481937976321e-07,8.093481937976321e-07,8.093481937976321e-07,563
2011-10-28,8.093481937976321e-07,8.093481937976321e-07,8.093481937976321e-07,8.093481937976321e-07,47858
2011-11-01,8.093481937976321e-07,8.093481937976321e-07,8.093481937976321e-07,8.093481937976321e-07,23028
2011-11-02,8.093481937976321e-07,8.093481937976321e-07,8.093481937976321e-07,8.093481937976321e-07,7009
2011-11-03,8.093481937976321e-07,8.093481937976321e-07,8.093481937976321e-07,8.093481937976321e-07,0
2011-11-04,8.093481937976321e-07,8.093481937976321e-07,8.093481937976321e-07,8.093481937976321e-07,0
2011-11-07,8.093481937976321e-07,8.093481937976321e-07,8.093481937976321e-07,8.093481937976321e-07,0
2011-11-08,8.093481937976321e-07,8.093481937976321e-07,8.093481937976321e-07,8.093481937976321e-07,8347
2011-11-09,8.093481937976321e-07,8.093481937976321e-07,8.093481937976321e-07,8.093481937976321e-07,33613
2011-11-10,8.093481937976321e-07,8.093481937976321e-07,8.093481937976321e-07,8.093481937976321e-07,0
2011-11-11,8.093481937976321e-07,8.093481937976321e-07,8.093481937976321e-07,8.093481937976321e-07,0
2011-11-14,8.093481937976321e-07,8.093481937976321e-07,8.093481937976321e-07,8.093481937976321e-07,22521
2011-11-15,8.093481937976321e-07,8.093481937976321e-07,8.093481937976321e-07,8.093481937976321e-07,0
2011-11-16,8.093481937976321e-07,8.093481937976321e-07,8.093481937976321e-07,8.093481937976321e-07,39412
2011-11-17,8.093481937976321e-07,8.093481937976321e-07,8.093481937976321e-07,8.093481937976321e-07,163394
2011-11-18,8.093481937976321e-07,8.093481937976321e-07,8.093481937976321e-07,8.093481937976321e-07,0
2011-11-21,8.093481937976321e-07,8.093481937976321e-07,8.093481937976321e-07,8.093481937976321e-07,71337
2011-11-22,8.093481937976321e-07,8.093481937976321e-07,8.093481937976321e-07,8.093481937976321e-07,19706
2011-11-23,8.093481937976321e-07,8.093481937976321e-07,8.093481937976321e-07,8.093481937976321e-07,49998
2011-11-24,8.093481937976321e-07,8.093481937976321e-07,8.093481937976321e-07,8.093481937976321e-07,0
2011-11-25,8.093481937976321e-07,8.093481937976321e-07,8.093481937976321e-07,8.093481937976321e-07,0
2011-11-28,8.093481937976321e-07,8.093481937976321e-07,8.093481937976321e-07,8.093481937976321e-07,29052
2011-11-29,8.093481937976321e-07,8.093481937976321e-07,8.093481937976321e-07,8.093481937976321e-07,0
2011-11-30,8.093481937976321e-07,8.093481937976321e-07,8.093481937976321e-07,8.093481937976321e-07,45578
2011-12-01,8.093481937976321e-07,8.093481937976321e-07,8.093481937976321e-07,8.093481937976321e-07,17595
2011-12-02,8.093481937976321e-07,8.093481937976321e-07,8.093481937976321e-07,8.093481937976321e-07,0
2011-12-05,8.093481937976321e-07,8.093481937976321e-07,8.093481937976321e-07,8.093481937976321e-07,0
2011-12-06,8.093481937976321e-07,8.093481937976321e-07,8.093481937976321e-07,8.093481937976321e-07,14822
2011-12-07,8.093481937976321e-07,8.093481937976321e-07,8.093481937976321e-07,8.093481937976321e-07,82415
2011-12-08,8.093481937976321e-07,8.093481937976321e-07,8.093481937976321e-07,8.093481937976321e-07,139015
2011-12-09,8.093481937976321e-07,8.093481937976321e-07,8.093481937976321e-07,8.093481937976321e-07,0
2011-12-13,8.093481937976321e-07,8.093481937976321e-07,8.093481937976321e-07,8.093481937976321e-07,27054
2011-12-14,8.093481937976321e-07,8.093481937976321e-07,8.093481937976321e-07,8.093481937976321e-07,146756
2011-12-15,8.093481937976321e-07,8.093481937976321e-07,8.093481937976321e-07,8.093481937976321e-07,140225
2011-12-16,8.093481937976321e-07,8.093481937976321e-07,8.093481937976321e-07,8.093481937976321e-07,160115
2011-12-19,8.093481937976321e-07,8.093481937976321e-07,8.093481937976321e-07,8.093481937976321e-07,38005
2011-12-20,8.093481937976321e-07,8.093481937976321e-07,8.093481937976321e-07,8.093481937976321e-07,5405
2011-12-21,8.093481937976321e-07,8.093481937976321e-07,8.093481937976321e-07,8.093481937976321e-07,67593
2011-12-22,8.093481937976321e-07,8.093481937976321e-07,8.093481937976321e-07,8.093481937976321e-07,211
2011-12-23,8.093481937976321e-07,8.093481937976321e-07,8.093481937976321e-07,8.093481937976321e-07,0
2011-12-26,8.093481937976321e-07,8.093481937976321e-07,8.093481937976321e-07,8.093481937976321e-07,4715
2011-12-27,8.093481937976321e-07,8.093481937976321e-07,8.093481937976321e-07,8.093481937976321e-07,28123
2011-12-28,8.093481937976321e-07,8.093481937976321e-07,8.093481937976321e-07,8.093481937976321e-07,351
2011-12-29,8.093481937976321e-07,8.093481937976321e-07,8.093481937976321e-07,8.093481937976321e-07,66157
2011-12-30,8.093481937976321e-07,8.093481937976321e-07,8.093481937976321e-07,8.093481937976321e-07,112
2012-01-02,8.093481937976321e-07,8.093481937976321e-07,8.093481937976321e-07,8.093481937976321e-07,0
2012-01-03,8.093481937976321e-07,8.093481937976321e-07,8.093481937976321e-07,8.093481937976321e-07,35190
2012-01-04,8.093481937976321e-07,8.093481937976321e-07,8.093481937976321e-07,8.093481937976321e-07,18242
2012-01-05,8.093481937976321e-07,8.093481937976321e-07,8.093481937976321e-07,8.093481937976321e-07,168
2012-01-10,8.093481937976321e-07,8.093481937976321e-07,8.093481937976321e-07,8.093481937976321e-07,11542
2012-01-11,8.093481937976321e-07,8.093481937976321e-07,8.093481937976321e-07,8.093481937976321e-07,0
2012-01-12,8.093481937976321e-07,8.093481937976321e-07,8.093481937976321e-07,8.093481937976321e-07,49266
2012-01-13,8.093481937976321e-07,8.093481937976321e-07,8.093481937976321e-07,8.093481937976321e-07,0
2012-01-16,8.093481937976321e-07,8.093481937976321e-07,8.093481937976321e-07,8.093481937976321e-07,0
2012-01-17,8.093481937976321e-07,8.093481937976321e-07,8.093481937976321e-07,8.093481937976321e-07,0
2012-01-18,8.093481937976321e-07,8.093481937976321e-07,8.093481937976321e-07,8.093481937976321e-07,27434
2012-01-19,8.093481937976321e-07,8.093481937976321e-07,8.093481937976321e-07,8.093481937976321e-07,0
2012-01-20,8.093481937976321e-07,8.093481937976321e-07,8.093481937976321e-07,8.093481937976321e-07,37977
2012-01-23,8.093481937976321e-07,8.093481937976321e-07,8.093481937976321e-07,8.093481937976321e-07,3659
2012-01-24,8.093481937976321e-07,8.093481937976321e-07,8.093481937976321e-07,8.093481937976321e-07,61906
2012-01-25,8.093481937976321e-07,8.093481937976321e-07,8.093481937976321e-07,8.093481937976321e-07,0
2012-01-26,8.093481937976321e-07,8.093481937976321e-07,8.093481937976321e-07,8.093481937976321e-07,16328
2012-01-27,8.093481937976321e-07,8.093481937976321e-07,8.093481937976321e-07,8.093481937976321e-07,0
2012-01-30,8.093481937976321e-07,8.093481937976321e-07,8.093481937976321e-07,8.093481937976321e-07,21114
2012-01-31,8.093481937976321e-07,8.093481937976321e-07,8.093481937976321e-07,8.093481937976321e-07,281
2012-02-01,8.093481937976321e-07,8.093481937976321e-07,8.093481937976321e-07,8.093481937976321e-07,28011
2012-02-02,8.093481937976321e-07,8.093481937976321e-07,8.093481937976321e-07,8.093481937976321e-07,78685
2012-02-03,8.093481937976321e-07,8.093481937976321e-07,8.093481937976321e-07,8.093481937976321e-07,0
2012-02-06,8.093481937976321e-07,8.093481937976321e-07,8.093481937976321e-07,8.093481937976321e-07,56304
2012-02-07,8.093481937976321e-07,8.093481937976321e-07,8.093481937976321e-07,8.093481937976321e-07,0
2012-02-08,8.093481937976321e-07,8.093481937976321e-07,8.093481937976321e-07,8.093481937976321e-07,0
2012-02-09,1.2140222906964482e-06,1.2140222906964482e-06,1.2140222906964482e-06,8.093481631268876e-07,20973
2012-02-10,1.2140222906964482e-06,1.2140222906964482e-06,1.2140222906964482e-06,1.2140222906964482e-06,5630
2012-02-13,1.2140222906964482e-06,1.2140222906964482e-06,1.2140222906964482e-06,1.2140222906964482e-06,0
2012-02-14,1.2140222906964482e-06,1.2140222906964482e-06,1.2140222906964482e-06,1.2140222906964482e-06,0
2012-02-15,1.2140222906964482e-06,1.2140222906964482e-06,1.2140222906964482e-06,1.2140222906964482e-06,101333
2012-02-16,1.2140222906964482e-06,1.2140222906964482e-06,1.2140222906964482e-06,1.2140222906964482e-06,0
2012-02-17,1.2140222906964482e-06,1.2140222906964482e-06,1.2140222906964482e-06,1.2140222906964482e-06,0
2012-02-22,1.2140222906964482e-06,1.2140222906964482e-06,1.2140222906964482e-06,1.2140222906964482e-06,0
2012-02-23,1.2140222906964482e-06,1.2140222906964482e-06,1.2140222906964482e-06,1.2140222906964482e-06,0
2012-02-24,1.6186963875952642e-06,1.6186963875952642e-06,1.6186963875952642e-06,1.2140223367025667e-06,2195
2012-02-27,1.6186963875952642e-06,1.6186963875952642e-06,1.6186963875952642e-06,1.6186963875952642e-06,14076
2012-02-28,1.6186963875952642e-06,1.6186963875952642e-06,1.6186963875952642e-06,1.6186963875952642e-06,5517
2012-02-29,1.6186963875952642e-06,1.6186963875952642e-06,1.6186963875952642e-06,1.6186963875952642e-06,14976
2012-03-01,1.6186963875952642e-06,1.6186963875952642e-06,1.6186963875952642e-06,1.6186963875952642e-06,13738
2012-03-02,1.6186963875952642e-06,1.6186963875952642e-06,1.6186963875952642e-06,1.6186963875952642e-06,0
2012-03-05,1.6186963875952642e-06,1.6186963875952642e-06,1.6186963875952642e-06,1.6186963875952642e-06,0
2012-03-06,1.6186963875952642e-06,1.6186963875952642e-06,1.6186963875952642e-06,1.6186963875952642e-06,1829
2012-03-07,1.6186963875952642e-06,1.6186963875952642e-06,1.6186963875952642e-06,1.6186963875952642e-06,0
2012-03-08,1.6186963875952642e-06,1.6186963875952642e-06,1.6186963875952642e-06,1.6186963875952642e-06,16891
2012-03-09,1.6186963875952642e-06,1.6186963875952642e-06,1.6186963875952642e-06,1.6186963875952642e-06,0
2012-03-12,1.6186963875952642e-06,1.6186963875952642e-06,1.6186963875952642e-06,1.6186963875952642e-06,19002
2012-03-13,1.6186963875952642e-06,1.6186963875952642e-06,1.6186963875952642e-06,1.6186963875952642e-06,9430
2012-03-14,1.6186963875952642e-06,1.6186963875952642e-06,1.6186963875952642e-06,1.6186963875952642e-06,25899
2012-03-15,1.6186963875952642e-06,1.6186963875952642e-06,1.6186963875952642e-06,1.6186963875952642e-06,0
2012-03-16,1.6186963875952642e-06,1.6186963875952642e-06,1.6186963875952642e-06,1.6186963875952642e-06,0
2012-03-20,1.6186963875952642e-06,1.6186963875952642e-06,1.6186963875952642e-06,1.6186963875952642e-06,0
2012-03-21,1.6186963875952642e-06,1.6186963875952642e-06,1.6186963875952642e-06,1.6186963875952642e-06,4222
2012-03-22,1.6186963875952642e-06,1.6186963875952642e-06,1.6186963875952642e-06,1.6186963875952642e-06,72730
2012-03-23,1.6186963875952642e-06,1.6186963875952642e-06,1.6186963875952642e-06,1.6186963875952642e-06,0
2012-03-26,1.6186963875952642e-06,1.6186963875952642e-06,1.6186963875952642e-06,1.6186963875952642e-06,13597
2012-03-27,1.6186963875952642e-06,1.6186963875952642e-06,1.6186963875952642e-06,1.6186963875952642e-06,39412
2012-03-28,1.6186963875952642e-06,1.6186963875952642e-06,1.6186963875952642e-06,1.6186963875952642e-06,1407
2012-03-29,1.6186963875952642e-06,1.6186963875952642e-06,1.6186963875952642e-06,1.6186963875952642e-06,0
2012-03-30,1.6186963875952642e-06,1.6186963875952642e-06,1.6186963875952642e-06,1.6186963875952642e-06,0
2012-04-02,1.6186963875952642e-06,1.6186963875952642e-06,1.6186963875952642e-06,1.6186963875952642e-06,1689
2012-04-03,1.6186963875952642e-06,1.6186963875952642e-06,1.6186963875952642e-06,1.6186963875952642e-06,0
2012-04-04,1.6186963875952642e-06,1.6186963875952642e-06,1.6186963875952642e-06,1.6186963875952642e-06,154
2012-04-09,1.6186963875952642e-06,1.6186963875952642e-06,1.6186963875952642e-06,1.6186963875952642e-06,0
2012-04-10,1.6186963875952642e-06,1.6186963875952642e-06,1.6186963875952642e-06,1.6186963875952642e-06,2266
2012-04-11,1.6186963875952642e-06,1.6186963875952642e-06,1.6186963875952642e-06,1.6186963875952642e-06,2815
2012-04-12,2.0233703708072426e-06,2.0233703708072426e-06,2.0233703708072426e-06,1.6186963334506876e-06,8628
2012-04-13,2.0233703708072426e-06,2.0233703708072426e-06,2.0233703708072426e-06,2.0233703708072426e-06,11021
2012-04-16,2.0233703708072426e-06,2.0233703708072426e-06,2.0233703708072426e-06,2.0233703708072426e-06,2392
2012-04-17,2.0233703708072426e-06,2.0233703708072426e-06,2.0233703708072426e-06,2.0233703708072426e-06,37160
2012-04-18,2.4280445813928964e-06,2.4280445813928964e-06,2.4280445813928964e-06,2.023370361811102e-06,12837
2012-04-20,2.4280445813928964e-06,2.4280445813928964e-06,2.4280445813928964e-06,2.4280445813928964e-06,26786
2012-04-23,2.4280445813928964e-06,2.4280445813928964e-06,2.4280445813928964e-06,2.4280445813928964e-06,9290
2012-04-24,2.4280445813928964e-06,2.4280445813928964e-06,2.4280445813928964e-06,2.4280445813928964e-06,0
2012-04-25,3.399261913727969e-06,3.399261913727969e-06,3.399261913727969e-06,2.913653132003783e-06,563
2012-04-26,3.399261913727969e-06,3.399261913727969e-06,3.399261913727969e-06,3.399261913727969e-06,7038
2012-04-27,3.399261913727969e-06,3.399261913727969e-06,3.399261913727969e-06,3.399261913727969e-06,7038
2012-04-30,3.399261913727969e-06,3.399261913727969e-06,3.399261913727969e-06,3.399261913727969e-06,7333
2012-05-02,3.399261913727969e-06,3.399261913727969e-06,3.399261913727969e-06,3.399261913727969e-06,7333
2012-05-03,2.9136533612472704e-06,3.3992621811786987e-06,3.3992621811786987e-06,2.9136533612472704e-06,239
2012-05-04,2.9136533612472704e-06,2.9136533612472704e-06,2.9136533612472704e-06,2.9136533612472704e-06,22380
2012-05-07,2.9136533612472704e-06,2.9136533612472704e-06,2.9136533612472704e-06,2.9136533612472704e-06,0
2012-05-08,2.4280441266455455e-06,2.9136531286381203e-06,2.4280441266455455e-06,2.9136531286381203e-06,32206
2012-05-09,2.9136533612472704e-06,2.9136533612472704e-06,2.9136533612472704e-06,2.428044320486492e-06,10134
2012-05-10,2.9136533612472704e-06,2.9136533612472704e-06,2.9136533612472704e-06,2.9136533612472704e-06,0
2012-05-11,2.4280441266455455e-06,2.4280441266455455e-06,2.4280441266455455e-06,2.9136531286381203e-06,66227
2012-05-14,2.4280441266455455e-06,2.4280441266455455e-06,2.4280441266455455e-06,2.4280441266455455e-06,66157
2012-05-15,2.4280441266455455e-06,2.4280441266455455e-06,2.4280441266455455e-06,2.4280441266455455e-06,16891
2012-05-16,2.4280441266455455e-06,2.4280441266455455e-06,2.4280441266455455e-06,2.4280441266455455e-06,29081
2012-05-17,2.4280441266455455e-06,2.4280441266455455e-06,2.4280441266455455e-06,2.4280441266455455e-06,4307
2012-05-22,2.4280441266455455e-06,2.4280441266455455e-06,2.4280441266455455e-06,2.4280441266455455e-06,5179
2012-05-23,2.4280441266455455e-06,2.4280441266455455e-06,2.4280441266455455e-06,2.4280441266455455e-06,6052
2012-05-24,2.4280441266455455e-06,2.4280441266455455e-06,2.4280441266455455e-06,2.4280441266455455e-06,7038
2012-05-25,2.4280441266455455e-06,2.4280441266455455e-06,2.4280441266455455e-06,2.4280441266455455e-06,2336
2012-05-28,2.4280441266455455e-06,2.4280441266455455e-06,2.4280441266455455e-06,2.4280441266455455e-06,816
2012-05-29,2.4280441266455455e-06,2.4280441266455455e-06,2.4280441266455455e-06,2.4280441266455455e-06,24013
2012-05-30,2.4280441266455455e-06,2.4280441266455455e-06,2.4280441266455455e-06,2.4280441266455455e-06,0
2012-05-31,2.4280441266455455e-06,2.4280441266455455e-06,2.4280441266455455e-06,2.4280441266455455e-06,30713
2012-06-01,2.4280441266455455e-06,2.4280441266455455e-06,2.4280441266455455e-06,2.4280441266455455e-06,24970
2012-06-04,2.4280441266455455e-06,2.4280441266455455e-06,2.4280441266455455e-06,2.4280441266455455e-06,44339
2012-06-05,2.4280441266455455e-06,2.4280441266455455e-06,2.4280441266455455e-06,2.4280441266455455e-06,11077
2012-06-06,2.4280441266455455e-06,2.4280441266455455e-06,2.4280441266455455e-06,2.4280441266455455e-06,0
2012-06-08,2.4280441266455455e-06,2.4280441266455455e-06,2.4280441266455455e-06,2.4280441266455455e-06,1407
2012-06-12,2.4280441266455455e-06,2.4280441266455455e-06,2.4280441266455455e-06,2.4280441266455455e-06,0
2012-06-13,2.4280441266455455e-06,2.4280441266455455e-06,2.4280441266455455e-06,2.4280441266455455e-06,703
2012-06-14,2.4280441266455455e-06,2.4280441266455455e-06,2.4280441266455455e-06,2.4280441266455455e-06,0
2012-06-15,2.4280441266455455e-06,2.4280441266455455e-06,2.4280441266455455e-06,2.4280441266455455e-06,0
2012-06-18,2.4280441266455455e-06,2.4280441266455455e-06,2.4280441266455455e-06,2.4280441266455455e-06,0
2012-06-19,2.4280441266455455e-06,2.4280441266455455e-06,2.4280441266455455e-06,2.4280441266455455e-06,8178
2012-06-20,2.4280441266455455e-06,2.4280441266455455e-06,2.4280441266455455e-06,2.4280441266455455e-06,14808
2012-06-21,2.4280441266455455e-06,2.4280441266455455e-06,2.4280441266455455e-06,2.4280441266455455e-06,23718
2012-06-22,2.4280441266455455e-06,2.4280441266455455e-06,2.4280441266455455e-06,2.4280441266455455e-06,0
2012-06-25,2.4280441266455455e-06,2.4280441266455455e-06,2.4280441266455455e-06,2.4280441266455455e-06,0
2012-06-26,2.4280441266455455e-06,2.9136531286381203e-06,2.9136531286381203e-06,2.4280441266455455e-06,4138
2012-06-27,2.4280441266455455e-06,2.4280441266455455e-06,2.4280441266455455e-06,2.4280441266455455e-06,4940
2012-06-28,2.4280441266455455e-06,2.4280441266455455e-06,2.4280441266455455e-06,2.4280441266455455e-06,75518
2012-06-29,2.4280441266455455e-06,2.4280441266455455e-06,2.4280441266455455e-06,2.4280441266455455e-06,7038
2012-07-03,2.4280441266455455e-06,2.4280441266455455e-06,2.4280441266455455e-06,2.4280441266455455e-06,21114
2012-07-04,2.4280441266455455e-06,2.4280441266455455e-06,2.4280441266455455e-06,2.4280441266455455e-06,0
2012-07-06,2.4280441266455455e-06,2.4280441266455455e-06,2.4280441266455455e-06,2.4280441266455455e-06,0
2012-07-09,2.4280441266455455e-06,2.4280441266455455e-06,2.4280441266455455e-06,2.4280441266455455e-06,0
2012-07-10,2.4280441266455455e-06,2.4280441266455455e-06,2.4280441266455455e-06,2.4280441266455455e-06,73561
2012-07-11,2.4280441266455455e-06,2.4280441266455455e-06,2.4280441266455455e-06,2.4280441266455455e-06,6756
2012-07-12,2.4280441266455455e-06,2.4280441266455455e-06,2.4280441266455455e-06,2.4280441266455455e-06,0
2012-07-13,2.4280441266455455e-06,2.4280441266455455e-06,2.4280441266455455e-06,2.4280441266455455e-06,0
2012-07-16,2.4280441266455455e-06,2.4280441266455455e-06,2.4280441266455455e-06,2.4280441266455455e-06,0
2012-07-17,2.4280441266455455e-06,2.4280441266455455e-06,2.4280441266455455e-06,2.4280441266455455e-06,0
2012-07-18,2.4280441266455455e-06,2.4280441266455455e-06,2.4280441266455455e-06,2.4280441266455455e-06,0
2012-07-19,2.4280441266455455e-06,2.4280441266455455e-06,2.4280441266455455e-06,2.4280441266455455e-06,27223
2012-07-20,2.4280441266455455e-06,2.4280441266455455e-06,2.4280441266455455e-06,2.4280441266455455e-06,422
2012-07-23,2.4280441266455455e-06,2.4280441266455455e-06,2.4280441266455455e-06,2.4280441266455455e-06,22352
2012-07-25,2.4280441266455455e-06,2.4280441266455455e-06,2.4280441266455455e-06,2.4280441266455455e-06,39004
2012-07-26,2.4280441266455455e-06,2.4280441266455455e-06,2.4280441266455455e-06,2.4280441266455455e-06,57880
2012-07-27,2.4280441266455455e-06,2.4280441266455455e-06,2.4280441266455455e-06,2.4280441266455455e-06,0
2012-07-30,2.4280441266455455e-06,2.4280441266455455e-06,2.4280441266455455e-06,2.4280441266455455e-06,0
2012-07-31,2.4280441266455455e-06,2.4280441266455455e-06,2.4280441266455455e-06,2.4280441266455455e-06,0
2012-08-01,2.4280441266455455e-06,2.4280441266455455e-06,2.4280441266455455e-06,2.4280441266455455e-06,14962
2012-08-02,2.4280441266455455e-06,2.4280441266455455e-06,2.4280441266455455e-06,2.4280441266455455e-06,0
2012-08-03,2.4280441266455455e-06,2.4280441266455455e-06,2.4280441266455455e-06,2.4280441266455455e-06,36485
2012-08-06,2.4280441266455455e-06,2.4280441266455455e-06,2.4280441266455455e-06,2.4280441266455455e-06,0
2012-08-07,2.4280441266455455e-06,2.4280441266455455e-06,2.4280441266455455e-06,2.4280441266455455e-06,23619
2012-08-08,2.4280441266455455e-06,2.4280441266455455e-06,2.4280441266455455e-06,2.4280441266455455e-06,0
2012-08-09,2.4280441266455455e-06,2.4280441266455455e-06,2.4280441266455455e-06,2.4280441266455455e-06,0
2012-08-10,2.4280441266455455e-06,2.4280441266455455e-06,2.4280441266455455e-06,2.4280441266455455e-06,2280
2012-08-14,2.4280441266455455e-06,2.4280441266455455e-06,2.4280441266455455e-06,2.4280441266455455e-06,0
2012-08-16,2.4280441266455455e-06,2.4280441266455455e-06,2.4280441266455455e-06,2.4280441266455455e-06,0
2012-08-17,3.399261913727969e-06,3.399261913727969e-06,2.913653132003783e-06,2.428044129450264e-06,1407
2012-08-20,3.399261913727969e-06,3.399261913727969e-06,3.399261913727969e-06,3.399261913727969e-06,2815
2012-08-21,3.399261913727969e-06,3.399261913727969e-06,3.399261913727969e-06,3.399261913727969e-06,0
2012-08-22,3.399261913727969e-06,3.399261913727969e-06,3.399261913727969e-06,3.399261913727969e-06,17200
2012-08-23,3.399261913727969e-06,3.399261913727969e-06,3.399261913727969e-06,3.399261913727969e-06,0
2012-08-24,3.399261913727969e-06,3.399261913727969e-06,3.399261913727969e-06,3.399261913727969e-06,0
2012-08-27,3.399261913727969e-06,3.399261913727969e-06,3.399261913727969e-06,3.399261913727969e-06,5151
2012-08-28,3.399261913727969e-06,3.399261913727969e-06,3.399261913727969e-06,3.399261913727969e-06,8445
2012-08-29,3.399261913727969e-06,3.399261913727969e-06,3.399261913727969e-06,3.399261913727969e-06,4926
2012-08-30,3.399261913727969e-06,3.399261913727969e-06,3.399261913727969e-06,3.399261913727969e-06,0
2012-08-31,3.399261913727969e-06,3.399261913727969e-06,3.399261913727969e-06,3.399261913727969e-06,1407
2012-09-03,3.399261913727969e-06,3.399261913727969e-06,3.399261913727969e-06,3.399261913727969e-06,33163
2012-09-04,3.399261913727969e-06,3.399261913727969e-06,3.399261913727969e-06,3.399261913727969e-06,28
2012-09-05,3.399261913727969e-06,3.399261913727969e-06,3.399261913727969e-06,3.399261913727969e-06,14076
2012-09-06,3.399261913727969e-06,3.399261913727969e-06,2.913653132003783e-06,3.399261913727969e-06,14076
2012-09-07,3.399261913727969e-06,3.399261913727969e-06,3.399261913727969e-06,3.399261913727969e-06,422
2012-09-10,3.399261913727969e-06,3.399261913727969e-06,3.399261913727969e-06,3.399261913727969e-06,16271
2012-09-11,3.399261913727969e-06,3.399261913727969e-06,3.399261913727969e-06,3.399261913727969e-06,28982
2012-09-12,3.399261913727969e-06,3.399261913727969e-06,3.399261913727969e-06,3.399261913727969e-06,12077
2012-09-13,3.399261913727969e-06,3.399261913727969e-06,3.399261913727969e-06,3.399261913727969e-06,0
2012-09-14,3.399261913727969e-06,3.399261913727969e-06,3.399261913727969e-06,3.399261913727969e-06,4687
2012-09-17,3.399261913727969e-06,3.399261913727969e-06,3.399261913727969e-06,3.399261913727969e-06,0
2012-09-18,3.399261913727969e-06,3.399261913727969e-06,3.399261913727969e-06,3.399261913727969e-06,0
2012-09-19,3.399261913727969e-06,3.399261913727969e-06,3.399261913727969e-06,3.399261913727969e-06,19241
2012-09-20,3.399261913727969e-06,3.399261913727969e-06,3.399261913727969e-06,3.399261913727969e-06,44198
2012-09-21,3.399261913727969e-06,3.399261913727969e-06,3.399261913727969e-06,3.399261913727969e-06,20677
2012-09-24,3.399261913727969e-06,3.8848706954521555e-06,3.399261913727969e-06,3.399261913727969e-06,3800
2012-09-25,3.399261913727969e-06,3.399261913727969e-06,3.399261913727969e-06,3.399261913727969e-06,0
2012-09-26,3.399261913727969e-06,3.399261913727969e-06,3.399261913727969e-06,3.399261913727969e-06,0
2012-09-27,3.399261913727969e-06,3.399261913727969e-06,3.399261913727969e-06,3.399261913727969e-06,0
2012-09-28,3.399261913727969e-06,3.399261913727969e-06,3.399261913727969e-06,3.399261913727969e-06,0
2012-10-01,3.399261913727969e-06,3.8848706954521555e-06,3.8848706954521555e-06,3.399261913727969e-06,281
2012-10-02,3.884871148329694e-06,3.884871148329694e-06,3.884871148329694e-06,3.3992623099958217e-06,2646
2012-10-03,3.884871148329694e-06,3.884871148329694e-06,3.884871148329694e-06,3.884871148329694e-06,72773
2012-10-04,3.884871148329694e-06,3.884871148329694e-06,3.884871148329694e-06,3.884871148329694e-06,2674
2012-10-05,3.884871148329694e-06,3.884871148329694e-06,3.884871148329694e-06,3.884871148329694e-06,0
2012-10-08,3.399261913727969e-06,3.399261913727969e-06,3.399261913727969e-06,4.370479698005674e-06,72266
2012-10-09,3.399261913727969e-06,3.399261913727969e-06,3.399261913727969e-06,3.399261913727969e-06,0
2012-10-10,3.399261913727969e-06,3.399261913727969e-06,3.399261913727969e-06,3.399261913727969e-06,0
2012-10-11,3.884871148329694e-06,3.884871148329694e-06,3.3992623099958217e-06,3.3992623099958217e-06,12133
2012-10-15,3.884871148329694e-06,4.370480207492925e-06,4.370480207492925e-06,3.884871148329694e-06,140
2012-10-16,4.370480382931419e-06,4.370480382931419e-06,4.370480382931419e-06,3.884871304275016e-06,1013
2012-10-17,4.370480382931419e-06,4.370480382931419e-06,4.370480382931419e-06,4.370480382931419e-06,0
2012-10-18,4.370480382931419e-06,4.370480382931419e-06,4.370480382931419e-06,4.370480382931419e-06,14076
2012-10-19,4.370480382931419e-06,4.370480382931419e-06,4.370480382931419e-06,4.370480382931419e-06,28152
2012-10-22,4.370480382931419e-06,4.370480382931419e-06,4.370480382931419e-06,4.370480382931419e-06,0
2012-10-23,4.370480382931419e-06,4.370480382931419e-06,4.370480382931419e-06,4.370480382931419e-06,5208
2012-10-24,4.370480382931419e-06,4.370480382931419e-06,3.884871304275016e-06,4.370480382931419e-06,46493
2012-10-25,4.370479473436717e-06,4.370479473436717e-06,4.370479473436717e-06,4.9948336028066995e-06,42256
2012-10-26,4.370479473436717e-06,4.370479473436717e-06,4.370479473436717e-06,4.370479473436717e-06,3519
2012-10-29,4.370479473436717e-06,4.370479473436717e-06,4.370479473436717e-06,4.370479473436717e-06,0
2012-10-30,4.370479473436717e-06,4.370479473436717e-06,4.370479473436717e-06,4.370479473436717e-06,253
2012-10-31,4.370479473436717e-06,4.370479473436717e-06,4.370479473436717e-06,4.370479473436717e-06,15835
2012-11-02,4.370479473436717e-06,4.370479473436717e-06,4.370479473436717e-06,4.370479473436717e-06,44339
2012-11-06,4.370479473436717e-06,4.370479473436717e-06,4.370479473436717e-06,4.370479473436717e-06,69211
2012-11-07,4.9948343985306565e-06,4.9948343985306565e-06,4.370480169695191e-06,4.370480169695191e-06,23732
2012-11-08,4.9948343985306565e-06,4.9948343985306565e-06,4.9948343985306565e-06,4.9948343985306565e-06,11260
2012-11-09,4.9948343985306565e-06,4.9948343985306565e-06,4.9948343985306565e-06,4.9948343985306565e-06,0
2012-11-12,4.9948343985306565e-06,4.9948343985306565e-06,4.9948343985306565e-06,4.9948343985306565e-06,64932
2012-11-13,4.9948343985306565e-06,5.619188911289587e-06,4.9948343985306565e-06,4.9948343985306565e-06,49294
2012-11-14,4.9948343985306565e-06,4.9948343985306565e-06,4.9948343985306565e-06,4.9948343985306565e-06,0
2012-11-15,4.9948343985306565e-06,4.9948343985306565e-06,4.9948343985306565e-06,4.9948343985306565e-06,1477
2012-11-16,5.619189323624596e-06,5.619189323624595e-06,4.99483476505065e-06,4.99483476505065e-06,160157
2012-11-19,5.619189323624596e-06,5.619189323624595e-06,5.619189323624595e-06,5.619189323624595e-06,0
2012-11-20,5.619189323624596e-06,5.619189323624595e-06,5.619189323624595e-06,5.619189323624595e-06,0
2012-11-21,5.619189323624596e-06,5.619189323624595e-06,5.619189323624595e-06,5.619189323624595e-06,0
2012-11-22,5.619189323624596e-06,5.619189323624595e-06,5.619189323624595e-06,5.619189323624595e-06,78220
2012-11-23,5.619189323624596e-06,5.619189323624595e-06,5.619189323624595e-06,5.619189323624595e-06,107020
2012-11-26,5.619189323624596e-06,5.619189323624595e-06,5.619189323624595e-06,5.619189323624595e-06,0
2012-11-27,5.619189323624596e-06,5.619189323624595e-06,5.619189323624595e-06,5.619189323624595e-06,106978
2012-11-28,5.619189323624596e-06,5.619189323624595e-06,5.619189323624595e-06,5.619189323624595e-06,7235
2012-11-29,5.619189323624596e-06,5.619189323624595e-06,5.619189323624595e-06,5.619189323624595e-06,7389
2012-11-30,5.619189323624596e-06,5.619189323624595e-06,5.619189323624595e-06,5.619189323624595e-06,24055
2012-12-03,5.619189323624596e-06,5.619189323624595e-06,5.619189323624595e-06,5.619189323624595e-06,29587
2012-12-04,5.619189323624596e-06,5.619189323624595e-06,5.619189323624595e-06,5.619189323624595e-06,9656
2012-12-05,5.619189323624596e-06,5.619189323624595e-06,5.619189323624595e-06,5.619189323624595e-06,0
2012-12-06,5.619189323624596e-06,5.619189323624595e-06,5.619189323624595e-06,5.619189323624595e-06,0
2012-12-07,5.619189323624596e-06,5.619189323624595e-06,5.619189323624595e-06,5.619189323624595e-06,50364
2012-12-10,5.619189323624596e-06,5.619189323624595e-06,5.619189323624595e-06,5.619189323624595e-06,563
2012-12-11,5.619189323624596e-06,5.619189323624595e-06,5.619189323624595e-06,5.619189323624595e-06,42354
2012-12-12,6.8678973548230715e-06,6.8678973548230715e-06,6.243542843349364e-06,5.619188899722584e-06,55980
2012-12-13,7.492251370422309e-06,7.492251370422309e-06,6.867896900271486e-06,6.867896900271486e-06,26631
2012-12-14,7.492251370422309e-06,7.492251370422309e-06,6.867896900271486e-06,7.492251370422309e-06,6503
2012-12-17,6.8678973548230715e-06,6.8678973548230715e-06,6.8678973548230715e-06,7.492251866296779e-06,1548
2012-12-18,6.8678973548230715e-06,6.8678973548230715e-06,6.243542843349364e-06,6.8678973548230715e-06,12978
2012-12-19,6.8678973548230715e-06,6.8678973548230715e-06,6.8678973548230715e-06,6.8678973548230715e-06,0
2012-12-20,6.8678973548230715e-06,6.8678973548230715e-06,6.8678973548230715e-06,6.8678973548230715e-06,0
2012-12-21,6.8678973548230715e-06,6.8678973548230715e-06,6.8678973548230715e-06,6.8678973548230715e-06,0
2012-12-26,6.8678973548230715e-06,6.8678973548230715e-06,6.8678973548230715e-06,6.8678973548230715e-06,0
2012-12-27,6.8678973548230715e-06,6.8678973548230715e-06,6.8678973548230715e-06,6.8678973548230715e-06,5630
2012-12-28,6.8678973548230715e-06,7.492251866296779e-06,6.8678973548230715e-06,7.492251866296779e-06,4025
2013-01-02,6.8678973548230715e-06,7.492251866296779e-06,7.492251866296779e-06,6.8678973548230715e-06,56
2013-01-03,6.8678973548230715e-06,6.8678973548230715e-06,6.8678973548230715e-06,6.8678973548230715e-06,0
2013-01-04,6.8678973548230715e-06,7.492251866296779e-06,7.492251866296779e-06,6.8678973548230715e-06,154
2013-01-07,6.8678973548230715e-06,6.8678973548230715e-06,6.8678973548230715e-06,6.8678973548230715e-06,337
2013-01-08,6.8678973548230715e-06,6.8678973548230715e-06,6.8678973548230715e-06,6.8678973548230715e-06,0
2013-01-09,6.8678973548230715e-06,6.8678973548230715e-06,6.8678973548230715e-06,6.8678973548230715e-06,0
2013-01-10,6.8678973548230715e-06,6.8678973548230715e-06,6.8678973548230715e-06,6.8678973548230715e-06,3884
2013-01-11,6.8678973548230715e-06,6.8678973548230715e-06,6.8678973548230715e-06,6.8678973548230715e-06,0
2013-01-14,6.8678973548230715e-06,6.8678973548230715e-06,6.8678973548230715e-06,6.8678973548230715e-06,3575
2013-01-15,6.8678973548230715e-06,6.8678973548230715e-06,6.8678973548230715e-06,6.8678973548230715e-06,0
2013-01-16,6.8678973548230715e-06,6.8678973548230715e-06,6.8678973548230715e-06,6.8678973548230715e-06,2322
2013-01-17,6.8678973548230715e-06,6.8678973548230715e-06,6.8678973548230715e-06,6.8678973548230715e-06,125248
2013-01-18,6.8678973548230715e-06,6.8678973548230715e-06,6.8678973548230715e-06,6.8678973548230715e-06,1632
2013-01-21,6.8678973548230715e-06,6.8678973548230715e-06,6.8678973548230715e-06,6.8678973548230715e-06,56
2013-01-22,6.8678973548230715e-06,6.8678973548230715e-06,6.8678973548230715e-06,6.8678973548230715e-06,90987
2013-01-23,6.8678973548230715e-06,6.8678973548230715e-06,6.8678973548230715e-06,6.8678973548230715e-06,7586
2013-01-24,6.8678973548230715e-06,6.8678973548230715e-06,6.8678973548230715e-06,6.8678973548230715e-06,182594
2013-01-25,6.8678973548230715e-06,6.8678973548230715e-06,6.8678973548230715e-06,6.8678973548230715e-06,10374
2013-01-28,6.8678973548230715e-06,6.8678973548230715e-06,6.8678973548230715e-06,6.8678973548230715e-06,0
2013-01-29,7.492251370422309e-06,7.492251370422309e-06,7.492251370422309e-06,6.867896900271486e-06,9853
2013-01-30,7.492251370422309e-06,7.492251370422309e-06,7.492251370422309e-06,7.492251370422309e-06,21691
2013-01-31,7.492251370422309e-06,7.492251370422309e-06,7.492251370422309e-06,7.492251370422309e-06,16300
2013-02-01,7.492251370422309e-06,8.740959742877064e-06,8.740959742877064e-06,7.492251370422309e-06,56
2013-02-04,7.492251370422309e-06,7.492251370422309e-06,7.492251370422309e-06,7.492251370422309e-06,0
2013-02-05,8.740958946873434e-06,8.740958946873434e-06,8.116604533580032e-06,7.492250688133469e-06,16032
2013-02-06,8.740958946873434e-06,8.740958946873434e-06,8.740958946873434e-06,8.740958946873434e-06,140
2013-02-07,8.740958946873434e-06,8.740958946873434e-06,8.740958946873434e-06,8.740958946873434e-06,83358
2013-02-08,8.740958946873434e-06,8.740958946873434e-06,8.740958946873434e-06,8.740958946873434e-06,41285
2013-02-13,8.740958946873434e-06,8.740958946873434e-06,8.740958946873434e-06,8.740958946873434e-06,42326
2013-02-14,8.740958946873434e-06,8.740958946873434e-06,8.740958946873434e-06,8.740958946873434e-06,26026
2013-02-15,8.116605386021547e-06,8.740959864887395e-06,8.116605386021547e-06,8.740959864887395e-06,19734
2013-02-18,8.740958946873434e-06,8.740958946873434e-06,8.740958946873434e-06,8.116604533580032e-06,1562
2013-02-19,8.740958946873434e-06,8.740958946873434e-06,8.740958946873434e-06,8.740958946873434e-06,0
2013-02-20,8.740958946873434e-06,8.740958946873434e-06,8.740958946873434e-06,8.740958946873434e-06,281830
2013-02-21,8.740958946873434e-06,8.740958946873434e-06,8.740958946873434e-06,8.740958946873434e-06,45071
2013-02-22,8.740958946873434e-06,8.740958946873434e-06,8.740958946873434e-06,8.740958946873434e-06,26744
2013-02-25,8.740958946873434e-06,8.740958946873434e-06,8.740958946873434e-06,8.740958946873434e-06,0
2013-02-26,8.740958946873434e-06,8.740958946873434e-06,8.740958946873434e-06,8.740958946873434e-06,12724
2013-02-27,8.740958946873434e-06,8.740958946873434e-06,8.740958946873434e-06,8.740958946873434e-06,26617
2013-02-28,8.740958946873434e-06,8.740958946873434e-06,8.740958946873434e-06,8.740958946873434e-06,112
2013-03-01,8.740958946873434e-06,8.740958946873434e-06,8.740958946873434e-06,8.740958946873434e-06,5517
2013-03-04,8.740958946873434e-06,8.740958946873434e-06,8.740958946873434e-06,8.740958946873434e-06,13231
2013-03-05,8.740958946873434e-06,8.740958946873434e-06,8.740958946873434e-06,8.740958946873434e-06,11260
2013-03-06,8.740958946873434e-06,8.740958946873434e-06,8.740958946873434e-06,8.740958946873434e-06,5911
2013-03-07,8.740958946873434e-06,8.740958946873434e-06,8.740958946873434e-06,8.740958946873434e-06,8375
2013-03-11,8.740958946873434e-06,8.740958946873434e-06,8.740958946873434e-06,8.740958946873434e-06,0
2013-03-12,8.740958946873434e-06,8.740958946873434e-06,8.740958946873434e-06,8.740958946873434e-06,35021
2013-03-13,8.740958946873434e-06,8.740958946873434e-06,8.740958946873434e-06,8.740958946873434e-06,2041
2013-03-14,8.740958946873434e-06,8.740958946873434e-06,8.740958946873434e-06,8.740958946873434e-06,3293
2013-03-18,8.740958946873434e-06,8.740958946873434e-06,8.740958946873434e-06,8.740958946873434e-06,0
2013-03-20,8.740958946873434e-06,8.740958946873434e-06,8.740958946873434e-06,8.740958946873434e-06,0
2013-03-21,8.740958946873434e-06,8.740958946873434e-06,8.740958946873434e-06,8.740958946873434e-06,58274
2013-03-22,8.740958946873434e-06,8.740958946873434e-06,8.740958946873434e-06,8.740958946873434e-06,6460
2013-03-25,8.740958946873434e-06,8.740958946873434e-06,8.740958946873434e-06,8.740958946873434e-06,0
2013-03-26,8.740958946873434e-06,8.740958946873434e-06,8.740958946873434e-06,8.740958946873434e-06,45606
2013-03-27,8.740958946873434e-06,8.740958946873434e-06,8.740958946873434e-06,8.740958946873434e-06,25843
2013-04-01,8.740958946873434e-06,8.740958946873434e-06,8.740958946873434e-06,8.740958946873434e-06,0
2013-04-02,8.740958946873434e-06,8.740958946873434e-06,8.740958946873434e-06,8.740958946873434e-06,1632
2013-04-03,8.740958946873434e-06,8.740958946873434e-06,8.740958946873434e-06,8.740958946873434e-06,2111
2013-04-04,8.740958946873434e-06,8.740958946873434e-06,8.740958946873434e-06,8.740958946873434e-06,0
2013-04-05,8.740958946873434e-06,8.740958946873434e-06,8.740958946873434e-06,8.740958946873434e-06,28292
2013-04-08,8.740958946873434e-06,8.740958946873434e-06,8.740958946873434e-06,8.740958946873434e-06,0
2013-04-09,8.740958946873434e-06,8.740958946873434e-06,8.740958946873434e-06,8.740958946873434e-06,97927
2013-04-10,8.740958946873434e-06,8.740958946873434e-06,8.740958946873434e-06,8.740958946873434e-06,75799
2013-04-11,8.740958946873434e-06,8.740958946873434e-06,8.740958946873434e-06,8.740958946873434e-06,36414
2013-04-12,8.740958946873434e-06,8.740958946873434e-06,8.740958946873434e-06,8.740958946873434e-06,94717
2013-04-15,8.740958946873434e-06,8.740958946873434e-06,8.740958946873434e-06,8.740958946873434e-06,0
2013-04-16,8.740958946873434e-06,8.740958946873434e-06,8.740958946873434e-06,8.740958946873434e-06,56107
2013-04-17,8.740958946873434e-06,8.740958946873434e-06,8.740958946873434e-06,8.740958946873434e-06,56107
2013-04-18,8.740958946873434e-06,8.740958946873434e-06,8.740958946873434e-06,8.740958946873434e-06,56107
2013-04-22,8.740958946873434e-06,8.740958946873434e-06,8.740958946873434e-06,8.740958946873434e-06,0
2013-04-23,1.0197784831689205e-05,1.0197784831689205e-05,1.0197784831689205e-05,1.0197784831689205e-05,13794
2013-04-24,1.0197784831689205e-05,1.0197784831689205e-05,1.0197784831689205e-05,1.0197784831689205e-05,13794
2013-04-25,1.0197784831689205e-05,1.0197784831689205e-05,1.0197784831689205e-05,1.0197784831689205e-05,13794
2013-04-26,1.0197784831689205e-05,1.0197784831689205e-05,1.0197784831689205e-05,1.0197784831689205e-05,56
2013-04-29,1.0197784831689205e-05,1.0197784831689205e-05,1.0197784831689205e-05,1.0197784831689205e-05,0
2013-04-30,1.0197784831689205e-05,1.0197784831689205e-05,1.0197784831689205e-05,1.0197784831689205e-05,23507
2013-05-02,1.0197784831689205e-05,1.0197784831689205e-05,1.0197784831689205e-05,1.0197784831689205e-05,0
2013-05-03,1.0197784831689205e-05,1.0197784831689205e-05,1.0197784831689205e-05,1.0197784831689205e-05,4349
2013-05-06,1.0197784831689205e-05,1.0197784831689205e-05,1.0197784831689205e-05,1.0197784831689205e-05,0
2013-05-07,1.0197784831689205e-05,1.0197784831689205e-05,1.0197784831689205e-05,1.0197784831689205e-05,38793
2013-05-08,1.0197784831689205e-05,1.0197784831689205e-05,1.0197784831689205e-05,1.0197784831689205e-05,55572
2013-05-09,1.0197784831689205e-05,1.0197784831689205e-05,1.0197784831689205e-05,1.0197784831689205e-05,59372
2013-05-10,1.0197784831689205e-05,1.0197784831689205e-05,1.0197784831689205e-05,1.0197784831689205e-05,28025
2013-05-14,1.0197784831689205e-05,1.0197784831689205e-05,1.0197784831689205e-05,1.0197784831689205e-05,0
2013-05-15,1.165461253549438e-05,1.165461253549438e-05,1.165461253549438e-05,1.165461253549438e-05,68494
2013-05-16,1.165461253549438e-05,1.165461253549438e-05,1.165461253549438e-05,1.0926199003592973e-05,5151
2013-05-17,1.2383025932649616e-05,1.2383025932649616e-05,1.2383025932649616e-05,1.2383025932649616e-05,211
2013-05-20,1.2383025932649616e-05,1.2383025932649616e-05,1.2383025932649616e-05,1.2383025932649616e-05,0
2013-05-21,1.2383025932649616e-05,1.2383025932649616e-05,1.2383025932649616e-05,1.2383025932649616e-05,13034
2013-05-22,1.2383025932649616e-05,1.2383025932649616e-05,1.2383025932649616e-05,1.2383025932649616e-05,1154
2013-05-23,1.2383025932649616e-05,1.2383025932649616e-05,1.2383025932649616e-05,1.2383025932649616e-05,15286
2013-05-24,1.3111441148794256e-05,1.3111441148794258e-05,1.3111441148794258e-05,1.3111441148794258e-05,12499
2013-05-27,1.3111441148794256e-05,1.3111441148794258e-05,1.3111441148794258e-05,1.3111441148794258e-05,0
2013-05-28,1.3839851817465387e-05,1.3839851817465387e-05,1.3839851817465387e-05,1.3839851817465387e-05,10557
2013-05-29,1.3839851817465387e-05,1.3839851817465387e-05,1.3839851817465387e-05,1.3839851817465387e-05,8276
2013-05-30,1.3839851817465387e-05,1.3839851817465387e-05,1.3839851817465387e-05,1.3839851817465387e-05,48463
2013-05-31,1.3839851817465387e-05,1.3839851817465387e-05,1.3839851817465387e-05,1.3839851817465387e-05,3603
2013-06-04,1.3839851817465387e-05,1.3839851817465387e-05,1.3839851817465387e-05,1.3839851817465387e-05,0
2013-06-05,1.3839851817465387e-05,1.3839851817465387e-05,1.3839851817465387e-05,1.3839851817465387e-05,42228
2013-06-06,1.3839851817465387e-05,1.3839851817465387e-05,1.3839851817465387e-05,1.3839851817465387e-05,11964
2013-06-07,1.3839851817465387e-05,1.3839851817465387e-05,1.3839851817465387e-05,1.3839851817465387e-05,2589
2013-06-10,1.3839851817465387e-05,1.3839851817465387e-05,1.3839851817465387e-05,1.3839851817465387e-05,0
2013-06-11,1.3839851817465387e-05,1.3839851817465387e-05,1.3839851817465387e-05,1.3839851817465387e-05,71379
2013-06-12,1.3839851817465387e-05,1.3839851817465387e-05,1.3839851817465387e-05,1.3839851817465387e-05,24154
2013-06-13,1.3839851817465387e-05,1.3839851817465387e-05,1.3839851817465387e-05,1.3839851817465387e-05,3519
2013-06-14,1.4568264305125922e-05,1.4568264305125922e-05,1.4568264305125922e-05,1.4568264305125922e-05,29024
2013-06-17,1.4568264305125922e-05,1.4568264305125922e-05,1.4568264305125922e-05,1.4568264305125922e-05,0
2013-06-18,1.4568264305125922e-05,1.4568264305125922e-05,1.4568264305125922e-05,1.4568264305125922e-05,1703
2013-06-19,1.4568264305125922e-05,1.4568264305125922e-05,1.4568264305125922e-05,1.4568264305125922e-05,28715
2013-06-20,1.4568264305125922e-05,1.4568264305125922e-05,1.4568264305125922e-05,1.4568264305125922e-05,32149
2013-06-21,1.4568264305125922e-05,1.4568264305125922e-05,1.4568264305125922e-05,1.4568264305125922e-05,15483
2013-06-25,1.4568264305125922e-05,1.4568264305125922e-05,1.4568264305125922e-05,1.4568264305125922e-05,0
2013-06-26,1.5296676792786457e-05,1.5296676792786457e-05,1.5296676792786457e-05,1.5296676792786457e-05,7038
2013-06-27,1.60250929184258e-05,1.60250929184258e-05,1.60250929184258e-05,1.60250929184258e-05,4912
2013-06-28,1.7481917893746868e-05,1.7481917893746868e-05,1.7481917893746868e-05,1.7481917893746868e-05,9726
2013-07-01,1.7481917893746868e-05,1.7481917893746868e-05,1.7481917893746868e-05,1.7481917893746868e-05,0
2013-07-02,1.8938746507046744e-05,1.8938746507046744e-05,1.8938746507046744e-05,1.8938746507046744e-05,2815
2013-07-03,1.8938746507046744e-05,1.8938746507046744e-05,1.8938746507046744e-05,1.8938746507046744e-05,157243
2013-07-04,1.8938746507046744e-05,1.8938746507046744e-05,1.8938746507046744e-05,1.8938746507046744e-05,7038
2013-07-08,1.8938746507046744e-05,1.8938746507046744e-05,1.8938746507046744e-05,1.8938746507046744e-05,0
2013-07-09,1.8938746507046744e-05,1.8938746507046744e-05,1.8938746507046744e-05,1.8938746507046744e-05,14076
2013-07-10,1.8938746507046744e-05,1.8938746507046744e-05,1.8938746507046744e-05,1.8938746507046744e-05,56656
2013-07-11,1.9667157175717875e-05,1.9667157175717875e-05,1.9667157175717875e-05,1.9667157175717875e-05,16849
2013-07-12,2.039556966337841e-05,2.039556966337841e-05,2.039556966337841e-05,2.039556966337841e-05,957
2013-07-15,2.039556966337841e-05,2.039556966337841e-05,2.039556966337841e-05,2.039556966337841e-05,0
2013-07-16,2.039556966337841e-05,2.039556966337841e-05,2.039556966337841e-05,2.039556966337841e-05,9994
2013-07-17,1.9667157175717875e-05,1.9667157175717875e-05,1.9667157175717875e-05,1.9667157175717875e-05,127233
2013-07-18,1.9667157175717875e-05,1.9667157175717875e-05,1.9667157175717875e-05,1.9667157175717875e-05,140929
2013-07-19,1.9667157175717875e-05,1.9667157175717875e-05,1.9667157175717875e-05,1.9667157175717875e-05,563
2013-07-22,1.9667157175717875e-05,1.9667157175717875e-05,1.9667157175717875e-05,1.9667157175717875e-05,0
2013-07-23,1.9667157175717875e-05,1.9667157175717875e-05,1.9667157175717875e-05,1.9667157175717875e-05,14639
2013-07-25,2.039556966337841e-05,2.039556966337841e-05,2.039556966337841e-05,2.039556966337841e-05,0
2013-07-26,1.9667157175717875e-05,1.9667157175717875e-05,1.9667157175717875e-05,1.9667157175717875e-05,407642
2013-07-29,1.9667157175717875e-05,1.9667157175717875e-05,1.9667157175717875e-05,1.9667157175717875e-05,0
2013-07-30,1.9667157175717875e-05,1.9667157175717875e-05,1.9667157175717875e-05,1.9667157175717875e-05,15131
2013-07-31,1.9667157175717875e-05,1.9667157175717875e-05,1.9667157175717875e-05,1.9667157175717875e-05,789089
2013-08-01,1.9667157175717875e-05,2.039557064981408e-05,1.9667157175717875e-05,1.9667157175717875e-05,789089
2013-08-02,2.039556966337841e-05,2.039556966337841e-05,2.039556966337841e-05,2.039556966337841e-05,49758
2013-08-05,2.039556966337841e-05,2.039556966337841e-05,2.039556966337841e-05,2.039556966337841e-05,0
2013-08-06,2.039556966337841e-05,2.039556966337841e-05,2.039556966337841e-05,2.039556966337841e-05,30967
2013-08-07,2.039556966337841e-05,2.039556966337841e-05,2.039556966337841e-05,2.039556966337841e-05,30967
2013-08-08,2.039556966337841e-05,2.039556966337841e-05,2.039556966337841e-05,2.039556966337841e-05,7038
2013-08-09,2.039556966337841e-05,2.039556966337841e-05,2.039556966337841e-05,2.039556966337841e-05,7741
2013-08-12,2.039556966337841e-05,2.039556966337841e-05,2.039556966337841e-05,2.039556966337841e-05,0
2013-08-13,2.039556966337841e-05,2.039556966337841e-05,2.039556966337841e-05,2.039556966337841e-05,2815
2013-08-14,2.039556966337841e-05,2.039556966337841e-05,2.039556966337841e-05,2.039556966337841e-05,851136
2013-08-15,2.039556966337841e-05,2.039556966337841e-05,2.039556966337841e-05,2.039556966337841e-05,2463
2013-08-16,2.039556966337841e-05,2.039556966337841e-05,2.039556966337841e-05,2.039556966337841e-05,13498
2013-08-20,2.039556966337841e-05,2.039556966337841e-05,2.039556966337841e-05,2.039556966337841e-05,0
2013-08-21,2.039556966337841e-05,2.039556966337841e-05,2.039556966337841e-05,2.039556966337841e-05,14104
2013-08-22,2.039556966337841e-05,2.039556966337841e-05,2.039556966337841e-05,2.039556966337841e-05,2688
2013-08-23,1.9667157175717875e-05,1.9667157175717875e-05,1.9667157175717875e-05,1.9667157175717875e-05,281
2013-08-26,1.9667157175717875e-05,1.9667157175717875e-05,1.9667157175717875e-05,1.9667157175717875e-05,0
2013-08-27,2.039556966337841e-05,2.039556966337841e-05,2.039556966337841e-05,2.039556966337841e-05,96449
2013-08-28,2.039556966337841e-05,2.039556966337841e-05,2.039556966337841e-05,2.039556966337841e-05,15849
2013-08-29,2.039556966337841e-05,2.039556966337841e-05,2.039556966337841e-05,2.039556966337841e-05,25336
2013-08-30,2.1123985789017752e-05,2.1123985789017752e-05,2.1123985789017752e-05,2.1123985789017752e-05,5771
2013-09-02,2.1123985789017752e-05,2.1123985789017752e-05,2.1123985789017752e-05,2.1123985789017752e-05,0
2013-09-03,2.1123985789017752e-05,2.1123985789017752e-05,2.1123985789017752e-05,2.1123985789017752e-05,84
2013-09-04,2.1123985789017752e-05,2.1123985789017752e-05,2.1123985789017752e-05,2.1123985789017752e-05,84
2013-09-05,2.1123985789017752e-05,2.1123985789017752e-05,2.1123985789017752e-05,2.1123985789017752e-05,30882
2013-09-06,2.1123985789017752e-05,2.1123985789017752e-05,2.1123985789017752e-05,2.1123985789017752e-05,30882
2013-09-09,2.1123985789017752e-05,2.1123985789017752e-05,2.1123985789017752e-05,2.1123985789017752e-05,0
2013-09-10,2.1852398276678286e-05,2.1852398276678286e-05,2.1852398276678286e-05,2.1852398276678286e-05,6390
2013-09-11,2.1852398276678286e-05,2.1852398276678286e-05,2.1852398276678286e-05,2.1852398276678286e-05,17792
2013-09-12,2.1852398276678286e-05,2.1852398276678286e-05,2.1852398276678286e-05,2.1852398276678286e-05,44128
2013-09-13,2.2580812583328225e-05,2.2580812583328225e-05,2.2580812583328225e-05,2.2580812583328225e-05,52123
2013-09-16,2.2580812583328225e-05,2.2580812583328225e-05,2.2580812583328225e-05,2.2580812583328225e-05,0
2013-09-17,2.403763573965989e-05,2.403763573965989e-05,2.403763573965989e-05,2.403763573965989e-05,79515
2013-09-18,2.4766051865299232e-05,2.4766051865299232e-05,2.4766051865299232e-05,2.4766051865299232e-05,64749
2013-09-19,2.4766051865299232e-05,2.4766051865299232e-05,2.4766051865299232e-05,2.4766051865299232e-05,0
2013-09-20,2.5494464352959767e-05,2.549446435295977e-05,2.549446435295977e-05,2.549446435295977e-05,112
2013-09-23,2.5494464352959767e-05,2.549446435295977e-05,2.549446435295977e-05,2.549446435295977e-05,0
2013-09-24,2.7679703634930775e-05,2.7679703634930775e-05,2.7679703634930775e-05,2.7679703634930775e-05,12907
2013-09-25,2.840811612259131e-05,2.840811612259131e-05,2.840811612259131e-05,2.840811612259131e-05,9853
2013-09-26,2.840811612259131e-05,2.840811612259131e-05,2.840811612259131e-05,2.7679702616888763e-05,9853
2013-09-27,2.840811612259131e-05,2.840811612259131e-05,2.840811612259131e-05,2.840811612259131e-05,58992
2013-09-30,2.840811612259131e-05,2.840811612259131e-05,2.840811612259131e-05,2.840811612259131e-05,0
2013-10-01,2.840811612259131e-05,2.840811612259131e-05,2.840811612259131e-05,2.840811612259131e-05,28687
2013-10-02,2.840811612259131e-05,2.840811612259131e-05,2.840811612259131e-05,2.840811612259131e-05,125375
2013-10-03,2.840811612259131e-05,2.840811612259131e-05,2.840811612259131e-05,2.840811612259131e-05,2885
2013-10-04,2.840811612259131e-05,2.840811612259131e-05,2.840811612259131e-05,2.840811612259131e-05,2111
2013-10-07,2.840811612259131e-05,2.840811612259131e-05,2.840811612259131e-05,2.840811612259131e-05,0
2013-10-08,2.840811612259131e-05,2.840811612259131e-05,2.840811612259131e-05,2.840811612259131e-05,2364
2013-10-09,2.6951292966259643e-05,2.6951292966259643e-05,2.6951292966259643e-05,2.6951292966259643e-05,8614
2013-10-10,2.840811612259131e-05,2.840811612259131e-05,2.840811612259131e-05,2.840811612259131e-05,492
2013-10-11,2.840811612259131e-05,2.840811612259131e-05,2.840811612259131e-05,2.840811612259131e-05,14667
2013-10-14,2.840811612259131e-05,2.840811612259131e-05,2.840811612259131e-05,2.840811612259131e-05,0
2013-10-15,2.840811612259131e-05,2.840811612259131e-05,2.840811612259131e-05,2.840811612259131e-05,5630
2013-10-16,2.9136528610251844e-05,2.9136528610251844e-05,2.9136528610251844e-05,2.9136528610251844e-05,13372
2013-10-17,2.840811612259131e-05,2.840811612259131e-05,2.840811612259131e-05,2.840811612259131e-05,5771
2013-10-18,2.9864942916901782e-05,2.986494291690178e-05,2.986494291690178e-05,2.986494291690178e-05,6109
2013-10-21,2.9864942916901782e-05,2.986494291690178e-05,2.986494291690178e-05,2.986494291690178e-05,0
2013-10-22,3.059335358557291e-05,3.059335358557291e-05,3.059335358557291e-05,3.059335358557291e-05,9191
2013-10-23,3.29466893163044e-05,3.29466893163044e-05,3.29466893163044e-05,3.29466893163044e-05,17313
2013-10-24,3.29466893163044e-05,3.29466893163044e-05,3.29466893163044e-05,3.29466893163044e-05,59386
2013-10-25,3.3731135772541165e-05,3.3731135772541165e-05,3.3731135772541165e-05,3.3731135772541165e-05,75447
2013-10-28,3.3731135772541165e-05,3.3731135772541165e-05,3.3731135772541165e-05,3.3731135772541165e-05,0
2013-10-29,3.608447877923027e-05,3.608447877923027e-05,3.608447877923027e-05,3.608447877923027e-05,52137
2013-10-30,4.000669650849886e-05,4.000669650849886e-05,4.000669650849886e-05,4.000669650849886e-05,15920
2013-10-31,4.392892151372507e-05,4.392892151372507e-05,4.392892151372507e-05,4.392892151372507e-05,15905
2013-11-01,4.392892151372507e-05,4.392892151372507e-05,4.392892151372507e-05,4.392892151372507e-05,70352
2013-11-05,4.392892151372507e-05,4.392892151372507e-05,4.392892151372507e-05,4.392892151372507e-05,16961
2013-11-06,4.392892151372507e-05,4.392892151372507e-05,4.392892151372507e-05,4.392892151372507e-05,41749
2013-11-07,4.392892151372507e-05,4.392892151372507e-05,4.392892151372507e-05,4.392892151372507e-05,24506
2013-11-08,4.236003223923035e-05,4.236003223923035e-05,4.236003223923035e-05,4.236003223923035e-05,4715
2013-11-11,3.9222253690240905e-05,4.236003512697803e-05,3.843780833105662e-05,4.236003512697803e-05,40440
2013-11-12,3.843780723400414e-05,3.843780723400414e-05,3.843780723400414e-05,3.843780723400414e-05,2111
2013-11-13,3.843780723400414e-05,3.843780723400414e-05,3.843780723400414e-05,3.843780723400414e-05,0
2013-11-14,3.7653360777767375e-05,3.7653360777767375e-05,3.7653360777767375e-05,3.7653360777767375e-05,67044
2013-11-15,3.7653360777767375e-05,3.7653360777767375e-05,3.7653360777767375e-05,3.7653360777767375e-05,0
2013-11-18,3.7653360777767375e-05,3.7653360777767375e-05,3.7653360777767375e-05,3.7653360777767375e-05,0
2013-11-19,3.7653360777767375e-05,3.7653360777767375e-05,3.7653360777767375e-05,3.7653360777767375e-05,65341
2013-11-20,3.7653360777767375e-05,3.7653360777767375e-05,3.7653360777767375e-05,3.7653360777767375e-05,47408
2013-11-21,3.7653360777767375e-05,3.7653360777767375e-05,3.7653360777767375e-05,3.7653360777767375e-05,36442
2013-11-22,3.843780723400414e-05,3.843780723400414e-05,3.843780723400414e-05,3.843780723400414e-05,22972
2013-11-25,3.843780723400414e-05,3.843780723400414e-05,3.843780723400414e-05,3.843780723400414e-05,0
2013-11-26,4.0791146602714434e-05,4.0791146602714434e-05,4.0791146602714434e-05,4.0791146602714434e-05,4673
2013-11-27,4.0791146602714434e-05,4.0791146602714434e-05,4.0791146602714434e-05,4.0791146602714434e-05,4546
2013-11-28,4.15755930589512e-05,4.15755930589512e-05,4.15755930589512e-05,4.15755930589512e-05,9670
2013-11-29,4.000669650849886e-05,4.000669650849886e-05,4.000669650849886e-05,4.000669650849886e-05,21114
2013-12-02,4.000669650849886e-05,4.000669650849886e-05,4.000669650849886e-05,4.000669650849886e-05,0
2013-12-03,4.236003223923035e-05,4.236003223923035e-05,4.236003223923035e-05,4.236003223923035e-05,70
2013-12-04,4.15755930589512e-05,4.15755930589512e-05,4.15755930589512e-05,4.15755930589512e-05,16989
2013-12-05,4.15755930589512e-05,4.15755930589512e-05,4.15755930589512e-05,4.15755930589512e-05,10838
2013-12-06,4.236003223923035e-05,4.236003223923035e-05,4.236003223923035e-05,4.236003223923035e-05,4940
2013-12-09,4.236003223923035e-05,4.236003223923035e-05,4.236003223923035e-05,4.236003223923035e-05,0
2013-12-10,4.236003223923035e-05,4.392892285064526e-05,4.236003223923035e-05,4.236003223923035e-05,4546
2013-12-11,4.314448233344592e-05,4.314448233344592e-05,4.314448233344592e-05,4.314448233344592e-05,351
2013-12-12,4.314448233344592e-05,4.314448233344592e-05,4.314448233344592e-05,4.314448233344592e-05,13752
2013-12-13,4.392892151372507e-05,4.392892151372507e-05,4.392892151372507e-05,4.392892151372507e-05,1013
2013-12-16,4.392892151372507e-05,4.392892151372507e-05,4.392892151372507e-05,4.392892151372507e-05,0
2013-12-17,4.392892151372507e-05,4.392892151372507e-05,4.392892151372507e-05,4.392892151372507e-05,2871
2013-12-18,4.314448233344592e-05,4.314448233344592e-05,4.314448233344592e-05,4.314448233344592e-05,323
2013-12-19,4.392892151372507e-05,4.392892151372507e-05,4.392892151372507e-05,4.392892151372507e-05,67607
2013-12-20,4.392892151372507e-05,4.392892151372507e-05,4.31444762318912e-05,4.31444762318912e-05,67607
2013-12-23,4.392892151372507e-05,4.392892151372507e-05,4.392892151372507e-05,4.392892151372507e-05,0
2013-12-26,4.471336796996184e-05,4.471336796996184e-05,4.471336796996184e-05,4.471336796996184e-05,0
2013-12-27,4.471336796996184e-05,4.471336796996184e-05,4.471336796996184e-05,4.471336796996184e-05,56
2013-12-30,4.471336796996184e-05,4.471336796996184e-05,4.471336796996184e-05,4.471336796996184e-05,0
2014-01-02,4.471336796996184e-05,4.471336796996184e-05,4.471336796996184e-05,4.471336796996184e-05,0
2014-01-03,4.471336796996184e-05,4.471336796996184e-05,4.471336796996184e-05,4.471336796996184e-05,56
2014-01-07,4.471336796996184e-05,4.471336796996184e-05,4.471336796996184e-05,4.471336796996184e-05,0
2014-01-08,4.549781806417741e-05,4.549781806417741e-05,4.549781806417741e-05,4.549781806417741e-05,281
2014-01-09,4.549781806417741e-05,4.549781806417741e-05,4.549781806417741e-05,4.549781806417741e-05,394
2014-01-10,4.549781806417741e-05,4.549781806417741e-05,4.549781806417741e-05,4.549781806417741e-05,3561
2014-01-13,4.549781806417741e-05,4.549781806417741e-05,4.549781806417741e-05,4.549781806417741e-05,0
2014-01-14,4.549781806417741e-05,4.549781806417741e-05,4.549781806417741e-05,4.549781806417741e-05,3547
2014-01-15,4.549781806417741e-05,4.549781806417741e-05,4.549781806417741e-05,4.549781806417741e-05,1407
2014-01-16,4.549781806417741e-05,4.549781806417741e-05,4.549781806417741e-05,4.549781806417741e-05,19185
2014-01-17,4.549781806417741e-05,4.549781806417741e-05,4.549781806417741e-05,4.549781806417741e-05,77362
2014-01-20,4.549781806417741e-05,4.549781806417741e-05,4.549781806417741e-05,4.549781806417741e-05,0
2014-01-21,4.7066703700693324e-05,4.7066703700693324e-05,4.7066703700693324e-05,4.7066703700693324e-05,816
2014-01-22,4.785115015693009e-05,4.785115015693009e-05,4.785115015693009e-05,4.785115015693009e-05,8797
2014-01-23,4.785115015693009e-05,4.785115015693009e-05,4.785115015693009e-05,4.785115015693009e-05,43466
2014-01-24,4.785115015693009e-05,4.785115015693009e-05,4.785115015693009e-05,4.785115015693009e-05,3617
2014-01-27,4.785115015693009e-05,4.785115015693009e-05,4.785115015693009e-05,4.785115015693009e-05,0
2014-01-28,4.6282264520414174e-05,4.6282264520414174e-05,4.6282264520414174e-05,4.6282264520414174e-05,75616
2014-01-29,4.6282264520414174e-05,4.6282264520414174e-05,4.6282264520414174e-05,4.6282264520414174e-05,8248
2014-01-30,4.6282264520414174e-05,4.6282264520414174e-05,4.6282264520414174e-05,4.6282264520414174e-05,298285
2014-01-31,4.6282264520414174e-05,4.6282264520414174e-05,4.6282264520414174e-05,4.6282264520414174e-05,1407
2014-02-03,4.6282264520414174e-05,4.6282264520414174e-05,4.6282264520414174e-05,4.6282264520414174e-05,0
2014-02-04,4.785115015693009e-05,4.785115015693009e-05,4.785115015693009e-05,4.785115015693009e-05,1886
2014-02-05,4.7066703700693324e-05,4.7066703700693324e-05,4.7066703700693324e-05,4.7066703700693324e-05,6840
2014-02-06,4.7066703700693324e-05,4.7066703700693324e-05,4.7066703700693324e-05,4.7066703700693324e-05,6686
2014-02-07,4.7066703700693324e-05,4.7066703700693324e-05,4.7066703700693324e-05,4.7066703700693324e-05,359896
2014-02-10,4.7066703700693324e-05,4.7066703700693324e-05,4.7066703700693324e-05,4.7066703700693324e-05,0
2014-02-11,4.6282264520414174e-05,4.6282264520414174e-05,4.6282264520414174e-05,4.6282264520414174e-05,1407
2014-02-12,4.6282264520414174e-05,4.6282264520414174e-05,4.6282264520414174e-05,4.54978191172042e-05,1407
2014-02-13,4.6282264520414174e-05,4.6282264520414174e-05,4.6282264520414174e-05,4.6282264520414174e-05,225
2014-02-14,4.6282264520414174e-05,4.6282264520414174e-05,4.6282264520414174e-05,4.6282264520414174e-05,225
2014-02-17,4.6282264520414174e-05,4.6282264520414174e-05,4.6282264520414174e-05,4.6282264520414174e-05,0
2014-02-18,4.6282264520414174e-05,4.6282264520414174e-05,4.6282264520414174e-05,4.6282264520414174e-05,16525
2014-02-19,4.6282264520414174e-05,4.6282264520414174e-05,4.6282264520414174e-05,4.6282264520414174e-05,0
2014-02-20,4.6282264520414174e-05,4.6282264520414174e-05,4.6282264520414174e-05,4.6282264520414174e-05,16328
2014-02-21,4.6282264520414174e-05,4.6282264520414174e-05,4.6282264520414174e-05,4.6282264520414174e-05,1055
2014-02-24,4.6282264520414174e-05,4.6282264520414174e-05,4.6282264520414174e-05,4.6282264520414174e-05,0
2014-02-25,4.6282264520414174e-05,4.6282264520414174e-05,4.6282264520414174e-05,4.6282264520414174e-05,1055
2014-02-26,4.392892151372507e-05,4.392892151372507e-05,4.392892151372507e-05,4.392892151372507e-05,2955
2014-02-27,4.6282264520414174e-05,4.6282264520414174e-05,4.6282264520414174e-05,4.6282264520414174e-05,239
2014-02-28,4.6282264520414174e-05,4.6282264520414174e-05,4.6282264520414174e-05,4.6282264520414174e-05,0
2014-03-05,4.6282264520414174e-05,4.6282264520414174e-05,4.6282264520414174e-05,4.6282264520414174e-05,0
2014-03-06,4.6282264520414174e-05,4.6282264520414174e-05,4.6282264520414174e-05,4.6282264520414174e-05,380
2014-03-07,4.6282264520414174e-05,4.6282264520414174e-05,4.6282264520414174e-05,4.6282264520414174e-05,380
2014-03-10,4.6282264520414174e-05,4.6282264520414174e-05,4.6282264520414174e-05,4.6282264520414174e-05,0
2014-03-11,4.392892151372507e-05,4.392892151372507e-05,4.392892151372507e-05,4.392892151372507e-05,84
2014-03-12,4.392892151372507e-05,4.392892151372507e-05,4.392892151372507e-05,4.392892151372507e-05,5489
2014-03-13,4.392892151372507e-05,4.392892151372507e-05,4.392892151372507e-05,4.392892151372507e-05,2815
2014-03-14,4.314448233344592e-05,4.314448233344592e-05,4.314448233344592e-05,4.314448233344592e-05,1618
2014-03-17,4.314448233344592e-05,4.314448233344592e-05,4.314448233344592e-05,4.314448233344592e-05,0
2014-03-18,4.15755930589512e-05,4.15755930589512e-05,4.15755930589512e-05,4.15755930589512e-05,4433
2014-03-20,3.843780723400414e-05,3.843780723400414e-05,3.843780723400414e-05,3.843780723400414e-05,0
2014-03-21,3.843780723400414e-05,3.843780723400414e-05,3.843780723400414e-05,3.843780723400414e-05,13104
2014-03-24,3.843780723400414e-05,3.843780723400414e-05,3.843780723400414e-05,3.843780723400414e-05,0
2014-03-25,3.29466893163044e-05,3.29466893163044e-05,3.29466893163044e-05,3.29466893163044e-05,3800
2014-03-26,3.29466893163044e-05,3.29466893163044e-05,3.29466893163044e-05,3.29466893163044e-05,2463
2014-03-27,4.000669650849886e-05,4.000669650849886e-05,4.000669650849886e-05,4.000669650849886e-05,830
2014-03-28,4.236003223923035e-05,4.236003223923035e-05,4.236003223923035e-05,4.236003223923035e-05,281
2014-03-31,4.236003223923035e-05,4.236003223923035e-05,4.236003223923035e-05,4.236003223923035e-05,0
2014-04-01,3.9222253690240905e-05,3.9222253690240905e-05,3.9222253690240905e-05,4.236003512697803e-05,703
2014-04-02,4.15755930589512e-05,4.15755930589512e-05,4.15755930589512e-05,4.15755930589512e-05,56
2014-04-03,3.9222253690240905e-05,4.1575589767793746e-05,4.1575589767793746e-05,3.9222253690240905e-05,56
2014-04-04,3.9222253690240905e-05,3.9222253690240905e-05,3.9222253690240905e-05,3.9222253690240905e-05,1520
2014-04-07,3.9222253690240905e-05,3.9222253690240905e-05,3.9222253690240905e-05,3.9222253690240905e-05,0
2014-04-08,3.9222253690240905e-05,4.000669904942519e-05,3.9222253690240905e-05,3.9222253690240905e-05,7038
2014-04-09,4.000669650849886e-05,4.000669650849886e-05,4.000669650849886e-05,4.000669650849886e-05,56
2014-04-10,3.9222253690240905e-05,4.000669904942519e-05,4.000669904942519e-05,3.9222253690240905e-05,56
2014-04-11,3.9222253690240905e-05,3.9222253690240905e-05,3.9222253690240905e-05,3.9222253690240905e-05,337
2014-04-14,3.9222253690240905e-05,3.9222253690240905e-05,3.9222253690240905e-05,3.9222253690240905e-05,0
2014-04-15,3.843780723400414e-05,3.843780723400414e-05,3.843780723400414e-05,3.843780723400414e-05,19073
2014-04-16,3.843780723400414e-05,3.843780723400414e-05,3.843780723400414e-05,3.843780723400414e-05,4982
2014-04-21,3.843780723400414e-05,3.843780723400414e-05,3.843780723400414e-05,3.843780723400414e-05,0
2014-04-22,3.843780723400414e-05,3.843780723400414e-05,3.843780723400414e-05,3.843780723400414e-05,4307
2014-04-23,3.843780723400414e-05,3.843780723400414e-05,3.843780723400414e-05,3.843780723400414e-05,4307
2014-04-24,3.587528772186488e-05,3.587528772186488e-05,3.587528772186488e-05,3.587528772186488e-05,4110
2014-04-25,3.929198646801524e-05,3.929198646801524e-05,3.929198646801524e-05,3.929198646801524e-05,48773
2014-04-28,3.929198646801524e-05,3.929198646801524e-05,3.929198646801524e-05,3.929198646801524e-05,0
2014-04-29,4.100033038412221e-05,4.100033038412221e-05,4.100033038412221e-05,3.929198276687293e-05,1055
2014-04-30,4.100033038412221e-05,4.100033038412221e-05,4.100033038412221e-05,3.929198276687293e-05,1055
2014-05-02,4.100033038412221e-05,4.100033038412221e-05,4.100033038412221e-05,4.100033038412221e-05,0
2014-05-05,4.100033038412221e-05,4.100033038412221e-05,4.100033038412221e-05,4.100033038412221e-05,0
2014-05-06,4.185450234217569e-05,4.185450234217569e-05,4.185450234217569e-05,4.185450234217569e-05,9008
2014-05-07,4.185450234217569e-05,4.185450234217569e-05,4.185450234217569e-05,4.185450234217569e-05,17327
2014-05-08,4.185450234217569e-05,4.185450234217569e-05,4.185450234217569e-05,4.185450234217569e-05,17327
2014-05-09,4.100033038412221e-05,4.100033038412221e-05,4.100033038412221e-05,4.100033038412221e-05,17454
2014-05-12,4.100033038412221e-05,4.100033038412221e-05,4.100033038412221e-05,4.100033038412221e-05,0
2014-05-13,3.929198646801524e-05,4.1000334246183805e-05,3.929198646801524e-05,4.1854505027802634e-05,17454
2014-05-14,3.929198646801524e-05,4.1000334246183805e-05,3.929198646801524e-05,4.1854505027802634e-05,17454
2014-05-15,3.929198646801524e-05,4.1000334246183805e-05,3.929198646801524e-05,4.1854505027802634e-05,17454
2014-05-16,3.929198646801524e-05,3.929198646801524e-05,3.929198646801524e-05,3.929198646801524e-05,28
2014-05-19,3.929198646801524e-05,3.929198646801524e-05,3.929198646801524e-05,3.929198646801524e-05,0
2014-05-20,3.7583635275950655e-05,3.7583635275950655e-05,3.7583635275950655e-05,3.7583635275950655e-05,9191
2014-05-21,3.929198646801524e-05,3.929198646801524e-05,3.929198646801524e-05,3.929198646801524e-05,703
2014-05-22,3.929198646801524e-05,3.929198646801524e-05,3.929198646801524e-05,3.929198646801524e-05,16314
2014-05-23,3.929198646801524e-05,3.929198646801524e-05,3.929198646801524e-05,3.929198646801524e-05,140
2014-05-26,3.929198646801524e-05,3.929198646801524e-05,3.929198646801524e-05,3.929198646801524e-05,0
2014-05-27,3.929198646801524e-05,3.929198646801524e-05,3.929198646801524e-05,3.929198646801524e-05,914
2014-05-28,3.929198646801524e-05,3.929198646801524e-05,3.929198646801524e-05,3.929198646801524e-05,0
2014-05-29,3.929198646801524e-05,3.929198646801524e-05,3.929198646801524e-05,3.929198646801524e-05,17862
2014-05-30,3.843781087198295e-05,3.843781087198295e-05,3.843781087198295e-05,3.843781087198295e-05,17482
2014-06-03,3.843781087198295e-05,3.843781087198295e-05,3.843781087198295e-05,3.843781087198295e-05,0
2014-06-04,3.843781087198295e-05,3.843781087198295e-05,3.843781087198295e-05,3.843781087198295e-05,10345
2014-06-05,3.843781087198295e-05,3.843781087198295e-05,3.843781087198295e-05,3.843781087198295e-05,21339
2014-06-06,3.929198646801524e-05,3.929198646801524e-05,3.929198646801524e-05,3.929198646801524e-05,32107
2014-06-09,3.929198646801524e-05,3.929198646801524e-05,3.929198646801524e-05,3.929198646801524e-05,0
2014-06-10,3.672946331789717e-05,3.672946331789717e-05,3.672946331789717e-05,3.672946331789717e-05,28532
2014-06-11,3.843781087198295e-05,3.843781087198295e-05,3.843781087198295e-05,3.843781087198295e-05,32867
2014-06-12,3.843781087198295e-05,3.843781087198295e-05,3.843781087198295e-05,3.843781087198295e-05,10993
2014-06-13,3.843781087198295e-05,3.843781087198295e-05,3.843781087198295e-05,3.843781087198295e-05,1689
2014-06-16,3.843781087198295e-05,3.843781087198295e-05,3.843781087198295e-05,3.843781087198295e-05,0
2014-06-17,3.7583635275950655e-05,3.7583635275950655e-05,3.7583635275950655e-05,3.7583635275950655e-05,3096
2014-06-18,3.7583635275950655e-05,3.7583635275950655e-05,3.7583635275950655e-05,3.7583635275950655e-05,9501
2014-06-19,3.7583635275950655e-05,3.7583635275950655e-05,3.7583635275950655e-05,3.7583635275950655e-05,154
2014-06-20,3.7583635275950655e-05,3.7583635275950655e-05,3.7583635275950655e-05,3.7583635275950655e-05,112
2014-06-25,3.7583635275950655e-05,3.7583635275950655e-05,3.7583635275950655e-05,3.7583635275950655e-05,0
2014-06-26,3.843781087198295e-05,3.843781087198295e-05,3.843781087198295e-05,3.843781087198295e-05,1407
2014-06-27,3.843781087198295e-05,3.843781087198295e-05,3.843781087198295e-05,3.843781087198295e-05,0
2014-06-30,3.843781087198295e-05,3.843781087198295e-05,3.843781087198295e-05,3.843781087198295e-05,0
2014-07-01,3.843781087198295e-05,3.843781087198295e-05,3.843781087198295e-05,3.843781087198295e-05,4631
2014-07-02,4.014615842606872e-05,4.014615842606872e-05,4.014615842606872e-05,4.014615842606872e-05,3547
2014-07-03,3.843781087198295e-05,4.0146158574287136e-05,3.843781087198295e-05,3.843781087198295e-05,3547
2014-07-04,3.843781087198295e-05,3.843781087198295e-05,3.843781087198295e-05,3.843781087198295e-05,1182
2014-07-07,3.843781087198295e-05,3.843781087198295e-05,3.843781087198295e-05,3.843781087198295e-05,0
2014-07-08,3.929198646801524e-05,3.929198646801524e-05,3.929198646801524e-05,3.929198646801524e-05,29109
2014-07-09,3.929198646801524e-05,3.929198646801524e-05,3.929198646801524e-05,3.929198646801524e-05,17243
2014-07-10,3.929198646801524e-05,3.929198646801524e-05,3.929198646801524e-05,3.929198646801524e-05,13991
2014-07-11,3.929198646801524e-05,3.929198646801524e-05,3.929198646801524e-05,3.929198646801524e-05,13991
2014-07-14,3.929198646801524e-05,3.929198646801524e-05,3.929198646801524e-05,3.929198646801524e-05,0
2014-07-15,3.929198646801524e-05,3.929198646801524e-05,3.929198646801524e-05,3.929198646801524e-05,9121
2014-07-16,3.929198646801524e-05,3.929198646801524e-05,3.929198646801524e-05,3.929198646801524e-05,816
2014-07-17,3.929198646801524e-05,3.929198646801524e-05,3.929198646801524e-05,3.929198646801524e-05,2801
2014-07-18,3.929198646801524e-05,3.929198646801524e-05,3.929198646801524e-05,3.929198646801524e-05,22352
2014-07-21,3.929198646801524e-05,3.929198646801524e-05,3.929198646801524e-05,3.929198646801524e-05,0
2014-07-22,3.929198646801524e-05,3.929198646801524e-05,3.929198646801524e-05,3.929198646801524e-05,14
2014-07-23,3.929198646801524e-05,3.929198646801524e-05,3.929198646801524e-05,3.929198646801524e-05,23633
2014-07-25,3.929198646801524e-05,3.929198646801524e-05,3.929198646801524e-05,3.929198646801524e-05,0
2014-07-28,3.929198646801524e-05,3.929198646801524e-05,3.929198646801524e-05,3.929198646801524e-05,0
2014-07-29,3.929198646801524e-05,3.929198646801524e-05,3.929198646801524e-05,3.929198646801524e-05,197
2014-07-30,3.929198646801524e-05,3.929198646801524e-05,3.929198646801524e-05,3.929198646801524e-05,197
2014-07-31,3.929198646801524e-05,3.929198646801524e-05,3.929198646801524e-05,3.929198646801524e-05,5053
2014-08-01,3.843781087198295e-05,3.843781087198295e-05,3.843781087198295e-05,3.843781087198295e-05,1604
2014-08-04,3.843781087198295e-05,3.843781087198295e-05,3.843781087198295e-05,3.843781087198295e-05,0
2014-08-05,3.929198646801524e-05,3.929198646801524e-05,3.929198646801524e-05,3.929198646801524e-05,28
2014-08-06,3.843781087198295e-05,3.843781087198295e-05,3.843781087198295e-05,3.843781087198295e-05,2730
2014-08-07,3.929198646801524e-05,3.929198646801524e-05,3.929198646801524e-05,3.929198646801524e-05,3800
2014-08-08,3.929198646801524e-05,3.929198646801524e-05,3.929198646801524e-05,3.929198646801524e-05,478
2014-08-11,3.929198646801524e-05,3.929198646801524e-05,3.929198646801524e-05,3.929198646801524e-05,0
2014-08-12,3.929198646801524e-05,3.929198646801524e-05,3.929198646801524e-05,3.929198646801524e-05,3237
2014-08-13,3.929198646801524e-05,3.929198646801524e-05,3.929198646801524e-05,3.929198646801524e-05,5630
2014-08-14,4.697954500443302e-05,4.697954500443302e-05,4.697954500443302e-05,4.697954500443302e-05,97181
2014-08-15,5.039624375058338e-05,5.039624375058338e-05,5.039624375058338e-05,5.039624375058338e-05,3378
2014-08-19,5.039624375058338e-05,5.039624375058338e-05,5.039624375058338e-05,5.039624375058338e-05,0
2014-08-20,5.039624375058338e-05,5.039624375058338e-05,5.039624375058338e-05,5.039624375058338e-05,10247
2014-08-21,5.039624375058338e-05,5.039624375058338e-05,5.039624375058338e-05,5.039624375058338e-05,5039
2014-08-22,5.039624375058338e-05,5.039624375058338e-05,5.039624375058338e-05,5.039624375058338e-05,22141
2014-08-25,5.039624375058338e-05,5.039624375058338e-05,5.039624375058338e-05,5.039624375058338e-05,0
2014-08-26,5.210458766669035e-05,5.210458766669035e-05,5.210458766669035e-05,5.210458766669035e-05,703
2014-08-27,5.039624375058338e-05,5.039624375058338e-05,5.039624375058338e-05,5.039624375058338e-05,4110
2014-08-28,5.039624375058338e-05,5.039624375058338e-05,5.039624375058338e-05,5.039624375058338e-05,32600
2014-08-29,5.039624375058338e-05,5.039624375058338e-05,5.039624375058338e-05,5.039624375058338e-05,17735
2014-09-01,5.039624375058338e-05,5.039624375058338e-05,5.039624375058338e-05,5.039624375058338e-05,0
2014-09-02,5.039624375058338e-05,5.039624375058338e-05,5.039624375058338e-05,5.039624375058338e-05,11457
2014-09-03,5.039624375058338e-05,5.039624375058338e-05,5.039624375058338e-05,5.039624375058338e-05,225
2014-09-04,5.039624375058338e-05,5.039624375058338e-05,5.039624375058338e-05,5.039624375058338e-05,4940
2014-09-05,5.039624375058338e-05,5.039624375058338e-05,5.039624375058338e-05,5.039624375058338e-05,3279
2014-09-08,5.039624375058338e-05,5.039624375058338e-05,5.039624375058338e-05,5.039624375058338e-05,0
2014-09-09,5.039624375058338e-05,5.039624375058338e-05,5.039624375058338e-05,5.039624375058338e-05,14076
2014-09-10,5.125040843267925e-05,5.125040843267925e-05,5.125040843267925e-05,5.125040843267925e-05,1252
2014-09-11,5.210458766669035e-05,5.210458766669035e-05,5.210458766669035e-05,5.210458766669035e-05,5855
2014-09-12,5.210458766669035e-05,5.210458766669035e-05,5.210458766669035e-05,5.210458766669035e-05,21043
2014-09-15,5.210458766669035e-05,5.210458766669035e-05,5.210458766669035e-05,5.210458766669035e-05,0
2014-09-16,5.722962669096887e-05,5.722962669096887e-05,5.722962669096887e-05,5.722962669096887e-05,10965
2014-09-17,5.722962669096887e-05,5.722962669096887e-05,5.722962669096887e-05,5.722962669096887e-05,3167
2014-09-18,5.381293158279732e-05,5.381293158279732e-05,5.381293158279732e-05,5.381293158279732e-05,1041
2014-09-19,5.381293158279732e-05,5.7229626835342615e-05,5.381293158279732e-05,5.7229626835342615e-05,1041
2014-09-22,5.381293158279732e-05,5.381293158279732e-05,5.381293158279732e-05,5.381293158279732e-05,0
2014-09-23,5.722962669096887e-05,5.722962669096887e-05,5.722962669096887e-05,5.722962669096887e-05,28
2014-09-24,5.466711081680842e-05,5.466711081680842e-05,5.466711081680842e-05,5.381293691897089e-05,2702
2014-09-25,5.722962669096887e-05,5.722962669096887e-05,5.722962669096887e-05,5.722962669096887e-05,351
2014-09-26,5.637545109493658e-05,5.637545109493658e-05,5.637545109493658e-05,5.637545109493658e-05,774
2014-09-29,5.637545109493658e-05,5.637545109493658e-05,5.637545109493658e-05,5.637545109493658e-05,0
2014-09-30,5.381293158279732e-05,5.381293158279732e-05,5.381293158279732e-05,5.381293158279732e-05,16891
2014-10-01,5.381293158279732e-05,5.381293158279732e-05,5.381293158279732e-05,5.381293158279732e-05,2815
2014-10-02,5.381293158279732e-05,5.381293158279732e-05,5.381293158279732e-05,5.381293158279732e-05,140
2014-10-03,5.2958759624743834e-05,5.2958759624743834e-05,5.2958759624743834e-05,5.2958759624743834e-05,4546
2014-10-06,5.2958759624743834e-05,5.2958759624743834e-05,5.2958759624743834e-05,5.2958759624743834e-05,0
2014-10-07,5.210458766669035e-05,5.210458766669035e-05,5.210458766669035e-05,5.210458766669035e-05,4856
2014-10-08,5.039624375058338e-05,5.039624375058338e-05,5.039624375058338e-05,5.039624375058338e-05,6052
2014-10-09,5.039624375058338e-05,5.039624375058338e-05,5.039624375058338e-05,5.039624375058338e-05,8403
2014-10-10,5.039624375058338e-05,5.039624375058338e-05,5.039624375058338e-05,5.039624375058338e-05,6066
2014-10-13,5.039624375058338e-05,5.039624375058338e-05,5.039624375058338e-05,5.039624375058338e-05,0
2014-10-14,5.2958759624743834e-05,5.2958759624743834e-05,5.2958759624743834e-05,5.2958759624743834e-05,914
2014-10-15,5.2958759624743834e-05,5.2958759624743834e-05,5.2958759624743834e-05,5.2958759624743834e-05,3096
2014-10-16,5.893797424505465e-05,5.893797424505465e-05,5.893797424505465e-05,5.893797424505465e-05,12246
2014-10-17,6.064632543711923e-05,6.064632543711923e-05,6.064632543711923e-05,6.064632543711923e-05,548
2014-10-20,6.15252647548914e-05,6.15252647548914e-05,6.15252647548914e-05,6.15252647548914e-05,0
2014-10-21,0.00019248614262323827,0.00019248614262323827,0.00019248614262323827,0.00019248614262323827,9
2014-10-22,0.00018721255764830858,0.00018721255764830858,0.00018721255764830858,0.00018721255764830858,1712
2014-10-23,0.00018721255764830858,0.00018721255764830858,0.0001845757538559964,0.0001845757538559964,1712
2014-10-24,0.00018721255764830858,0.00018721255764830858,0.0001845757538559964,0.0001845757538559964,1712
2014-10-27,0.00018721255764830858,0.00018721255764830858,0.00018721255764830858,0.00018721255764830858,0
2014-10-28,0.00015908673231024295,0.00015908673231024295,0.00015908673231024295,0.00015908673231024295,398
2014-10-29,0.00015908673231024295,0.00015908673231024295,0.00015732886722885173,0.0001845757695953421,398
2014-10-30,0.00015908673231024295,0.00015908673231024295,0.00015732886722885173,0.0001845757695953421,398
2014-10-31,0.00016787604545243084,0.00016787604545243084,0.00016787604545243084,0.00016787604545243084,1074
2014-11-03,0.00016787604545243084,0.00016787604545243084,0.00016787604545243084,0.00016787604545243084,0
2014-11-04,0.00017227072385139763,0.00017227072385139763,0.00017227072385139763,0.00017227072385139763,544
2014-11-05,0.00017227072385139763,0.00017227072385139763,0.00017227072385139763,0.00017227072385139763,4
2014-11-06,0.00017227072385139763,0.00017227072385139763,0.00017227072385139763,0.00017227072385139763,262
2014-11-07,0.00017227072385139763,0.00017227072385139763,0.00017227072385139763,0.00017227072385139763,262
2014-11-10,0.00017227072385139763,0.00017227072385139763,0.00017227072385139763,0.00017227072385139763,0
2014-11-11,0.00017227072385139763,0.00017227072385139763,0.00017227072385139763,0.00017227072385139763,46
2014-11-12,0.00015908673231024295,0.00015908673231024295,0.00015908673231024295,0.00015908673231024295,971
2014-11-13,0.00015908673231024295,0.00015908673231024295,0.00015908673231024295,0.00015908673231024295,6202
2014-11-14,0.00016084458911791444,0.00016084458911791444,0.00016084458911791444,0.00016084458911791444,29090
2014-11-17,0.00016084458911791444,0.00016084458911791444,0.00016084458911791444,0.00016084458911791444,0
2014-11-18,0.00016611818864475936,0.00016611818864475936,0.00016611818864475936,0.00016611818864475936,774
2014-11-19,0.00016084458911791444,0.00016084458911791444,0.00016084458911791444,0.00016084458911791444,11964
2014-11-20,0.00015732886095065624,0.00015732886095065624,0.00015732886095065624,0.00015732886095065624,10176
2014-11-21,0.00016260244592558593,0.00016260244592558593,0.00016260244592558593,0.00016260244592558593,2674
2014-11-24,0.00016260244592558593,0.00016260244592558593,0.00016260244592558593,0.00016260244592558593,0
2014-11-25,0.00016260244592558593,0.00016260244592558593,0.00016260244592558593,0.00016260244592558593,26082
2014-11-26,0.00016787604545243084,0.00016787604545243084,0.00016787604545243084,0.00016787604545243084,5841
2014-11-27,0.00016787604545243084,0.00016787604545243084,0.00016787604545243084,0.00016787604545243084,178
2014-11-28,0.00016436033183708787,0.00016436033183708787,0.00016436033183708787,0.00016436033183708787,2862
2014-12-01,0.00016436033183708787,0.00016436033183708787,0.00016436033183708787,0.00016436033183708787,0
2014-12-02,0.00016260244592558593,0.00016260244592558593,0.00016260244592558593,0.00016260244592558593,1595
2014-12-03,0.00015908673231024295,0.00015908673231024295,0.00015908673231024295,0.00015908673231024295,3171
2014-12-04,0.00015908673231024295,0.00015908673231024295,0.00015908673231024295,0.00015908673231024295,37
2014-12-05,0.00015908673231024295,0.00015908673231024295,0.00015908673231024295,0.00015908673231024295,37
2014-12-09,0.00015908673231024295,0.00015908673231024295,0.00015908673231024295,0.00015908673231024295,0
2014-12-10,0.00017227072385139763,0.00017227072385139763,0.00017227072385139763,0.00017227072385139763,4701
2014-12-11,0.00017227072385139763,0.00017227072385139763,0.00017227072385139763,0.00017227072385139763,15080
2014-12-12,0.00018721255764830858,0.00018721255764830858,0.00018721255764830858,0.00018721255764830858,3706
2014-12-15,0.00018721255764830858,0.00018721255764830858,0.00018721255764830858,0.00018721255764830858,0
2014-12-16,0.00018721255764830858,0.00018721255764830858,0.00018721255764830858,0.00018721255764830858,7544
2014-12-17,0.0001960018853424117,0.0001960018853424117,0.0001960018853424117,0.0001960018853424117,14
2014-12-18,0.0001960018853424117,0.0001960018853424117,0.0001960018853424117,0.00018721257276537427,14
2014-12-19,0.0001960018853424117,0.0001960018853424117,0.0001960018853424117,0.00018721257276537427,14
2014-12-22,0.0001960018853424117,0.0001960018853424117,0.0001960018853424117,0.0001960018853424117,0
2014-12-23,0.00019248614262323827,0.0001960018725404811,0.00018721256053752064,0.0001960018725404811,253
2014-12-26,0.00019248614262323827,0.00019248614262323827,0.00019248614262323827,0.00019248614262323827,0
2014-12-29,0.00019248614262323827,0.00019248614262323827,0.00019248614262323827,0.00019248614262323827,0
2014-12-30,0.0001960018853424117,0.0001960018853424117,0.0001960018853424117,0.0001960018853424117,14
2015-01-02,0.00020567013416439295,0.00020567013416439295,0.00020567013416439295,0.00020567013416439295,0
2015-01-06,0.00021094373369123787,0.00021094373369123787,0.00021094373369123787,0.00021094373369123787,23
2015-01-07,0.00020567013416439295,0.00020567013416439295,0.00020567013416439295,0.00020567013416439295,2158
2015-01-08,0.00020567013416439295,0.00020567013416439295,0.00020567013416439295,0.00020567013416439295,3739
2015-01-09,0.00020567013416439295,0.00020567013416439295,0.00020567013416439295,0.00020567013416439295,0
2015-01-12,0.00020567013416439295,0.00020567013416439295,0.00020567013416439295,0.00020567013416439295,140
2015-01-13,0.00020567013416439295,0.00020567013416439295,0.00020567013416439295,0.00020567013416439295,1004
2015-01-14,0.00020567013416439295,0.00020567013416439295,0.00020567013416439295,0.00020567013416439295,4025
2015-01-15,0.00020567013416439295,0.00020567013416439295,0.00020567013416439295,0.00020567013416439295,16084
2015-01-16,0.00020567013416439295,0.00020567013416439295,0.00020567013416439295,0.00020567013416439295,0
2015-01-19,0.00020567013416439295,0.00020567013416439295,0.00020567013416439295,0.00020567013416439295,4222
2015-01-20,0.00020567013416439295,0.00020567013416439295,0.00020567013416439295,0.00020567013416439295,957
2015-01-21,0.00020567013416439295,0.00020567013416439295,0.00020567013416439295,0.00020567013416439295,1445
2015-01-22,0.00020567013416439295,0.00020567013416439295,0.00020567013416439295,0.00020567013416439295,0
2015-01-23,0.00020567013416439295,0.00020567013416439295,0.00020391226922323802,0.00020567013416439295,1445
2015-01-26,0.00018721255764830858,0.00018721255764830858,0.00018721255764830858,0.00018721255764830858,333
2015-01-27,0.00020567013416439295,0.00020567013416439295,0.00020567013416439295,0.00020567013416439295,422
2015-01-28,0.00020567013416439295,0.00020567013416439295,0.00020567013416439295,0.00020567013416439295,483
2015-01-29,0.00020567013416439295,0.00020567013416439295,0.00020567013416439295,0.00020567013416439295,483
2015-01-30,0.00020567013416439295,0.00020567013416439295,0.00020567013416439295,0.00020567013416439295,0
2015-02-02,0.0002039122919086367,0.0002039122919086367,0.0002039122919086367,0.00020567015704535545,18
2015-02-03,0.00018721255764830858,0.00018721255764830858,0.00018721255764830858,0.00018721255764830858,605
2015-02-04,0.00018721255764830858,0.00018721255764830858,0.00018721255764830858,0.00020391226810241556,605
2015-02-05,0.00018721255764830858,0.00018721255764830858,0.00018721255764830858,0.00018721255764830858,2707
2015-02-06,0.00018721255764830858,0.00018721255764830858,0.00018721255764830858,0.00018721255764830858,0
2015-02-09,0.00018721255764830858,0.00018721255764830858,0.00018721255764830858,0.00018721255764830858,1384
2015-02-10,0.00016787604545243084,0.00016787604545243084,0.00016787604545243084,0.0001872125599350381,1384
2015-02-11,0.00017578642291482538,0.00017578642291482538,0.00017578642291482538,0.00017578642291482538,3012
2015-02-12,0.00017402858065906912,0.00017402858065906912,0.00017402858065906912,0.00017402858065906912,868
2015-02-13,0.00017402858065906912,0.00017402858065906912,0.00017402858065906912,0.00017402858065906912,0
2015-02-18,0.0001696339313639328,0.0001696339313639328,0.0001696339313639328,0.0001696339313639328,267
2015-02-19,0.0001696339313639328,0.00017227072272408566,0.0001696339313639328,0.0001678760661937815,267
2015-02-20,0.0001696339313639328,0.0001696339313639328,0.0001696339313639328,0.0001696339313639328,0
2015-02-23,0.00015908673231024295,0.00016787605771719912,0.00015908673231024295,0.00016963392279859034,1886
2015-02-24,0.00015908673231024295,0.00016787605771719912,0.00015908673231024295,0.00016963392279859034,1886
2015-02-25,0.00016436033183708787,0.00016436033183708787,0.00016436033183708787,0.00016436033183708787,2397
2015-02-26,0.00015908673231024295,0.00015908673231024295,0.00015908673231024295,0.00015908673231024295,3753
2015-02-27,0.00015908673231024295,0.00015908673231024295,0.00015908673231024295,0.00015908673231024295,0
2015-03-02,0.00016787604545243084,0.00016787604545243084,0.00016787604545243084,0.00016787604545243084,300
2015-03-03,0.00016787604545243084,0.00016787604545243084,0.00016787604545243084,0.00016787604545243084,300
2015-03-04,0.00018721255764830858,0.00018721255764830858,0.00018721255764830858,0.00018721255764830858,51
2015-03-05,0.00019775974215008318,0.00019775974215008318,0.00019775974215008318,0.00019775974215008318,10087
2015-03-06,0.00019775974215008318,0.00019775974215008318,0.00019775974215008318,0.00019775974215008318,0
2015-03-09,0.0002241276961285621,0.0002241276961285621,0.0002241276961285621,0.0002241276961285621,2205
2015-03-10,0.00021533839753828943,0.00021533839753828943,0.00021533839753828943,0.00021533839753828943,6418
2015-03-11,0.00021533839753828943,0.00021533839753828943,0.00021533839753828943,0.00021533839753828943,586
2015-03-12,0.00022236986842472106,0.00022236986842472106,0.00022236986842472106,0.00022236986842472106,1914
2015-03-13,0.00022236986842472106,0.00022236986842472106,0.00022236986842472106,0.00022236986842472106,0
2015-03-16,0.00022236986842472106,0.00022236986842472106,0.00022236986842472106,0.00022236986842472106,375
2015-03-17,0.00022236986842472106,0.00022236986842472106,0.00022236986842472106,0.00022236986842472106,9384
2015-03-18,0.0002241276961285621,0.0002241276961285621,0.0002241276961285621,0.0002241276961285621,7572
2015-03-20,0.0002241276961285621,0.0002241276961285621,0.00022236984398330058,0.00022236984398330058,7572
2015-03-23,0.0002241276961285621,0.0002241276961285621,0.00022236984398330058,0.00022236984398330058,7572
2015-03-24,0.0002241276961285621,0.0002241276961285621,0.00022236984398330058,0.00022236984398330058,7572
2015-03-25,0.0002522535505704582,0.0002522535505704582,0.0002522535505704582,0.0002522535505704582,351
2015-03-26,0.00025049567921087146,0.00025049567921087146,0.00025049567921087146,0.00025049567921087146,506
2015-03-27,0.00025049567921087146,0.00025049567921087146,0.00025049567921087146,0.00025049567921087146,0
2015-03-30,0.0002434642519801855,0.0002434642519801855,0.0002434642519801855,0.0002434642519801855,187
2015-03-31,0.0002522535505704582,0.0002522535505704582,0.0002522535505704582,0.0002522535505704582,290
2015-04-01,0.00029004766838625073,0.00029004766838625073,0.00029004766838625073,0.00029004766838625073,5161
2015-04-06,0.00029004766838625073,0.00029004766838625073,0.0002803794161840819,0.00024346425978475711,5161
2015-04-07,0.00026543752755969763,0.00026543752755969763,0.00026543752755969763,0.00026543752755969763,5320
2015-04-08,0.0002715900482144207,0.0002715900482144207,0.0002715900482144207,0.0002715900482144207,5531
2015-04-09,0.0002715900482144207,0.0002715900482144207,0.00026192179705109367,0.0002654375270723302,5531
2015-04-10,0.0002715900482144207,0.0002715900482144207,0.0002715900482144207,0.0002715900482144207,0
2015-04-13,0.00029004766838625073,0.00029004766838625073,0.00029004766838625073,0.00029004766838625073,4757
2015-04-14,0.00028037940501235425,0.00028037940501235425,0.00028037940501235425,0.00028037940501235425,10435
2015-04-15,0.00028037940501235425,0.00028037940501235425,0.00028037940501235425,0.00028037940501235425,10655
2015-04-16,0.00029004766838625073,0.00029004766838625073,0.00029004766838625073,0.00029004766838625073,2927
2015-04-17,0.00029004766838625073,0.00029004766838625073,0.00029004766838625073,0.00029004766838625073,0
2015-04-20,0.0003085052012465894,0.0003085052012465894,0.0003085052012465894,0.0003085052012465894,4532
2015-04-21,0.0003085052012465894,0.0003085052012465894,0.0002671953798118811,0.00026895325761606135,4532
2015-04-22,0.0003085052012465894,0.0003085052012465894,0.0002671953798118811,0.00026895325761606135,4532
2015-04-23,0.0003085052012465894,0.0003085052012465894,0.0003085052012465894,0.0003085052012465894,112
2015-04-24,0.0003085052012465894,0.0003085052012465894,0.0003085052012465894,0.0003085052012465894,0
2015-04-27,0.0003085052012465894,0.0003085052012465894,0.0003085052012465894,0.0003085052012465894,112
2015-04-28,0.00029004766838625073,0.00029004766838625073,0.00029004766838625073,0.00029004766838625073,1923
2015-04-29,0.0003032316453754902,0.0003032316453754902,0.0003032316453754902,0.0003032316453754902,9717
2015-04-30,0.00029971590265631676,0.00029971590265631676,0.00029971590265631676,0.00029971590265631676,389
2015-05-04,0.00029004766838625073,0.00029004766838625073,0.00029004766838625073,0.00029004766838625073,1839
2015-05-05,0.00028037940501235425,0.00028037940501235425,0.00028037940501235425,0.00028037940501235425,6127
2015-05-06,0.00029004766838625073,0.00029004766838625073,0.00029004766838625073,0.00029004766838625073,1567
2015-05-07,0.00029004766838625073,0.00029004766838625073,0.00029004766838625073,0.0002803794161840819,1567
2015-05-08,0.00029004766838625073,0.00029004766838625073,0.00029004766838625073,0.00029004766838625073,0
2015-05-11,0.00029004766838625073,0.00029004766838625073,0.00029004766838625073,0.00029004766838625073,150
2015-05-12,0.00026895327027887106,0.00026895327027887106,0.00026895327027887106,0.00026895327027887106,839
2015-05-13,0.00026895327027887106,0.00026895327027887106,0.00026895327027887106,0.00026895327027887106,25923
2015-05-14,0.00026895327027887106,0.00026895327027887106,0.00026895327027887106,0.00026895327027887106,25923
2015-05-15,0.00026895327027887106,0.00026895327027887106,0.00026895327027887106,0.00026895327027887106,0
2015-05-19,0.0002715900482144207,0.0002715900482144207,0.0002715900482144207,0.0002715900482144207,666
2015-05-20,0.00028653189656324685,0.00028653189656324685,0.00028653189656324685,0.00028653189656324685,5090
2015-05-21,0.000326962792314589,0.000326962792314589,0.000326962792314589,0.000326962792314589,9473
2015-05-22,0.000326962792314589,0.000326962792314589,0.000326962792314589,0.000326962792314589,0
2015-05-25,0.000326962792314589,0.000326962792314589,0.000326962792314589,0.000326962792314589,0
2015-05-26,0.0005581219447776675,0.0005581219447776675,0.0005581219447776675,0.0005581219447776675,17440
2015-05-27,0.00046759191900491714,0.00046759191900491714,0.00046759191900491714,0.00046759191900491714,3101
2015-05-28,0.0005150542128831148,0.0005150542128831148,0.0005150542128831148,0.0005150542128831148,403
2015-05-29,0.0005150542128831148,0.0005150542128831148,0.0005150542128831148,0.0005150542128831148,0
2015-06-01,0.0005053860368207097,0.0005053860368207097,0.0005053860368207097,0.0005053860368207097,4997
2015-06-02,0.0006178892799653113,0.0006178892799653113,0.0006178892799653113,0.0006178892799653113,4044
2015-06-03,0.0006178892799653113,0.0006178892799653113,0.0006178892799653113,0.0006178892799653113,37
2015-06-04,0.0006178892799653113,0.0006178892799653113,0.0006178892799653113,0.0006178892799653113,609
2015-06-05,0.0006178892799653113,0.0006178892799653113,0.0006178892799653113,0.0006178892799653113,0
2015-06-09,0.0007488502305932343,0.0007488502305932343,0.0007488502305932343,0.0007488502305932343,2336
2015-06-10,0.0008200437878258526,0.0008200437878258526,0.0008200437878258526,0.0008200437878258526,4940
2015-06-11,0.0007954336469992995,0.0007954336469992995,0.0007954336469992995,0.0007954336469992995,3096
2015-06-12,0.0007954336469992995,0.0007954336469992995,0.0007954336469992995,0.0007954336469992995,0
2015-06-15,0.0008147701737470925,0.0008235594604677529,0.0008147701737470925,0.0007954336713368163,23
2015-06-16,0.0007673078798688948,0.0007673078798688948,0.0007673078798688948,0.0007673078798688948,84
2015-06-17,0.0006266786949709058,0.0006266786949709058,0.0006266786949709058,0.0006266786949709058,333
2015-06-18,0.0007488502305932343,0.0007488502305932343,0.000626678649829861,0.0007673077931886875,333
2015-06-19,0.0007488502305932343,0.0007488502305932343,0.0007488502305932343,0.0007488502305932343,0
2015-06-22,0.0006548045203089714,0.0006548045203089714,0.0006548045203089714,0.0006548045203089714,206
2015-06-23,0.0006548045203089714,0.0006548045203089714,0.0006548045203089714,0.0006477730602439379,206
2015-06-25,0.0007488502305932343,0.0007488502305932343,0.0007488502305932343,0.0007488502305932343,51
2015-06-26,0.0007488502305932343,0.0007488502305932343,0.0007488502305932343,0.0007488502305932343,0
2015-06-30,0.0006890828954055905,0.0006890828954055905,0.0006890828954055905,0.0006890828954055905,1726
2015-07-01,0.0006890828954055905,0.0006890828954055905,0.0006890828954055905,0.0006890828954055905,680
2015-07-02,0.0007303926977328956,0.0007303926977328956,0.0007303926977328956,0.0007303926977328956,492
2015-07-03,0.0007303926977328956,0.0007303926977328956,0.0007303926977328956,0.0007303926977328956,0
2015-07-06,0.0007488502305932343,0.0007488502305932343,0.0007488502305932343,0.0007488502305932343,2289
2015-07-07,0.0007391819963231683,0.0007391819963231683,0.0007391819963231683,0.0007391819963231683,32
2015-07-08,0.0007585185230709612,0.0007585185230709612,0.0007585185230709612,0.0007585185230709612,2538
2015-07-09,0.0007673078798688948,0.0007673078798688948,0.0007673078798688948,0.0007673078798688948,4621
2015-07-10,0.0007673078798688948,0.0007673078798688948,0.0007673078798688948,0.0007673078798688948,0
2015-07-13,0.0008235594723373652,0.0008235594723373652,0.0008235594723373652,0.0008235594723373652,5513
2015-07-14,0.0008051018812693655,0.0008051018812693655,0.0008051018812693655,0.0008051018812693655,2111
2015-07-15,0.0008147701737470925,0.0008147701737470925,0.0008147701737470925,0.0008147701737470925,56
2015-07-16,0.0007866444066166878,0.0007866444066166878,0.0007866444066166878,0.0007866444066166878,93
2015-07-17,0.0007866444066166878,0.0007866444066166878,0.0007866444066166878,0.0007866444066166878,0
2015-07-20,0.0007866444066166878,0.0007866444066166878,0.0007866444066166878,0.0007866444066166878,89
2015-07-21,0.0007769761141389608,0.0007769761141389608,0.0007769761141389608,0.0007769761141389608,647
2015-07-22,0.0007787339272908866,0.0007787339272908866,0.0007787339272908866,0.0007787339272908866,9
2015-07-23,0.0007769761141389608,0.0007769761141389608,0.0007769761141389608,0.0007769761141389608,2514
2015-07-27,0.0007673078798688948,0.0007673078798688948,0.0007673078798688948,0.0007673078798688948,933
2015-07-28,0.0007673078798688948,0.0007673078798688948,0.0007673078798688948,0.0007673078798688948,553
2015-07-29,0.0007673078798688948,0.0007673078798688948,0.0007673078798688948,0.0007585185414283829,553
2015-07-30,0.0007673078798688948,0.0007673078798688948,0.0007673078798688948,0.0007673078798688948,5316
2015-07-31,0.0007673078798688948,0.0007673078798688948,0.0007673078798688948,0.0007673078798688948,0
2015-08-03,0.0007866444066166878,0.0007866444066166878,0.0007866444066166878,0.0007866444066166878,145
2015-08-04,0.0007673078798688948,0.0007673078798688948,0.0007673078798688948,0.0007673078798688948,947
2015-08-05,0.0007673078798688948,0.0007673078798688948,0.0007673078798688948,0.0007673078798688948,844
2015-08-06,0.000782249728217721,0.000782249728217721,0.000782249728217721,0.000782249728217721,502
2015-08-07,0.000782249728217721,0.000782249728217721,0.000782249728217721,0.000782249728217721,0
2015-08-10,0.000782249728217721,0.000782249728217721,0.000782249728217721,0.000782249728217721,938
2015-08-11,0.0007971915183588862,0.0007971915183588862,0.0007971915183588862,0.0007971915183588862,412
2015-08-12,0.0007866444066166878,0.0007866444066166878,0.0007866444066166878,0.0007866444066166878,187
2015-08-13,0.0007866444066166878,0.0007866444066166878,0.0007866444066166878,0.0007866444066166878,1196
2015-08-14,0.0007866444066166878,0.0007866444066166878,0.0007866444066166878,0.0007866444066166878,0
2015-08-17,0.0007866444066166878,0.0007866444066166878,0.0007866444066166878,0.0007866444066166878,1271
2015-08-18,0.0007488502305932343,0.0007866442946449603,0.0007488502305932343,0.0007866442946449603,1271
2015-08-19,0.0007673078798688948,0.0007673078798688948,0.0007673078798688948,0.0007673078798688948,1290
2015-08-20,0.0007866444066166878,0.0007866444066166878,0.0007866444066166878,0.0007866444066166878,422
2015-08-21,0.0007866444066166878,0.0007866444066166878,0.0007866444066166878,0.0007866444066166878,0
2015-08-24,0.0007488502305932343,0.0007488502305932343,0.0007488502305932343,0.0007488502305932343,1576
2015-08-25,0.0007488502305932343,0.0007673077931886875,0.0007488502305932343,0.0007673077931886875,1576
2015-08-26,0.0007488502305932343,0.0007488502305932343,0.0007488502305932343,0.0007488502305932343,539
2015-08-27,0.0007470924174413085,0.0007470924174413085,0.0007470924174413085,0.0007470924174413085,1248
2015-08-28,0.0007470924174413085,0.0007470924174413085,0.0007470924174413085,0.0007470924174413085,0
2015-08-31,0.0007391819963231683,0.0007391819963231683,0.0007391819963231683,0.0007391819963231683,281
2015-09-01,0.0007488502305932343,0.0007488502305932343,0.0007488502305932343,0.0007488502305932343,258
2015-09-02,0.0007391819963231683,0.0007391819963231683,0.0007391819963231683,0.0007391819963231683,117
2015-09-03,0.0007585185230709612,0.0007585185230709612,0.0007585185230709612,0.0007585185230709612,243
2015-09-04,0.0007585185230709612,0.0007585185230709612,0.0007585185230709612,0.0007585185230709612,0
2015-09-07,0.0007585185230709612,0.0007585185230709612,0.0007585185230709612,0.0007585185230709612,0
2015-09-08,0.0007541238446719944,0.0007541238446719944,0.0007541238446719944,0.0007541238446719944,314
2015-09-09,0.0007488502305932343,0.0007488502305932343,0.0007488502305932343,0.0007488502305932343,417
2015-09-10,0.0007488502305932343,0.0007488502305932343,0.0007488502305932343,0.0007488502305932343,187
2015-09-11,0.0007488502305932343,0.0007488502305932343,0.0007488502305932343,0.0007488502305932343,0
2015-09-14,0.0007488502305932343,0.0007488502305932343,0.0007488502305932343,0.0007488502305932343,0
2015-09-15,0.0007488502305932343,0.0007488502305932343,0.0007488502305932343,0.0007488502305932343,0
2015-09-16,0.0007488502305932343,0.0007488502305932343,0.0007488502305932343,0.0007488502305932343,0
2015-09-17,0.0007488502305932343,0.0007488502305932343,0.0007488502305932343,0.0007488502305932343,0
2015-09-18,0.0007488502305932343,0.0007488502305932343,0.0007488502305932343,0.0007488502305932343,0
2015-09-21,0.0007488502305932343,0.0007488502305932343,0.0007488502305932343,0.0007488502305932343,0
2015-09-22,0.0007488502305932343,0.0007488502305932343,0.0007488502305932343,0.0007488502305932343,0
2015-09-23,0.0007488502305932343,0.0007488502305932343,0.0007488502305932343,0.0007488502305932343,0
2015-09-24,0.0007488502305932343,0.0007488502305932343,0.0007488502305932343,0.0007488502305932343,0
2015-09-25,0.0007488502305932343,0.0007488502305932343,0.0007488502305932343,0.0007488502305932343,0
2015-09-28,0.0007488502305932343,0.0007488502305932343,0.0007488502305932343,0.0007488502305932343,0
2015-09-29,0.0007488502305932343,0.0007488502305932343,0.0007488502305932343,0.0007488502305932343,0
2015-09-30,0.0007488502305932343,0.0007488502305932343,0.0007488502305932343,0.0007488502305932343,0
2015-10-01,0.0007488502305932343,0.0007488502305932343,0.0007488502305932343,0.0007488502305932343,0
2015-10-02,0.0007488502305932343,0.0007488502305932343,0.0007488502305932343,0.0007488502305932343,0
2015-10-05,0.0007488502305932343,0.0007488502305932343,0.0007488502305932343,0.0007488502305932343,0
2015-10-06,0.0007488502305932343,0.0007488502305932343,0.0007488502305932343,0.0007488502305932343,0
2015-10-07,0.0007488502305932343,0.0007488502305932343,0.0007488502305932343,0.0007488502305932343,0
2015-10-08,0.0007488502305932343,0.0007488502305932343,0.0007488502305932343,0.0007488502305932343,0
2015-10-09,0.0007488502305932343,0.0007488502305932343,0.0007488502305932343,0.0007488502305932343,0
2015-10-13,0.0005800953367725015,0.0005800953367725015,0.0005800953367725015,0.0005800953367725015,267
2015-10-14,0.0005800953367725015,0.0005800953367725015,0.0005800953367725015,0.0005800953367725015,0
2015-10-15,0.0005800953367725015,0.0005800953367725015,0.0005800953367725015,0.0005800953367725015,1520
2015-10-16,0.0005800953367725015,0.0005800953367725015,0.0005800953367725015,0.0005800953367725015,0
2015-10-19,0.0006363469292409718,0.0006363469292409718,0.0006363469292409718,0.0006363469292409718,1248
2015-10-20,0.0006363469292409718,0.0006363469292409718,0.0006363469292409718,0.0006363469292409718,0
2015-10-21,0.0006363469292409718,0.0006363469292409718,0.0006363469292409718,0.0006363469292409718,0
2015-10-22,0.0005818530917167664,0.0005818530917167664,0.0005818530917167664,0.0005818530917167664,262
2015-10-23,0.0005818530917167664,0.0005818530917167664,0.0005818530917167664,0.0005818530917167664,0
2015-10-26,0.0005818530917167664,0.0005818530917167664,0.0005818530917167664,0.0005818530917167664,0
2015-10-27,0.0005335119203664362,0.0005335119203664362,0.0005335119203664362,0.0005335119203664362,2533
2015-10-28,0.000529996061231941,0.000529996061231941,0.000529996061231941,0.000529996061231941,4781
2015-10-29,0.0005150542128831148,0.0005150542128831148,0.0005150542128831148,0.0005150542128831148,938
2015-10-30,0.0004113402683287859,0.0004113402683287859,0.0004113402683287859,0.0004113402683287859,23
2015-11-02,0.0004113402683287859,0.0004113402683287859,0.0004113402683287859,0.0004113402683287859,0
2015-11-03,0.00043946615187451243,0.00043946615187451243,0.00043946615187451243,0.00043946615187451243,563
2015-11-04,0.00046759191900491714,0.00046759191900491714,0.00046759191900491714,0.00046759191900491714,150
2015-11-05,0.0005335119203664362,0.0005335119203664362,0.0005335119203664362,0.0005335119203664362,1126
2015-11-06,0.0005335119203664362,0.0005335119203664362,0.0005335119203664362,0.0005335119203664362,1393
2015-11-09,0.0005335119203664362,0.0005335119203664362,0.0005335119203664362,0.0005335119203664362,0
2015-11-10,0.00056163762928918,0.00056163762928918,0.00056163762928918,0.00056163762928918,1745
2015-11-11,0.00056163762928918,0.00056163762928918,0.00056163762928918,0.00056163762928918,2618
2015-11-12,0.0005994318053126335,0.0005994318053126335,0.0005994318053126335,0.0005994318053126335,1670
2015-11-13,0.0005994318053126335,0.0005994318053126335,0.0005994318053126335,0.0005994318053126335,4692
2015-11-16,0.0005994318053126335,0.0005994318053126335,0.0005994318053126335,0.0005994318053126335,0
2015-11-17,0.000571305921766907,0.000571305921766907,0.000571305921766907,0.000571305921766907,487
2015-11-18,0.000571305921766907,0.000571305921766907,0.000571305921766907,0.000571305921766907,4645
2015-11-19,0.000571305921766907,0.000571305921766907,0.000571305921766907,0.000571305921766907,2350
2015-11-20,0.0005800953367725015,0.0005800953367725015,0.0005800953367725015,0.0005800953367725015,600
2015-11-23,0.0005800953367725015,0.0005800953367725015,0.0005800953367725015,0.0005800953367725015,0
2015-11-24,0.0006266786949709058,0.0006266786949709058,0.0006266786949709058,0.0006266786949709058,46
2015-11-25,0.0006266786949709058,0.0006266786949709058,0.0006266786949709058,0.0006266786949709058,1238
2015-11-26,0.0006178892799653113,0.0006178892799653113,0.0006178892799653113,0.0006178892799653113,469
2015-11-27,0.0006178892799653113,0.0006178892799653113,0.0006178892799653113,0.0006178892799653113,150
2015-11-30,0.0006178892799653113,0.0006178892799653113,0.0006178892799653113,0.0006178892799653113,0
2015-12-01,0.0006178892799653113,0.0006178892799653113,0.0006178892799653113,0.0006178892799653113,164
2015-12-02,0.0006178892799653113,0.0006178892799653113,0.0006178892799653113,0.0006178892799653113,1370
2015-12-03,0.0006266786949709058,0.0006266786949709058,0.0006266786949709058,0.0006266786949709058,1895
2015-12-04,0.0006266786949709058,0.0006266786949709058,0.0006266786949709058,0.0006266786949709058,4809
2015-12-08,0.0006266786949709058,0.0006266786949709058,0.0006266786949709058,0.0006266786949709058,0
2015-12-09,0.0006266786949709058,0.0006266786949709058,0.0006266786949709058,0.0006266786949709058,0
2015-12-10,0.0007866444066166878,0.0007866444066166878,0.0007866444066166878,0.0007866444066166878,4462
2015-12-11,0.0008051018812693655,0.0008051018812693655,0.0008051018812693655,0.0008051018812693655,7652
2015-12-14,0.0008051018812693655,0.0008051018812693655,0.0008051018812693655,0.0008051018812693655,0
2015-12-15,0.0007488502305932343,0.0007488502305932343,0.0007488502305932343,0.0007488502305932343,2730
2015-12-16,0.0007585185230709612,0.0007585185230709612,0.0007585185230709612,0.0007585185230709612,46
2015-12-17,0.0007673078798688948,0.0007673078798688948,0.0007673078798688948,0.0007673078798688948,3101
2015-12-18,0.0007585185230709612,0.0007585185230709612,0.0007585185230709612,0.0007585185230709612,46
2015-12-21,0.0007585185230709612,0.0007585185230709612,0.0007585185230709612,0.0007585185230709612,0
2015-12-22,0.0007488502305932343,0.0007488502305932343,0.0007488502305932343,0.0007488502305932343,633
2015-12-23,0.0007866444066166878,0.0007866444066166878,0.0007866444066166878,0.0007866444066166878,6226
2015-12-28,0.0007769761141389608,0.0007769761141389608,0.0007769761141389608,0.0007769761141389608,0
2015-12-29,0.0007769761141389608,0.0007769761141389608,0.0007769761141389608,0.0007769761141389608,1126
2015-12-30,0.0007769761141389608,0.0007769761141389608,0.0007769761141389608,0.0007769761141389608,0
2016-01-04,0.0007866444066166878,0.0007866444066166878,0.0007866444066166878,0.0007866444066166878,0
2016-01-05,0.0007866444066166878,0.0007866444066166878,0.0007866444066166878,0.0007866444066166878,821
2016-01-06,0.0007866444066166878,0.0007866444066166878,0.0007866444066166878,0.0007866444066166878,93
2016-01-07,0.0007866444066166878,0.0007866444066166878,0.0007866444066166878,0.0007866444066166878,0
2016-01-08,0.0007866444066166878,0.0007866444066166878,0.0007866444066166878,0.0007866444066166878,0
2016-01-12,0.0007866444066166878,0.0007866444066166878,0.0007866444066166878,0.0007866444066166878,0
2016-01-13,0.0007866444066166878,0.0007866444066166878,0.0007866444066166878,0.0007866444066166878,497
2016-01-14,0.0007866444066166878,0.0007866444066166878,0.0007866444066166878,0.0007866444066166878,1126
2016-01-15,0.0007866444066166878,0.0007866444066166878,0.0007866444066166878,0.0007866444066166878,37
2016-01-18,0.0007866444066166878,0.0007866444066166878,0.0007866444066166878,0.0007866444066166878,0
2016-01-19,0.0006548045203089714,0.0006548045203089714,0.0006548045203089714,0.0006548045203089714,281
2016-01-20,0.0007673078798688948,0.0007673078798688948,0.0007673078798688948,0.0007673078798688948,25210
2016-01-21,0.0007673078798688948,0.0007673078798688948,0.0007673078798688948,0.0007673078798688948,1806
2016-01-22,0.0007673078798688948,0.0007673078798688948,0.0007673078798688948,0.0007673078798688948,1876
2016-01-25,0.0007673078798688948,0.0007673078798688948,0.0007673078798688948,0.0007673078798688948,0
2016-01-26,0.0007673078798688948,0.0007673078798688948,0.0007673078798688948,0.0007673078798688948,0
2016-01-27,0.0007110561709851027,0.0007110561709851027,0.0007110561709851027,0.0007110561709851027,2411
2016-01-28,0.0007488502305932343,0.0007488502305932343,0.0007488502305932343,0.0007488502305932343,938
2016-01-29,0.0007110561709851027,0.0007110561709851027,0.0007110561709851027,0.0007110561709851027,253
2016-02-01,0.0007110561709851027,0.0007110561709851027,0.0007110561709851027,0.0007110561709851027,0
2016-02-02,0.0007488502305932343,0.0007488502305932343,0.0007488502305932343,0.0007488502305932343,10134
2016-02-03,0.0007110561709851027,0.0007110561709851027,0.0007110561709851027,0.0007110561709851027,234
2016-02-04,0.0007110561709851027,0.0007110561709851027,0.0007110561709851027,0.0007110561709851027,0
2016-02-05,0.0007488502305932343,0.0007488502305932343,0.0007488502305932343,0.0007488502305932343,22066
2016-02-10,0.0007488502305932343,0.0007488502305932343,0.0007488502305932343,0.0007488502305932343,0
2016-02-11,0.0007488502305932343,0.0007488502305932343,0.0007488502305932343,0.0007488502305932343,1876
2016-02-12,0.0007488502305932343,0.0007488502305932343,0.0007488502305932343,0.0007488502305932343,2711
2016-02-15,0.0007488502305932343,0.0007488502305932343,0.0007488502305932343,0.0007488502305932343,0
2016-02-16,0.0007488502305932343,0.0007488502305932343,0.0007488502305932343,0.0007488502305932343,731
2016-02-17,0.0008051018812693655,0.0008051018812693655,0.0008051018812693655,0.0008051018812693655,6564
2016-02-18,0.0008051018812693655,0.0008051018812693655,0.0008051018812693655,0.0008051018812693655,4082
2016-02-19,0.0008051018812693655,0.0008051018812693655,0.0008051018812693655,0.0008051018812693655,938
2016-02-22,0.0008147701737470925,0.0008147701737470925,0.0008147701737470925,0.0008147701737470925,23
2016-02-23,0.0008235594723373652,0.0008235594723373652,0.0008235594723373652,0.0008235594723373652,3068
2016-02-24,0.0008147701737470925,0.0008147701737470925,0.0008147701737470925,0.0008147701737470925,23
2016-02-25,0.0008218016009777784,0.0008218016009777784,0.0008218016009777784,0.0008218016009777784,1041
2016-02-26,0.0008147701737470925,0.0008147701737470925,0.0008147701737470925,0.0008147701737470925,1689
2016-02-29,0.0008147701737470925,0.0008147701737470925,0.0008147701737470925,0.0008147701737470925,0
2016-03-01,0.0007673078798688948,0.0007673078798688948,0.0007673078798688948,0.0007673078798688948,469
2016-03-02,0.0007673078798688948,0.0007673078798688948,0.0007673078798688948,0.0007673078798688948,2346
2016-03-03,0.0007673078798688948,0.0007673078798688948,0.0007673078798688948,0.0007673078798688948,206
2016-03-04,0.0007673078798688948,0.0007673078798688948,0.0007673078798688948,0.0007673078798688948,2331
2016-03-07,0.0007673078798688948,0.0007673078798688948,0.0007673078798688948,0.0007673078798688948,0
2016-03-08,0.0008033440681174397,0.0008033440681174397,0.0008033440681174397,0.0008033440681174397,9
2016-03-09,0.0007673078798688948,0.0007673078798688948,0.0007673078798688948,0.0007673078798688948,628
2016-03-10,0.0007769761141389608,0.0007769761141389608,0.0007769761141389608,0.0007769761141389608,459
2016-03-11,0.0007673078798688948,0.0007673078798688948,0.0007673078798688948,0.0007673078798688948,70
2016-03-14,0.0007673078798688948,0.0007673078798688948,0.0007673078798688948,0.0007673078798688948,0
2016-03-15,0.0007488502305932343,0.0007488502305932343,0.0007488502305932343,0.0007488502305932343,11087
2016-03-16,0.0007110561709851027,0.0007110561709851027,0.0007110561709851027,0.0007110561709851027,234
2016-03-17,0.0007110561709851027,0.0007110561709851027,0.0007110561709851027,0.0007110561709851027,234
2016-03-18,0.0007303926977328956,0.0007303926977328956,0.0007303926977328956,0.0007303926977328956,281
2016-03-21,0.0007303926977328956,0.0007303926977328956,0.0007303926977328956,0.0007303926977328956,0
2016-03-22,0.0007303926977328956,0.0007303926977328956,0.0007303926977328956,0.0007303926977328956,262
2016-03-23,0.0007303926977328956,0.0007303926977328956,0.0007303926977328956,0.0007303926977328956,0
2016-03-28,0.0007303926977328956,0.0007303926977328956,0.0007303926977328956,0.0007303926977328956,0
2016-03-29,0.0007110561709851027,0.0007110561709851027,0.0007110561709851027,0.0007110561709851027,3354
2016-03-30,0.0007110561709851027,0.0007110561709851027,0.0007110561709851027,0.0007110561709851027,403
2016-03-31,0.0007110561709851027,0.0007110561709851027,0.0007110561709851027,0.0007110561709851027,0
2016-04-01,0.0006741410470567644,0.0006741410470567644,0.0006741410470567644,0.0006741410470567644,117
2016-04-04,0.0006741410470567644,0.0006741410470567644,0.0006741410470567644,0.0006741410470567644,0
2016-04-05,0.0006741410470567644,0.0006741410470567644,0.0006741410470567644,0.0006741410470567644,520
2016-04-06,0.0007110561709851027,0.0007110561709851027,0.0007110561709851027,0.0007110561709851027,581
2016-04-07,0.0007110561709851027,0.0007110561709851027,0.0007110561709851027,0.0007110561709851027,187
2016-04-08,0.0007154508493840694,0.0007154508493840694,0.0007154508493840694,0.0007154508493840694,2402
2016-04-11,0.0007154508493840694,0.0007154508493840694,0.0007154508493840694,0.0007154508493840694,0
2016-04-12,0.000692598579917103,0.000692598579917103,0.000692598579917103,0.000692598579917103,563
2016-04-13,0.000692598579917103,0.000692598579917103,0.000692598579917103,0.000692598579917103,0
2016-04-14,0.0006961143226362765,0.0006961143226362765,0.0006961143226362765,0.0006961143226362765,1407
2016-04-15,0.0006961143226362765,0.0006961143226362765,0.0006961143226362765,0.0006961143226362765,0
2016-04-18,0.0006961143226362765,0.0006961143226362765,0.0006961143226362765,0.0006961143226362765,0
2016-04-20,0.0007488502305932343,0.0007488502305932343,0.0007488502305932343,0.0007488502305932343,0
2016-04-21,0.0007488502305932343,0.0007488502305932343,0.0007488502305932343,0.0007488502305932343,703
2016-04-22,0.0007488502305932343,0.0007488502305932343,0.0007488502305932343,0.0007488502305932343,18
2016-04-25,0.0007488502305932343,0.0007488502305932343,0.0007488502305932343,0.0007488502305932343,0
2016-04-26,0.0007303926977328956,0.0007303926977328956,0.0007303926977328956,0.0007303926977328956,1191
2016-04-27,0.0007303926977328956,0.0007303926977328956,0.0007303926977328956,0.0007303926977328956,8445
2016-04-28,0.0007303926977328956,0.0007303926977328956,0.0007303926977328956,0.0007303926977328956,0
2016-04-29,0.0007242400897666812,0.0007242400897666812,0.0007242400897666812,0.0007242400897666812,1022
2016-05-02,0.0007242400897666812,0.0007242400897666812,0.0007242400897666812,0.0007242400897666812,0
2016-05-03,0.0007303926977328956,0.0007303926977328956,0.0007303926977328956,0.0007303926977328956,98
2016-05-04,0.0007207244634628296,0.0007207244634628296,0.0007207244634628296,0.0007207244634628296,5635
2016-05-05,0.0007242400897666812,0.0007242400897666812,0.0007242400897666812,0.0007242400897666812,9
2016-05-06,0.0007207244634628296,0.0007207244634628296,0.0007207244634628296,0.0007207244634628296,1980
2016-05-10,0.0007207244634628296,0.0007207244634628296,0.0007207244634628296,0.0007207244634628296,0
2016-05-11,0.0007207244634628296,0.0007207244634628296,0.0007207244634628296,0.0007207244634628296,914
2016-05-12,0.0007207244634628296,0.0007207244634628296,0.0007207244634628296,0.0007207244634628296,3519
2016-05-13,0.0007207244634628296,0.0007207244634628296,0.0007207244634628296,0.0007207244634628296,0
2016-05-16,0.0007207244634628296,0.0007207244634628296,0.0007207244634628296,0.0007207244634628296,0
2016-05-17,0.0007207244634628296,0.0007207244634628296,0.0007207244634628296,0.0007207244634628296,4
2016-05-18,0.0005994318053126335,0.0005994318053126335,0.0005994318053126335,0.0005994318053126335,375
2016-05-19,0.0006741410470567644,0.0006741410470567644,0.0006741410470567644,0.0006741410470567644,2055
2016-05-20,0.0007207244634628296,0.0007207244634628296,0.0007207244634628296,0.0007207244634628296,3983
2016-05-23,0.0007207244634628296,0.0007207244634628296,0.0007207244634628296,0.0007207244634628296,0
2016-05-24,0.0007022668141871691,0.0007022668141871691,0.0007022668141871691,0.0007022668141871691,3364
2016-05-25,0.0007022668141871691,0.0007022668141871691,0.0007022668141871691,0.0007022668141871691,140
2016-05-26,0.0007022668141871691,0.0007022668141871691,0.0007022668141871691,0.0007022668141871691,3040
2016-05-27,0.0007022668141871691,0.0007022668141871691,0.0007022668141871691,0.0007022668141871691,4626
2016-05-31,0.0007022668141871691,0.0007022668141871691,0.0007022668141871691,0.0007022668141871691,0
2016-06-01,0.0007022668141871691,0.0007022668141871691,0.0007022668141871691,0.0007022668141871691,1717
2016-06-02,0.000692598579917103,0.000692598579917103,0.000692598579917103,0.000692598579917103,51
2016-06-03,0.0007022668141871691,0.0007022668141871691,0.0007022668141871691,0.0007022668141871691,12283
2016-06-06,0.0007022668141871691,0.0007022668141871691,0.0007022668141871691,0.0007022668141871691,0
2016-06-07,0.0007022668141871691,0.0007022668141871691,0.0007022668141871691,0.0007022668141871691,9
2016-06-08,0.000692598579917103,0.000692598579917103,0.000692598579917103,0.000692598579917103,3659
2016-06-09,0.0006741410470567644,0.0006741410470567644,0.0006741410470567644,0.0006741410470567644,356
2016-06-10,0.0006741410470567644,0.0006741410470567644,0.0006741410470567644,0.0006741410470567644,2580
2016-06-13,0.0006741410470567644,0.0006741410470567644,0.0006741410470567644,0.0006741410470567644,0
2016-06-14,0.0006548045203089714,0.0006548045203089714,0.0006548045203089714,0.0006548045203089714,93
2016-06-15,0.0006548045203089714,0.0006548045203089714,0.0006548045203089714,0.0006548045203089714,1609
2016-06-16,0.0006143736536614597,0.0006143736536614597,0.0006143736536614597,0.0006143736536614597,441
2016-06-17,0.0006082211039029062,0.0006082211039029062,0.0006082211039029062,0.0006082211039029062,234
2016-06-20,0.0006082211039029062,0.0006082211039029062,0.0006082211039029062,0.0006082211039029062,938
2016-06-21,0.0006082211039029062,0.0006082211039029062,0.0006082211039029062,0.0006082211039029062,938
2016-06-22,0.0006082211039029062,0.0006082211039029062,0.0006082211039029062,0.0006082211039029062,0
2016-06-23,0.00056163762928918,0.00056163762928918,0.00056163762928918,0.00056163762928918,182
2016-06-27,0.00056163762928918,0.00056163762928918,0.00056163762928918,0.00056163762928918,1707
2016-06-28,0.0005598798743449152,0.0005598798743449152,0.0005598798743449152,0.0005598798743449152,1374
2016-06-29,0.0005405433475971222,0.0005405433475971222,0.0005405433475971222,0.0005405433475971222,4527
2016-06-30,0.0005431800964288414,0.0005431800964288414,0.0005431800964288414,0.0005431800964288414,333
2016-07-01,0.0005053860368207097,0.0005053860368207097,0.0005053860368207097,0.0005053860368207097,966
2016-07-06,0.00041397707536816597,0.00041397707536816597,0.00041397707536816597,0.00041397707536816597,1426
2016-07-07,0.00041397707536816597,0.00041397707536816597,0.00041397707536816597,0.00041397707536816597,3354
2016-07-08,0.00043946615187451243,0.00043946615187451243,0.00043946615187451243,0.00043946615187451243,4321
2016-07-11,0.000449134357040748,0.000449134357040748,0.000449134357040748,0.000449134357040748,140
2016-07-12,0.0004640761762857437,0.0004640761762857437,0.0004640761762857437,0.0004640761762857437,605
2016-07-13,0.00046759191900491714,0.00046759191900491714,0.00046759191900491714,0.00046759191900491714,2055
2016-07-14,0.00043067679507657886,0.00043067679507657886,0.00043067679507657886,0.00043067679507657886,90753
2016-07-15,0.0004588026204146445,0.0004588026204146445,0.0004588026204146445,0.0004588026204146445,2416
2016-07-18,0.000486928503960371,0.000486928503960371,0.000486928503960371,0.000486928503960371,5217
2016-07-19,0.00046759191900491714,0.00046759191900491714,0.00046759191900491714,0.00046759191900491714,258
2016-07-20,0.000486928503960371,0.000486928503960371,0.000486928503960371,0.000486928503960371,1923
2016-07-21,0.000486928503960371,0.000486928503960371,0.000486928503960371,0.000486928503960371,0
2016-07-22,0.00048517060349695385,0.00048517060349695385,0.00048517060349695385,0.00048517060349695385,375
2016-07-25,0.0004825337673537433,0.0004825337673537433,0.0004825337673537433,0.0004825337673537433,234
2016-07-26,0.0004588026204146445,0.0004588026204146445,0.0004588026204146445,0.0004588026204146445,2369
2016-07-27,0.00046759191900491714,0.00046759191900491714,0.00046759191900491714,0.00046759191900491714,3331
2016-07-28,0.0004772601823788136,0.0004772601823788136,0.0004772601823788136,0.0004772601823788136,985
2016-07-29,0.0005053860368207097,0.0005053860368207097,0.0005053860368207097,0.0005053860368207097,6784
2016-08-01,0.000486928503960371,0.000486928503960371,0.000486928503960371,0.000486928503960371,5057
2016-08-02,0.0004772601823788136,0.0004772601823788136,0.0004772601823788136,0.0004772601823788136,1942
2016-08-03,0.0004772601823788136,0.0004772601823788136,0.0004772601823788136,0.0004772601823788136,0
2016-08-04,0.000486928503960371,0.000486928503960371,0.000486928503960371,0.000486928503960371,1984
2016-08-05,0.00046759191900491714,0.00046759191900491714,0.00046759191900491714,0.00046759191900491714,422
2016-08-08,0.00046759191900491714,0.00046759191900491714,0.00046759191900491714,0.00046759191900491714,0
2016-08-09,0.0004588026204146445,0.0004588026204146445,0.0004588026204146445,0.0004588026204146445,966
2016-08-10,0.000449134357040748,0.000449134357040748,0.000449134357040748,0.000449134357040748,3237
2016-08-11,0.00046759191900491714,0.00046759191900491714,0.00046759191900491714,0.00046759191900491714,18
2016-08-12,0.00046759191900491714,0.00046759191900491714,0.00046759191900491714,0.00046759191900491714,1900
2016-08-16,0.000449134357040748,0.000449134357040748,0.000449134357040748,0.000449134357040748,1773
2016-08-17,0.00043067679507657886,0.00043067679507657886,0.00043067679507657886,0.00043067679507657886,1909
2016-08-18,0.00043946615187451243,0.00043946615187451243,0.00043946615187451243,0.00043946615187451243,689
2016-08-19,0.000449134357040748,0.000449134357040748,0.000449134357040748,0.000449134357040748,23
2016-08-22,0.00043067679507657886,0.00043067679507657886,0.00043067679507657886,0.00043067679507657886,6498
2016-08-23,0.00043067679507657886,0.00043067679507657886,0.00043067679507657886,0.00043067679507657886,6873
2016-08-24,0.00043067679507657886,0.00043067679507657886,0.00043067679507657886,0.00043067679507657886,6170
2016-08-25,0.00043067679507657886,0.00043067679507657886,0.00043067679507657886,0.00043067679507657886,516
2016-08-26,0.00043067679507657886,0.00043067679507657886,0.00043067679507657886,0.00043067679507657886,844
2016-08-29,0.00043067679507657886,0.00043067679507657886,0.00043067679507657886,0.00043067679507657886,694
2016-08-30,0.00043067679507657886,0.00043067679507657886,0.00043067679507657886,0.00043067679507657886,943
2016-08-31,0.00043067679507657886,0.00043067679507657886,0.00043067679507657886,0.00043067679507657886,117
2016-09-01,0.00043067679507657886,0.00043067679507657886,0.00043067679507657886,0.00043067679507657886,900
2016-09-02,0.0004113402683287859,0.0004113402683287859,0.0004113402683287859,0.0004113402683287859,8281
2016-09-05,0.0004113402683287859,0.0004113402683287859,0.0004113402683287859,0.0004113402683287859,295
2016-09-06,0.000493959872983396,0.000493959872983396,0.000493959872983396,0.000493959872983396,2777
2016-09-07,0.000493959872983396,0.000493959872983396,0.000493959872983396,0.000493959872983396,0
2016-09-08,0.00043067679507657886,0.00043067679507657886,0.00043067679507657886,0.00043067679507657886,938
2016-09-09,0.00043067679507657886,0.00043067679507657886,0.00043067679507657886,0.00043067679507657886,6592
2016-09-12,0.00043243466643616557,0.00043243466643616557,0.00043243466643616557,0.00043243466643616557,961
2016-09-13,0.00043243466643616557,0.00043243466643616557,0.00043243466643616557,0.00043243466643616557,0
2016-09-14,0.00043946615187451243,0.00043946615187451243,0.00043946615187451243,0.00043946615187451243,4326
2016-09-15,0.0004113402683287859,0.0004113402683287859,0.0004113402683287859,0.0004113402683287859,8647
2016-09-16,0.0004113402683287859,0.0004113402683287859,0.0004113402683287859,0.0004113402683287859,1079
2016-09-19,0.0004113402683287859,0.0004113402683287859,0.0004113402683287859,0.0004113402683287859,0
2016-09-20,0.00043946615187451243,0.00043946615187451243,0.00043946615187451243,0.00043946615187451243,164
2016-09-21,0.00041397707536816597,0.00041397707536816597,0.00041397707536816597,0.00041397707536816597,2721
2016-09-22,0.00043067679507657886,0.00043067679507657886,0.00043067679507657886,0.00043067679507657886,2439
2016-09-23,0.00043067679507657886,0.00043067679507657886,0.00043067679507657886,0.00043067679507657886,656
2016-09-26,0.000449134357040748,0.000449134357040748,0.000449134357040748,0.000449134357040748,1900
2016-09-27,0.00046759191900491714,0.00046759191900491714,0.00046759191900491714,0.00046759191900491714,6123
2016-09-28,0.00044122396502643824,0.00044122396502643824,0.00044122396502643824,0.00044122396502643824,703
2016-09-29,0.00044122396502643824,0.00044122396502643824,0.00044122396502643824,0.00044122396502643824,1623
2016-09-30,0.00046759191900491714,0.00046759191900491714,0.00046759191900491714,0.00046759191900491714,37
2016-10-03,0.000486928503960371,0.000486928503960371,0.000486928503960371,0.000486928503960371,4692
2016-10-04,0.000449134357040748,0.000449134357040748,0.000449134357040748,0.000449134357040748,1923
2016-10-05,0.0004825337673537433,0.0004825337673537433,0.0004825337673537433,0.0004825337673537433,9853
2016-10-06,0.000449134357040748,0.000449134357040748,0.000449134357040748,0.000449134357040748,1173
2016-10-07,0.000449134357040748,0.000449134357040748,0.000449134357040748,0.000449134357040748,0
2016-10-10,0.00046759191900491714,0.00046759191900491714,0.00046759191900491714,0.00046759191900491714,1501
2016-10-11,0.0004605604917742312,0.00046056049177423125,0.00046056049177423125,0.00046056049177423125,93
2016-10-13,0.0004605604917742312,0.00046056049177423125,0.00046056049177423125,0.00046056049177423125,3819
2016-10-14,0.00046759191900491714,0.00046759191900491714,0.00046759191900491714,0.00046759191900491714,14043
2016-10-17,0.0004658341349568218,0.0004658341349568218,0.0004658341349568218,0.0004658341349568218,19753
2016-10-18,0.0004473764856811613,0.0004473764856811613,0.0004473764856811613,0.0004473764856811613,8445
2016-10-19,0.0004456186725292355,0.0004456186725292355,0.0004456186725292355,0.0004456186725292355,760
2016-10-20,0.000449134357040748,0.000449134357040748,0.000449134357040748,0.000449134357040748,140
2016-10-21,0.000449134357040748,0.000449134357040748,0.000449134357040748,0.000449134357040748,2880
2016-10-24,0.00043946615187451243,0.00043946615187451243,0.00043946615187451243,0.00043946615187451243,32797
2016-10-25,0.00043067679507657886,0.00043067679507657886,0.00043067679507657886,0.00043067679507657886,17548
2016-10-26,0.00043067679507657886,0.00043067679507657886,0.00043067679507657886,0.00043067679507657886,33181
2016-10-27,0.0004210085317026824,0.0004210085317026824,0.0004210085317026824,0.0004210085317026824,32764
2016-10-28,0.00045704474905505776,0.00045704474905505776,0.00045704474905505776,0.00045704474905505776,5564
2016-10-31,0.00043946615187451243,0.00043946615187451243,0.00043946615187451243,0.00043946615187451243,4006
2016-11-01,0.00045704474905505776,0.00045704474905505776,0.00045704474905505776,0.00045704474905505776,3293
2016-11-02,0.00046759191900491714,0.00046759191900491714,0.00046759191900491714,0.00046759191900491714,13278
2016-11-03,0.0004957176861353219,0.0004957176861353219,0.0004957176861353219,0.0004957176861353219,9642
2016-11-04,0.0005238435696810484,0.0005238435696810484,0.0005238435696810484,0.0005238435696810484,7286
2016-11-08,0.0005994318053126335,0.0005994318053126335,0.0005994318053126335,0.0005994318053126335,19284
2016-11-09,0.0005994318053126335,0.0005994318053126335,0.0005994318053126335,0.0005994318053126335,0
2016-11-10,0.0008428959990851581,0.0008428959990851581,0.0008428959990851581,0.0008428959990851581,18777
2016-11-11,0.0008991477079689503,0.0008991477079689503,0.0008991477079689503,0.0008991477079689503,4480
2016-11-14,0.0009923145407810807,0.0009923145407810807,0.0009923145407810807,0.0009923145407810807,14137
2016-11-15,0.0009360628901049495,0.0009360628901049495,0.0009360628901049495,0.0009360628901049495,12452
2016-11-16,0.0010301084257662296,0.0010301084257662296,0.0010301084257662296,0.0010301084257662296,17299
2016-11-17,0.001038897898979485,0.001038897898979485,0.001038897898979485,0.001038897898979485,1900
2016-11-18,0.0010485660750418901,0.0010485660750418901,0.0010485660750418901,0.0010485660750418901,18209
2016-11-21,0.0010301084257662296,0.0010301084257662296,0.0010301084257662296,0.0010301084257662296,14376
2016-11-22,0.0009923145407810807,0.0009923145407810807,0.0009923145407810807,0.0009923145407810807,6221
2016-11-23,0.0008428959990851581,0.0008428959990851581,0.0008428959990851581,0.0008428959990851581,788
2016-11-24,0.0010107720736414194,0.0010107720736414194,0.0010107720736414194,0.0010107720736414194,1205
2016-11-25,0.0009720991365611553,0.0009720991365611553,0.0009720991365611553,0.0009720991365611553,1224
2016-11-28,0.0008991477079689503,0.0008991477079689503,0.0008991477079689503,0.0008991477079689503,15891
2016-11-29,0.0009641886572353542,0.0009641886572353542,0.0009641886572353542,0.0009641886572353542,20424
2016-11-30,0.0010107720736414194,0.0010107720736414194,0.0010107720736414194,0.0010107720736414194,14606
2016-12-01,0.0012076528510078788,0.0012076528510078788,0.0012076528510078788,0.0012076528510078788,17196
2016-12-02,0.0013104879762977362,0.0013104879762977362,0.0013104879762977362,0.0013104879762977362,31558
2016-12-05,0.0012173211434856057,0.0012173211434856057,0.0012173211434856057,0.0012173211434856057,713
2016-12-06,0.00112327525857836,0.00112327525857836,0.00112327525857836,0.00112327525857836,17261
2016-12-07,0.0010951495496556163,0.0010951495496556163,0.0010951495496556163,0.0010951495496556163,126
2016-12-08,0.0011048178421333432,0.0011048178421333432,0.0011048178421333432,0.0011048178421333432,4738
2016-12-09,0.0010951495496556163,0.0010951495496556163,0.0010951495496556163,0.0010951495496556163,58650
2016-12-13,0.0009545203647576272,0.0009545203647576272,0.0009545203647576272,0.0009545203647576272,10322
2016-12-14,0.0009360628901049495,0.0009360628901049495,0.0009360628901049495,0.0009360628901049495,1454
2016-12-15,0.0007488502305932343,0.0007488502305932343,0.0007488502305932343,0.0007488502305932343,281
2016-12-16,0.0007488502305932343,0.0007488502305932343,0.0007488502305932343,0.0007488502305932343,0
2016-12-19,0.0007488502305932343,0.0007488502305932343,0.0007488502305932343,0.0007488502305932343,0
2016-12-20,0.0007453346042893827,0.0007453346042893827,0.0007453346042893827,0.0007453346042893827,3143
2016-12-21,0.0006082211039029062,0.0006082211039029062,0.0006082211039029062,0.0006082211039029062,492
2016-12-22,0.0005994318053126335,0.0005994318053126335,0.0005994318053126335,0.0005994318053126335,1923
2016-12-23,0.0006082211039029062,0.0006082211039029062,0.0006082211039029062,0.0006082211039029062,14057
2016-12-26,0.0006082211039029062,0.0006082211039029062,0.0006082211039029062,0.0006082211039029062,0
2016-12-27,0.0007207244634628296,0.0007207244634628296,0.0007207244634628296,0.0007207244634628296,1407
2016-12-28,0.0008428959990851581,0.0008428959990851581,0.0008428959990851581,0.0008428959990851581,1173
2016-12-29,0.0009360628901049495,0.0009360628901049495,0.0009360628901049495,0.0009360628901049495,4692
2016-12-30,0.0010019827168434858,0.0010019827168434858,0.0010019827168434858,0.0010019827168434858,9900
2017-01-02,0.0009923145407810807,0.0009923145407810807,0.0009923145407810807,0.0009923145407810807,469
2017-01-03,0.0009923145407810807,0.0009923145407810807,0.0009923145407810807,0.0009923145407810807,20780
2017-01-04,0.0009923145407810807,0.0009923145407810807,0.0009923145407810807,0.0009923145407810807,4692
2017-01-05,0.0010301084257662296,0.0010301084257662296,0.0010301084257662296,0.0010301084257662296,24295
2017-01-09,0.0010301084257662296,0.0010301084257662296,0.0010301084257662296,0.0010301084257662296,0
2017-01-10,0.0010301084257662296,0.0010301084257662296,0.0010301084257662296,0.0010301084257662296,267
2017-01-11,0.0010863601928576827,0.0010863601928576827,0.0010863601928576827,0.0010863601928576827,4926
2017-01-12,0.0009360628901049495,0.0009360628901049495,0.0009360628901049495,0.0009360628901049495,93
2017-01-13,0.0010301084257662296,0.0010301084257662296,0.0010301084257662296,0.0010301084257662296,2665
2017-01-16,0.0010301084257662296,0.0010301084257662296,0.0010301084257662296,0.0010301084257662296,0
2017-01-17,0.0010301084257662296,0.0010301084257662296,0.0010301084257662296,0.0010301084257662296,0
2017-01-18,0.0008428959990851581,0.0008428959990851581,0.0008428959990851581,0.0008428959990851581,1449
2017-01-19,0.0008428959990851581,0.0008428959990851581,0.0008428959990851581,0.0008428959990851581,140
2017-01-20,0.0007488502305932343,0.0007488502305932343,0.0007488502305932343,0.0007488502305932343,3031
2017-01-23,0.0007488502305932343,0.0007488502305932343,0.0007488502305932343,0.0007488502305932343,4668
2017-01-24,0.0007488502305932343,0.0007488502305932343,0.0007488502305932343,0.0007488502305932343,2627
2017-01-25,0.0008051018812693655,0.0008051018812693655,0.0008051018812693655,0.0008051018812693655,563
2017-01-26,0.0007673078798688948,0.0007673078798688948,0.0007673078798688948,0.0007673078798688948,703
2017-01-27,0.0007673078798688948,0.0007673078798688948,0.0007673078798688948,0.0007673078798688948,5630
2017-01-30,0.0007673078798688948,0.0007673078798688948,0.0007673078798688948,0.0007673078798688948,0
2017-01-31,0.0007673078798688948,0.0007673078798688948,0.0007673078798688948,0.0007673078798688948,70
2017-02-01,0.0007673078798688948,0.0007673078798688948,0.0007673078798688948,0.0007673078798688948,0
2017-02-02,0.0007673078798688948,0.0007673078798688948,0.0007673078798688948,0.0007673078798688948,13034
2017-02-03,0.0007585185230709612,0.0007585185230709612,0.0007585185230709612,0.0007585185230709612,3519
2017-02-06,0.0007488502305932343,0.0007488502305932343,0.0007488502305932343,0.0007488502305932343,999
2017-02-07,0.0007488502305932343,0.0007488502305932343,0.0007488502305932343,0.0007488502305932343,2627
2017-02-08,0.0007673078798688948,0.0007673078798688948,0.0007673078798688948,0.0007673078798688948,929
2017-02-09,0.0006548045203089714,0.0006548045203089714,0.0006548045203089714,0.0006548045203089714,2120
2017-02-10,0.0008428959990851581,0.0008428959990851581,0.0008428959990851581,0.0008428959990851581,29799
2017-02-13,0.0008428959990851581,0.0008428959990851581,0.0008428959990851581,0.0008428959990851581,2862
2017-02-14,0.0009360628901049495,0.0009360628901049495,0.0009360628901049495,0.0009360628901049495,4527
2017-02-15,0.0009360628901049495,0.0009360628901049495,0.0009360628901049495,0.0009360628901049495,5663
2017-02-16,0.0009360628901049495,0.0009360628901049495,0.0009360628901049495,0.0009360628901049495,18758
2017-02-17,0.0009360628901049495,0.0009360628901049495,0.0009360628901049495,0.0009360628901049495,1074
2017-02-20,0.000917605240829289,0.000917605240829289,0.000917605240829289,0.000917605240829289,9121
2017-02-21,0.0009325470309704542,0.0009325470309704542,0.0009325470309704542,0.0009325470309704542,4509
2017-02-22,0.0008991477079689503,0.0008991477079689503,0.0008991477079689503,0.0008991477079689503,9534
2017-02-23,0.0008991477079689503,0.0008991477079689503,0.0008991477079689503,0.0008991477079689503,1083
2017-02-24,0.0009545203647576272,0.0009545203647576272,0.0009545203647576272,0.0009545203647576272,51
2017-03-01,0.0009545203647576272,0.0009545203647576272,0.0009545203647576272,0.0009545203647576272,0
2017-03-02,0.0009360628901049495,0.0009360628901049495,0.0009360628901049495,0.0009360628901049495,19814
2017-03-03,0.0009360628901049495,0.0009360628901049495,0.0009360628901049495,0.0009360628901049495,1459
2017-03-06,0.000973857007920742,0.000973857007920742,0.000973857007920742,0.000973857007920742,5034
2017-03-07,0.0009923145407810807,0.0009923145407810807,0.0009923145407810807,0.0009923145407810807,13606
2017-03-08,0.0009360628901049495,0.0009360628901049495,0.0009360628901049495,0.0009360628901049495,4734
2017-03-09,0.0009923145407810807,0.0009923145407810807,0.0009923145407810807,0.0009923145407810807,8516
2017-03-10,0.0009571572300046682,0.0009571572300046682,0.0009571572300046682,0.0009571572300046682,1473
2017-03-13,0.0009360628901049495,0.0009360628901049495,0.0009360628901049495,0.0009360628901049495,1529
2017-03-14,0.0009360628901049495,0.0009360628901049495,0.0009360628901049495,0.0009360628901049495,8605
2017-03-15,0.0009360628901049495,0.0009360628901049495,0.0009360628901049495,0.0009360628901049495,741
2017-03-16,0.0009545203647576272,0.0009545203647576272,0.0009545203647576272,0.0009545203647576272,492
2017-03-17,0.0009360628901049495,0.0009360628901049495,0.0009360628901049495,0.0009360628901049495,9172
2017-03-20,0.0009360628901049495,0.0009360628901049495,0.0009360628901049495,0.0009360628901049495,0
2017-03-21,0.0009360628901049495,0.0009360628901049495,0.0009360628901049495,0.0009360628901049495,7028
2017-03-22,0.0009360628901049495,0.0009360628901049495,0.0009360628901049495,0.0009360628901049495,15446
2017-03-23,0.0009360628901049495,0.0009360628901049495,0.0009360628901049495,0.0009360628901049495,7131
2017-03-24,0.0009360628901049495,0.0009360628901049495,0.0009360628901049495,0.0009360628901049495,9529
2017-03-27,0.0009545203647576272,0.0009545203647576272,0.0009545203647576272,0.0009545203647576272,17041
2017-03-28,0.0010301084257662296,0.0010301084257662296,0.0010301084257662296,0.0010301084257662296,7976
2017-03-29,0.00112327525857836,0.00112327525857836,0.00112327525857836,0.00112327525857836,28433
2017-03-30,0.001198863610625267,0.001198863610625267,0.001198863610625267,0.001198863610625267,13147
2017-03-31,0.0012357785599306226,0.0012357785599306226,0.0012357785599306226,0.0012357785599306226,3331
2017-04-03,0.0012357785599306226,0.0012357785599306226,0.0012357785599306226,0.0012357785599306226,5142
2017-04-04,0.0012357785599306226,0.0012357785599306226,0.0012357785599306226,0.0012357785599306226,8797
2017-04-05,0.0011610693763941526,0.0011610693763941526,0.0011610693763941526,0.0011610693763941526,70
2017-04-06,0.0011610693763941526,0.0011610693763941526,0.0011610693763941526,0.0011610693763941526,0
2017-04-07,0.0011610693763941526,0.0011610693763941526,0.0011610693763941526,0.0011610693763941526,0
2017-04-10,0.00112327525857836,0.00112327525857836,0.00112327525857836,0.00112327525857836,48027
2017-04-11,0.00112327525857836,0.00112327525857836,0.00112327525857836,0.00112327525857836,1440
2017-04-12,0.00112327525857836,0.00112327525857836,0.00112327525857836,0.00112327525857836,0
2017-04-17,0.00112327525857836,0.00112327525857836,0.00112327525857836,0.00112327525857836,0
2017-04-18,0.00112327525857836,0.00112327525857836,0.00112327525857836,0.00112327525857836,0
2017-04-20,0.0012173211434856057,0.0012173211434856057,0.0012173211434856057,0.0012173211434856057,6521
2017-04-21,0.0012225947575643659,0.0012225947575643659,0.0012225947575643659,0.0012225947575643659,1346
2017-04-24,0.0012225947575643659,0.0012225947575643659,0.0012225947575643659,0.0012225947575643659,0
2017-04-25,0.0013482820941135287,0.0013482820941135287,0.0013482820941135287,0.0013482820941135287,9008
2017-04-26,0.0014423277461901307,0.0014423277461901307,0.0014423277461901307,0.0014423277461901307,2838
2017-04-27,0.0014423277461901307,0.0014423277461901307,0.0014423277461901307,0.0014423277461901307,6287
2017-04-28,0.001498579396866262,0.001498579396866262,0.001498579396866262,0.001498579396866262,5161
2017-05-02,0.0015917463460937142,0.0015917463460937142,0.0015917463460937142,0.0015917463460937142,6132
2017-05-03,0.001610203762538731,0.001610203762538731,0.001610203762538731,0.001610203762538731,3917
2017-05-04,0.001610203762538731,0.001610203762538731,0.001610203762538731,0.001610203762538731,6958
2017-05-05,0.0015917463460937142,0.0015917463460937142,0.0015917463460937142,0.0015917463460937142,15497
2017-05-08,0.001629540347494185,0.001629540347494185,0.001629540347494185,0.001629540347494185,4692
2017-05-09,0.001629540347494185,0.001629540347494185,0.001629540347494185,0.001629540347494185,15474
2017-05-10,0.001629540347494185,0.001629540347494185,0.001629540347494185,0.001629540347494185,469
2017-05-11,0.001629540347494185,0.001629540347494185,0.001629540347494185,0.001629540347494185,595
2017-05-12,0.001629540347494185,0.001629540347494185,0.001629540347494185,0.001629540347494185,455
2017-05-15,0.001629540347494185,0.001629540347494185,0.001629540347494185,0.001629540347494185,2449
2017-05-16,0.0016857919981703162,0.0016857919981703162,0.0016857919981703162,0.0016857919981703162,3570
2017-05-17,0.0016945813549682498,0.0016945813549682498,0.0016945813549682498,0.0016945813549682498,6803
2017-05-18,0.0017789589473977685,0.0017789589473977685,0.0017789589473977685,0.0017789589473977685,132305
2017-05-19,0.0018536680145189166,0.0018536680145189166,0.0018536680145189166,0.0018536680145189166,7014
2017-05-22,0.0018730043666437268,0.0018730043666437268,0.0018730043666437268,0.0018730043666437268,4255
2017-05-23,0.001947714015841484,0.001947714015841484,0.001947714015841484,0.001947714015841484,9642
2017-05-24,0.001947714015841484,0.001947714015841484,0.001947714015841484,0.001947714015841484,516
2017-05-26,0.0018730043666437268,0.0018730043666437268,0.0018730043666437268,0.0018730043666437268,2346
2017-05-29,0.0018730043666437268,0.0018730043666437268,0.0018730043666437268,0.0018730043666437268,0
2017-05-30,0.001947714015841484,0.001947714015841484,0.001947714015841484,0.001947714015841484,7192
2017-05-31,0.001947714015841484,0.001947714015841484,0.001947714015841484,0.001947714015841484,3894
2017-06-01,0.001947714015841484,0.001947714015841484,0.001947714015841484,0.001947714015841484,445
2017-06-02,0.0020224228501319885,0.0020224228501319885,0.0020224228501319885,0.0020224228501319885,3884
2017-06-05,0.0020039654336869717,0.0020039654336869717,0.0020039654336869717,0.0020039654336869717,8389
2017-06-06,0.0020224228501319885,0.0020224228501319885,0.0020224228501319885,0.0020224228501319885,6005
2017-06-07,0.0020602168515324593,0.0020602168515324593,0.0020602168515324593,0.0020602168515324593,6334
2017-06-08,0.002116468735039234,0.002116468735039234,0.002116468735039234,0.002116468735039234,7253
2017-06-09,0.0022474294528365135,0.0022474294528365135,0.0022474294528365135,0.0022474294528365135,18059
2017-06-12,0.0022474294528365135,0.0022474294528365135,0.0022474294528365135,0.0022474294528365135,1923
2017-06-13,0.0026974433567374945,0.0026974433567374945,0.0026974433567374945,0.0026974433567374945,4067
2017-06-14,0.0027159005403518677,0.0027159005403518677,0.0027159005403518677,0.0027159005403518677,46
2017-06-16,0.0037460087332874537,0.0037460087332874537,0.0037460087332874537,0.0037460087332874537,13095
2017-06-20,0.0037460087332874537,0.0037460087332874537,0.0037460087332874537,0.0037460087332874537,11326
2017-06-21,0.0037460087332874537,0.0037460087332874537,0.0037460087332874537,0.0037460087332874537,22179
2017-06-22,0.0037460087332874537,0.0037460087332874537,0.0037460087332874537,0.0037460087332874537,8858
2017-06-23,0.0037460087332874537,0.0037460087332874537,0.0037460087332874537,0.0037460087332874537,89885
2017-06-26,0.0037460087332874537,0.0037460087332874537,0.0037460087332874537,0.0037460087332874537,483
2017-06-27,0.0037460087332874537,0.0037460087332874537,0.0037460087332874537,0.0037460087332874537,1524
2017-06-28,0.003708214731886983,0.003708214731886983,0.003708214731886983,0.003708214731886983,24590
2017-06-30,0.0037460087332874537,0.0037460087332874537,0.0037460087332874537,0.0037460087332874537,121
2017-07-03,0.0037460087332874537,0.0037460087332874537,0.0037460087332874537,0.0037460087332874537,121
2017-07-04,0.003727551316842437,0.003727551316842437,0.003727551316842437,0.003727551316842437,12330
2017-07-06,0.003840054851025343,0.003840054851025343,0.003840054851025343,0.003840054851025343,896
2017-07-07,0.0037460087332874537,0.0037460087332874537,0.0037460087332874537,0.0037460087332874537,14047
2017-07-10,0.0037460087332874537,0.0037460087332874537,0.0037460087332874537,0.0037460087332874537,1839
2017-07-11,0.003933222033083439,0.003933222033083439,0.003933222033083439,0.003933222033083439,22803
2017-07-12,0.0037460087332874537,0.0037460087332874537,0.0037460087332874537,0.0037460087332874537,5564
2017-07-13,0.003933222033083439,0.003933222033083439,0.003933222033083439,0.003933222033083439,7638
2017-07-14,0.0040272679179906845,0.0040272679179906845,0.0040272679179906845,0.0040272679179906845,1187
2017-07-17,0.0041204337030649185,0.0041204337030649185,0.0041204337030649185,0.0041204337030649185,7671
2017-07-18,0.0041116452775895596,0.0041116452775895596,0.0041116452775895596,0.0041116452775895596,281
2017-07-19,0.004036056809127331,0.004036056809127331,0.004036056809127331,0.004036056809127331,18960
2017-07-20,0.004036056809127331,0.004036056809127331,0.004036056809127331,0.004036056809127331,0
2017-07-21,0.0041204337030649185,0.0041204337030649185,0.0041204337030649185,0.0041204337030649185,3978
2017-07-25,0.004270731471478939,0.004270731471478939,0.004270731471478939,0.004270731471478939,21587
2017-07-26,0.004270731471478939,0.004270731471478939,0.004270731471478939,0.004270731471478939,0
2017-07-27,0.004270731471478939,0.004270731471478939,0.004270731471478939,0.004270731471478939,0
2017-07-28,0.00430764677003026,0.00430764677003026,0.00430764677003026,0.00430764677003026,17660
2017-07-31,0.00430764677003026,0.00430764677003026,0.00430764677003026,0.00430764677003026,1407
2017-08-01,0.004495738539844751,0.004495738539844751,0.004495738539844751,0.004495738539844751,389
2017-08-02,0.004495738539844751,0.004495738539844751,0.004495738539844751,0.004495738539844751,1299
2017-08-03,0.004682951141148806,0.004682951141148806,0.004682951141148806,0.004682951141148806,207528
2017-08-04,0.005431801080703735,0.005431801080703735,0.005431801080703735,0.005431801080703735,15197
2017-08-07,0.005431801080703735,0.005431801080703735,0.005431801080703735,0.005431801080703735,234
2017-08-08,0.00651816138997674,0.00651816138997674,0.00651816138997674,0.00651816138997674,23
2017-08-09,0.005620771087706089,0.005620771087706089,0.005620771087706089,0.005620771087706089,5466
2017-08-10,0.00561901368200779,0.00561901368200779,0.00561901368200779,0.00561901368200779,5100
2017-08-11,0.006012775469571352,0.006012775469571352,0.006012775469571352,0.006012775469571352,4781
2017-08-14,0.006012775469571352,0.006012775469571352,0.006012775469571352,0.006012775469571352,0
2017-08-16,0.005956524051725864,0.005956524051725864,0.005956524051725864,0.005956524051725864,2463
2017-08-17,0.005956524051725864,0.005956524051725864,0.005956524051725864,0.005956524051725864,2463
2017-08-18,0.005976739339530468,0.005976739339530468,0.005976739339530468,0.005976739339530468,4710
2017-08-21,0.006012775469571352,0.006012775469571352,0.006012775469571352,0.006012775469571352,3472
2017-08-22,0.006012775469571352,0.006012775469571352,0.006012775469571352,0.006012775469571352,548
2017-08-23,0.006153404712677002,0.006153404712677002,0.006153404712677002,0.006153404712677002,4584
2017-08-24,0.006181530188769102,0.006181530188769102,0.006181530188769102,0.006181530188769102,1130
2017-08-25,0.006546287331730127,0.006546287331730127,0.006546287331730127,0.006546287331730127,1365
2017-08-28,0.006930380593985319,0.006930380593985319,0.006930380593985319,0.006930380593985319,1022
2017-08-29,0.007398851681500673,0.007398851681500673,0.007398851681500673,0.007398851681500673,5377
2017-08-30,0.007867321372032166,0.007867321372032166,0.007867321372032166,0.007867321372032166,14315
2017-08-31,0.008616171777248383,0.008616171777248383,0.008616171777248383,0.008616171777248383,2148
2017-09-01,0.01667158678174019,0.01667158678174019,0.01667158678174019,0.01667158678174019,16553
2017-09-04,0.010490055195987225,0.010490055195987225,0.010490055195987225,0.010490055195987225,11462
2017-09-05,0.010864481329917908,0.010864481329917908,0.010864481329917908,0.010864481329917908,689
2017-09-06,0.011051693931221962,0.011051693931221962,0.011051693931221962,0.011051693931221962,1797
2017-09-07,0.011238906532526016,0.011238906532526016,0.011238906532526016,0.011238906532526016,5142
2017-09-08,0.011613331735134125,0.011613331735134125,0.011613331735134125,0.011613331735134125,32
2017-09-12,0.012737486511468887,0.012737486511468887,0.012737486511468887,0.012737486511468887,6526
2017-09-13,0.017420435324311256,0.017420435324311256,0.017420435324311256,0.017420435324311256,1224
2017-09-14,0.018544591963291168,0.018544591963291168,0.018544591963291168,0.018544591963291168,6930
2017-09-15,0.018731804564595222,0.018731804564595222,0.018731804564595222,0.018731804564595222,5114
2017-09-18,0.01966874487698078,0.01966874487698078,0.01966874487698078,0.01966874487698078,2608
2017-09-19,0.019481530413031578,0.019481530413031578,0.019481530413031578,0.019481530413031578,2167
2017-09-20,0.017532940953969955,0.017532940953969955,0.017532940953969955,0.017532940953969955,680
2017-09-21,0.017608527094125748,0.017608527094125748,0.017608527094125748,0.017608527094125748,703
2017-09-22,0.016858799383044243,0.016858799383044243,0.016858799383044243,0.016858799383044243,51091
2017-09-25,0.01667158678174019,0.01667158678174019,0.01667158678174019,0.01667158678174019,26660
2017-09-26,0.01667158678174019,0.01667158678174019,0.01667158678174019,0.01667158678174019,16553
2017-09-27,0.016858799383044243,0.016858799383044243,0.016858799383044243,0.016858799383044243,548
2017-09-28,0.017233222723007202,0.017233222723007202,0.017233222723007202,0.017233222723007202,281
2017-09-29,0.017795737832784653,0.017795737832784653,0.017795737832784653,0.017795737832784653,924
2017-10-02,0.019294317811727524,0.019294317811727524,0.019294317811727524,0.019294317811727524,2341
2017-10-03,0.01966874487698078,0.01966874487698078,0.01966874487698078,0.01966874487698078,1834
2017-10-04,0.018731804564595222,0.018731804564595222,0.018731804564595222,0.018731804564595222,1965
2017-10-05,0.01910710707306862,0.01910710707306862,0.01910710707306862,0.01910710707306862,6071
2017-10-06,0.02039913646876812,0.02039913646876812,0.02039913646876812,0.02039913646876812,1867
2017-10-09,0.017795737832784653,0.017795737832784653,0.017795737832784653,0.017795737832784653,7178
2017-10-10,0.017795737832784653,0.017795737832784653,0.017795737832784653,0.017795737832784653,8783
2017-10-11,0.017795737832784653,0.017795737832784653,0.017795737832784653,0.017795737832784653,3082
2017-10-13,0.0179082453250885,0.0179082453250885,0.0179082453250885,0.0179082453250885,9149
2017-10-16,0.017982954159379005,0.017982954159379005,0.017982954159379005,0.017982954159379005,4574
2017-10-17,0.017982954159379005,0.017982954159379005,0.017982954159379005,0.017982954159379005,22315
2017-10-18,0.017982954159379005,0.017982954159379005,0.017982954159379005,0.017982954159379005,2744
2017-10-19,0.01875114068388939,0.01875114068388939,0.01875114068388939,0.01875114068388939,23708
2017-10-20,0.01910710707306862,0.01910710707306862,0.01910710707306862,0.01910710707306862,1463
2017-10-23,0.019387487322092056,0.019387487322092056,0.019387487322092056,0.019387487322092056,8886
2017-10-24,0.019387487322092056,0.019387487322092056,0.019387487322092056,0.019387487322092056,3608
2017-10-25,0.02247869223356247,0.02247869223356247,0.02247869223356247,0.02247869223356247,5147
2017-10-26,0.022853117436170578,0.022853117436170578,0.022853117436170578,0.022853117436170578,7028
2017-10-27,0.02247869223356247,0.02247869223356247,0.02247869223356247,0.02247869223356247,342
2017-10-30,0.02060568705201149,0.02060568705201149,0.02060568705201149,0.02060568705201149,3382
2017-10-31,0.02060568705201149,0.02060568705201149,0.02060568705201149,0.02060568705201149,1618
2017-11-02,0.02210426703095436,0.02210426703095436,0.02210426703095436,0.02210426703095436,5836
2017-11-03,0.02191617526113987,0.02191617526113987,0.02191617526113987,0.02191617526113987,689
2017-11-06,0.02191617526113987,0.02191617526113987,0.02191617526113987,0.02191617526113987,0
2017-11-07,0.02210426703095436,0.02210426703095436,0.02210426703095436,0.02210426703095436,4729
2017-11-08,0.02210426703095436,0.02210426703095436,0.02210426703095436,0.02210426703095436,14
2017-11-09,0.021354539319872856,0.021354539319872856,0.021354539319872856,0.021354539319872856,98
2017-11-10,0.01966874487698078,0.01966874487698078,0.01966874487698078,0.01966874487698078,4157
2017-11-13,0.018731804564595222,0.018731804564595222,0.018731804564595222,0.018731804564595222,2134
2017-11-14,0.01966874487698078,0.01966874487698078,0.01966874487698078,0.01966874487698078,3772
2017-11-15,0.019481530413031578,0.019481530413031578,0.019481530413031578,0.019481530413031578,689
2017-11-16,0.019443737342953682,0.019443737342953682,0.019443737342953682,0.019443737342953682,1337
2017-11-17,0.01966874487698078,0.01966874487698078,0.01966874487698078,0.01966874487698078,1515
2017-11-20,0.02060568705201149,0.02060568705201149,0.02060568705201149,0.02060568705201149,3570
2017-11-21,0.020698852837085724,0.020698852837085724,0.020698852837085724,0.020698852837085724,64848
2017-11-22,0.02060568705201149,0.02060568705201149,0.02060568705201149,0.02060568705201149,2505
2017-11-23,0.02060568705201149,0.02060568705201149,0.02060568705201149,0.02060568705201149,3429
2017-11-24,0.02060568705201149,0.02060568705201149,0.02060568705201149,0.02060568705201149,2965
2017-11-27,0.01966874487698078,0.01966874487698078,0.01966874487698078,0.01966874487698078,5555
2017-11-28,0.018731804564595222,0.018731804564595222,0.018731804564595222,0.018731804564595222,10200
2017-11-29,0.01910710707306862,0.01910710707306862,0.01910710707306862,0.01910710707306862,52362
2017-11-30,0.02060568705201149,0.02060568705201149,0.02060568705201149,0.02060568705201149,52006
2017-12-01,0.02247869223356247,0.02247869223356247,0.02247869223356247,0.02247869223356247,51612
2017-12-04,0.026974430307745934,0.026974430307745934,0.026974430307745934,0.026974430307745934,6249
2017-12-05,0.0243516955524683,0.0243516955524683,0.0243516955524683,0.0243516955524683,14198
2017-12-06,0.0243516955524683,0.0243516955524683,0.0243516955524683,0.0243516955524683,23830
2017-12-07,0.0243516955524683,0.0243516955524683,0.0243516955524683,0.0243516955524683,783
2017-12-11,0.0243516955524683,0.0243516955524683,0.0243516955524683,0.0243516955524683,0
2017-12-12,0.02154175005853176,0.02154175005853176,0.02154175005853176,0.02154175005853176,3167
2017-12-13,0.02210426703095436,0.02210426703095436,0.02210426703095436,0.02210426703095436,20339
2017-12-14,0.02247869223356247,0.02247869223356247,0.02247869223356247,0.02247869223356247,27011
2017-12-15,0.022291477769613266,0.022291477769613266,0.022291477769613266,0.022291477769613266,18660
2017-12-18,0.02210426703095436,0.02210426703095436,0.02210426703095436,0.02210426703095436,9853
2017-12-19,0.02210426703095436,0.02210426703095436,0.02210426703095436,0.02210426703095436,2205
2017-12-20,0.02191617526113987,0.02191617526113987,0.02191617526113987,0.02191617526113987,290
2017-12-21,0.02154175005853176,0.02154175005853176,0.02154175005853176,0.02154175005853176,105978
2017-12-22,0.018357379361987114,0.018357379361987114,0.018357379361987114,0.018357379361987114,107
2017-12-26,0.018731804564595222,0.018731804564595222,0.018731804564595222,0.018731804564595222,839
2017-12-27,0.01817016489803791,0.01817016489803791,0.01817016489803791,0.01817016489803791,5311
2017-12-28,0.01817016489803791,0.01817016489803791,0.01817016489803791,0.01817016489803791,140
2017-12-29,0.01817016489803791,0.01817016489803791,0.01817016489803791,0.01817016489803791,328
2018-01-01,0.01817016489803791,0.01817016489803791,0.01817016489803791,0.01817016489803791,0
2018-01-02,0.01817016489803791,0.01817016489803791,0.01817016489803791,0.01817016489803791,1745
2018-01-03,0.017795737832784653,0.017795737832784653,0.017795737832784653,0.017795737832784653,342
2018-01-04,0.017795737832784653,0.017795737832784653,0.017795737832784653,0.017795737832784653,4387
2018-01-05,0.01817016489803791,0.01817016489803791,0.01817016489803791,0.01817016489803791,46
2018-01-08,0.018731804564595222,0.018731804564595222,0.018731804564595222,0.018731804564595222,8839
2018-01-09,0.02060568705201149,0.02060568705201149,0.02060568705201149,0.02060568705201149,31539
2018-01-10,0.02154175005853176,0.02154175005853176,0.02154175005853176,0.02154175005853176,10416
2018-01-11,0.0243516955524683,0.0243516955524683,0.0243516955524683,0.0243516955524683,22873
2018-01-12,0.029053982347249985,0.029053982347249985,0.029053982347249985,0.029053982347249985,8849
2018-01-15,0.03502896800637245,0.03502896800637245,0.03502896800637245,0.03502896800637245,42439
2018-01-16,0.04177301377058029,0.04177301377058029,0.04177301377058029,0.04177301377058029,12964
2018-01-17,0.04121137410402298,0.04121137410402298,0.04121137410402298,0.04121137410402298,2721
2018-01-18,0.037466246634721756,0.037466246634721756,0.037466246634721756,0.037466246634721756,5391
2018-01-19,0.03933748975396156,0.03933748975396156,0.03933748975396156,0.03933748975396156,6564
2018-01-22,0.04308437928557396,0.04308437928557396,0.04308437928557396,0.04308437928557396,7629
2018-01-23,0.04495738446712494,0.04495738446712494,0.04495738446712494,0.04495738446712494,56590
2018-01-24,0.04683038964867592,0.04683038964867592,0.04683038964867592,0.04683038964867592,106705
2018-01-25,0.056197166442871094,0.056197166442871094,0.056197166442871094,0.056197166442871094,104345
2018-01-26,0.056197166442871094,0.056197166442871094,0.056197166442871094,0.056197166442871094,104678
2018-01-29,0.05900711566209793,0.05900711566209793,0.05900711566209793,0.05900711566209793,87660
2018-01-30,0.059568747878074646,0.059568747878074646,0.059568747878074646,0.059568747878074646,2106
2018-01-31,0.056197166442871094,0.056197166442871094,0.056197166442871094,0.056197166442871094,12142
2018-02-01,0.055634647607803345,0.055634647607803345,0.055634647607803345,0.055634647607803345,1290
2018-02-02,0.056290335953235626,0.056290335953235626,0.056290335953235626,0.056290335953235626,2463
2018-02-05,0.055634647607803345,0.055634647607803345,0.055634647607803345,0.055634647607803345,872
2018-02-06,0.056197166442871094,0.056197166442871094,0.056197166442871094,0.056197166442871094,17064
2018-02-07,0.057133231312036514,0.057133231312036514,0.057133231312036514,0.057133231312036514,9567
2018-02-08,0.06462699919939041,0.06462699919939041,0.06462699919939041,0.06462699919939041,229
2018-02-09,0.0775517076253891,0.0775517076253891,0.0775517076253891,0.0775517076253891,8009
2018-02-12,0.0775517076253891,0.0775517076253891,0.0775517076253891,0.0775517076253891,0
2018-02-13,0.0775517076253891,0.0775517076253891,0.0775517076253891,0.0775517076253891,0
2018-02-14,0.07211990654468536,0.07211990654468536,0.07211990654468536,0.07211990654468536,1670
2018-02-15,0.07867585867643356,0.07867585867643356,0.07867585867643356,0.07867585867643356,3565
2018-02-16,0.0878545492887497,0.0878545492887497,0.0878545492887497,0.0878545492887497,4588
2018-02-19,0.09366165101528168,0.09366165101528168,0.09366165101528168,0.09366165101528168,4842
2018-02-20,0.10115543007850647,0.10115543007850647,0.10115543007850647,0.10115543007850647,6507
2018-02-21,0.1103341206908226,0.1103341206908226,0.1103341206908226,0.1103341206908226,1618
2018-02-22,0.12176112830638885,0.12176112830638885,0.12176112830638885,0.12176112830638885,8947
2018-02-23,0.1348739117383957,0.1348739117383957,0.1348739117383957,0.1348739117383957,8638
2018-02-26,0.1451767385005951,0.1451767385005951,0.1451767385005951,0.1451767385005951,3443
2018-02-27,0.1311270296573639,0.1311270296573639,0.1311270296573639,0.1311270296573639,16492
2018-02-28,0.11258154362440109,0.11258154362440109,0.11258154362440109,0.11258154362440109,5771
2018-03-01,0.12269718199968338,0.12269718199968338,0.12269718199968338,0.12269718199968338,1956
2018-03-02,0.12269718199968338,0.12269718199968338,0.12269718199968338,0.12269718199968338,1543
2018-03-05,0.12363409996032715,0.12363409996032715,0.12363409996032715,0.12363409996032715,3542
2018-03-06,0.11258154362440109,0.11258154362440109,0.11258154362440109,0.11258154362440109,3218
2018-03-07,0.11239433288574219,0.11239433288574219,0.11239433288574219,0.11239433288574219,4311
2018-03-08,0.11614122241735458,0.11614122241735458,0.11614122241735458,0.11614122241735458,8680
2018-03-09,0.12176112830638885,0.12176112830638885,0.12176112830638885,0.12176112830638885,12194
2018-03-12,0.1273801326751709,0.1273801326751709,0.1273801326751709,0.1273801326751709,5362
2018-03-13,0.1311270296573639,0.1311270296573639,0.1311270296573639,0.1311270296573639,2772
2018-03-14,0.14217959344387054,0.14217959344387054,0.14217959344387054,0.14217959344387054,6231
2018-03-15,0.14236679673194885,0.14236679673194885,0.14236679673194885,0.14236679673194885,1820
2018-03-16,0.14049291610717773,0.14049291610717773,0.14049291610717773,0.14049291610717773,17989
2018-03-19,0.14049291610717773,0.14049291610717773,0.14049291610717773,0.14049291610717773,0
2018-03-20,0.13861991465091705,0.13861991465091705,0.13861991465091705,0.13861991465091705,2622
2018-03-21,0.13674689829349518,0.13674689829349518,0.13674689829349518,0.13674689829349518,10988
2018-03-22,0.1376829594373703,0.1376829594373703,0.1376829594373703,0.1376829594373703,7915
2018-03-23,0.1358099728822708,0.1358099728822708,0.1358099728822708,0.1358099728822708,3336
2018-03-26,0.1376829594373703,0.1376829594373703,0.1376829594373703,0.1376829594373703,30868
2018-03-27,0.14049291610717773,0.14049291610717773,0.14049291610717773,0.14049291610717773,281
2018-03-28,0.1395568698644638,0.1395568698644638,0.1395568698644638,0.1395568698644638,2772
2018-03-29,0.1395568698644638,0.1395568698644638,0.1395568698644638,0.1395568698644638,0
2018-03-30,0.1395568698644638,0.1395568698644638,0.1395568698644638,0.1395568698644638,0
2018-04-02,0.14049291610717773,0.14049291610717773,0.14049291610717773,0.14049291610717773,957
2018-04-03,0.15079575777053833,0.15079575777053833,0.15079575777053833,0.15079575777053833,5968
2018-04-04,0.1498596966266632,0.1498596966266632,0.1498596966266632,0.1498596966266632,2589
2018-04-05,0.15266966819763184,0.15266966819763184,0.15266966819763184,0.15266966819763184,811
2018-04-06,0.15266966819763184,0.15266966819763184,0.15266966819763184,0.15266966819763184,0
2018-04-09,0.16109861433506012,0.16109861433506012,0.16109861433506012,0.16109861433506012,4607
2018-04-10,0.1873224377632141,0.1873224377632141,0.1873224377632141,0.1873224377632141,431
2018-04-11,0.18732419610023499,0.18732419610023499,0.18732419610023499,0.18732419610023499,7099
2018-04-12,0.18732419610023499,0.18732419610023499,0.18732419610023499,0.18732419610023499,5039
2018-04-13,0.3746492564678192,0.3746492564678192,0.3746492564678192,0.3746492564678192,1942
2018-04-16,0.3746492564678192,0.3746492564678192,0.3746492564678192,0.3746492564678192,929
2018-04-17,0.5619743466377258,0.5619743466377258,0.5619743466377258,0.5619743466377258,2932
2018-04-18,0.5619743466377258,0.5619743466377258,0.5619743466377258,0.5619743466377258,2580
2018-04-19,0.5619743466377258,0.5619743466377258,0.5619743466377258,0.5619743466377258,2580
2018-04-20,0.5619743466377258,0.5619743466377258,0.5619743466377258,0.5619743466377258,4011
2018-04-23,0.5619743466377258,0.5619743466377258,0.5619743466377258,0.5619743466377258,1327
2018-04-24,0.5619743466377258,0.5619743466377258,0.5619743466377258,0.5619743466377258,750
2018-04-25,0.5619743466377258,0.5619743466377258,0.5619743466377258,0.5619743466377258,215
2018-04-26,0.5619743466377258,0.5619743466377258,0.5619743466377258,0.5619743466377258,4527
2018-04-27,0.5619743466377258,0.5619743466377258,0.5619743466377258,0.5619743466377258,2970
2018-04-30,0.5619743466377258,0.5619743466377258,0.5619743466377258,0.5619743466377258,206
2018-05-01,0.5619743466377258,0.5619743466377258,0.5619743466377258,0.5619743466377258,0
2018-05-02,0.5619743466377258,0.5619743466377258,0.5619743466377258,0.5619743466377258,182
2018-05-03,0.5619743466377258,0.5619743466377258,0.5619743466377258,0.5619743466377258,4931
2018-05-04,0.3746492564678192,0.3746492564678192,0.3746492564678192,0.3746492564678192,1102
2018-05-07,0.3746492564678192,0.3746492564678192,0.3746492564678192,0.3746492564678192,4631
2018-05-08,0.3746492564678192,0.3746492564678192,0.3746492564678192,0.3746492564678192,600
2018-05-09,0.3746492564678192,0.3746492564678192,0.3746492564678192,0.3746492564678192,4893
2018-05-10,0.3746492564678192,0.3746492564678192,0.3746492564678192,0.3746492564678192,0
2018-05-11,0.3746492564678192,0.3746492564678192,0.3746492564678192,0.3746492564678192,2111
2018-05-14,0.3746492564678192,0.3746492564678192,0.3746492564678192,0.3746492564678192,0
2018-05-15,0.3746492564678192,0.3746492564678192,0.3746492564678192,0.3746492564678192,3706
2018-05-16,0.5619743466377258,0.5619743466377258,0.5619743466377258,0.5619743466377258,1459
2018-05-17,0.5619743466377258,0.5619743466377258,0.5619743466377258,0.5619743466377258,93
2018-05-18,0.5619743466377258,0.5619743466377258,0.5619743466377258,0.5619743466377258,3007
2018-05-21,0.5619743466377258,0.5619743466377258,0.5619743466377258,0.5619743466377258,492
2018-05-22,0.5619743466377258,0.5619743466377258,0.5619743466377258,0.5619743466377258,4250
2018-05-23,0.5619743466377258,0.5619743466377258,0.5619743466377258,0.5619743466377258,4645
2018-05-24,0.5619743466377258,0.5619743466377258,0.5619743466377258,0.5619743466377258,10012
2018-05-25,0.7492993474006653,0.7492993474006653,0.7492993474006653,0.7492993474006653,25341
2018-05-28,0.7492993474006653,0.7492993474006653,0.7492993474006653,0.7492993474006653,7089
2018-05-29,0.9366244673728943,0.9366244673728943,0.9366244673728943,0.9366244673728943,7572
2018-05-30,0.7492993474006653,0.7492993474006653,0.7492993474006653,0.7492993474006653,93
2018-05-31,0.7492993474006653,0.7492993474006653,0.7492993474006653,0.7492993474006653,0
2018-06-01,0.7492993474006653,0.7492993474006653,0.7492993474006653,0.7492993474006653,1318
2018-06-04,0.7492993474006653,0.7492993474006653,0.7492993474006653,0.7492993474006653,1318
2018-06-05,0.7492993474006653,0.7492993474006653,0.7492993474006653,0.7492993474006653,87994
2018-06-06,0.9366244673728943,0.9366244673728943,0.9366244673728943,0.9366244673728943,2256
2018-06-07,0.9366244673728943,0.9366244673728943,0.9366244673728943,0.9366244673728943,7830
2018-06-08,0.9366244673728943,0.9366244673728943,0.9366244673728943,0.9366244673728943,1337
2018-06-11,0.9366244673728943,0.9366244673728943,0.9366244673728943,0.9366244673728943,1689
2018-06-12,0.9366244673728943,0.9366244673728943,0.9366244673728943,0.9366244673728943,628
2018-06-13,0.9366244673728943,0.9366244673728943,0.9366244673728943,0.9366244673728943,2280
2018-06-14,1.1239495277404785,1.1239495277404785,1.1239495277404785,1.1239495277404785,13147
2018-06-15,1.311274528503418,1.311274528503418,1.311274528503418,1.311274528503418,3659
2018-06-18,1.311274528503418,1.311274528503418,1.311274528503418,1.311274528503418,32947
2018-06-19,1.311274528503418,1.311274528503418,1.311274528503418,1.311274528503418,3805
2018-06-20,1.4985986948013306,1.4985986948013306,1.4985986948013306,1.4985986948013306,1717
2018-06-21,1.6859238147735596,1.6859238147735596,1.6859238147735596,1.6859238147735596,797
2018-06-22,1.6859238147735596,1.6859238147735596,1.6859238147735596,1.6859238147735596,2303
2018-06-25,1.6859238147735596,1.6859238147735596,1.6859238147735596,1.6859238147735596,1778
2018-06-26,1.8732489347457886,1.8732489347457886,1.8732489347457886,1.8732489347457886,28184
2018-06-27,2.247899055480957,2.247899055480957,2.247899055480957,2.247899055480957,22606
2018-06-28,2.247899055480957,2.247899055480957,2.247899055480957,2.247899055480957,2064
2018-06-29,2.247899055480957,2.247899055480957,2.247899055480957,2.247899055480957,0
2018-07-02,2.247899055480957,2.247899055480957,2.247899055480957,2.247899055480957,0
2018-07-03,2.4352240562438965,2.4352240562438965,2.4352240562438965,2.4352240562438965,7502
2018-07-04,2.9971983432769775,2.9971983432769775,2.9971983432769775,2.9971983432769775,172858
2018-07-05,2.9971983432769775,2.9971983432769775,2.9971983432769775,2.9971983432769775,0
2018-07-06,3.184523344039917,3.184523344039917,3.184523344039917,3.184523344039917,1820
2018-07-09,2.9971983432769775,2.9971983432769775,2.9971983432769775,2.9971983432769775,234
2018-07-10,2.622549057006836,2.622549057006836,2.622549057006836,2.622549057006836,1022
2018-07-11,2.622549057006836,2.622549057006836,2.622549057006836,2.622549057006836,2327
2018-07-12,2.622549057006836,2.622549057006836,2.622549057006836,2.622549057006836,6019
2018-07-13,2.809873580932617,2.809873580932617,2.809873580932617,2.809873580932617,2055
2018-07-16,2.809873580932617,2.809873580932617,2.809873580932617,2.809873580932617,539
2018-07-17,2.809873580932617,2.809873580932617,2.809873580932617,2.809873580932617,1890
2018-07-18,2.809873580932617,2.809873580932617,2.809873580932617,2.809873580932617,497
2018-07-19,2.809873580932617,2.809873580932617,2.809873580932617,2.809873580932617,2984
2018-07-20,2.622549057006836,2.622549057006836,2.622549057006836,2.622549057006836,1435
2018-07-23,2.809873580932617,2.809873580932617,2.809873580932617,2.809873580932617,31882
2018-07-24,2.809873580932617,2.809873580932617,2.809873580932617,2.809873580932617,0
2018-07-25,2.622549057006836,2.622549057006836,2.622549057006836,2.622549057006836,1341
2018-07-26,2.622549057006836,2.622549057006836,2.622549057006836,2.622549057006836,2970
2018-07-27,2.4352240562438965,2.4352240562438965,2.4352240562438965,2.4352240562438965,990
2018-07-30,2.247899055480957,2.247899055480957,2.247899055480957,2.247899055480957,14
2018-07-31,2.247899055480957,2.247899055480957,2.247899055480957,2.247899055480957,0
2018-08-01,2.247899055480957,2.247899055480957,2.247899055480957,2.247899055480957,2045
2018-08-02,2.247899055480957,2.247899055480957,2.247899055480957,2.247899055480957,2960
2018-08-03,2.4352240562438965,2.4352240562438965,2.4352240562438965,2.4352240562438965,1689
2018-08-06,2.809873580932617,2.809873580932617,2.809873580932617,2.809873580932617,2941
2018-08-07,2.809873580932617,2.809873580932617,2.809873580932617,2.809873580932617,2275
2018-08-08,2.9971983432769775,2.9971983432769775,2.9971983432769775,2.9971983432769775,2979
2018-08-09,2.9971983432769775,2.9971983432769775,2.9971983432769775,2.9971983432769775,1576
2018-08-10,2.9971983432769775,2.9971983432769775,2.9971983432769775,2.9971983432769775,835
2018-08-13,2.9971983432769775,2.9971983432769775,2.9971983432769775,2.9971983432769775,4096
2018-08-14,3.7464988231658936,3.7464988231658936,3.7464988231658936,3.7464988231658936,3598
2018-08-15,3.7464988231658936,3.7464988231658936,3.7464988231658936,3.7464988231658936,0
2018-08-16,6.181722640991211,6.181722640991211,6.181722640991211,6.181722640991211,1571
2018-08-17,6.181722640991211,6.181722640991211,6.181722640991211,6.181722640991211,0
2018-08-20,6.181722640991211,6.181722640991211,6.181722640991211,6.181722640991211,0
2018-08-21,0.00011777691543102264,0.00011777691543102264,0.00011777691543102264,0.00011777691543102264,511
2018-08-22,0.00013271876377984881,0.00013271876377984881,0.00013271876377984881,0.00013271876377984881,3157
2018-08-23,0.00013447663513943553,0.00013447663513943553,0.00013447663513943553,0.00013447663513943553,5245
2018-08-24,0.0001309608924202621,0.0001309608924202621,0.0001309608924202621,0.0001309608924202621,380
2018-08-27,0.0001309608924202621,0.0001309608924202621,0.0001309608924202621,0.0001309608924202621,0
2018-08-28,0.00011162440205225721,0.00011162440205225721,0.00011162440205225721,0.00011162440205225721,957
2018-08-29,8.613536192569882e-05,8.613536192569882e-05,8.613536192569882e-05,8.613536192569882e-05,37883
2018-08-30,8.613536192569882e-05,8.613536192569882e-05,8.613536192569882e-05,8.613536192569882e-05,150
2018-08-31,9.316682553617284e-05,9.316682553617284e-05,9.316682553617284e-05,9.316682553617284e-05,1745
2018-09-03,9.316682553617284e-05,9.316682553617284e-05,9.316682553617284e-05,9.316682553617284e-05,558
2018-09-04,6.855671381345019e-05,6.855671381345019e-05,6.855671381345019e-05,6.855671381345019e-05,872
2018-09-05,9.316682553617284e-05,9.316682553617284e-05,9.316682553617284e-05,9.316682553617284e-05,1121
2018-09-06,9.316682553617284e-05,9.316682553617284e-05,9.316682553617284e-05,9.316682553617284e-05,4696
2018-09-07,9.844041051110253e-05,9.844041051110253e-05,9.844041051110253e-05,9.844041051110253e-05,3899
2018-09-10,9.844041051110253e-05,9.844041051110253e-05,9.844041051110253e-05,9.844041051110253e-05,0
2018-09-11,9.844041051110253e-05,9.844041051110253e-05,9.844041051110253e-05,9.844041051110253e-05,0
2018-09-12,9.844041051110253e-05,9.844041051110253e-05,9.844041051110253e-05,9.844041051110253e-05,178
2018-09-13,9.668254642747343e-05,9.668254642747343e-05,9.668254642747343e-05,9.668254642747343e-05,3373
2018-09-14,9.668254642747343e-05,9.668254642747343e-05,9.668254642747343e-05,9.668254642747343e-05,1196
2018-09-17,9.316682553617284e-05,9.316682553617284e-05,9.316682553617284e-05,9.316682553617284e-05,1252
2018-09-18,8.349856943823397e-05,8.349856943823397e-05,8.349856943823397e-05,8.349856943823397e-05,1477
2018-09-19,8.613536192569882e-05,8.613536192569882e-05,8.613536192569882e-05,8.613536192569882e-05,2214
2018-09-20,8.613536192569882e-05,8.613536192569882e-05,8.613536192569882e-05,8.613536192569882e-05,23
2018-09-21,9.140894690062851e-05,9.140894690062851e-05,9.140894690062851e-05,9.140894690062851e-05,530
2018-09-24,8.349856943823397e-05,8.349856943823397e-05,8.349856943823397e-05,8.349856943823397e-05,469
2018-09-25,8.96510828169994e-05,8.96510828169994e-05,8.96510828169994e-05,8.96510828169994e-05,70347
2018-09-26,8.96510828169994e-05,8.96510828169994e-05,8.96510828169994e-05,8.96510828169994e-05,675
2018-09-27,8.789321145741269e-05,8.789321145741269e-05,8.789321145741269e-05,8.789321145741269e-05,1243
2018-09-28,8.96510828169994e-05,8.96510828169994e-05,8.96510828169994e-05,8.96510828169994e-05,1285
2018-10-01,0.00010107721027452499,0.00010107721027452499,0.00010107721027452499,0.00010107721027452499,4518
2018-10-02,0.00010107721027452499,0.00010107721027452499,0.00010107721027452499,0.00010107721027452499,0
2018-10-03,0.00010283506708219647,0.00010283506708219647,0.00010283506708219647,0.00010283506708219647,1787
2018-10-04,9.492468234384432e-05,9.492468234384432e-05,9.492468234384432e-05,9.492468234384432e-05,13667
2018-10-05,8.96510828169994e-05,8.96510828169994e-05,8.96510828169994e-05,8.96510828169994e-05,886
2018-10-08,8.613536192569882e-05,8.613536192569882e-05,8.613536192569882e-05,8.613536192569882e-05,642
2018-10-09,8.789321145741269e-05,8.789321145741269e-05,8.789321145741269e-05,8.789321145741269e-05,1337
2018-10-10,8.613536192569882e-05,8.613536192569882e-05,8.613536192569882e-05,8.613536192569882e-05,5391
2018-10-11,9.140894690062851e-05,9.140894690062851e-05,9.140894690062851e-05,9.140894690062851e-05,1543
2018-10-12,9.140894690062851e-05,9.140894690062851e-05,9.140894690062851e-05,9.140894690062851e-05,0
2018-10-15,9.492468234384432e-05,9.492468234384432e-05,9.492468234384432e-05,9.492468234384432e-05,3969
2018-10-16,9.492468234384432e-05,9.492468234384432e-05,9.492468234384432e-05,9.492468234384432e-05,10331
2018-10-17,9.492468234384432e-05,9.492468234384432e-05,9.492468234384432e-05,9.492468234384432e-05,262
2018-10-18,9.668254642747343e-05,9.668254642747343e-05,9.668254642747343e-05,9.668254642747343e-05,1858
2018-10-19,0.00010107721027452499,0.00010107721027452499,0.00010107721027452499,0.00010107721027452499,131
2018-10-22,9.140894690062851e-05,9.140894690062851e-05,9.140894690062851e-05,9.140894690062851e-05,1013
2018-10-23,9.140894690062851e-05,9.140894690062851e-05,9.140894690062851e-05,9.140894690062851e-05,2528
2018-10-24,9.316682553617284e-05,9.316682553617284e-05,9.316682553617284e-05,9.316682553617284e-05,7948
2018-10-25,0.00010283506708219647,0.00010283506708219647,0.00010283506708219647,0.00010283506708219647,4297
2018-10-26,0.00012129265087423846,0.00012129265087423846,0.00012129265087423846,0.00012129265087423846,2951
2018-10-29,0.00011953478679060936,0.00011953478679060936,0.00011953478679060936,0.00011953478679060936,3378
2018-10-30,0.00011426118726376444,0.00011426118726376444,0.00011426118726376444,0.00011426118726376444,178
2018-10-31,0.00011426118726376444,0.00011426118726376444,0.00011426118726376444,0.00011426118726376444,3565
2018-11-01,0.00011601904407143593,0.00011601904407143593,0.00011601904407143593,0.00011601904407143593,4499
2018-11-02,0.00011777691543102264,0.00011777691543102264,0.00011777691543102264,0.00011777691543102264,9154
2018-11-05,0.00011777691543102264,0.00011777691543102264,0.00011777691543102264,0.00011777691543102264,0
2018-11-06,0.00011953478679060936,0.00011953478679060936,0.00011953478679060936,0.00011953478679060936,4189
2018-11-07,0.00012129265087423846,0.00012129265087423846,0.00012129265087423846,0.00012129265087423846,6399
2018-11-08,0.0001309608924202621,0.0001309608924202621,0.0001309608924202621,0.0001309608924202621,4143
2018-11-09,0.00014150809147395194,0.00014150809147395194,0.00014150809147395194,0.00014150809147395194,6109
2018-11-12,0.00013975023466628045,0.00013975023466628045,0.00013975023466628045,0.00013975023466628045,3936
2018-11-13,0.00014414488396141678,0.00014414488396141678,0.00014414488396141678,0.00014414488396141678,75353
2018-11-14,0.00014590272621717304,0.00014590272621717304,0.00014590272621717304,0.00014590272621717304,408
2018-11-15,0.00014590272621717304,0.00014590272621717304,0.00014590272621717304,0.00014590272621717304,3814
2018-11-16,0.00014414488396141678,0.00014414488396141678,0.00014414488396141678,0.00014414488396141678,3045
2018-11-19,0.00013975023466628045,0.00013975023466628045,0.00013975023466628045,0.00013975023466628045,16389
2018-11-20,0.00013799236330669373,0.00013799236330669373,0.00013799236330669373,0.00013799236330669373,1707
2018-11-21,0.00013447663513943553,0.00013447663513943553,0.00013447663513943553,0.00013447663513943553,7591
2018-11-22,0.0001309608924202621,0.0001309608924202621,0.0001309608924202621,0.0001309608924202621,6043
2018-11-23,0.0001309608924202621,0.0001309608924202621,0.0001309608924202621,0.0001309608924202621,26167
2018-11-26,0.00013447663513943553,0.00013447663513943553,0.00013447663513943553,0.00013447663513943553,2716
2018-11-27,0.0001529342116555199,0.0001529342116555199,0.0001529342116555199,0.0001529342116555199,7019
2018-11-28,0.00018457576516084373,0.00018457576516084373,0.00018457576516084373,0.00018457576516084373,31488
2018-11-29,0.00018457576516084373,0.00018457576516084373,0.00018457576516084373,0.00018457576516084373,16046
2018-11-30,0.00018721255764830858,0.00018721255764830858,0.00018721255764830858,0.00018721255764830858,1745
2018-12-03,0.0002241276961285621,0.0002241276961285621,0.0002241276961285621,0.0002241276961285621,2303
2018-12-04,0.00020567013416439295,0.00020567013416439295,0.00020567013416439295,0.00020567013416439295,17989
2018-12-05,0.00020567013416439295,0.00020567013416439295,0.00020567013416439295,0.00020567013416439295,1341
2018-12-06,0.0001960018853424117,0.0001960018853424117,0.0001960018853424117,0.0001960018853424117,1445
2018-12-07,0.0001775442942744121,0.0001775442942744121,0.0001775442942744121,0.0001775442942744121,1102
2018-12-10,0.0001696339313639328,0.0001696339313639328,0.0001696339313639328,0.0001696339313639328,1384
2018-12-11,0.0001696339313639328,0.0001696339313639328,0.0001696339313639328,0.0001696339313639328,1416
2018-12-12,0.00017227072385139763,0.00017227072385139763,0.00017227072385139763,0.00017227072385139763,5442
2018-12-13,0.0001696339313639328,0.0001696339313639328,0.0001696339313639328,0.0001696339313639328,4091
2018-12-14,0.00017227072385139763,0.00017227072385139763,0.00017227072385139763,0.00017227072385139763,8347
2018-12-17,0.00017227072385139763,0.00017227072385139763,0.00017227072385139763,0.00017227072385139763,4114
2018-12-18,0.0001793021656339988,0.0001793021656339988,0.0001793021656339988,0.0001793021656339988,89368
2018-12-19,0.00018721255764830858,0.00018721255764830858,0.00018721255764830858,0.00018721255764830858,58082
2018-12-20,0.0001889704290078953,0.0001889704290078953,0.0001889704290078953,0.0001889704290078953,31647
2018-12-21,0.0001889704290078953,0.0001889704290078953,0.0001889704290078953,0.0001889704290078953,9337
2018-12-24,0.0001889704290078953,0.0001889704290078953,0.0001889704290078953,0.0001889704290078953,0
2018-12-25,0.0001889704290078953,0.0001889704290078953,0.0001889704290078953,0.0001889704290078953,0
2018-12-26,0.0002241276961285621,0.0002241276961285621,0.0002241276961285621,0.0002241276961285621,469
2018-12-27,0.00029971590265631676,0.00029971590265631676,0.00029971590265631676,0.00029971590265631676,1318
2018-12-28,0.000359483266947791,0.000359483266947791,0.000359483266947791,0.000359483266947791,72397
2018-12-31,0.000359483266947791,0.000359483266947791,0.000359483266947791,0.000359483266947791,0
2019-01-01,0.000359483266947791,0.000359483266947791,0.000359483266947791,0.000359483266947791,0
2019-01-02,0.000359483266947791,0.000359483266947791,0.000359483266947791,0.000359483266947791,0
2019-01-03,0.00043067679507657886,0.00043067679507657886,0.00043067679507657886,0.00043067679507657886,2144
2019-01-04,0.0005150542128831148,0.0005150542128831148,0.0005150542128831148,0.0005150542128831148,5930
2019-01-07,0.0006530467071570456,0.0006530467071570456,0.0006530467071570456,0.0006530467071570456,13010
2019-01-08,0.0007585185230709612,0.0007585185230709612,0.0007585185230709612,0.0007585185230709612,2453
2019-01-09,0.0007919179042801261,0.0007919179042801261,0.0007919179042801261,0.0007919179042801261,1266
2019-01-10,0.0008051018812693655,0.0008051018812693655,0.0008051018812693655,0.0008051018812693655,6231
2019-01-11,0.0012138054007664323,0.0012138054007664323,0.0012138054007664323,0.0012138054007664323,624
2019-01-14,0.0015636204043403268,0.0015636204043403268,0.0015636204043403268,0.0015636204043403268,2941
2019-01-15,0.0017789589473977685,0.0017789589473977685,0.0017789589473977685,0.0017789589473977685,81448
2019-01-16,0.001629540347494185,0.001629540347494185,0.001629540347494185,0.001629540347494185,4349
2019-01-17,0.001498579396866262,0.001498579396866262,0.001498579396866262,0.001498579396866262,624
2019-01-18,0.0014607853954657912,0.0014607853954657912,0.0014607853954657912,0.0014607853954657912,243
2019-01-21,0.001498579396866262,0.001498579396866262,0.001498579396866262,0.001498579396866262,619
2019-01-22,0.0014045336283743382,0.0014045336283743382,0.0014045336283743382,0.0014045336283743382,1154
2019-01-23,0.0014045336283743382,0.0014045336283743382,0.0014045336283743382,0.0014045336283743382,380
2019-01-24,0.0014045336283743382,0.0014045336283743382,0.0014045336283743382,0.0014045336283743382,1102
2019-01-25,0.0014045336283743382,0.0014045336283743382,0.0014045336283743382,0.0014045336283743382,4316
2019-01-28,0.0014229912776499987,0.0014229912776499987,0.0014229912776499987,0.0014229912776499987,3739
2019-01-29,0.0014045336283743382,0.0014045336283743382,0.0014045336283743382,0.0014045336283743382,839
2019-01-30,0.0012173211434856057,0.0012173211434856057,0.0012173211434856057,0.0012173211434856057,6376
2019-01-31,0.0012173211434856057,0.0012173211434856057,0.0012173211434856057,0.0012173211434856057,1604
2019-02-01,0.0010951495496556163,0.0010951495496556163,0.0010951495496556163,0.0010951495496556163,7680
2019-02-04,0.00112327525857836,0.00112327525857836,0.00112327525857836,0.00112327525857836,6090
2019-02-05,0.0013104879762977362,0.0013104879762977362,0.0013104879762977362,0.0013104879762977362,7488
2019-02-06,0.0013482820941135287,0.0013482820941135287,0.0013482820941135287,0.0013482820941135287,7465
2019-02-07,0.00132982456125319,0.00132982456125319,0.00132982456125319,0.00132982456125319,577
2019-02-08,0.0012920303270220757,0.0012920303270220757,0.0012920303270220757,0.0012920303270220757,821
2019-02-11,0.0011795270256698132,0.0011795270256698132,0.0011795270256698132,0.0011795270256698132,905
2019-02-12,0.00112327525857836,0.00112327525857836,0.00112327525857836,0.00112327525857836,21794
2019-02-13,0.0010301084257662296,0.0010301084257662296,0.0010301084257662296,0.0010301084257662296,5156
2019-02-14,0.0010951495496556163,0.0010951495496556163,0.0010951495496556163,0.0010951495496556163,10190117
2019-02-15,0.0012076528510078788,0.0012076528510078788,0.0012076528510078788,0.0012076528510078788,1149
2019-02-18,0.0012190790148451924,0.0012190790148451924,0.0012190790148451924,0.0012190790148451924,2894
2019-02-19,0.0012190790148451924,0.0012190790148451924,0.0012190790148451924,0.0012190790148451924,9332
2019-02-20,0.001215563272126019,0.001215563272126019,0.001215563272126019,0.001215563272126019,247546
2019-02-21,0.0013104879762977362,0.0013104879762977362,0.0013104879762977362,0.0013104879762977362,29090
2019-02-22,0.0016857919981703162,0.0016857919981703162,0.0016857919981703162,0.0016857919981703162,7197
2019-02-25,0.002118226606398821,0.002118226606398821,0.002118226606398821,0.002118226606398821,6672
2019-02-26,0.002116468735039234,0.002116468735039234,0.002116468735039234,0.002116468735039234,2965
2019-02-27,0.0022474294528365135,0.0022474294528365135,0.0022474294528365135,0.0022474294528365135,9196
2019-02-28,0.0022474294528365135,0.0022474294528365135,0.0022474294528365135,0.0022474294528365135,0
2019-03-01,0.0022474294528365135,0.0022474294528365135,0.0022474294528365135,0.0022474294528365135,0
2019-03-04,0.0022474294528365135,0.0022474294528365135,0.0022474294528365135,0.0022474294528365135,0
2019-03-05,0.0022474294528365135,0.0022474294528365135,0.0022474294528365135,0.0022474294528365135,0
2019-03-06,0.002621854655444622,0.002621854655444622,0.002621854655444622,0.002621854655444622,26561
2019-03-07,0.0025286879390478134,0.0025286879390478134,0.0025286879390478134,0.0025286879390478134,7413
2019-03-08,0.0025286879390478134,0.0025286879390478134,0.0025286879390478134,0.0025286879390478134,0
2019-03-11,0.0025286879390478134,0.0025286879390478134,0.0025286879390478134,0.0025286879390478134,0
2019-03-12,0.0025286879390478134,0.0025286879390478134,0.0025286879390478134,0.0025286879390478134,0
2019-03-13,0.0025286879390478134,0.0025286879390478134,0.0025286879390478134,0.0025286879390478134,0
2019-03-14,0.0020391226280480623,0.0020391226280480623,0.0020391226280480623,0.0020391226280480623,1384
2019-03-15,0.002153384033590555,0.002153384033590555,0.002153384033590555,0.002153384033590555,9041
2019-03-18,0.002153384033590555,0.002153384033590555,0.002153384033590555,0.002153384033590555,2369
2019-03-19,0.002153384033590555,0.002153384033590555,0.002153384033590555,0.002153384033590555,0
2019-03-20,0.002453099936246872,0.002453099936246872,0.002453099936246872,0.002453099936246872,94896
2019-03-21,0.0025286879390478134,0.0025286879390478134,0.0025286879390478134,0.0025286879390478134,3870
2019-03-22,0.0025286879390478134,0.0025286879390478134,0.0025286879390478134,0.0025286879390478134,4021
2019-03-25,0.0025286879390478134,0.0025286879390478134,0.0025286879390478134,0.0025286879390478134,13405
2019-03-26,0.0025286879390478134,0.0025286879390478134,0.0025286879390478134,0.0025286879390478134,0
2019-03-27,0.0025286879390478134,0.0025286879390478134,0.0025286879390478134,0.0025286879390478134,13405
2019-03-28,0.0025286879390478134,0.0025286879390478134,0.0025286879390478134,0.0025286879390478134,13405
2019-03-29,0.0025286879390478134,0.0025286879390478134,0.0025286879390478134,0.0025286879390478134,13405
2019-04-01,0.002285223687067628,0.002285223687067628,0.002285223687067628,0.002285223687067628,225
2019-04-02,0.002285223687067628,0.002285223687067628,0.002285223687067628,0.002285223687067628,43945
2019-04-03,0.0023599329870194197,0.0023599329870194197,0.0023599329870194197,0.0023599329870194197,3350
2019-04-04,0.002388058928772807,0.002388058928772807,0.002388058928772807,0.002388058928772807,2913
2019-04-05,0.00237839063629508,0.00237839063629508,0.00237839063629508,0.00237839063629508,46174
2019-04-08,0.002397727221250534,0.002397727221250534,0.002397727221250534,0.002397727221250534,1496
2019-04-09,0.002416184637695551,0.002416184637695551,0.002416184637695551,0.002416184637695551,6869
2019-04-10,0.0024346422869712114,0.0024346422869712114,0.0024346422869712114,0.0024346422869712114,5836
2019-04-11,0.0026411914732307196,0.0026411914732307196,0.0026411914732307196,0.0026411914732307196,36208
2019-04-12,0.0028468614909797907,0.0028468614909797907,0.0028468614909797907,0.0028468614909797907,7605
2019-04-15,0.0028468614909797907,0.0028468614909797907,0.0028468614909797907,0.0028468614909797907,0
2019-04-16,0.0028468614909797907,0.0028468614909797907,0.0028468614909797907,0.0028468614909797907,0
2019-04-17,0.0028468614909797907,0.0028468614909797907,0.0028468614909797907,0.0028468614909797907,0
2019-04-18,0.0028468614909797907,0.0028468614909797907,0.0028468614909797907,0.0028468614909797907,0
2019-04-19,0.0028468614909797907,0.0028468614909797907,0.0028468614909797907,0.0028468614909797907,0
2019-04-22,0.0033715839963406324,0.0033715839963406324,0.0033715839963406324,0.0033715839963406324,97669
2019-04-23,0.00430764677003026,0.00430764677003026,0.00430764677003026,0.00430764677003026,6048
2019-04-24,0.004373566713184118,0.004373566713184118,0.004373566713184118,0.004373566713184118,3120
2019-04-25,0.004401692654937506,0.004401692654937506,0.004401692654937506,0.004401692654937506,18988
2019-04-26,0.005304356105625629,0.005304356105625629,0.005304356105625629,0.005304356105625629,14277
2019-04-29,0.006181530188769102,0.006181530188769102,0.006181530188769102,0.006181530188769102,11101
2019-04-30,0.006181530188769102,0.006181530188769102,0.006181530188769102,0.006181530188769102,0
2019-05-01,0.006181530188769102,0.006181530188769102,0.006181530188769102,0.006181530188769102,0
2019-05-02,0.00561901368200779,0.00561901368200779,0.00561901368200779,0.00561901368200779,1637
2019-05-03,0.005244588945060968,0.005244588945060968,0.005244588945060968,0.005244588945060968,1201
2019-05-06,0.003933222033083439,0.003933222033083439,0.003933222033083439,0.003933222033083439,9632
2019-05-07,0.003933222033083439,0.003933222033083439,0.003933222033083439,0.003933222033083439,0
2019-05-08,0.004495738539844751,0.004495738539844751,0.004495738539844751,0.004495738539844751,12799
2019-05-09,0.004682951141148806,0.004682951141148806,0.004682951141148806,0.004682951141148806,1623
2019-05-10,0.004682951141148806,0.004682951141148806,0.004682951141148806,0.004682951141148806,0
2019-05-13,0.005019581876695156,0.005019581876695156,0.005019581876695156,0.005019581876695156,6146
2019-05-14,0.005057375878095627,0.005057375878095627,0.005057375878095627,0.005057375878095627,5362
2019-05-15,0.005057375878095627,0.005057375878095627,0.005057375878095627,0.005057375878095627,4358
2019-05-16,0.005113627761602402,0.005113627761602402,0.005113627761602402,0.005113627761602402,10618
2019-05-17,0.005338634829968214,0.005338634829968214,0.005338634829968214,0.005338634829968214,5001
2019-05-20,0.005338634829968214,0.005338634829968214,0.005338634829968214,0.005338634829968214,0
2019-05-21,0.005057375878095627,0.005057375878095627,0.005057375878095627,0.005057375878095627,4185
2019-05-22,0.004795454442501068,0.004795454442501068,0.004795454442501068,0.004795454442501068,586
2019-05-23,0.004795454442501068,0.004795454442501068,0.004795454442501068,0.004795454442501068,234
2019-05-24,0.004795454442501068,0.004795454442501068,0.004795454442501068,0.004795454442501068,4
2019-05-27,0.00475765997543931,0.00475765997543931,0.00475765997543931,0.00475765997543931,3964
2019-05-28,0.004682951141148806,0.004682951141148806,0.004682951141148806,0.004682951141148806,7225
2019-05-29,0.00475765997543931,0.00475765997543931,0.00475765997543931,0.00475765997543931,5789
2019-05-30,0.00475765997543931,0.00475765997543931,0.00475765997543931,0.00475765997543931,1515
2019-05-31,0.004495738539844751,0.004495738539844751,0.004495738539844751,0.004495738539844751,1994
2019-06-03,0.004495738539844751,0.004495738539844751,0.004495738539844751,0.004495738539844751,0
2019-06-04,0.004588904790580273,0.004588904790580273,0.004588904790580273,0.004588904790580273,2998
2019-06-05,0.004588904790580273,0.004588904790580273,0.004588904790580273,0.004588904790580273,304
2019-06-06,0.0041204337030649185,0.0041204337030649185,0.0041204337030649185,0.0041204337030649185,6596
2019-06-07,0.0041204337030649185,0.0041204337030649185,0.0041204337030649185,0.0041204337030649185,905
2019-06-10,0.00385851226747036,0.00385851226747036,0.00385851226747036,0.00385851226747036,633
2019-06-11,0.0037460087332874537,0.0037460087332874537,0.0037460087332874537,0.0037460087332874537,1933
2019-06-12,0.003933222033083439,0.003933222033083439,0.003933222033083439,0.003933222033083439,9632
2019-06-13,0.0041204337030649185,0.0041204337030649185,0.0041204337030649185,0.0041204337030649185,7282
2019-06-14,0.004495738539844751,0.004495738539844751,0.004495738539844751,0.004495738539844751,94750
2019-06-17,0.004495738539844751,0.004495738539844751,0.004495738539844751,0.004495738539844751,0
2019-06-18,0.004495738539844751,0.004495738539844751,0.004495738539844751,0.004495738539844751,73125
2019-06-19,0.004495738539844751,0.004495738539844751,0.004495738539844751,0.004495738539844751,8135
2019-06-20,0.004682951141148806,0.004682951141148806,0.004682951141148806,0.004682951141148806,39591
2019-06-21,0.00487016374245286,0.00487016374245286,0.00487016374245286,0.00487016374245286,16853
2019-06-24,0.00487016374245286,0.00487016374245286,0.00487016374245286,0.00487016374245286,0
2019-06-25,0.004963329993188381,0.004963329993188381,0.004963329993188381,0.004963329993188381,3580
2019-06-26,0.004878952633589506,0.004878952633589506,0.004878952633589506,0.004878952633589506,3570
2019-06-27,0.004916747100651264,0.004916747100651264,0.004916747100651264,0.004916747100651264,12616
2019-06-28,0.005244588945060968,0.005244588945060968,0.005244588945060968,0.005244588945060968,5320
2019-07-01,0.005263045895844698,0.005263045895844698,0.005263045895844698,0.005263045895844698,8234
2019-07-02,0.005244588945060968,0.005244588945060968,0.005244588945060968,0.005244588945060968,3716
2019-07-03,0.005572430323809385,0.005572430323809385,0.005572430323809385,0.005572430323809385,36410
2019-07-04,0.005574188195168972,0.005574188195168972,0.005574188195168972,0.005574188195168972,10965
2019-07-05,0.005574188195168972,0.005574188195168972,0.005574188195168972,0.005574188195168972,0
2019-07-08,0.005244588945060968,0.005244588945060968,0.005244588945060968,0.005244588945060968,7906
2019-07-09,0.005394886713474989,0.005394886713474989,0.005394886713474989,0.005394886713474989,160269
2019-07-10,0.005300840362906456,0.005300840362906456,0.005300840362906456,0.005300840362906456,4668
2019-07-11,0.005431801080703735,0.005431801080703735,0.005431801080703735,0.005431801080703735,4588
2019-07-12,0.00561901368200779,0.00561901368200779,0.00561901368200779,0.00561901368200779,3655
2019-07-15,0.005713059566915035,0.005713059566915035,0.005713059566915035,0.005713059566915035,3575
2019-07-16,0.006274696905165911,0.006274696905165911,0.006274696905165911,0.006274696905165911,103604
2019-07-17,0.007117592729628086,0.007117592729628086,0.007117592729628086,0.007117592729628086,5677
2019-07-18,0.00730480533093214,0.00730480533093214,0.00730480533093214,0.00730480533093214,4926
2019-07-19,0.007211639080196619,0.007211639080196619,0.007211639080196619,0.007211639080196619,3631
2019-07-22,0.007117592729628086,0.007117592729628086,0.007117592729628086,0.007117592729628086,15957
2019-07-23,0.007117592729628086,0.007117592729628086,0.007117592729628086,0.007117592729628086,0
2019-07-24,0.007117592729628086,0.007117592729628086,0.007117592729628086,0.007117592729628086,0
2019-07-25,0.007024426478892565,0.007024426478892565,0.007024426478892565,0.007024426478892565,1933
2019-07-26,0.007117592729628086,0.007117592729628086,0.007117592729628086,0.007117592729628086,10984
2019-07-29,0.007117592729628086,0.007117592729628086,0.007117592729628086,0.007117592729628086,4795
2019-07-30,0.007117592729628086,0.007117592729628086,0.007117592729628086,0.007117592729628086,4133
2019-07-31,0.007398851681500673,0.007398851681500673,0.007398851681500673,0.007398851681500673,2500
2019-08-01,0.007211639080196619,0.007211639080196619,0.007211639080196619,0.007211639080196619,1618
2019-08-02,0.007492898032069206,0.007492898032069206,0.007492898032069206,0.007492898032069206,100854
2019-08-05,0.008428960107266903,0.008428960107266903,0.008428960107266903,0.008428960107266903,3486
2019-08-06,0.010114751756191254,0.010114751756191254,0.010114751756191254,0.010114751756191254,4893
2019-08-07,0.011051693931221962,0.011051693931221962,0.011051693931221962,0.011051693931221962,3945
2019-08-08,0.011051693931221962,0.011051693931221962,0.011051693931221962,0.011051693931221962,0
2019-08-09,0.01404885295778513,0.01404885295778513,0.01404885295778513,0.01404885295778513,4879
2019-08-12,0.015921857208013535,0.015921857208013535,0.015921857208013535,0.015921857208013535,9294
2019-08-13,0.01573464274406433,0.01573464274406433,0.01573464274406433,0.01573464274406433,6939
2019-08-14,0.01629715971648693,0.01629715971648693,0.01629715971648693,0.01629715971648693,961
2019-08-15,0.01573464274406433,0.01573464274406433,0.01573464274406433,0.01573464274406433,3021
2019-08-16,0.015697728842496872,0.015697728842496872,0.015697728842496872,0.015697728842496872,403
2019-08-19,0.015697728842496872,0.015697728842496872,0.015697728842496872,0.015697728842496872,0
2019-08-20,0.015622141771018505,0.015622141771018505,0.015622141771018505,0.015622141771018505,2369
2019-08-21,0.015173008665442467,0.015173008665442467,0.015173008665442467,0.015173008665442467,3289
2019-08-22,0.01573464274406433,0.01573464274406433,0.01573464274406433,0.01573464274406433,1698
2019-08-23,0.015547432005405426,0.015547432005405426,0.015547432005405426,0.015547432005405426,1660
2019-08-26,0.015641478821635246,0.015641478821635246,0.015641478821635246,0.015641478821635246,886
2019-08-27,0.015641478821635246,0.015641478821635246,0.015641478821635246,0.015641478821635246,96801
2019-08-28,0.01573464274406433,0.01573464274406433,0.01573464274406433,0.01573464274406433,7704
2019-08-29,0.017608527094125748,0.017608527094125748,0.017608527094125748,0.017608527094125748,6991
2019-08-30,0.02060568705201149,0.02060568705201149,0.02060568705201149,0.02060568705201149,1534
2019-09-02,0.021728962659835815,0.021728962659835815,0.021728962659835815,0.021728962659835815,5095
2019-09-03,0.02154175005853176,0.02154175005853176,0.02154175005853176,0.02154175005853176,10486
2019-09-04,0.02154175005853176,0.02154175005853176,0.02154175005853176,0.02154175005853176,5935
2019-09-05,0.02154175005853176,0.02154175005853176,0.02154175005853176,0.02154175005853176,2627
2019-09-06,0.021354539319872856,0.021354539319872856,0.021354539319872856,0.021354539319872856,3533
2019-09-09,0.02154175005853176,0.02154175005853176,0.02154175005853176,0.02154175005853176,1351
2019-09-10,0.02154175005853176,0.02154175005853176,0.02154175005853176,0.02154175005853176,107
2019-09-11,0.021354539319872856,0.021354539319872856,0.021354539319872856,0.021354539319872856,159
2019-09-12,0.01966874487698078,0.01966874487698078,0.01966874487698078,0.01966874487698078,300
2019-09-13,0.017420435324311256,0.017420435324311256,0.017420435324311256,0.017420435324311256,3537
2019-09-17,0.017420435324311256,0.017420435324311256,0.017420435324311256,0.017420435324311256,3537
2019-09-18,0.014985796064138412,0.014985796064138412,0.014985796064138412,0.014985796064138412,5832
2019-09-19,0.013674427755177021,0.013674427755177021,0.013674427755177021,0.013674427755177021,595
2019-09-20,0.014985796064138412,0.014985796064138412,0.014985796064138412,0.014985796064138412,2163
2019-09-23,0.014985796064138412,0.014985796064138412,0.014985796064138412,0.014985796064138412,2721
2019-09-24,0.015921857208013535,0.015921857208013535,0.015921857208013535,0.015921857208013535,1965
2019-09-25,0.015173008665442467,0.015173008665442467,0.015173008665442467,0.015173008665442467,3603
2019-09-26,0.015547432005405426,0.015547432005405426,0.015547432005405426,0.015547432005405426,3608
2019-09-27,0.015360219404101372,0.015360219404101372,0.015360219404101372,0.015360219404101372,412
2019-09-30,0.014704535715281963,0.014704535715281963,0.014704535715281963,0.014704535715281963,3340
2019-10-01,0.014704535715281963,0.014704535715281963,0.014704535715281963,0.014704535715281963,5067
2019-10-02,0.01404885295778513,0.01404885295778513,0.01404885295778513,0.01404885295778513,3204
2019-10-03,0.013674427755177021,0.013674427755177021,0.013674427755177021,0.013674427755177021,553
2019-10-04,0.014798583462834358,0.014798583462834358,0.014798583462834358,0.014798583462834358,1454
2019-10-07,0.015173008665442467,0.015173008665442467,0.015173008665442467,0.015173008665442467,2439
2019-10-08,0.015921857208013535,0.015921857208013535,0.015921857208013535,0.015921857208013535,2909
2019-10-09,0.01657753996551037,0.01657753996551037,0.01657753996551037,0.01657753996551037,8323
2019-10-10,0.016764752566814423,0.016764752566814423,0.016764752566814423,0.016764752566814423,1520
2019-10-11,0.015921857208013535,0.015921857208013535,0.015921857208013535,0.015921857208013535,1909
2019-10-14,0.0158286914229393,0.0158286914229393,0.0158286914229393,0.0158286914229393,2026
2019-10-15,0.015547432005405426,0.015547432005405426,0.015547432005405426,0.015547432005405426,5541
2019-10-16,0.015173008665442467,0.015173008665442467,0.015173008665442467,0.015173008665442467,1224
2019-10-17,0.014891749247908592,0.014891749247908592,0.014891749247908592,0.014891749247908592,286
2019-10-18,0.013111911714076996,0.013111911714076996,0.013111911714076996,0.013111911714076996,8792
2019-10-21,0.013111911714076996,0.013111911714076996,0.013111911714076996,0.013111911714076996,10327
2019-10-22,0.012924699112772942,0.012924699112772942,0.012924699112772942,0.012924699112772942,6240
2019-10-23,0.01404885295778513,0.01404885295778513,0.01404885295778513,0.01404885295778513,248
2019-10-24,0.014798583462834358,0.014798583462834358,0.014798583462834358,0.014798583462834358,1036
2019-10-25,0.014798583462834358,0.014798583462834358,0.014798583462834358,0.014798583462834358,3913
2019-10-28,0.014629826880991459,0.014629826880991459,0.014629826880991459,0.014629826880991459,792
2019-10-29,0.015360219404101372,0.015360219404101372,0.015360219404101372,0.015360219404101372,5048
2019-10-30,0.015360219404101372,0.015360219404101372,0.015360219404101372,0.015360219404101372,4579
2019-10-31,0.013487215153872967,0.013487215153872967,0.013487215153872967,0.013487215153872967,755
2019-11-01,0.013674427755177021,0.013674427755177021,0.013674427755177021,0.013674427755177021,71060
2019-11-05,0.013674427755177021,0.013674427755177021,0.013674427755177021,0.013674427755177021,3157
2019-11-06,0.01404885295778513,0.01404885295778513,0.01404885295778513,0.01404885295778513,980
2019-11-07,0.015360219404101372,0.015360219404101372,0.015360219404101372,0.015360219404101372,4663
2019-11-08,0.015921857208013535,0.015921857208013535,0.015921857208013535,0.015921857208013535,3077
2019-11-11,0.017233222723007202,0.017233222723007202,0.017233222723007202,0.017233222723007202,6967
2019-11-12,0.0172710157930851,0.0172710157930851,0.0172710157930851,0.0172710157930851,4898
2019-11-13,0.018731804564595222,0.018731804564595222,0.018731804564595222,0.018731804564595222,7572
2019-11-14,0.018731804564595222,0.018731804564595222,0.018731804564595222,0.018731804564595222,8501
2019-11-15,0.01629715971648693,0.01629715971648693,0.01629715971648693,0.01629715971648693,215
2019-11-18,0.018357379361987114,0.018357379361987114,0.018357379361987114,0.018357379361987114,1421
2019-11-19,0.018723014742136,0.018723014742136,0.018723014742136,0.018723014742136,2111
2019-11-20,0.018544591963291168,0.018544591963291168,0.018544591963291168,0.018544591963291168,1867
2019-11-21,0.017046010121703148,0.017046010121703148,0.017046010121703148,0.017046010121703148,774
2019-11-22,0.018731804564595222,0.018731804564595222,0.018731804564595222,0.018731804564595222,1032
2019-11-25,0.018731804564595222,0.018731804564595222,0.018731804564595222,0.018731804564595222,104416
2019-11-26,0.017795737832784653,0.017795737832784653,0.017795737832784653,0.017795737832784653,1510
2019-11-27,0.019761912524700165,0.019761912524700165,0.019761912524700165,0.019761912524700165,14010
2019-11-28,0.019950004294514656,0.019950004294514656,0.019950004294514656,0.019950004294514656,2496
2019-11-29,0.02098011039197445,0.02098011039197445,0.02098011039197445,0.02098011039197445,6620
2019-12-02,0.021354539319872856,0.021354539319872856,0.021354539319872856,0.021354539319872856,2937
2019-12-03,0.02154175005853176,0.02154175005853176,0.02154175005853176,0.02154175005853176,2608
2019-12-04,0.021823009476065636,0.021823009476065636,0.021823009476065636,0.021823009476065636,6812
2019-12-05,0.02154175005853176,0.02154175005853176,0.02154175005853176,0.02154175005853176,516
2019-12-06,0.021354539319872856,0.021354539319872856,0.021354539319872856,0.021354539319872856,173
2019-12-09,0.01966874487698078,0.01966874487698078,0.01966874487698078,0.01966874487698078,8942
2019-12-10,0.018357379361987114,0.018357379361987114,0.018357379361987114,0.018357379361987114,2693
2019-12-11,0.017795737832784653,0.017795737832784653,0.017795737832784653,0.017795737832784653,3378
2019-12-12,0.017608527094125748,0.017608527094125748,0.017608527094125748,0.017608527094125748,9294
2019-12-13,0.01802953891456127,0.01802953891456127,0.01802953891456127,0.01802953891456127,3570
2019-12-16,0.01807611994445324,0.01807611994445324,0.01807611994445324,0.01807611994445324,1858
2019-12-17,0.017608527094125748,0.017608527094125748,0.017608527094125748,0.017608527094125748,2557
2019-12-18,0.018731804564595222,0.018731804564595222,0.018731804564595222,0.018731804564595222,7230
2019-12-19,0.02154175005853176,0.02154175005853176,0.02154175005853176,0.02154175005853176,2463
2019-12-20,0.02247869223356247,0.02247869223356247,0.02247869223356247,0.02247869223356247,11232
2019-12-23,0.02154175005853176,0.02154175005853176,0.02154175005853176,0.02154175005853176,210901
2019-12-26,0.02154175005853176,0.02154175005853176,0.02154175005853176,0.02154175005853176,3659
2019-12-27,0.022665904834866524,0.022665904834866524,0.022665904834866524,0.022665904834866524,1285
2019-12-30,0.0249142125248909,0.0249142125248909,0.0249142125248909,0.0249142125248909,6259
2020-01-02,0.02397727034986019,0.02397727034986019,0.02397727034986019,0.02397727034986019,3199
2020-01-03,0.027161642909049988,0.027161642909049988,0.027161642909049988,0.027161642909049988,7685
2020-01-07,0.027725914493203163,0.027725914493203163,0.027725914493203163,0.027725914493203163,6320
2020-01-08,0.029971592128276825,0.029971592128276825,0.029971592128276825,0.029971592128276825,11167
2020-01-09,0.034186068922281265,0.034186068922281265,0.034186068922281265,0.034186068922281265,107161
2020-01-10,0.036527544260025024,0.036527544260025024,0.036527544260025024,0.036527544260025024,2317
2020-01-13,0.03840143233537674,0.03840143233537674,0.03840143233537674,0.03840143233537674,1477
2020-01-14,0.03765169903635979,0.03765169903635979,0.03765169903635979,0.03765169903635979,4462
2020-01-15,0.038120169192552567,0.038120169192552567,0.038120169192552567,0.038120169192552567,1778
2020-01-16,0.03840143233537674,0.03840143233537674,0.03840143233537674,0.03840143233537674,577
2020-01-17,0.038391757756471634,0.038391757756471634,0.038391757756471634,0.038391757756471634,1731
2020-01-21,0.035591475665569305,0.035591475665569305,0.035591475665569305,0.035591475665569305,11087
2020-01-22,0.037464484572410583,0.037464484572410583,0.037464484572410583,0.037464484572410583,13409
2020-01-23,0.037464484572410583,0.037464484572410583,0.037464484572410583,0.037464484572410583,2838
2020-01-24,0.032219018787145615,0.032219018787145615,0.032219018787145615,0.032219018787145615,18
2020-01-27,0.03184458985924721,0.03184458985924721,0.03184458985924721,0.03184458985924721,577
2020-01-28,0.029971592128276825,0.029971592128276825,0.029971592128276825,0.029971592128276825,670
2020-01-29,0.0328746996819973,0.0328746996819973,0.0328746996819973,0.0328746996819973,5067
2020-01-30,0.036527544260025024,0.036527544260025024,0.036527544260025024,0.036527544260025024,764
2020-01-31,0.03840143233537674,0.03840143233537674,0.03840143233537674,0.03840143233537674,3664
2020-02-03,0.03933748975396156,0.03933748975396156,0.03933748975396156,0.03933748975396156,5653
2020-02-04,0.038963060826063156,0.038963060826063156,0.038963060826063156,0.038963060826063156,14779
2020-02-05,0.03877585381269455,0.03877585381269455,0.03877585381269455,0.03877585381269455,6165
2020-02-06,0.037464484572410583,0.037464484572410583,0.037464484572410583,0.037464484572410583,2392
2020-02-07,0.038963060826063156,0.038963060826063156,0.038963060826063156,0.038963060826063156,2388
2020-02-10,0.03840143233537674,0.03840143233537674,0.03840143233537674,0.03840143233537674,1290
2020-02-11,0.03877585381269455,0.03877585381269455,0.03877585381269455,0.03877585381269455,2589
2020-02-12,0.03840143233537674,0.03840143233537674,0.03840143233537674,0.03840143233537674,492
2020-02-13,0.03840143233537674,0.03840143233537674,0.03840143233537674,0.03840143233537674,0
2020-02-14,0.03840143233537674,0.03840143233537674,0.03840143233537674,0.03840143233537674,0
2020-02-17,0.03783890977501869,0.03783890977501869,0.03783890977501869,0.03783890977501869,811
2020-02-18,0.035404272377491,0.035404272377491,0.035404272377491,0.035404272377491,609
2020-02-19,0.035217054188251495,0.035217054188251495,0.035217054188251495,0.035217054188251495,110023
2020-02-20,0.035217054188251495,0.035217054188251495,0.035217054188251495,0.035217054188251495,110023
2020-02-21,0.035217054188251495,0.035217054188251495,0.035217054188251495,0.035217054188251495,0
2020-02-26,0.028098583221435547,0.028098583221435547,0.028098583221435547,0.028098583221435547,6601
2020-02-27,0.027911372482776642,0.02791137248277664,0.02791137248277664,0.02791137248277664,4814
2020-02-28,0.029034648090600967,0.029034648090600967,0.029034648090600967,0.029034648090600967,2740
2020-03-02,0.027723278850317,0.027723278850317,0.027723278850317,0.027723278850317,12302
2020-03-03,0.027161642909049988,0.027161642909049988,0.027161642909049988,0.027161642909049988,1426
2020-03-04,0.028098583221435547,0.028098583221435547,0.028098583221435547,0.028098583221435547,717
2020-03-05,0.027723278850317,0.027723278850317,0.027723278850317,0.027723278850317,478
2020-03-06,0.027723278850317,0.027723278850317,0.027723278850317,0.027723278850317,0
2020-03-09,0.028004538267850876,0.028004538267850876,0.028004538267850876,0.028004538267850876,483
2020-03-10,0.027723278850317,0.027723278850317,0.027723278850317,0.027723278850317,6395
2020-03-11,0.027723278850317,0.027723278850317,0.027723278850317,0.027723278850317,1750
2020-03-12,0.028098583221435547,0.028098583221435547,0.028098583221435547,0.028098583221435547,1576
2020-03-13,0.028098583221435547,0.028098583221435547,0.028098583221435547,0.028098583221435547,8234
2020-03-16,0.02622470073401928,0.02622470073401928,0.02622470073401928,0.02622470073401928,248
2020-03-17,0.027161642909049988,0.027161642909049988,0.027161642909049988,0.027161642909049988,1074
2020-03-18,0.027159882709383965,0.027159882709383965,0.027159882709383965,0.027159882709383965,2228
2020-03-20,0.02622470073401928,0.02622470073401928,0.02622470073401928,0.02622470073401928,1604
2020-03-23,0.025101425126194954,0.025101425126194954,0.025101425126194954,0.025101425126194954,558
2020-03-24,0.023790059611201286,0.023790059611201286,0.023790059611201286,0.023790059611201286,6911
2020-03-25,0.0243516955524683,0.0243516955524683,0.0243516955524683,0.0243516955524683,239
2020-03-26,0.0243516955524683,0.0243516955524683,0.0243516955524683,0.0243516955524683,243
2020-03-27,0.0243516955524683,0.0243516955524683,0.0243516955524683,0.0243516955524683,4344
2020-03-30,0.029034648090600967,0.029034648090600967,0.029034648090600967,0.029034648090600967,1083
2020-03-31,0.029034648090600967,0.029034648090600967,0.029034648090600967,0.029034648090600967,1055
2020-04-01,0.03484174981713295,0.03484174981713295,0.03484174981713295,0.03484174981713295,2125
2020-04-02,0.03783890977501869,0.03783890977501869,0.03783890977501869,0.03783890977501869,1351
2020-04-03,0.03933748975396156,0.03933748975396156,0.03933748975396156,0.03933748975396156,1191
2020-04-06,0.04739290475845337,0.04739290475845337,0.04739290475845337,0.04739290475845337,12555
2020-04-07,0.04870427027344704,0.04870427027344704,0.04870427027344704,0.04870427027344704,4208
2020-04-08,0.05994318425655365,0.05994318425655365,0.05994318425655365,0.05994318425655365,8623
2020-04-13,0.0749298483133316,0.0749298483133316,0.0749298483133316,0.0749298483133316,5935
2020-04-14,0.07867585867643356,0.07867585867643356,0.07867585867643356,0.07867585867643356,121950
2020-04-15,0.07867585867643356,0.07867585867643356,0.07867585867643356,0.07867585867643356,79
2020-04-16,0.0749298483133316,0.0749298483133316,0.0749298483133316,0.0749298483133316,319
2020-04-17,0.07024601846933365,0.07024601846933365,0.07024601846933365,0.07024601846933365,1797
2020-04-20,0.07858268916606903,0.07858268916606903,0.07858268916606903,0.07858268916606903,2655
2020-04-21,0.0786389485001564,0.0786389485001564,0.0786389485001564,0.0786389485001564,2646
2020-04-22,0.08242274820804596,0.08242274820804596,0.08242274820804596,0.08242274820804596,1187
2020-04-23,0.08804264664649963,0.08804264664649963,0.08804264664649963,0.08804264664649963,98
2020-04-24,0.07867585867643356,0.07867585867643356,0.07867585867643356,0.07867585867643356,2561
2020-04-27,0.07867585867643356,0.07867585867643356,0.07867585867643356,0.07867585867643356,1721
2020-04-28,0.07867585867643356,0.07867585867643356,0.07867585867643356,0.07867585867643356,1745
2020-04-29,0.07961279898881912,0.07961279898881912,0.07961279898881912,0.07961279898881912,844
2020-04-30,0.08054886013269424,0.08054886013269424,0.08054886013269424,0.08054886013269424,1032
2020-05-04,0.08616875857114792,0.08616875857114792,0.08616875857114792,0.08616875857114792,5236
2020-05-05,0.08897870033979416,0.08897870033979416,0.08897870033979416,0.08897870033979416,1773
2020-05-06,0.08897870033979416,0.08897870033979416,0.08897870033979416,0.08897870033979416,10115
2020-05-07,0.09253837913274765,0.09253837913274765,0.09253837913274765,0.09253837913274765,1736
2020-05-08,0.09366165101528168,0.09366165101528168,0.09366165101528168,0.09366165101528168,2064
2020-05-11,0.09384974837303162,0.09384974837303162,0.09384974837303162,0.09384974837303162,2768
2020-05-12,0.09384974837303162,0.09384974837303162,0.09384974837303162,0.09384974837303162,1947
2020-05-13,0.08991564065217972,0.08991564065217972,0.08991564065217972,0.08991564065217972,1022
2020-05-14,0.0749298483133316,0.0749298483133316,0.0749298483133316,0.0749298483133316,1346
2020-05-15,0.07961279898881912,0.07961279898881912,0.07961279898881912,0.07961279898881912,2392
2020-05-18,0.08054886013269424,0.08054886013269424,0.08054886013269424,0.08054886013269424,971
2020-05-19,0.08242274820804596,0.08242274820804596,0.08242274820804596,0.08242274820804596,11481
2020-05-20,0.08238494396209717,0.08238494396209717,0.08238494396209717,0.08238494396209717,5048
2020-05-21,0.08242274820804596,0.08242274820804596,0.08242274820804596,0.08242274820804596,586
2020-05-22,0.08279716968536377,0.08279716968536377,0.08279716968536377,0.08279716968536377,2402
2020-05-26,0.07961279898881912,0.07961279898881912,0.07961279898881912,0.07961279898881912,483
2020-05-27,0.08335881680250168,0.08335881680250168,0.08335881680250168,0.08335881680250168,1534
2020-05-28,0.0852326974272728,0.0852326974272728,0.0852326974272728,0.0852326974272728,123212
2020-05-29,0.09366165101528168,0.09366165101528168,0.09366165101528168,0.09366165101528168,5334
2020-06-01,0.09366165101528168,0.09366165101528168,0.09366165101528168,0.09366165101528168,1628
2020-06-02,0.09834548085927963,0.09834548085927963,0.09834548085927963,0.09834548085927963,6231
2020-06-03,0.09928154945373535,0.09928154945373535,0.09928154945373535,0.09928154945373535,886
2020-06-04,0.09928154945373535,0.09928154945373535,0.09928154945373535,0.09928154945373535,2697
2020-06-05,0.09834548085927963,0.09834548085927963,0.09834548085927963,0.09834548085927963,178
2020-06-08,0.09366165101528168,0.09366165101528168,0.09366165101528168,0.09366165101528168,15169
2020-06-09,0.09366165101528168,0.09366165101528168,0.09366165101528168,0.09366165101528168,75
2020-06-10,0.09085258841514587,0.09085258841514587,0.09085258841514587,0.09085258841514587,459
2020-06-11,0.091788649559021,0.091788649559021,0.091788649559021,0.091788649559021,311878
2020-06-12,0.09291280061006546,0.09291280061006546,0.09291280061006546,0.09291280061006546,882
2020-06-16,0.09366165101528168,0.09366165101528168,0.09366165101528168,0.09366165101528168,311629
2020-06-17,0.09347444027662277,0.09347444027662277,0.09347444027662277,0.09347444027662277,6315
2020-06-18,0.09459859877824783,0.09459859877824783,0.09459859877824783,0.09459859877824783,2557
2020-06-19,0.08450142294168472,0.08450142294168472,0.08450142294168472,0.08450142294168472,262
2020-06-22,0.09366165101528168,0.09366165101528168,0.09366165101528168,0.09366165101528168,750
2020-06-23,0.09272559732198715,0.09272559732198715,0.09272559732198715,0.09272559732198715,107
2020-06-25,0.09272559732198715,0.09272559732198715,0.09272559732198715,0.09272559732198715,4030
2020-06-26,0.091788649559021,0.091788649559021,0.091788649559021,0.091788649559021,2017
2020-06-30,0.09085258841514587,0.09085258841514587,0.09085258841514587,0.09085258841514587,15605
2020-07-01,0.09085258841514587,0.09085258841514587,0.09085258841514587,0.09085258841514587,5283
2020-07-02,0.08991564065217972,0.08991564065217972,0.08991564065217972,0.08991564065217972,2008
2020-07-03,0.08897870033979416,0.08897870033979416,0.08897870033979416,0.08897870033979416,619
2020-07-06,0.08429574966430664,0.08429574966430664,0.08429574966430664,0.08429574966430664,234
2020-07-07,0.08429574966430664,0.08429574966430664,0.08429574966430664,0.08429574966430664,351
2020-07-08,0.08616875857114792,0.08616875857114792,0.08616875857114792,0.08616875857114792,516
2020-07-09,0.08991564065217972,0.08991564065217972,0.08991564065217972,0.08991564065217972,731
2020-07-10,0.091788649559021,0.091788649559021,0.091788649559021,0.091788649559021,1618
2020-07-13,0.08991564065217972,0.08991564065217972,0.08991564065217972,0.08991564065217972,5086
2020-07-14,0.09066449105739594,0.09066449105739594,0.09066449105739594,0.09066449105739594,1088
2020-07-15,0.0852326974272728,0.0852326974272728,0.0852326974272728,0.0852326974272728,2280
2020-07-16,0.09122700989246368,0.09122700989246368,0.09122700989246368,0.09122700989246368,1731
2020-07-17,0.09122700989246368,0.09122700989246368,0.09122700989246368,0.09122700989246368,2711
2020-07-20,0.09272559732198715,0.09272559732198715,0.09272559732198715,0.09272559732198715,1191
2020-07-21,0.09291280061006546,0.09291280061006546,0.09291280061006546,0.09291280061006546,1942
2020-07-22,0.09834548085927963,0.09834548085927963,0.09834548085927963,0.09834548085927963,3870
2020-07-23,0.09834548085927963,0.09834548085927963,0.09834548085927963,0.09834548085927963,4875
2020-07-27,0.09647160023450851,0.09647160023450851,0.09647160023450851,0.09647160023450851,1970
2020-07-28,0.09647160023450851,0.09647160023450851,0.09647160023450851,0.09647160023450851,1665
2020-07-29,0.09647160023450851,0.09647160023450851,0.09647160023450851,0.09647160023450851,3195
2020-07-30,0.10209149867296219,0.10209149867296219,0.10209149867296219,0.10209149867296219,2219
2020-07-31,0.10677444934844971,0.10677444934844971,0.10677444934844971,0.10677444934844971,3049
2020-08-03,0.11426734179258347,0.11426734179258347,0.11426734179258347,0.11426734179258347,4738
2020-08-04,0.11614122241735458,0.11614122241735458,0.11614122241735458,0.11614122241735458,2571
2020-08-05,0.11801423132419586,0.11801423132419586,0.11801423132419586,0.11801423132419586,1872
2020-08-06,0.11913838237524033,0.11913838237524033,0.11913838237524033,0.11913838237524033,534
2020-08-07,0.12925399839878082,0.12925399839878082,0.12925399839878082,0.12925399839878082,1355
2020-08-10,0.13861991465091705,0.13861991465091705,0.13861991465091705,0.13861991465091705,4701
2020-08-11,0.13861991465091705,0.13861991465091705,0.13861991465091705,0.13861991465091705,19532
2020-08-12,0.13861991465091705,0.13861991465091705,0.13861991465091705,0.13861991465091705,10876
2020-08-13,0.14423981308937073,0.14423981308937073,0.14423981308937073,0.14423981308937073,304
2020-08-14,0.14423981308937073,0.14423981308937073,0.14423981308937073,0.14423981308937073,7690
2020-08-17,0.14049291610717773,0.14049291610717773,0.14049291610717773,0.14049291610717773,2833
2020-08-18,0.14048413932323456,0.14048413932323456,0.14048413932323456,0.14048413932323456,1848
2020-08-19,0.1376829594373703,0.1376829594373703,0.1376829594373703,0.1376829594373703,122851
2020-08-20,0.1376829594373703,0.1376829594373703,0.1376829594373703,0.1376829594373703,1093
2020-08-21,0.1395568698644638,0.1395568698644638,0.1395568698644638,0.1395568698644638,206
2020-08-24,0.14330285787582397,0.14330285787582397,0.14330285787582397,0.14330285787582397,3565
2020-08-25,0.1451767385005951,0.1451767385005951,0.1451767385005951,0.1451767385005951,1623
2020-08-26,0.1451767385005951,0.1451767385005951,0.1451767385005951,0.1451767385005951,1548
2020-08-27,0.14330285787582397,0.14330285787582397,0.14330285787582397,0.14330285787582397,3246
2020-08-28,0.14742417633533478,0.14742417633533478,0.14742417633533478,0.14742417633533478,900
2020-08-31,0.14569708704948425,0.14569708704948425,0.14569708704948425,0.14569708704948425,1088
2020-09-01,0.14330285787582397,0.14330285787582397,0.14330285787582397,0.14330285787582397,1459
2020-09-02,0.14330285787582397,0.14330285787582397,0.14330285787582397,0.14330285787582397,1088
2020-09-03,0.14367817342281342,0.14367817342281342,0.14367817342281342,0.14367817342281342,140
2020-09-04,0.14611279964447021,0.14611279964447021,0.14611279964447021,0.14611279964447021,1895
2020-09-07,0.14611279964447021,0.14611279964447021,0.14611279964447021,0.14611279964447021,2031
2020-09-08,0.1451767385005951,0.1451767385005951,0.1451767385005951,0.1451767385005951,1656
2020-09-09,0.14423981308937073,0.14423981308937073,0.14423981308937073,0.14423981308937073,23
2020-09-10,0.14423981308937073,0.14423981308937073,0.14423981308937073,0.14423981308937073,525
2020-09-11,0.14405257999897003,0.14405257999897003,0.14405257999897003,0.14405257999897003,4
2020-09-15,0.13114549219608307,0.13114549219608307,0.13114549219608307,0.13114549219608307,380
2020-09-16,0.1393696367740631,0.1393696367740631,0.1393696367740631,0.1393696367740631,70
2020-09-17,0.13918155431747437,0.13918155431747437,0.13918155431747437,0.13918155431747437,1252
2020-09-18,0.1358099728822708,0.1358099728822708,0.1358099728822708,0.1358099728822708,389
2020-09-21,0.14049291610717773,0.14049291610717773,0.14049291610717773,0.14049291610717773,6873
2020-09-22,0.13300001621246338,0.13300001621246338,0.13300001621246338,0.13300001621246338,6310
2020-09-23,0.1348739117383957,0.1348739117383957,0.1348739117383957,0.1348739117383957,2838
2020-09-24,0.13655969500541687,0.13655969500541687,0.13655969500541687,0.13655969500541687,4002
2020-09-25,0.13861991465091705,0.13861991465091705,0.13861991465091705,0.13861991465091705,300
2020-09-28,0.13843271136283875,0.13843271136283875,0.13843271136283875,0.13843271136283875,112
2020-09-29,0.13843271136283875,0.13843271136283875,0.13843271136283875,0.13843271136283875,124028
2020-09-30,0.14320971071720123,0.14320971071720123,0.14320971071720123,0.14320971071720123,1707
2020-10-01,0.1451767385005951,0.1451767385005951,0.1451767385005951,0.1451767385005951,3917
2020-10-02,0.1451767385005951,0.1451767385005951,0.1451767385005951,0.1451767385005951,2299
2020-10-05,0.14423981308937073,0.14423981308937073,0.14423981308937073,0.14423981308937073,746
2020-10-06,0.14349007606506348,0.14349007606506348,0.14349007606506348,0.14349007606506348,1168
2020-10-07,0.14049291610717773,0.14049291610717773,0.14049291610717773,0.14049291610717773,520
2020-10-08,0.14330285787582397,0.14330285787582397,0.14330285787582397,0.14330285787582397,2177
2020-10-09,0.14236679673194885,0.14236679673194885,0.14236679673194885,0.14236679673194885,788
2020-10-13,0.14330285787582397,0.14330285787582397,0.14330285787582397,0.14330285787582397,8764
2020-10-14,0.14068102836608887,0.14068102836608887,0.14068102836608887,0.14068102836608887,4049
2020-10-15,0.14068102836608887,0.14068102836608887,0.14068102836608887,0.14068102836608887,5250
2020-10-16,0.14068102836608887,0.14068102836608887,0.14068102836608887,0.14068102836608887,79
2020-10-19,0.14068102836608887,0.14068102836608887,0.14068102836608887,0.14068102836608887,131
2020-10-20,0.14049291610717773,0.14049291610717773,0.14049291610717773,0.14049291610717773,5545
2020-10-21,0.14049291610717773,0.14049291610717773,0.14049291610717773,0.14049291610717773,661
2020-10-22,0.14049291610717773,0.14049291610717773,0.14049291610717773,0.14049291610717773,2646
2020-10-23,0.14049291610717773,0.14049291610717773,0.14049291610717773,0.14049291610717773,0
2020-10-26,0.13674689829349518,0.13674689829349518,0.13674689829349518,0.13674689829349518,1947
2020-10-27,0.13487127423286438,0.13487127423286438,0.13487127423286438,0.13487127423286438,8942
2020-10-28,0.13861991465091705,0.13861991465091705,0.13861991465091705,0.13861991465091705,40060
2020-10-29,0.14068102836608887,0.14068102836608887,0.14068102836608887,0.14068102836608887,1379
2020-10-30,0.14068102836608887,0.14068102836608887,0.14068102836608887,0.14068102836608887,0
2020-11-02,0.1376829594373703,0.1376829594373703,0.1376829594373703,0.1376829594373703,28
2020-11-03,0.1395568698644638,0.1395568698644638,0.1395568698644638,0.1395568698644638,8713
2020-11-04,0.135061115026474,0.135061115026474,0.135061115026474,0.135061115026474,3669
2020-11-05,0.136652871966362,0.136652871966362,0.136652871966362,0.136652871966362,807
2020-11-06,0.13674689829349518,0.13674689829349518,0.13674689829349518,0.13674689829349518,2421
2020-11-09,0.13824547827243805,0.13824547827243805,0.13824547827243805,0.13824547827243805,11232
2020-11-10,0.13824547827243805,0.13824547827243805,0.13824547827243805,0.13824547827243805,1501
2020-11-11,0.13861991465091705,0.13861991465091705,0.13861991465091705,0.13861991465091705,1149
2020-11-12,0.13861991465091705,0.13861991465091705,0.13861991465091705,0.13861991465091705,1140
2020-11-13,0.13861991465091705,0.13861991465091705,0.13861991465091705,0.13861991465091705,408
2020-11-16,0.1374773234128952,0.1374773234128952,0.1374773234128952,0.1374773234128952,4218
2020-11-17,0.1348739117383957,0.1348739117383957,0.1348739117383957,0.1348739117383957,1623
2020-11-18,0.13861991465091705,0.13861991465091705,0.13861991465091705,0.13861991465091705,6587
2020-11-19,0.14049291610717773,0.14049291610717773,0.14049291610717773,0.14049291610717773,577
2020-11-20,0.1498596966266632,0.1498596966266632,0.1498596966266632,0.1498596966266632,34542
2020-11-24,0.17795829474925995,0.17795829474925995,0.17795829474925995,0.17795829474925995,5686
2020-11-25,0.18170517683029175,0.18170517683029175,0.18170517683029175,0.18170517683029175,6423
2020-11-26,0.18357816338539124,0.18357816338539124,0.18357816338539124,0.18357816338539124,2144
2020-11-27,0.18357816338539124,0.18357816338539124,0.18357816338539124,0.18357816338539124,0
2020-11-30,0.18732419610023499,0.18732419610023499,0.18732419610023499,0.18732419610023499,7525
2020-12-01,0.18732419610023499,0.18732419610023499,0.18732419610023499,0.18732419610023499,164
2020-12-02,0.18732419610023499,0.18732419610023499,0.18732419610023499,0.18732419610023499,125675
2020-12-03,0.18732419610023499,0.18732419610023499,0.18732419610023499,0.18732419610023499,4401
2020-12-04,0.18732419610023499,0.18732419610023499,0.18732419610023499,0.18732419610023499,65
2020-12-07,0.18732419610023499,0.18732419610023499,0.18732419610023499,0.18732419610023499,4152
2020-12-08,0.18732419610023499,0.18732419610023499,0.18732419610023499,0.18732419610023499,3650
2020-12-09,0.18732419610023499,0.18732419610023499,0.18732419610023499,0.18732419610023499,1520
2020-12-10,0.18732419610023499,0.18732419610023499,0.18732419610023499,0.18732419610023499,1900
2020-12-11,0.18732419610023499,0.18732419610023499,0.18732419610023499,0.18732419610023499,2599
2020-12-15,0.18732419610023499,0.18732419610023499,0.18732419610023499,0.18732419610023499,1557
2020-12-16,0.18732419610023499,0.18732419610023499,0.18732419610023499,0.18732419610023499,1027
2020-12-17,0.18732419610023499,0.18732419610023499,0.18732419610023499,0.18732419610023499,26308
2020-12-18,0.18732419610023499,0.18732419610023499,0.18732419610023499,0.18732419610023499,12518
2020-12-21,0.18732419610023499,0.18732419610023499,0.18732419610023499,0.18732419610023499,123597
2020-12-22,0.18732419610023499,0.18732419610023499,0.18732419610023499,0.18732419610023499,0
2020-12-23,0.30908530950546265,0.30908530950546265,0.30908530950546265,0.30908530950546265,1764
2020-12-28,0.29878249764442444,0.29878249764442444,0.29878249764442444,0.29878249764442444,966
2020-12-29,0.2955980896949768,0.2955980896949768,0.2955980896949768,0.2955980896949768,2599
2020-12-30,0.2954108715057373,0.2954108715057373,0.2954108715057373,0.2954108715057373,10472
2021-01-04,0.32781797647476196,0.32781797647476196,0.32781797647476196,0.32781797647476196,638
2021-01-05,0.3259449601173401,0.3259449601173401,0.3259449601173401,0.3259449601173401,5611
2021-01-06,0.33718299865722656,0.33718299865722656,0.33718299865722656,0.33718299865722656,347
2021-01-07,0.4046173095703125,0.4046173095703125,0.4046173095703125,0.4046173095703125,2538
2021-01-08,0.48554056882858276,0.4855405688285827,0.4855405688285827,0.4855405688285827,4218
2021-01-12,0.4214805066585541,0.4214805066585541,0.4214805066585541,0.4214805066585541,586
2021-01-13,0.448455810546875,0.448455810546875,0.448455810546875,0.448455810546875,141656
2021-01-14,0.524116039276123,0.524116039276123,0.524116039276123,0.524116039276123,1670
2021-01-15,0.449579119682312,0.449579119682312,0.449579119682312,0.449579119682312,6268
2021-01-19,0.4776759147644043,0.4776759147644043,0.4776759147644043,0.4776759147644043,10650
2021-01-20,0.46831178665161133,0.46831178665161133,0.46831178665161133,0.46831178665161133,9829
2021-01-21,0.5020302534103394,0.5020302534103394,0.5020302534103394,0.5020302534103394,736
2021-01-22,0.5336885452270508,0.5336885452270508,0.5336885452270508,0.5336885452270508,1046
2021-01-25,0.5243217945098877,0.5243217945098877,0.5243217945098877,0.5243217945098877,1252
2021-01-26,0.4776785671710968,0.4776785671710968,0.4776785671710968,0.4776785671710968,2641
2021-01-27,0.50577712059021,0.50577712059021,0.50577712059021,0.50577712059021,2336
2021-01-28,0.50577712059021,0.50577712059021,0.50577712059021,0.50577712059021,19190
2021-01-29,0.4964103400707245,0.4964103400707245,0.4964103400707245,0.4964103400707245,891
2021-02-01,0.4870445132255554,0.4870445132255554,0.4870445132255554,0.4870445132255554,544
2021-02-02,0.47749051451683044,0.47749051451683044,0.47749051451683044,0.47749051451683044,3350
2021-02-03,0.47749051451683044,0.47749051451683044,0.47749051451683044,0.47749051451683044,2045
2021-02-04,0.4776785671710968,0.4776785671710968,0.4776785671710968,0.4776785671710968,140
2021-02-05,0.449579119682312,0.449579119682312,0.449579119682312,0.449579119682312,1093
2021-02-08,0.449579119682312,0.449579119682312,0.449579119682312,0.449579119682312,0
2021-02-09,0.449579119682312,0.449579119682312,0.449579119682312,0.449579119682312,6235
2021-02-10,0.449579119682312,0.449579119682312,0.449579119682312,0.449579119682312,2209
2021-02-11,0.449579119682312,0.449579119682312,0.449579119682312,0.449579119682312,1853
2021-02-12,0.4493919312953949,0.4493919312953949,0.4493919312953949,0.4493919312953949,23
2021-02-17,0.4439601004123688,0.4439601004123688,0.4439601004123688,0.4439601004123688,1215
2021-02-18,0.43084731698036194,0.43084731698036194,0.43084731698036194,0.43084731698036194,5897
2021-02-19,0.44770607352256775,0.44770607352256775,0.44770607352256775,0.44770607352256775,4147
2021-02-22,0.44208618998527527,0.44208618998527527,0.44208618998527527,0.44208618998527527,351
2021-02-23,0.44189897179603577,0.44189897179603577,0.44189897179603577,0.44189897179603577,999
2021-02-24,0.44208794832229614,0.44208794832229614,0.44208794832229614,0.44208794832229614,3481
2021-02-25,0.5151430368423462,0.5151430368423462,0.5151430368423462,0.5151430368423462,243
2021-02-26,0.5615999102592468,0.5615999102592468,0.5615999102592468,0.5615999102592468,1585
2021-03-01,0.5432416796684265,0.5432416796684265,0.5432416796684265,0.5432416796684265,2622
2021-03-02,0.5432416796684265,0.5432416796684265,0.5432416796684265,0.5432416796684265,1224
2021-03-03,0.4872317314147949,0.4872317314147949,0.4872317314147949,0.4872317314147949,125150
2021-03-04,0.499970018863678,0.499970018863678,0.499970018863678,0.499970018863678,2491
2021-03-05,0.5338757634162903,0.5338757634162903,0.5338757634162903,0.5338757634162903,3303
2021-03-08,0.5807069540023804,0.5807069540023804,0.5807069540023804,0.5807069540023804,7976
2021-03-09,0.5900729298591614,0.5900729298591614,0.5900729298591614,0.5900729298591614,2955
2021-03-10,0.593819797039032,0.593819797039032,0.593819797039032,0.593819797039032,45221
2021-03-11,0.5900729298591614,0.5900729298591614,0.5900729298591614,0.5900729298591614,506
2021-03-12,0.6181714534759521,0.6181714534759521,0.6181714534759521,0.6181714534759521,614
2021-03-15,0.6181714534759521,0.6181714534759521,0.6181714534759521,0.6181714534759521,84
2021-03-16,0.6181714534759521,0.6181714534759521,0.6181714534759521,0.6181714534759521,1102
2021-03-17,0.6181714534759521,0.6181714534759521,0.6181714534759521,0.6181714534759521,2552
2021-03-18,0.6181714534759521,0.6181714534759521,0.6181714534759521,0.6181714534759521,2730
2021-03-22,0.6088055968284607,0.6088055968284607,0.6088055968284607,0.6088055968284607,1234
2021-03-23,0.6181714534759521,0.6181714534759521,0.6181714534759521,0.6181714534759521,2528
2021-03-24,0.6369041800498962,0.6369041800498962,0.6369041800498962,0.6369041800498962,3148
2021-03-25,0.6462709903717041,0.6462709903717041,0.6462709903717041,0.6462709903717041,2303
2021-03-26,0.6462709903717041,0.6462709903717041,0.6462709903717041,0.6462709903717041,703
2021-03-29,0.6462709903717041,0.6462709903717041,0.6462709903717041,0.6462709903717041,197
2021-03-30,0.6088055968284607,0.6088055968284607,0.6088055968284607,0.6088055968284607,661
2021-03-31,0.6458956599235535,0.6458956599235535,0.6458956599235535,0.6458956599235535,2486
2021-04-05,0.6462726593017578,0.6462726593017578,0.6462726593017578,0.6462726593017578,6751
2021-04-06,0.6556368470191956,0.6556368470191956,0.6556368470191956,0.6556368470191956,18697
2021-04-07,0.6556368470191956,0.6556368470191956,0.6556368470191956,0.6556368470191956,295
2021-04-08,0.681862473487854,0.681862473487854,0.681862473487854,0.681862473487854,3120
2021-04-09,0.693102240562439,0.693102240562439,0.693102240562439,0.693102240562439,1313
2021-04-12,0.7024681568145752,0.7024681568145752,0.7024681568145752,0.7024681568145752,1243
2021-04-13,0.7099609971046448,0.7099609971046448,0.7099609971046448,0.7099609971046448,441
2021-04-14,0.7112689018249512,0.7112689018249512,0.7112689018249512,0.7112689018249512,253
2021-04-15,0.7022809386253357,0.7022809386253357,0.7022809386253357,0.7022809386253357,122747
2021-04-16,0.7024681568145752,0.7024681568145752,0.7024681568145752,0.7024681568145752,2012
2021-04-20,0.7024681568145752,0.7024681568145752,0.7024681568145752,0.7024681568145752,0
2021-04-21,0.7024681568145752,0.7024681568145752,0.7024681568145752,0.7024681568145752,0
2021-04-22,0.7492993474006653,0.7492993474006653,0.7492993474006653,0.7492993474006653,1036
2021-04-23,0.8989718556404114,0.8989718556404114,0.8989718556404114,0.8989718556404114,2848
2021-04-26,1.0302870273590088,1.0302870273590088,1.0302870273590088,1.0302870273590088,3321
2021-04-27,1.1239495277404785,1.1239495277404785,1.1239495277404785,1.1239495277404785,1581
2021-04-28,1.1511112451553345,1.1511112451553345,1.1511112451553345,1.1511112451553345,670
2021-04-29,1.1426812410354614,1.1426812410354614,1.1426812410354614,1.1426812410354614,1224
2021-04-30,1.1370595693588257,1.1370595693588257,1.1370595693588257,1.1370595693588257,1116
2021-05-03,1.0864841938018799,1.0864841938018799,1.0864841938018799,1.0864841938018799,563
2021-05-04,1.1333154439926147,1.1333154439926147,1.1333154439926147,1.1333154439926147,3256
2021-05-05,1.1239495277404785,1.1239495277404785,1.1239495277404785,1.1239495277404785,1759
2021-05-06,1.120202660560608,1.120202660560608,1.120202660560608,1.120202660560608,2819
2021-05-07,1.1988792419433594,1.1988792419433594,1.1988792419433594,1.1988792419433594,1614
2021-05-10,1.1988792419433594,1.1988792419433594,1.1988792419433594,1.1988792419433594,12560
2021-05-11,1.1520479917526245,1.1520479917526245,1.1520479917526245,1.1520479917526245,10275
2021-05-12,1.1239495277404785,1.1239495277404785,1.1239495277404785,1.1239495277404785,3162
2021-05-13,1.1426812410354614,1.1426812410354614,1.1426812410354614,1.1426812410354614,3007
2021-05-14,1.2335338592529297,1.2335338592529297,1.2335338592529297,1.2335338592529297,1323
2021-05-17,1.2335338592529297,1.2335338592529297,1.2335338592529297,1.2335338592529297,4907
2021-05-18,1.2363438606262207,1.2363438606262207,1.2363438606262207,1.2363438606262207,2824
2021-05-19,1.2548891305923462,1.2548891305923462,1.2548891305923462,1.2548891305923462,2960
2021-05-20,1.25507652759552,1.25507652759552,1.25507652759552,1.25507652759552,12283
2021-05-21,1.2925419807434082,1.2925419807434082,1.2925419807434082,1.2925419807434082,2303
2021-05-25,1.1988792419433594,1.1988792419433594,1.1988792419433594,1.1988792419433594,309
2021-05-26,1.1239495277404785,1.1239495277404785,1.1239495277404785,1.1239495277404785,1008
2021-05-27,1.049019694328308,1.049019694328308,1.049019694328308,1.049019694328308,2449
2021-05-28,1.1239495277404785,1.1239495277404785,1.1239495277404785,1.1239495277404785,4377
2021-05-31,1.0302870273590088,1.0302870273590088,1.0302870273590088,1.0302870273590088,2228
2021-06-01,1.0302870273590088,1.0302870273590088,1.0302870273590088,1.0302870273590088,1294
2021-06-02,0.9740890264511108,0.9740890264511108,0.9740890264511108,0.9740890264511108,6733
2021-06-03,0.9928216934204102,0.9928216934204102,0.9928216934204102,0.9928216934204102,2195
2021-06-04,1.0302870273590088,1.0302870273590088,1.0302870273590088,1.0302870273590088,10542
2021-06-07,1.0113670825958252,1.0113670825958252,1.0113670825958252,1.0113670825958252,1177
2021-06-08,1.01155424118042,1.01155424118042,1.01155424118042,1.01155424118042,9609
2021-06-09,1.0471457242965698,1.0471457242965698,1.0471457242965698,1.0471457242965698,12138
2021-06-10,0.9740890264511108,0.9740890264511108,0.9740890264511108,0.9740890264511108,567
2021-06-11,0.9834557771682739,0.9834557771682739,0.9834557771682739,0.9834557771682739,4218
2021-06-15,0.9740890264511108,0.9740890264511108,0.9740890264511108,0.9740890264511108,323
2021-06-16,0.9553571343421936,0.9553571343421936,0.9553571343421936,0.9553571343421936,642
2021-06-17,0.9525472521781921,0.9525472521781921,0.9525472521781921,0.9525472521781921,905
2021-06-18,0.9703429937362671,0.9703429937362671,0.9703429937362671,0.9703429937362671,7732
2021-06-21,0.9703429937362671,0.9703429937362671,0.9703429937362671,0.9703429937362671,3856
2021-06-22,0.9740890264511108,0.9740890264511108,0.9740890264511108,0.9740890264511108,1027
2021-06-23,0.9740890264511108,0.9740890264511108,0.9740890264511108,0.9740890264511108,19284
2021-06-25,1.01155424118042,1.01155424118042,1.01155424118042,1.01155424118042,4213
2021-06-29,1.0302870273590088,1.0302870273590088,1.0302870273590088,1.0302870273590088,919
2021-06-30,1.049019694328308,1.049019694328308,1.049019694328308,1.049019694328308,3275
2021-07-01,1.0302870273590088,1.0302870273590088,1.0302870273590088,1.0302870273590088,1210
2021-07-02,0.9740890264511108,0.9740890264511108,0.9740890264511108,0.9740890264511108,2186
2021-07-06,0.9740890264511108,0.9740890264511108,0.9740890264511108,0.9740890264511108,6676
2021-07-07,0.9647229313850403,0.9647229313850403,0.9647229313850403,0.9647229313850403,3992
2021-07-08,0.972216010093689,0.972216010093689,0.972216010093689,0.972216010093689,201
2021-07-09,0.9740890264511108,0.9740890264511108,0.9740890264511108,0.9740890264511108,3401
2021-07-12,0.9946945905685425,0.9946945905685425,0.9946945905685425,0.9946945905685425,1900
2021-07-13,1.0021883249282837,1.0021883249282837,1.0021883249282837,1.0021883249282837,2758
2021-07-14,1.01155424118042,1.01155424118042,1.01155424118042,1.01155424118042,124042
2021-07-15,1.1239495277404785,1.1239495277404785,1.1239495277404785,1.1239495277404785,5963
2021-07-16,1.1614139080047607,1.1614139080047607,1.1614139080047607,1.1614139080047607,267
2021-07-19,1.1239495277404785,1.1239495277404785,1.1239495277404785,1.1239495277404785,1252
2021-07-20,1.19850492477417,1.19850492477417,1.19850492477417,1.19850492477417,2449
2021-07-21,1.1614139080047607,1.1614139080047607,1.1614139080047607,1.1614139080047607,2148
2021-07-22,1.1792097091674805,1.1792097091674805,1.1792097091674805,1.1792097091674805,5700
2021-07-23,1.1988792419433594,1.1988792419433594,1.1988792419433594,1.1988792419433594,910
2021-07-26,1.1988792419433594,1.1988792419433594,1.1988792419433594,1.1988792419433594,131
2021-07-27,1.1988792419433594,1.1988792419433594,1.1988792419433594,1.1988792419433594,1370
2021-07-28,1.0490381717681885,1.0490381717681885,1.0490381717681885,1.0490381717681885,2430
2021-07-29,1.1239495277404785,1.1239495277404785,1.1239495277404785,1.1239495277404785,1144
2021-07-30,1.1145827770233154,1.1145827770233154,1.1145827770233154,1.1145827770233154,1262
2021-08-02,1.1220757961273193,1.1220757961273193,1.1220757961273193,1.1220757961273193,1501
2021-08-03,1.1801466941833496,1.1801466941833496,1.1801466941833496,1.1801466941833496,1604
2021-08-04,1.1801449060440063,1.1801449060440063,1.1801449060440063,1.1801449060440063,1848
2021-08-05,1.1988792419433594,1.1988792419433594,1.1988792419433594,1.1988792419433594,42
2021-08-06,1.1988792419433594,1.1988792419433594,1.1988792419433594,1.1988792419433594,2322
2021-08-09,1.194196343421936,1.194196343421936,1.194196343421936,1.194196343421936,4401
2021-08-10,1.1988792419433594,1.1988792419433594,1.1988792419433594,1.1988792419433594,5133
2021-08-11,1.1988792419433594,1.1988792419433594,1.1988792419433594,1.1988792419433594,492
2021-08-12,1.2082452774047852,1.2082452774047852,1.2082452774047852,1.2082452774047852,929
2021-08-13,1.1988792419433594,1.1988792419433594,1.1988792419433594,1.1988792419433594,333
2021-08-16,1.2363438606262207,1.2363438606262207,1.2363438606262207,1.2363438606262207,3655
2021-08-17,1.2447737455368042,1.2447737455368042,1.2447737455368042,1.2447737455368042,1210
2021-08-18,1.3110865354537964,1.3110865354537964,1.3110865354537964,1.3110865354537964,1942
2021-08-19,1.3487390279769897,1.3487390279769897,1.3487390279769897,1.3487390279769897,4189
2021-08-20,1.4047489166259766,1.4047489166259766,1.4047489166259766,1.4047489166259766,1510
2021-08-23,1.3712177276611328,1.3712177276611328,1.3712177276611328,1.3712177276611328,4363
2021-08-24,1.358104944229126,1.358104944229126,1.358104944229126,1.358104944229126,3016
2021-08-25,1.311274528503418,1.311274528503418,1.311274528503418,1.311274528503418,4518
2021-08-26,1.3112763166427612,1.3112763166427612,1.3112763166427612,1.3112763166427612,1656
2021-08-27,1.3534220457077026,1.3534220457077026,1.3534220457077026,1.3534220457077026,1402
2021-08-30,1.3487390279769897,1.3487390279769897,1.3487390279769897,1.3487390279769897,2477
2021-08-31,1.3487390279769897,1.3487390279769897,1.3487390279769897,1.3487390279769897,1848
2021-09-01,1.3487390279769897,1.3487390279769897,1.3487390279769897,1.3487390279769897,136
2021-09-02,1.311274528503418,1.311274528503418,1.311274528503418,1.311274528503418,736
2021-09-03,1.311274528503418,1.311274528503418,1.311274528503418,1.311274528503418,9
2021-09-06,1.2176138162612915,1.2176138162612915,1.2176138162612915,1.2176138162612915,1468
2021-09-07,1.1614139080047607,1.1614139080047607,1.1614139080047607,1.1614139080047607,5156
2021-09-08,1.1614139080047607,1.1614139080047607,1.1614139080047607,1.1614139080047607,2468
2021-09-09,1.161601185798645,1.161601185798645,1.161601185798645,1.161601185798645,1088
2021-09-10,1.1617884635925293,1.1617884635925293,1.1617884635925293,1.1617884635925293,361
2021-09-13,1.1707807779312134,1.1707807779312134,1.1707807779312134,1.1707807779312134,4682
2021-09-14,1.1614139080047607,1.1614139080047607,1.1614139080047607,1.1614139080047607,1947
2021-09-15,1.1707807779312134,1.1707807779312134,1.1707807779312134,1.1707807779312134,1477
2021-09-16,1.1707807779312134,1.1707807779312134,1.1707807779312134,1.1707807779312134,65
2021-09-17,1.1707807779312134,1.1707807779312134,1.1707807779312134,1.1707807779312134,7122
2021-09-20,1.1426812410354614,1.1426812410354614,1.1426812410354614,1.1426812410354614,1004
2021-09-21,1.108962893486023,1.108962893486023,1.108962893486023,1.108962893486023,2167
2021-09-22,1.1052168607711792,1.1052168607711792,1.1052168607711792,1.1052168607711792,1173
2021-09-23,1.1614139080047607,1.1614139080047607,1.1614139080047607,1.1614139080047607,144026
2021-09-24,1.1778984069824219,1.1778984069824219,1.1778984069824219,1.1778984069824219,31051
2021-09-27,1.1520479917526245,1.1520479917526245,1.1520479917526245,1.1520479917526245,10552
2021-09-28,1.2906678915023804,1.2906678915023804,1.2906678915023804,1.2906678915023804,9
2021-09-29,1.2906678915023804,1.2906678915023804,1.2906678915023804,1.2906678915023804,0
2021-10-04,1.2906678915023804,1.2906678915023804,1.2906678915023804,1.2906678915023804,258
2021-10-05,1.1239495277404785,1.1239495277404785,1.1239495277404785,1.1239495277404785,1759
2021-10-06,1.1239495277404785,1.1239495277404785,1.1239495277404785,1.1239495277404785,10627
2021-10-07,1.0677515268325806,1.0677515268325806,1.0677515268325806,1.0677515268325806,4799
2021-10-08,1.0921040773391724,1.0921040773391724,1.0921040773391724,1.0921040773391724,84
2021-10-11,1.1426812410354614,1.1426812410354614,1.1426812410354614,1.1426812410354614,1970
2021-10-13,1.1295685768127441,1.1295685768127441,1.1295685768127441,1.1295685768127441,5733
2021-10-14,1.140808343887329,1.140808343887329,1.140808343887329,1.140808343887329,3350
2021-10-15,1.1426812410354614,1.1426812410354614,1.1426812410354614,1.1426812410354614,9656
2021-10-18,1.1426812410354614,1.1426812410354614,1.1426812410354614,1.1426812410354614,182
2021-10-19,1.1426812410354614,1.1426812410354614,1.1426812410354614,1.1426812410354614,0
2021-10-20,1.1258225440979004,1.1258225440979004,1.1258225440979004,1.1258225440979004,34003
2021-10-21,1.1333154439926147,1.1333154439926147,1.1333154439926147,1.1333154439926147,2144
2021-10-22,1.4948526620864868,1.4948526620864868,1.1333153294262763,1.1333153294262763,6747
2021-10-25,1.4049363136291504,1.4049363136291504,1.4049363136291504,1.4049363136291504,6826
2021-10-26,1.2738093137741089,1.2738093137741089,1.2738093137741089,1.2738093137741089,3650
2021-10-27,1.3019078969955444,1.3019078969955444,1.3019078969955444,1.3019078969955444,3542
2021-10-28,1.3019078969955444,1.3019078969955444,1.3019078969955444,1.3019078969955444,5649
2021-10-29,1.311274528503418,1.311274528503418,1.311274528503418,1.311274528503418,4846
2021-11-02,1.311274528503418,1.311274528503418,1.311274528503418,1.311274528503418,0
2021-11-03,1.311274528503418,1.311274528503418,1.311274528503418,1.311274528503418,0
2021-11-04,1.311274528503418,1.311274528503418,1.311274528503418,1.311274528503418,0
2021-11-05,1.311274528503418,1.311274528503418,1.311274528503418,1.311274528503418,0
2021-11-08,1.5765680074691772,1.5765680074691772,1.5765680074691772,1.5765680074691772,1046
2021-11-09,1.433243989944458,1.433243989944458,1.433243989944458,1.433243989944458,4947
2021-11-10,1.433243989944458,1.433243989944458,1.433243989944458,1.433243989944458,446
2021-11-11,1.368095874786377,1.368095874786377,1.368095874786377,1.368095874786377,1879
2021-11-12,1.3355226516723633,1.3355226516723633,1.3355226516723633,1.3355226516723633,4056
2021-11-15,1.3355226516723633,1.3355226516723633,1.3355226516723633,1.3355226516723633,7618
2021-11-16,1.3355226516723633,1.3355226516723633,1.3355226516723633,1.3355226516723633,0
2021-11-17,1.3029484748840332,1.3029484748840332,1.3029484748840332,1.3029484748840332,1849
2021-11-18,1.3029484748840332,1.3029484748840332,1.3029484748840332,1.3029484748840332,12244
2021-11-19,1.3029484748840332,1.3029484748840332,1.3029484748840332,1.3029484748840332,5744
2021-11-23,1.3029484748840332,1.3029484748840332,1.3029484748840332,1.3029484748840332,4775
2021-11-24,1.3029484748840332,1.3029484748840332,1.3029484748840332,1.3029484748840332,2887
2021-11-25,1.322493314743042,1.322493314743042,1.322493314743042,1.322493314743042,3931
2021-11-26,1.3290079832077026,1.3290079832077026,1.3290079832077026,1.3290079832077026,14961
2021-11-29,1.3290079832077026,1.3290079832077026,1.3290079832077026,1.3290079832077026,26039
2021-11-30,1.3420372009277344,1.3420372009277344,1.3420372009277344,1.3420372009277344,395
2021-12-01,1.3355226516723633,1.3355226516723633,1.3355226516723633,1.3355226516723633,4662
2021-12-02,1.3615812063217163,1.3615812063217163,1.3615812063217163,1.3615812063217163,3256
2021-12-03,1.3355226516723633,1.3355226516723633,1.3355226516723633,1.3355226516723633,62890
2021-12-06,1.3420372009277344,1.3420372009277344,1.3420372009277344,1.3420372009277344,464
2021-12-07,1.322493314743042,1.322493314743042,1.322493314743042,1.322493314743042,2779
2021-12-08,1.3029484748840332,1.3029484748840332,1.3029484748840332,1.3029484748840332,3322
2021-12-09,1.3029484748840332,1.3029484748840332,1.3029484748840332,1.3029484748840332,851
2021-12-10,1.3029484748840332,1.3029484748840332,1.3029484748840332,1.3029484748840332,11977
2021-12-14,1.3029484748840332,1.3029484748840332,1.3029484748840332,1.3029484748840332,1849
2021-12-15,1.27037513256073,1.27037513256073,1.27037513256073,1.27037513256073,4369
2021-12-16,1.211742639541626,1.211742639541626,1.211742639541626,1.211742639541626,3737
2021-12-17,1.3029484748840332,1.3029484748840332,1.3029484748840332,1.3029484748840332,13630
2021-12-20,1.3029484748840332,1.3029484748840332,1.3029484748840332,1.3029484748840332,2839
2021-12-21,1.3029484748840332,1.3029484748840332,1.3029484748840332,1.3029484748840332,22285
2021-12-22,1.237801194190979,1.237801194190979,1.237801194190979,1.237801194190979,7811
2021-12-23,1.3029484748840332,1.3029484748840332,1.3029484748840332,1.3029484748840332,891
2021-12-27,1.3029484748840332,1.3029484748840332,1.3029484748840332,1.3029484748840332,550
2021-12-28,1.3290079832077026,1.3290079832077026,1.3290079832077026,1.3290079832077026,207
2021-12-29,1.3029484748840332,1.3029484748840332,1.3029484748840332,1.3029484748840332,751
2021-12-30,1.3811259269714355,1.3811259269714355,1.3811259269714355,1.3811259269714355,920
2022-01-03,1.237801194190979,1.237801194190979,1.237801194190979,1.237801194190979,94
2022-01-04,1.3029484748840332,1.3029484748840332,1.3029484748840332,1.3029484748840332,484
2022-01-05,1.3029484748840332,1.3029484748840332,1.3029484748840332,1.3029484748840332,983
2022-01-06,1.2508305311203003,1.2508305311203003,1.2508305311203003,1.2508305311203003,272
2022-01-07,1.2573449611663818,1.2573449611663818,1.2573449611663818,1.2573449611663818,677
2022-01-11,1.2508305311203003,1.2508305311203003,1.2508305311203003,1.2508305311203003,125
2022-01-12,1.2508305311203003,1.2508305311203003,1.2508305311203003,1.2508305311203003,15504
2022-01-13,1.2508305311203003,1.2508305311203003,1.2508305311203003,1.2508305311203003,2320
2022-01-14,1.2573449611663818,1.2573449611663818,1.2573449611663818,1.2573449611663818,1250
2022-01-18,1.2638605833053589,1.2638605833053589,1.2638605833053589,1.2638605833053589,1412
2022-01-19,1.2638605833053589,1.2638605833053589,1.2638605833053589,1.2638605833053589,0
2022-01-20,1.2052279710769653,1.2052279710769653,1.2052279710769653,1.2052279710769653,3162
2022-01-21,1.211742639541626,1.211742639541626,1.211742639541626,1.211742639541626,4999
2022-01-24,1.211742639541626,1.211742639541626,1.211742639541626,1.211742639541626,14456
2022-01-25,1.2312865257263184,1.2312865257263184,1.2312865257263184,1.2312865257263184,1067
2022-01-26,1.237801194190979,1.237801194190979,1.237801194190979,1.237801194190979,5047
2022-01-27,1.237801194190979,1.237801194190979,1.237801194190979,1.237801194190979,1133
2022-01-28,1.2638605833053589,1.2638605833053589,1.2638605833053589,1.2638605833053589,1362
2022-01-31,1.2638605833053589,1.2638605833053589,1.2638605833053589,1.2638605833053589,67
2022-02-01,1.1726537942886353,1.1726537942886353,1.1726537942886353,1.1726537942886353,79
2022-02-02,1.1726537942886353,1.1726537942886353,1.1726537942886353,1.1726537942886353,12513
2022-02-03,1.218257188796997,1.218257188796997,1.218257188796997,1.218257188796997,732
2022-02-04,1.218257188796997,1.218257188796997,1.218257188796997,1.218257188796997,2172
2022-02-07,1.2638605833053589,1.2638605833053589,1.2638605833053589,1.2638605833053589,1369
2022-02-08,1.2768899202346802,1.2768899202346802,1.2768899202346802,1.2768899202346802,1614
2022-02-09,1.2768899202346802,1.2768899202346802,1.2768899202346802,1.2768899202346802,2327
2022-02-10,1.2638605833053589,1.2638605833053589,1.2638605833053589,1.2638605833053589,767
2022-02-11,1.2573449611663818,1.2573449611663818,1.2573449611663818,1.2573449611663818,140
2022-02-14,1.237801194190979,1.237801194190979,1.237801194190979,1.237801194190979,546
2022-02-15,1.2247717380523682,1.2247717380523682,1.2247717380523682,1.2247717380523682,777
2022-02-16,1.2312865257263184,1.2312865257263184,1.2312865257263184,1.2312865257263184,5733
2022-02-17,1.1987123489379883,1.1987123489379883,1.1987123489379883,1.1987123489379883,2974
2022-02-18,1.1726537942886353,1.1726537942886353,1.1726537942886353,1.1726537942886353,1087
2022-02-21,1.1726537942886353,1.1726537942886353,1.1726537942886353,1.1726537942886353,1654
2022-02-22,1.1661392450332642,1.1661392450332642,1.1661392450332642,1.1661392450332642,835
2022-02-23,1.1661392450332642,1.1661392450332642,1.1661392450332642,1.1661392450332642,1161
2022-02-24,1.1661392450332642,1.1661392450332642,1.1661392450332642,1.1661392450332642,1314
2022-02-25,1.1400797367095947,1.1400797367095947,1.1400797367095947,1.1400797367095947,418
2022-03-02,1.1465952396392822,1.1465952396392822,1.1465952396392822,1.1465952396392822,1253
2022-03-03,1.1400797367095947,1.1400797367095947,1.1400797367095947,1.1400797367095947,360
2022-03-04,1.1400797367095947,1.1400797367095947,1.1400797367095947,1.1400797367095947,3502
2022-03-07,1.1400797367095947,1.1400797367095947,1.1400797367095947,1.1400797367095947,1851
2022-03-08,1.1335649490356445,1.1335649490356445,1.1335649490356445,1.1335649490356445,1373
2022-03-09,1.107506513595581,1.107506513595581,1.107506513595581,1.107506513595581,963
2022-03-10,1.107506513595581,1.107506513595581,1.107506513595581,1.107506513595581,7657
2022-03-11,1.1400797367095947,1.1400797367095947,1.1400797367095947,1.1400797367095947,3765
2022-03-14,1.1531099081039429,1.1531099081039429,1.1531099081039429,1.1531099081039429,3359
2022-03-15,1.1400797367095947,1.1400797367095947,1.1400797367095947,1.1400797367095947,913
2022-03-16,1.1400797367095947,1.1400797367095947,1.1400797367095947,1.1400797367095947,140
2022-03-17,1.1400797367095947,1.1400797367095947,1.1400797367095947,1.1400797367095947,361
2022-03-18,1.1400797367095947,1.1400797367095947,1.1400797367095947,1.1400797367095947,986
2022-03-21,1.1400797367095947,1.1400797367095947,1.1400797367095947,1.1400797367095947,0
2022-03-22,1.1400797367095947,1.1400797367095947,1.1400797367095947,1.1400797367095947,0
2022-03-23,1.1335649490356445,1.1335649490356445,1.1335649490356445,1.1335649490356445,647
2022-03-24,1.1400797367095947,1.1400797367095947,1.1400797367095947,1.1400797367095947,1551
2022-03-25,1.1531099081039429,1.1531099081039429,1.1531099081039429,1.1531099081039429,2193
2022-03-28,1.1465952396392822,1.1465952396392822,1.1465952396392822,1.1465952396392822,1065
2022-03-29,1.1400797367095947,1.1400797367095947,1.1400797367095947,1.1400797367095947,149
2022-03-30,1.1400797367095947,1.1400797367095947,1.1400797367095947,1.1400797367095947,1065
2022-03-31,1.1335649490356445,1.1335649490356445,1.1335649490356445,1.1335649490356445,14179
2022-04-01,1.1531099081039429,1.1531099081039429,1.1531099081039429,1.1531099081039429,5308
2022-04-04,1.159624457359314,1.159624457359314,1.159624457359314,1.159624457359314,1167
2022-04-05,1.2638605833053589,1.2638605833053589,1.2638605833053589,1.2638605833053589,4433
2022-04-06,1.237801194190979,1.237801194190979,1.237801194190979,1.237801194190979,997
2022-04-07,1.2052279710769653,1.2052279710769653,1.2052279710769653,1.2052279710769653,67
2022-04-08,1.1987123489379883,1.1987123489379883,1.1987123489379883,1.1987123489379883,14109
2022-04-11,1.1987123489379883,1.1987123489379883,1.1987123489379883,1.1987123489379883,13
2022-04-12,1.237801194190979,1.237801194190979,1.237801194190979,1.237801194190979,7865
2022-04-13,1.296433925628662,1.296433925628662,1.296433925628662,1.296433925628662,2769
2022-04-18,1.296433925628662,1.296433925628662,1.296433925628662,1.296433925628662,4225
2022-04-20,1.296433925628662,1.296433925628662,1.296433925628662,1.296433925628662,2108
2022-04-21,1.27037513256073,1.27037513256073,1.27037513256073,1.27037513256073,4229
2022-04-22,1.296433925628662,1.296433925628662,1.296433925628662,1.296433925628662,74
2022-04-25,1.2638605833053589,1.2638605833053589,1.2638605833053589,1.2638605833053589,4174
2022-04-26,1.2638605833053589,1.2638605833053589,1.2638605833053589,1.2638605833053589,497
2022-04-27,1.1726537942886353,1.1726537942886353,1.1726537942886353,1.1726537942886353,1474
2022-04-28,1.2052279710769653,1.2052279710769653,1.2052279710769653,1.2052279710769653,3669
2022-04-29,1.1987123489379883,1.1987123489379883,1.1987123489379883,1.1987123489379883,655
2022-05-02,1.1987123489379883,1.1987123489379883,1.1987123489379883,1.1987123489379883,454
2022-05-03,1.1726537942886353,1.1726537942886353,1.1726537942886353,1.1726537942886353,3451
2022-05-04,1.1726537942886353,1.1726537942886353,1.1726537942886353,1.1726537942886353,2955
2022-05-05,1.1726537942886353,1.1726537942886353,1.1726537942886353,1.1726537942886353,157
2022-05-06,1.1726537942886353,1.1726537942886353,1.1726537942886353,1.1726537942886353,21736
2022-05-09,1.1726537942886353,1.1726537942886353,1.1726537942886353,1.1726537942886353,2795
2022-05-10,1.1856831312179565,1.1856831312179565,1.1856831312179565,1.1856831312179565,1022
2022-05-11,1.1465952396392822,1.1465952396392822,1.1465952396392822,1.1465952396392822,1946
2022-05-12,1.1856831312179565,1.1856831312179565,1.1856831312179565,1.1856831312179565,1919
2022-05-13,1.2638605833053589,1.2638605833053589,1.2638605833053589,1.2638605833053589,1906
2022-05-16,1.237801194190979,1.237801194190979,1.237801194190979,1.237801194190979,4820
2022-05-17,1.27037513256073,1.27037513256073,1.27037513256073,1.27037513256073,6170
2022-05-18,1.27037513256073,1.27037513256073,1.27037513256073,1.27037513256073,20879
2022-05-19,1.27037513256073,1.27037513256073,1.27037513256073,1.27037513256073,1303
2022-05-20,1.27037513256073,1.27037513256073,1.27037513256073,1.27037513256073,0
2022-05-23,1.27037513256073,1.27037513256073,1.27037513256073,1.27037513256073,510069
2022-05-24,1.237801194190979,1.237801194190979,1.237801194190979,1.237801194190979,2447
2022-05-25,1.2052279710769653,1.2052279710769653,1.2052279710769653,1.2052279710769653,858
2022-05-26,1.2052279710769653,1.2052279710769653,1.2052279710769653,1.2052279710769653,26740
2022-05-27,1.2052279710769653,1.2052279710769653,1.2052279710769653,1.2052279710769653,3134
2022-05-31,1.159624457359314,1.159624457359314,1.159624457359314,1.159624457359314,729
2022-06-01,1.1335649490356445,1.1335649490356445,1.1335649490356445,1.1335649490356445,17140
2022-06-02,1.1400797367095947,1.1400797367095947,1.1400797367095947,1.1400797367095947,3530
2022-06-03,1.1856831312179565,1.1856831312179565,1.1856831312179565,1.1856831312179565,5395
2022-06-06,1.1726537942886353,1.1726537942886353,1.1726537942886353,1.1726537942886353,1790
2022-06-07,1.211742639541626,1.211742639541626,1.211742639541626,1.211742639541626,1635
2022-06-08,1.1791683435440063,1.1791683435440063,1.1791683435440063,1.1791683435440063,335
2022-06-09,1.1921976804733276,1.1921976804733276,1.1921976804733276,1.1921976804733276,4522
2022-06-10,1.1921976804733276,1.1921976804733276,1.1921976804733276,1.1921976804733276,731
2022-06-14,1.218257188796997,1.218257188796997,1.218257188796997,1.218257188796997,3159
2022-06-15,1.218257188796997,1.218257188796997,1.218257188796997,1.218257188796997,2580
2022-06-16,1.237801194190979,1.237801194190979,1.237801194190979,1.237801194190979,1693
2022-06-17,1.2312865257263184,1.2312865257263184,1.2312865257263184,1.2312865257263184,2746
2022-06-21,1.218257188796997,1.218257188796997,1.218257188796997,1.218257188796997,2441
2022-06-22,1.2052279710769653,1.2052279710769653,1.2052279710769653,1.2052279710769653,715
2022-06-23,1.2052279710769653,1.2052279710769653,1.2052279710769653,1.2052279710769653,0
2022-06-27,1.237801194190979,1.237801194190979,1.237801194190979,1.237801194190979,2830
2022-06-28,1.2638605833053589,1.2638605833053589,1.2638605833053589,1.2638605833053589,1366
2022-06-29,1.2834045886993408,1.2834045886993408,1.2834045886993408,1.2834045886993408,18906
2022-06-30,1.3355226516723633,1.3355226516723633,1.3355226516723633,1.3355226516723633,2172
2022-07-01,1.3355226516723633,1.3355226516723633,1.3355226516723633,1.3355226516723633,4301
2022-07-06,1.3290079832077026,1.3290079832077026,1.3290079832077026,1.3290079832077026,1212
2022-07-07,1.322493314743042,1.322493314743042,1.322493314743042,1.322493314743042,418
2022-07-08,1.322493314743042,1.322493314743042,1.322493314743042,1.322493314743042,833
2022-07-11,1.3615812063217163,1.3615812063217163,1.3615812063217163,1.3615812063217163,3322
2022-07-12,1.3746113777160645,1.3746113777160645,1.3746113777160645,1.3746113777160645,2041
2022-07-13,1.3941552639007568,1.3941552639007568,1.3941552639007568,1.3941552639007568,1864
2022-07-14,1.368095874786377,1.368095874786377,1.368095874786377,1.368095874786377,13952
2022-07-15,1.3941552639007568,1.3941552639007568,1.3941552639007568,1.3941552639007568,8004
2022-07-18,1.4658172130584717,1.4658172130584717,1.4658172130584717,1.4658172130584717,3836
2022-07-19,1.4658172130584717,1.4658172130584717,1.4658172130584717,1.4658172130584717,613
2022-07-20,1.4853612184524536,1.4853612184524536,1.4853612184524536,1.4853612184524536,300
2022-07-21,1.4983913898468018,1.4983913898468018,1.4983913898468018,1.4983913898468018,4011
2022-07-22,1.4918767213821411,1.4918767213821411,1.4918767213821411,1.4918767213821411,1744
2022-07-25,1.433243989944458,1.433243989944458,1.433243989944458,1.433243989944458,752
2022-07-26,1.433243989944458,1.433243989944458,1.433243989944458,1.433243989944458,0
2022-07-27,1.4658172130584717,1.4658172130584717,1.4658172130584717,1.4658172130584717,18967
2022-07-28,1.4593026638031006,1.4593026638031006,1.4593026638031006,1.4593026638031006,2947
2022-07-29,1.433243989944458,1.433243989944458,1.433243989944458,1.433243989944458,499
2022-08-01,1.433243989944458,1.433243989944458,1.433243989944458,1.433243989944458,4560
2022-08-02,1.433243989944458,1.433243989944458,1.433243989944458,1.433243989944458,3076
2022-08-03,1.5179353952407837,1.5179353952407837,1.5179353952407837,1.5179353952407837,1815
2022-08-04,1.5244499444961548,1.5244499444961548,1.5244499444961548,1.5244499444961548,1575
2022-08-05,1.5309646129608154,1.5309646129608154,1.5309646129608154,1.5309646129608154,652
2022-08-08,1.5439939498901367,1.5439939498901367,1.5439939498901367,1.5439939498901367,3618
2022-08-09,1.5570240020751953,1.5570240020751953,1.5570240020751953,1.5570240020751953,3092
2022-08-10,1.5439939498901367,1.5439939498901367,1.5439939498901367,1.5439939498901367,586
2022-08-11,1.5309646129608154,1.5309646129608154,1.5309646129608154,1.5309646129608154,141399
2022-08-12,1.59611177444458,1.59611177444458,1.59611177444458,1.59611177444458,4866
2022-08-16,1.5765680074691772,1.5765680074691772,1.5765680074691772,1.5765680074691772,372
2022-08-17,1.5570240020751953,1.5570240020751953,1.5570240020751953,1.5570240020751953,234
2022-08-18,1.5505094528198242,1.5505094528198242,1.5505094528198242,1.5505094528198242,3726
2022-08-19,1.5505094528198242,1.5505094528198242,1.5505094528198242,1.5505094528198242,1906
2022-08-22,1.5505094528198242,1.5505094528198242,1.5505094528198242,1.5505094528198242,0
2022-08-23,1.5570240020751953,1.5570240020751953,1.5570240020751953,1.5570240020751953,736
2022-08-24,1.863216757774353,1.863216757774353,1.863216757774353,1.863216757774353,10360
2022-08-25,2.1498653888702393,2.1498653888702393,2.1498653888702393,2.1498653888702393,3036
2022-08-26,2.1172914505004883,2.1172914505004883,2.1172914505004883,2.1172914505004883,29219
2022-08-29,1.954423427581787,1.954423427581787,1.954423427581787,1.954423427581787,1985
2022-08-30,1.954423427581787,1.954423427581787,1.954423427581787,1.954423427581787,847
2022-08-31,1.947908878326416,1.947908878326416,1.947908878326416,1.947908878326416,4122
2022-09-01,1.8892762660980225,1.8892762660980225,1.8892762660980225,1.8892762660980225,1701
2022-09-02,1.8892762660980225,1.8892762660980225,1.8892762660980225,1.8892762660980225,539
2022-09-05,1.758980631828308,1.758980631828308,1.758980631828308,1.758980631828308,4577
2022-09-06,1.758980631828308,1.758980631828308,1.758980631828308,1.758980631828308,1834
2022-09-07,1.8762458562850952,1.8762458562850952,1.8762458562850952,1.8762458562850952,729
2022-09-08,1.8501876592636108,1.8501876592636108,1.8501876592636108,1.8501876592636108,300
2022-09-09,1.8436729907989502,1.8436729907989502,1.8436729907989502,1.8436729907989502,469
2022-09-12,1.7720099687576294,1.7720099687576294,1.7720099687576294,1.7720099687576294,273
2022-09-13,1.7720099687576294,1.7720099687576294,1.7720099687576294,1.7720099687576294,0
2022-09-14,1.7264074087142944,1.7264074087142944,1.7264074087142944,1.7264074087142944,7928
2022-09-15,1.7850401401519775,1.7850401401519778,1.7850401401519778,1.7850401401519778,290
2022-09-16,1.7264074087142944,1.7264074087142944,1.7264074087142944,1.7264074087142944,2513
2022-09-19,1.758980631828308,1.758980631828308,1.758980631828308,1.758980631828308,9681
2022-09-20,1.758980631828308,1.758980631828308,1.758980631828308,1.758980631828308,7663
2022-09-21,1.7264074087142944,1.7264074087142944,1.7264074087142944,1.7264074087142944,1037
2022-09-22,1.6873186826705933,1.6873186826705933,1.6873186826705933,1.6873186826705933,673
2022-09-23,1.8241281509399414,1.8241281509399414,1.8241281509399414,1.8241281509399414,7087
2022-09-26,1.8241281509399414,1.8241281509399414,1.8241281509399414,1.8241281509399414,256
2022-09-27,1.7915546894073486,1.7915546894073486,1.7915546894073486,1.7915546894073486,4748
2022-09-28,1.7915546894073486,1.7915546894073486,1.7915546894073486,1.7915546894073486,151395
2022-09-29,1.7915546894073486,1.7915546894073486,1.7915546894073486,1.7915546894073486,0
2022-09-30,1.7915546894073486,1.7915546894073486,1.7915546894073486,1.7915546894073486,13
2022-10-03,1.693833351135254,1.693833351135254,1.693833351135254,1.693833351135254,3344
2022-10-04,1.7524659633636475,1.7524659633636475,1.7524659633636475,1.7524659633636475,929
2022-10-05,1.693833351135254,1.693833351135254,1.693833351135254,1.693833351135254,75255
2022-10-06,1.693833351135254,1.693833351135254,1.693833351135254,1.693833351135254,3355
2022-10-07,1.758980631828308,1.758980631828308,1.758980631828308,1.758980631828308,2679
2022-10-10,1.954423427581787,1.954423427581787,1.954423427581787,1.954423427581787,1403
2022-10-11,1.9869967699050903,1.9869967699050903,1.9869967699050903,1.9869967699050903,1793
2022-10-13,1.954423427581787,1.954423427581787,1.954423427581787,1.954423427581787,349
2022-10-14,1.8892762660980225,1.8892762660980225,1.8892762660980225,1.8892762660980225,26
2022-10-17,1.693833351135254,1.693833351135254,1.693833351135254,1.693833351135254,2706
2022-10-18,1.7524659633636475,1.7524659633636475,1.7524659633636475,1.7524659633636475,165
2022-10-19,1.7264074087142944,1.7264074087142944,1.7264074087142944,1.7264074087142944,972
2022-10-20,1.7068626880645752,1.7068626880645752,1.7068626880645752,1.7068626880645752,836
2022-10-21,1.7133772373199463,1.7133772373199463,1.7133772373199463,1.7133772373199463,1497
2022-10-25,1.693833351135254,1.693833351135254,1.693833351135254,1.693833351135254,14078
2022-10-26,1.693833351135254,1.693833351135254,1.693833351135254,1.693833351135254,0
2022-10-27,1.758980631828308,1.758980631828308,1.758980631828308,1.758980631828308,4047
2022-10-28,1.8567020893096924,1.8567020893096924,1.8567020893096924,1.8567020893096924,191
2022-11-01,1.700348138809204,1.700348138809204,1.700348138809204,1.700348138809204,2495
2022-11-02,1.8762458562850952,1.8762458562850952,1.8762458562850952,1.8762458562850952,6353
2022-11-03,1.8567020893096924,1.8567020893096924,1.8567020893096924,1.8567020893096924,1380
2022-11-04,1.837158203125,1.837158203125,1.837158203125,1.837158203125,1208
2022-11-07,1.8436729907989502,1.8436729907989502,1.8436729907989502,1.8436729907989502,986
2022-11-08,1.837158203125,1.837158203125,1.837158203125,1.837158203125,6
2022-11-09,1.8436729907989502,1.8436729907989502,1.8436729907989502,1.8436729907989502,3874
2022-11-10,1.8241281509399414,1.8241281509399414,1.8241281509399414,1.8241281509399414,2737
2022-11-11,2.0521442890167236,2.0521442890167236,2.0521442890167236,2.0521442890167236,4959
2022-11-14,2.065174102783203,2.065174102783203,2.065174102783203,2.065174102783203,1590
2022-11-15,2.065174102783203,2.065174102783203,2.065174102783203,2.065174102783203,20146
2022-11-16,2.0847182273864746,2.0847182273864746,2.0847182273864746,2.0847182273864746,1099
2022-11-17,2.1498653888702393,2.1498653888702393,2.1498653888702393,2.1498653888702393,1092
2022-11-18,2.215013027191162,2.215013027191162,2.215013027191162,2.215013027191162,3405
2022-11-22,2.5993831157684326,2.5993831157684326,2.5993831157684326,2.5993831157684326,3791
2022-11-23,2.54075026512146,2.54075026512146,2.54075026512146,2.54075026512146,6438
2022-11-24,2.638471841812134,2.638471841812134,2.638471841812134,2.638471841812134,232
2022-11-25,2.7036190032958984,2.7036190032958984,2.7036190032958984,2.7036190032958984,2417
2022-11-28,2.7036190032958984,2.7036190032958984,2.7036190032958984,2.7036190032958984,229
2022-11-29,2.7361927032470703,2.7361927032470703,2.7361927032470703,2.7361927032470703,2752
2022-11-30,2.7361927032470703,2.7361927032470703,2.7361927032470703,2.7361927032470703,2839
2022-12-01,2.8599722385406494,2.8599722385406494,2.8599722385406494,2.8599722385406494,3109
2022-12-02,2.833913803100586,2.833913803100586,2.833913803100586,2.833913803100586,1103
2022-12-05,2.7361927032470703,2.7361927032470703,2.7361927032470703,2.7361927032470703,17754
2022-12-06,2.7036190032958984,2.7036190032958984,2.7036190032958984,2.7036190032958984,3792
2022-12-07,2.768766403198242,2.768766403198242,2.768766403198242,2.768766403198242,470
2022-12-08,2.762251853942871,2.762251853942871,2.762251853942871,2.762251853942871,55
2022-12-09,2.833913803100586,2.833913803100586,2.833913803100586,2.833913803100586,266760
2022-12-13,2.7361927032470703,2.7361927032470703,2.7361927032470703,2.7361927032470703,2228
2022-12-14,2.7036190032958984,2.7036190032958984,2.7036190032958984,2.7036190032958984,1189064
2022-12-15,2.7361927032470703,2.7361927032470703,2.7361927032470703,2.7361927032470703,1790
2022-12-16,2.768766403198242,2.768766403198242,2.768766403198242,2.768766403198242,2234
2022-12-19,2.7361927032470703,2.7361927032470703,2.7361927032470703,2.7361927032470703,1749
2022-12-20,2.7361927032470703,2.7361927032470703,2.7361927032470703,2.7361927032470703,4301
2022-12-21,2.72967791557312,2.72967791557312,2.72967791557312,2.72967791557312,1195
2022-12-22,2.6710453033447266,2.6710453033447266,2.6710453033447266,2.6710453033447266,157
2022-12-23,2.605897903442383,2.605897903442383,2.605897903442383,2.605897903442383,6757
2022-12-26,2.7361927032470703,2.7361927032470703,2.7361927032470703,2.7361927032470703,1600
2022-12-27,2.801339864730835,2.801339864730835,2.801339864730835,2.801339864730835,7006
2022-12-28,3.159651756286621,3.159651756286621,3.159651756286621,3.159651756286621,1771
2022-12-29,3.381153106689453,3.381153106689453,3.381153106689453,3.381153106689453,898
2022-12-30,4.56032133102417,4.56032133102417,4.56032133102417,4.56032133102417,5381
2023-01-02,4.56032133102417,4.56032133102417,4.56032133102417,4.56032133102417,2721
2023-01-03,4.553806304931641,4.553806304931641,4.553806304931641,4.553806304931641,2804
2023-01-04,4.5472917556762695,4.5472917556762695,4.5472917556762695,4.5472917556762695,926
2023-01-05,4.5472917556762695,4.5472917556762695,4.5472917556762695,4.5472917556762695,0
2023-01-06,3.908846855163574,3.908846855163574,3.908846855163574,3.908846855163574,2266
2023-01-10,3.941420078277588,3.941420078277588,3.941420078277588,3.941420078277588,2070
2023-01-11,3.68083119392395,3.68083119392395,3.68083119392395,3.68083119392395,7134
2023-01-12,3.8437001705169678,3.8437001705169678,3.8437001705169678,3.8437001705169678,9062
2023-01-13,4.071715831756592,4.071715831756592,4.071715831756592,4.071715831756592,5682
2023-01-16,3.9153616428375244,3.9153616428375244,3.9153616428375244,3.9153616428375244,141485
2023-01-17,4.091259956359863,4.091259956359863,4.091259956359863,4.091259956359863,4576
2023-01-18,4.091259956359863,4.091259956359863,4.091259956359863,4.091259956359863,2378
2023-01-19,4.091259956359863,4.091259956359863,4.091259956359863,4.091259956359863,21284
2023-01-20,4.104289531707764,4.104289531707764,4.104289531707764,4.104289531707764,7911
2023-01-23,4.162921905517578,4.162921905517578,4.162921905517578,4.162921905517578,4415
2023-01-24,4.221554279327393,4.221554279327393,4.221554279327393,4.221554279327393,4649
2023-01-25,4.755764007568359,4.755764007568359,4.755764007568359,4.755764007568359,10849
2023-01-26,5.17922306060791,5.17922306060791,5.17922306060791,5.17922306060791,2808
2023-01-27,5.172708034515381,5.172708034515381,5.172708034515381,5.172708034515381,42043
2023-01-30,5.0489277839660645,5.0489277839660645,5.0489277839660645,5.0489277839660645,5115
2023-01-31,5.0228681564331055,5.0228681564331055,5.0228681564331055,5.0228681564331055,1666
2023-02-01,5.0228681564331055,5.0228681564331055,5.0228681564331055,5.0228681564331055,0
2023-02-02,5.0228681564331055,5.0228681564331055,5.0228681564331055,5.0228681564331055,0
2023-02-03,5.0228681564331055,5.0228681564331055,5.0228681564331055,5.0228681564331055,0
2023-02-06,4.820911884307861,4.820911884307861,4.820911884307861,4.820911884307861,961
2023-02-07,4.716675758361816,4.716675758361816,4.716675758361816,4.716675758361816,5070
2023-02-08,4.710160255432129,4.710160255432129,4.710160255432129,4.710160255432129,1716
2023-02-09,4.56032133102417,4.56032133102417,4.56032133102417,4.56032133102417,9647
2023-02-10,4.56032133102417,4.56032133102417,4.56032133102417,4.56032133102417,1401
2023-02-13,4.495174407958984,4.495174407958984,4.495174407958984,4.495174407958984,6631
2023-02-14,4.56032133102417,4.56032133102417,4.56032133102417,4.56032133102417,10646
2023-02-15,4.430026054382324,4.430026054382324,4.430026054382324,4.430026054382324,153830
2023-02-16,4.495174407958984,4.495174407958984,4.495174407958984,4.495174407958984,10539
2023-02-17,4.56032133102417,4.56032133102417,4.56032133102417,4.56032133102417,2470
2023-02-22,4.658043384552002,4.658043384552002,4.658043384552002,4.658043384552002,5090
2023-02-23,4.625468730926514,4.625468730926514,4.625468730926514,4.625468730926514,7352
2023-02-24,4.618954181671143,4.618954181671143,4.618954181671143,4.618954181671143,553
2023-02-27,4.788337707519531,4.788337707519531,4.788337707519531,4.788337707519531,4556
2023-02-28,4.690616130828857,4.690616130828857,4.690616130828857,4.690616130828857,1010
2023-03-01,4.690616130828857,4.690616130828857,4.690616130828857,4.690616130828857,1133
2023-03-02,4.618954181671143,4.618954181671143,4.618954181671143,4.618954181671143,1950
2023-03-03,4.56032133102417,4.56032133102417,4.56032133102417,4.56032133102417,835
2023-03-06,4.56032133102417,4.56032133102417,4.56032133102417,4.56032133102417,6473
2023-03-07,4.56032133102417,4.56032133102417,4.56032133102417,4.56032133102417,524
2023-03-08,4.56032133102417,4.56032133102417,4.56032133102417,4.56032133102417,339
2023-03-09,4.56032133102417,4.56032133102417,4.56032133102417,4.56032133102417,2134
2023-03-10,4.820911884307861,4.820911884307861,4.820911884307861,4.820911884307861,3894
2023-03-13,5.407238006591797,5.407238006591797,5.407238006591797,5.407238006591797,9674
2023-03-14,5.700401782989502,5.700401782989502,5.700401782989502,5.700401782989502,1392
2023-03-15,5.700401782989502,5.700401782989502,5.700401782989502,5.700401782989502,4132
2023-03-16,5.700401782989502,5.700401782989502,5.700401782989502,5.700401782989502,0
2023-03-17,5.576622009277344,5.576622009277344,5.576622009277344,5.576622009277344,6995
2023-03-20,5.576622009277344,5.576622009277344,5.576622009277344,5.576622009277344,631
2023-03-21,5.472385883331299,5.472385883331299,5.472385883331299,5.472385883331299,12669
2023-03-22,5.439812660217285,5.439812660217285,5.439812660217285,5.439812660217285,489
2023-03-23,5.400723934173584,5.400723934173584,5.400723934173584,5.400723934173584,232
2023-03-24,5.355120658874512,5.355120658874512,5.355120658874512,5.355120658874512,257
2023-03-27,5.348605632781982,5.348605632781982,5.348605632781982,5.348605632781982,33553
2023-03-28,5.211796283721924,5.211796283721924,5.211796283721924,5.211796283721924,10388
2023-03-29,5.146648406982422,5.146648406982422,5.146648406982422,5.146648406982422,2567
2023-03-30,5.146648406982422,5.146648406982422,5.146648406982422,5.146648406982422,12356
2023-03-31,5.146648406982422,5.146648406982422,5.146648406982422,5.146648406982422,2603
2023-04-03,5.140133857727051,5.140133857727051,5.140133857727051,5.140133857727051,5790
2023-04-04,5.13361930847168,5.13361930847168,5.13361930847168,5.13361930847168,5423
2023-04-05,5.13361930847168,5.13361930847168,5.13361930847168,5.13361930847168,53
2023-04-10,5.016353607177734,5.016353607177734,5.016353607177734,5.016353607177734,2947
2023-04-11,4.951206207275391,4.951206207275391,4.951206207275391,4.951206207275391,350
2023-04-12,4.755764007568359,4.755764007568359,4.755764007568359,4.755764007568359,5026
2023-04-13,4.755764007568359,4.755764007568359,4.755764007568359,4.755764007568359,138534
2023-04-14,4.74924898147583,4.74924898147583,4.74924898147583,4.74924898147583,7154
2023-04-17,4.723189830780029,4.723189830780029,4.723189830780029,4.723189830780029,317
2023-04-18,4.729704856872559,4.729704856872559,4.729704856872559,4.729704856872559,8407
2023-04-20,4.723189830780029,4.723189830780029,4.723189830780029,4.723189830780029,8039
2023-04-21,4.74924898147583,4.74924898147583,4.74924898147583,4.74924898147583,1922
2023-04-24,4.931662559509277,4.931662559509277,4.931662559509277,4.931662559509277,7010
2023-04-25,4.886058807373047,4.886058807373047,4.886058807373047,4.886058807373047,284
2023-04-26,4.866514205932617,4.866514205932617,4.866514205932617,4.866514205932617,864
2023-04-27,4.983780384063721,4.983780384063721,4.983780384063721,4.983780384063721,44038
2023-04-28,4.983780384063721,4.983780384063721,4.983780384063721,4.983780384063721,8791
2023-05-02,5.211796283721924,5.211796283721924,5.211796283721924,5.211796283721924,13216
2023-05-03,5.342091083526611,5.342091083526611,5.342091083526611,5.342091083526611,1455
2023-05-04,5.3095173835754395,5.3095173835754395,5.3095173835754395,5.3095173835754395,2115
2023-05-05,5.400723934173584,5.400723934173584,5.400723934173584,5.400723934173584,497
2023-05-08,5.33557653427124,5.33557653427124,5.33557653427124,5.33557653427124,5114
2023-05-09,5.33557653427124,5.33557653427124,5.33557653427124,5.33557653427124,5990
2023-05-10,5.387694835662842,5.387694835662842,5.387694835662842,5.387694835662842,8782
2023-05-11,5.387694835662842,5.387694835662842,5.387694835662842,5.387694835662842,54076
2023-05-12,5.3811798095703125,5.3811798095703125,5.3811798095703125,5.3811798095703125,3766
2023-05-15,5.374664306640625,5.374664306640625,5.374664306640625,5.374664306640625,468
2023-05-16,5.355120658874512,5.355120658874512,5.355120658874512,5.355120658874512,1478
2023-05-17,5.211796283721924,5.211796283721924,5.211796283721924,5.211796283721924,783
2023-05-18,5.08150053024292,5.08150053024292,5.08150053024292,5.08150053024292,3580
2023-05-19,5.08150053024292,5.08150053024292,5.08150053024292,5.08150053024292,1992
2023-05-23,5.192251205444336,5.192251205444336,5.192251205444336,5.192251205444336,484
2023-05-24,5.146648406982422,5.146648406982422,5.146648406982422,5.146648406982422,1575
2023-05-25,5.0554423332214355,5.0554423332214355,5.0554423332214355,5.0554423332214355,7963
2023-05-26,5.035897254943848,5.035897254943848,5.035897254943848,5.035897254943848,19751
2023-05-29,5.0489277839660645,5.0489277839660645,5.0489277839660645,5.0489277839660645,79589
2023-05-30,5.0489277839660645,5.0489277839660645,5.0489277839660645,5.0489277839660645,6737
2023-05-31,5.791608810424805,5.791608810424805,5.791608810424805,5.791608810424805,2582
2023-06-01,5.759034633636475,5.759034633636475,5.759034633636475,5.759034633636475,5778
2023-06-02,5.713430881500244,5.713430881500244,5.713430881500244,5.713430881500244,19186
2023-06-05,5.719945430755615,5.719945430755615,5.719945430755615,5.719945430755615,487
2023-06-06,5.693887710571289,5.693887710571289,5.693887710571289,5.693887710571289,2582
2023-06-07,5.65479850769043,5.65479850769043,5.65479850769043,5.65479850769043,445
2023-06-08,5.374664306640625,5.374664306640625,5.374664306640625,5.374664306640625,23882
2023-06-13,5.8632707595825195,5.8632707595825195,5.8632707595825195,5.8632707595825195,1377
2023-06-14,5.824182510375977,5.824182510375977,5.824182510375977,5.824182510375977,5025
2023-06-15,5.726460933685303,5.726460933685303,5.726460933685303,5.726460933685303,5408
2023-06-16,5.667828559875488,5.667828559875488,5.667828559875488,5.667828559875488,7004
2023-06-20,5.719945430755615,5.719945430755615,5.719945430755615,5.719945430755615,1438
2023-06-21,5.8306965827941895,5.8306965827941895,5.8306965827941895,5.8306965827941895,485
2023-06-22,5.791608810424805,5.791608810424805,5.791608810424805,5.791608810424805,2027
2023-06-23,5.700401782989502,5.700401782989502,5.700401782989502,5.700401782989502,2509
2023-06-26,5.700401782989502,5.700401782989502,5.700401782989502,5.700401782989502,4163
2023-06-27,5.785093784332275,5.785093784332275,5.785093784332275,5.785093784332275,2540
2023-06-28,5.778578758239746,5.778578758239746,5.778578758239746,5.778578758239746,12571
2023-06-29,5.811152935028076,5.811152935028076,5.811152935028076,5.811152935028076,234
2023-06-30,5.732975959777832,5.732975959777832,5.732975959777832,5.732975959777832,6709
2023-07-04,5.778578758239746,5.778578758239746,5.778578758239746,5.778578758239746,12544
2023-07-06,5.732975959777832,5.732975959777832,5.732975959777832,5.732975959777832,4329
2023-07-07,5.635254859924316,5.635254859924316,5.635254859924316,5.635254859924316,15297
2023-07-10,5.635254859924316,5.635254859924316,5.635254859924316,5.635254859924316,4492
2023-07-11,5.635254859924316,5.635254859924316,5.635254859924316,5.635254859924316,1712
2023-07-12,5.68737268447876,5.68737268447876,5.68737268447876,5.68737268447876,2016
2023-07-13,5.65479850769043,5.65479850769043,5.65479850769043,5.65479850769043,7462
2023-07-14,5.667828559875488,5.667828559875488,5.667828559875488,5.667828559875488,2655
2023-07-17,5.921903133392334,5.921903133392334,5.921903133392334,5.921903133392334,1686
2023-07-18,5.928417682647705,5.928417682647705,5.928417682647705,5.928417682647705,3774
2023-07-19,5.928417682647705,5.928417682647705,5.928417682647705,5.928417682647705,3622
2023-07-20,5.8632707595825195,5.8632707595825195,5.8632707595825195,5.8632707595825195,6577
2023-07-21,5.798122882843018,5.798122882843018,5.798122882843018,5.798122882843018,4653
2023-07-25,5.785093784332275,5.785093784332275,5.785093784332275,5.785093784332275,2810
2023-07-26,5.667828559875488,5.667828559875488,5.667828559875488,5.667828559875488,1702
2023-07-27,5.537532806396484,5.537532806396484,5.537532806396484,5.537532806396484,9221
2023-07-28,5.407238006591797,5.407238006591797,5.407238006591797,5.407238006591797,21563
2023-07-31,5.407238006591797,5.407238006591797,5.407238006591797,5.407238006591797,1119
2023-08-01,5.407238006591797,5.407238006591797,5.407238006591797,5.407238006591797,106698
2023-08-02,5.407238006591797,5.407238006591797,5.407238006591797,5.407238006591797,1122
2023-08-03,5.732975959777832,5.732975959777832,5.732975959777832,5.732975959777832,19458
2023-08-04,5.700401782989502,5.700401782989502,5.700401782989502,5.700401782989502,6285
2023-08-07,5.667828559875488,5.667828559875488,5.667828559875488,5.667828559875488,7822
2023-08-08,5.693887710571289,5.693887710571289,5.693887710571289,5.693887710571289,410
2023-08-09,5.68737268447876,5.68737268447876,5.68737268447876,5.68737268447876,6757
2023-08-10,5.798122882843018,5.798122882843018,5.798122882843018,5.798122882843018,1654
2023-08-11,5.798122882843018,5.798122882843018,5.798122882843018,5.798122882843018,13839
2023-08-15,5.785093784332275,5.785093784332275,5.785093784332275,5.785093784332275,837
2023-08-16,5.732975959777832,5.732975959777832,5.732975959777832,5.732975959777832,37193
2023-08-17,5.726460933685303,5.726460933685303,5.726460933685303,5.726460933685303,1029
2023-08-18,5.674343585968018,5.674343585968018,5.674343585968018,5.674343585968018,2560
2023-08-21,6.061307907104492,6.061307907104492,6.061307907104492,6.061307907104492,4695
2023-08-22,6.013364791870117,6.013364791870117,6.013364791870117,6.013364791870117,3011
2023-08-23,5.787351131439209,5.787351131439209,5.787351131439209,5.787351131439209,5362
2023-08-24,5.6161274909973145,5.6161274909973145,5.6161274909973145,5.6161274909973145,4874
2023-08-25,6.027063369750977,6.027063369750977,6.027063369750977,6.027063369750977,16365
2023-08-28,6.369509696960449,6.369509696960449,6.369509696960449,6.369509696960449,7690
2023-08-29,6.403754711151123,6.403754711151123,6.403754711151123,6.403754711151123,11133
2023-08-30,6.431149959564209,6.431149959564209,6.431149959564209,6.431149959564209,8623
2023-08-31,6.4243011474609375,6.4243011474609375,6.4243011474609375,6.4243011474609375,11744
2023-09-01,6.4722442626953125,6.4722442626953125,6.4722442626953125,6.4722442626953125,2574
2023-09-04,6.403754711151123,6.403754711151123,6.403754711151123,6.403754711151123,5940
2023-09-05,6.451697826385498,6.451697826385498,6.451697826385498,6.451697826385498,2648
2023-09-06,6.465395450592041,6.465395450592041,6.465395450592041,6.465395450592041,8069
2023-09-07,6.4379987716674805,6.4379987716674805,6.4379987716674805,6.4379987716674805,49960
2023-09-08,6.451697826385498,6.451697826385498,6.451697826385498,6.451697826385498,1934
2023-09-12,6.479093074798584,6.479093074798584,6.479093074798584,6.479093074798584,4394
2023-09-13,6.479093074798584,6.479093074798584,6.479093074798584,6.479093074798584,17034
2023-09-14,6.4722442626953125,6.4722442626953125,6.4722442626953125,6.4722442626953125,16057
2023-09-15,6.520186901092529,6.520186901092529,6.520186901092529,6.520186901092529,13882
2023-09-18,6.506489276885986,6.506489276885986,6.506489276885986,6.506489276885986,419
2023-09-19,6.506489276885986,6.506489276885986,6.506489276885986,6.506489276885986,20512
2023-09-20,6.533884525299072,6.533884525299072,6.533884525299072,6.533884525299072,1601
2023-09-21,6.540733337402344,6.540733337402344,6.540733337402344,6.540733337402344,801
2023-09-22,6.670863151550293,6.670863151550293,6.670863151550293,6.670863151550293,685
2023-09-25,6.848935127258301,6.848935127258301,6.848935127258301,6.848935127258301,3208
2023-09-26,7.047554969787598,7.047554969787598,7.047554969787598,7.047554969787598,4896
2023-09-27,7.739297389984131,7.739297389984131,7.739297389984131,7.739297389984131,2280
2023-09-28,8.218722343444824,8.218722343444824,8.218722343444824,8.218722343444824,16914
2023-09-29,8.622810363769531,8.622810363769531,8.622810363769531,8.622810363769531,4863
2023-10-02,9.588510513305664,9.588510513305664,9.588510513305664,9.588510513305664,8542
2023-10-03,9.246063232421875,9.246063232421875,9.246063232421875,9.246063232421875,4794
2023-10-04,9.58166217803955,9.58166217803955,9.58166217803955,9.58166217803955,673
2023-10-05,9.430984497070312,9.430984497070312,9.430984497070312,9.430984497070312,3403
2023-10-06,8.903615951538086,8.903615951538086,8.903615951538086,8.903615951538086,2199
2023-10-09,8.629659652709961,8.629659652709961,8.629659652709961,8.629659652709961,3599
2023-10-10,8.554320335388184,8.554320335388184,8.554320335388184,8.554320335388184,408
2023-10-11,8.629659652709961,8.629659652709961,8.629659652709961,8.629659652709961,132
2023-10-13,8.629659652709961,8.629659652709961,8.629659652709961,8.629659652709961,2752
2023-10-16,8.889918327331543,8.889918327331543,8.889918327331543,8.889918327331543,3344
2023-10-17,8.896767616271973,8.896767616271973,8.896767616271973,8.896767616271973,1443
2023-10-18,9.588510513305664,9.588510513305664,9.588510513305664,9.588510513305664,357
2023-10-19,11.471966743469238,11.471966743469238,11.471966743469238,11.471966743469238,2671
2023-10-20,11.30074405670166,11.30074405670166,11.30074405670166,11.30074405670166,26431
2023-10-23,11.985637664794922,11.985637664794922,11.985637664794922,11.985637664794922,787
2023-10-24,10.9651460647583,10.9651460647583,10.9651460647583,10.9651460647583,4360
2023-10-25,10.958297729492188,10.958297729492188,10.958297729492188,10.958297729492188,1050
2023-10-26,10.958297729492188,10.958297729492188,10.958297729492188,10.958297729492188,8804
2023-10-27,10.704886436462402,10.704886436462402,10.704886436462402,10.704886436462402,15347
2023-10-31,11.84865951538086,11.84865951538086,11.84865951538086,11.84865951538086,27801
2023-11-01,10.958297729492188,10.958297729492188,10.958297729492188,10.958297729492188,21444
2023-11-02,11.30074405670166,11.30074405670166,11.30074405670166,11.30074405670166,462
2023-11-03,12.321234703063965,12.321234703063965,12.321234703063965,12.321234703063965,323
2023-11-07,12.321234703063965,12.321234703063965,12.321234703063965,12.321234703063965,0
2023-11-08,10.958297729492188,10.958297729492188,10.958297729492188,10.958297729492188,509
2023-11-09,10.958297729492188,10.958297729492188,10.958297729492188,10.958297729492188,8588
2023-11-10,10.951448440551758,10.951448440551758,10.951448440551758,10.951448440551758,14835
2023-11-13,12.307538032531738,12.307538032531738,12.307538032531738,12.307538032531738,82
2023-11-14,12.328083992004395,12.328083992004395,12.328083992004395,12.328083992004395,9877
2023-11-15,11.951393127441406,11.951393127441406,11.951393127441406,11.951393127441406,15919
2023-11-16,11.896600723266602,11.896600723266602,11.896600723266602,11.896600723266602,514
2023-11-17,11.780169486999512,11.780169486999512,11.780169486999512,11.780169486999512,15003
2023-11-20,12.328083992004395,12.328083992004395,12.328083992004395,12.328083992004395,5148
2023-11-21,13.095165252685547,13.095165252685547,13.095165252685547,13.095165252685547,14402
2023-11-22,14.143054008483887,14.143054008483887,14.143054008483887,14.143054008483887,3576
2023-11-23,14.382765769958496,14.382765769958496,14.382765769958496,14.382765769958496,14431
2023-11-24,14.040318489074707,14.040318489074707,14.040318489074707,14.040318489074707,2875
2023-11-27,14.033470153808594,14.033470153808594,14.033470153808594,14.033470153808594,2052
2023-11-28,13.684174537658691,13.684174537658691,13.684174537658691,13.684174537658691,3916
2023-11-29,13.184202194213867,13.184202194213867,13.184202194213867,13.184202194213867,12521
2023-11-30,13.184202194213867,13.184202194213867,13.184202194213867,13.184202194213867,1617
2023-12-01,13.07461929321289,13.07461929321289,13.07461929321289,13.07461929321289,2784
2023-12-04,12.328083992004395,12.328083992004395,12.328083992004395,12.328083992004395,2482
2023-12-05,12.670531272888184,12.670531272888184,12.670531272888184,12.670531272888184,642
2023-12-06,12.649984359741211,12.649984359741211,12.649984359741211,12.649984359741211,63636
2023-12-07,12.622588157653809,12.622588157653809,12.622588157653809,12.622588157653809,6701
2023-12-08,11.985637664794922,11.985637664794922,11.985637664794922,11.985637664794922,325
2023-12-12,11.643190383911133,11.643190383911133,11.643190383911133,11.643190383911133,22019
2023-12-13,11.643190383911133,11.643190383911133,11.643190383911133,11.643190383911133,11241
2023-12-14,10.958297729492188,10.958297729492188,10.958297729492188,10.958297729492188,11732
2023-12-15,10.958297729492188,10.958297729492188,10.958297729492188,10.958297729492188,3939
2023-12-18,10.958297729492188,10.958297729492188,10.958297729492188,10.958297729492188,1040
2023-12-19,10.958297729492188,11.643190952054548,10.958297729492188,10.958297729492188,3341
2023-12-20,12.245898246765137,12.293840668353338,11.64319137813776,10.958298130511695,1095
2023-12-21,11.985637664794922,12.245897001939747,11.985637664794922,12.245897001939747,3591
2023-12-22,12.259594917297363,12.293839753372666,12.252746126324993,11.98563799112185,594
2023-12-26,12.328083992004395,12.328083992004395,12.259595199490757,12.259595199490757,1347
2023-12-27,12.184256553649902,12.328083808884273,12.184256553649902,12.184256553649902,33
2023-12-28,12.115767478942871,12.115767478942871,12.108918688074679,12.115767478942871,1011
2023-12-29,12.328083992004395,12.328083992004395,12.321235200874378,12.328083992004395,2563
2024-01-02,12.293839454650879,12.328083408680651,12.293839454650879,12.293839454650879,6
2024-01-03,12.293839454650879,12.293839454650879,12.293839454650879,12.293839454650879,318
2024-01-04,12.252745628356934,12.293839253734506,12.252745628356934,12.252745628356934,4982
2024-01-05,12.191104888916016,12.28014181259548,12.156860935054794,12.252745768293073,535
2024-01-08,12.1226167678833,12.156861604844691,12.1226167678833,12.1226167678833,60
2024-01-09,12.1226167678833,12.15001193248163,12.1226167678833,12.1226167678833,79
2024-01-10,12.088372230529785,12.122617068339927,12.088372230529785,12.122617068339927,852
2024-01-11,11.985637664794922,12.054126453867363,11.985637664794922,11.985637664794922,74
2024-01-12,11.944543838500977,11.978788673069468,11.944543838500977,11.985637463740483,1144
2024-01-15,12.191104888916016,12.458213897527544,11.937695224275835,12.191104888916016,283
2024-01-16,12.191104888916016,12.328083348001188,12.191104888916016,12.191104888916016,9704
2024-01-17,12.328083992004395,12.328083992004395,11.848658919555032,12.191105525763644,8776
2024-01-18,12.328083992004395,12.444516084855096,12.191105525763644,12.328083992004395,2784
2024-01-19,12.608891487121582,12.766417208079279,12.321235209745979,12.608891487121582,2093
2024-01-22,12.191104888916016,12.328083348001188,12.191104888916016,12.191104888916016,1296
2024-01-23,12.293839454650879,12.321234617874696,12.019881653918672,12.293839454650879,40
2024-01-24,12.259594917297363,12.328083708234514,12.259594917297363,12.259594917297363,153
2024-01-25,12.184256553649902,12.25959501738796,12.184256553649902,12.25959501738796,999
2024-01-26,11.91714859008789,12.18425673136778,11.91714859008789,11.91714859008789,16334
2024-01-29,11.71168041229248,11.848658878053445,11.71168041229248,11.71168041229248,472
2024-01-30,11.71168041229248,11.71168041229248,11.71168041229248,11.71168041229248,0
2024-01-31,11.574702262878418,11.622644683144392,11.1637659731508,11.574702262878418,6
2024-02-01,11.30074405670166,11.663737913765992,11.30074405670166,11.30074405670166,228
2024-02-02,11.643190383911133,11.643190383911133,11.643190383911133,11.300743789340045,2645
2024-02-05,11.50621223449707,11.663737954261858,11.50621223449707,11.64319069979914,2224
2024-02-06,11.478816986083984,11.485665777642675,11.300744880703943,11.506213033532273,3383
2024-02-07,10.958297729492188,11.643190952054548,10.958297729492188,10.958297729492188,3896
2024-02-08,11.602096557617188,11.602096557617188,11.300743594830095,11.602096557617188,690
2024-02-09,11.80756664276123,11.978789952680879,11.602097613401439,11.80756664276123,3032
2024-02-14,11.71168041229248,11.978789433921854,11.71168041229248,11.80756613141728,1420
2024-02-15,11.84865951538086,11.91029951986413,11.84865951538086,11.84865951538086,1211
2024-02-16,11.793868064880371,11.841809600653804,11.711679931342749,11.793868064880371,149
2024-02-19,11.793868064880371,11.985637732827847,11.793868064880371,11.793868064880371,570
2024-02-20,11.739075660705566,11.773319613910127,11.739075660705566,11.739075660705566,391
2024-02-21,11.30074405670166,11.643190659374612,11.026787127048685,11.739076377845272,827
2024-02-22,11.458269119262695,11.574701204238714,11.458269119262695,11.3007434090724,817
2024-02-23,11.307592391967773,11.471966895619238,11.307592391967773,11.307592391967773,13
2024-02-26,11.334988594055176,11.334988594055176,11.300743758448988,11.334988594055176,79
2024-02-27,11.30074405670166,11.30074405670166,11.232254383681683,11.30074405670166,83
2024-02-28,10.958297729492188,11.300744340773369,10.958297729492188,10.958297729492188,302
2024-02-29,11.163765907287598,11.232254701029138,11.163765907287598,11.163765907287598,209
2024-03-01,11.170614242553711,11.170614242553711,10.958297316316123,11.170614242553711,344
2024-03-04,11.170614242553711,11.492513586789984,11.170614242553711,11.170614242553711,957
2024-03-05,10.958297729492188,11.170614663735059,10.958297729492188,10.958297729492188,482
2024-03-06,11.348687171936035,11.36238475489543,11.348687171936035,10.958298126671604,446
2024-03-07,11.334988594055176,11.471967055266486,11.334988594055176,11.348686175812274,5008
2024-03-08,10.958297729492188,11.300744340773369,10.958297729492188,11.334989178144184,1894
2024-03-11,11.09527587890625,11.09527587890625,11.09527587890625,11.09527587890625,1961
2024-03-12,11.821263313293457,11.821263313293457,11.09527561879817,11.821263313293457,3237
2024-03-13,12.300688743591309,12.300688743591309,11.821263674411714,12.300688743591309,151
2024-03-14,12.328083992004395,12.328083992004395,12.321235200874378,12.30068882748433,4797
2024-03-15,12.088372230529785,12.465064565227852,11.985638598312859,12.328084332773782,9653
2024-03-18,12.054126739501953,12.088371575456355,12.054126739501953,12.054126739501953,542
2024-03-20,11.978789329528809,11.985638120575151,11.978789329528809,11.978789329528809,4225
2024-03-21,11.814414978027344,11.97878949019812,11.780169259909377,11.97878949019812,3872
2024-03-22,11.80756664276123,11.80756664276123,11.80756664276123,11.80756664276123,188
2024-03-25,12.081522941589355,12.081522941589355,11.848658759042538,12.081522941589355,816
2024-03-26,13.697871208190918,13.697871208190918,12.615739374812915,12.081522248768403,7421
2024-03-27,14.382765769958496,15.738854565113067,14.040318294511145,14.382765769958496,3865
2024-04-01,13.971830368041992,14.314276102230268,13.3554250503772,14.382766659009521,2827
2024-04-02,13.971830368041992,14.040319162394248,13.3554250503772,13.971830368041992,1349
2024-04-03,14.012923240661621,14.040319287374489,14.012923240661621,14.012923240661621,5763
2024-04-04,13.903340339660645,13.903340339660645,13.697872199390906,13.903340339660645,6165
2024-04-05,13.903340339660645,13.903340339660645,13.903340339660645,13.903340339660645,0
2024-04-08,14.108808517456055,16.060755414603502,13.903340376639825,13.903340376639825,8495
2024-04-09,14.389615058898926,15.752552692117693,14.115657245301572,14.389615058898926,1342
2024-04-10,15.75255298614502,15.75255298614502,14.389615327486508,14.389615327486508,2118
2024-04-11,7.869426250457764,8.526924262756856,7.869426250457764,7.869426250457764,2
2024-04-12,7.869426250457764,7.876275041216974,7.869426250457764,7.869426250457764,17646
2024-04-15,8.896767616271973,8.903616407586673,7.869426888729338,8.896767616271973,8108
2024-04-16,9.246063232421875,9.862466742945918,9.239214441604808,9.246063232421875,10782
2024-04-17,9.520021438598633,9.828223206972153,9.246063625767249,9.520021438598633,4798
2024-04-18,9.588510513305664,9.93095800973433,9.588510513305664,9.588510513305664,318841
2024-04-22,9.246063232421875,9.520021033598566,9.246063232421875,9.246063232421875,15650
2024-04-23,8.903615951538086,9.246063430654264,8.903615951538086,8.903615951538086,1022
2024-04-24,8.896767616271973,8.896767616271973,8.773486728966857,8.896767616271973,8245
2024-04-25,9.040595054626465,9.246063184132527,8.896766923365506,8.896766923365506,30389
2024-04-26,4.691520690917969,4.862743996611604,4.691520690917969,4.691520690917969,23770
2024-04-29,4.691520690917969,4.691520690917969,4.67782266784405,4.691520690917969,17584
2024-04-30,4.677822589874268,4.677822589874268,4.657276216515973,4.677822589874268,2687
2024-05-02,4.794254779815674,4.794254779815674,4.650427519749073,4.677822684782621,1747
2024-05-03,5.0339674949646,5.136701561441977,4.862743757097822,5.0339674949646,26513
2024-05-06,4.896989345550537,4.965478580698959,4.828500110402116,4.896989345550537,14593
2024-05-07,2.732725143432617,2.808063167224729,2.732725143432617,2.732725143432617,26308
2024-05-08,2.705328941345215,2.7327252078613875,2.705328941345215,2.705328941345215,17471
2024-05-09,2.6710846424102783,2.7053288173938053,2.472465739804799,2.7053288173938053,25880
2024-05-10,2.616293430328369,2.636839804840017,2.616293430328369,2.671084863876334,15490
2024-05-14,2.6231422424316406,2.6368398255469723,2.6231422424316406,2.6231422424316406,42321
2024-05-15,2.534106492996216,2.6368399118472077,2.499861432570179,2.534106492996216,81254314
2024-05-16,2.534106492996216,2.534106492996216,2.534106492996216,2.534106492996216,0
2024-05-17,2.499861001968384,2.499861001968384,2.465615947441068,2.499861001968384,45080
2024-05-20,2.641326427459717,2.894604345517665,2.6051434687025794,2.641326427459717,43888
2024-05-21,2.6775095462799072,2.786056566878979,2.6196175071181713,2.6775095462799072,35510
2024-05-22,2.6775095462799072,2.713691576119355,2.6051436244395556,2.5400149930937848,9296
2024-05-23,2.6775095462799072,2.786056566878979,2.655799304187438,2.6775095462799072,6197
2024-05-24,2.6775095462799072,2.6775095462799072,2.641326585359731,2.6775095462799072,357725
2024-05-27,2.8077664375305176,2.8367121041268746,2.749874173257199,2.8077664375305176,37533
2024-05-28,2.822239398956299,2.822239398956299,2.807766680789311,2.822239398956299,10929
2024-05-29,2.815002918243408,2.8222392770142366,2.80776655947258,2.815002918243408,437330
2024-05-30,2.8294756412506104,2.8728951905804196,2.8294756412506104,2.8294756412506104,13491
2024-05-31,2.822239398956299,2.843948708976952,2.822239398956299,2.8294757580397927,6273
2024-06-04,2.815002918243408,2.8222392770142366,2.7136913349800356,2.8222392770142366,277120
2024-06-05,2.800530195236206,2.822239271506324,2.7498742873182995,2.800530195236206,786
2024-06-06,2.800530195236206,2.800530195236206,2.800530195236206,2.800530195236206,0
2024-06-07,2.8077664375305176,2.8222391544436203,2.749874173257199,2.815002795987069,3200
2024-06-10,2.79329252243042,2.8222391197515586,2.778819805695221,2.79329252243042,130
2024-06-11,2.6702730655670166,2.8005303223415305,2.6702730655670166,2.6702730655670166,1275800
2024-06-12,2.7209277153015137,2.7498743144649005,2.7209277153015137,2.7209277153015137,995
2024-06-13,2.6775095462799072,2.7426381776256776,2.6775095462799072,2.6775095462799072,289335
2024-06-14,2.778820037841797,2.786056396813932,2.7426380102109538,2.778820037841797,7015
2024-06-18,2.8439486026763916,2.8584213203024214,2.836712243863377,2.778819976738284,10521
2024-06-19,2.880131721496582,2.909077391135911,2.8439487615592625,2.880131721496582,141659
2024-06-20,2.8584213256835938,2.8801315660143216,2.851184966856956,2.8584213256835938,61437
2024-06-21,2.8584213256835938,2.8584213256835938,2.851184966856956,2.8584213256835938,3232
2024-06-25,2.822239398956299,2.9307873456805917,2.786056439687973,2.822239398956299,243049
2024-06-26,2.800530195236206,2.822239271506324,2.7932926726286964,2.800530195236206,3751
2024-06-27,2.800530195236206,2.822239271506324,2.7860563138719905,2.800530195236206,26394
2024-06-28,2.822239398956299,2.822239398956299,2.8005303217058173,2.8005303217058173,9507
2024-07-01,2.9669694900512695,3.169591742186631,2.8946044997615745,2.9669694900512695,1482
2024-07-02,3.3866875171661377,3.3866875171661377,2.966969378816623,3.3866875171661377,134914
2024-07-03,3.502471923828125,3.6182555348461274,3.364977372738088,3.502471923828125,114929
2024-07-04,3.582073450088501,3.618255478816067,3.32879529190257,3.5024718695910173,5184
2024-07-08,3.5169448852539062,3.6182555451841205,3.502471933835304,3.582073515792884,166566
2024-07-09,3.4228696823120117,3.5458903523286884,3.292612420140172,3.4228696823120117,6519
2024-07-10,3.40116024017334,3.5097084200025486,3.2564302648150827,3.40116024017334,296148
2024-07-11,3.4373433589935303,3.451816076896399,3.4156331182883926,3.4373433589935303,10793
2024-07-12,3.5458900928497314,3.6110187191697087,3.5386537339942876,3.5458900928497314,56186
2024-07-15,3.5458900928497314,3.6182553107953166,3.5097082985725128,3.5458900928497314,53156
2024-07-16,3.4373433589935303,3.545890139886046,3.4373433589935303,3.4373433589935303,472
2024-07-17,3.3866875171661377,3.4373434274561077,3.3866875171661377,3.3866875171661377,21020
2024-07-18,3.3287951946258545,3.3866874630869543,3.1840652217836083,3.3287951946258545,44385
2024-07-19,3.3287951946258545,3.3287951946258545,3.3287951946258545,3.3287951946258545,24959
2024-07-22,3.321558952331543,3.3649773405070595,3.321558952331543,3.321558952331543,9823
2024-07-23,3.582073450088501,3.582073450088501,3.32879529190257,3.582073450088501,70262
2024-07-25,3.5748367309570312,3.6182553501016934,3.2202472290026836,3.5820733226612527,79325
2024-07-26,3.582073450088501,3.8353513755042568,3.5458902575100613,3.582073450088501,2204
2024-07-29,3.5097084045410156,3.5458901999106702,3.256430250469332,3.5820733919013503,685851
2024-07-30,3.582073450088501,3.618255478816067,3.2926123320943055,3.582073450088501,25903
2024-07-31,3.582073450088501,3.618255478816067,3.473525268974231,3.582073450088501,41607
2024-08-01,3.5748367309570312,3.5820733226612527,3.3287951734853376,3.5820733226612527,44380
2024-08-02,3.7412760257720947,3.7991682940716394,3.574836743684114,3.7412760257720947,689487
2024-08-05,3.6110188961029053,3.835351385327306,3.582073459262858,3.6110188961029053,3773
2024-08-06,3.6906213760375977,3.6906213760375977,3.618255456860191,3.6906213760375977,19141
2024-08-07,3.625492572784424,3.690621198602359,3.618255282904113,3.625492572784424,41546
2024-08-08,3.6833837032318115,3.6833837032318115,3.6182553097016834,3.6254925996355953,29802
2024-08-09,3.6761474609375,3.6833838200201985,3.6689111018548015,3.6761474609375,27433
2024-08-12,3.6761474609375,3.6833838200201985,3.6544383836894045,3.6761474609375,283028
2024-08-13,3.661674737930298,3.6833838151496874,3.654438378857168,3.6761474560765577,46491
2024-08-14,3.618255138397217,3.683383528843874,3.58207311307379,3.66167445331191,13691
2024-08-15,3.618255138397217,3.66167445331191,3.5458899238995993,3.618255138397217,177764
2024-08-16,3.618255138397217,3.66167445331191,3.589309471584445,3.618255138397217,48
2024-08-20,3.6544382572174072,3.6616746160496714,3.582073272273787,3.6544382572174072,7209
2024-08-21,3.980081081390381,3.980081081390381,3.582073206021502,3.6544381896266946,49
2024-08-22,3.9728448390960693,4.088628909364908,3.9077162122810356,3.9728448390960693,33728
2024-08-23,3.9438986778259277,3.9728445770991616,3.871532998562243,3.9438986778259277,43791
2024-08-26,3.9366614818573,3.9438987715431106,3.9366614818573,3.9366614818573,47
2024-08-27,3.9077162742614746,3.9438990004682775,3.835351287388208,3.936661710362375,135804
2024-08-28,3.9438986778259277,3.9438986778259277,3.762985992672692,3.9438986778259277,95346
2024-08-29,3.8715333938598633,3.980081341913155,3.8715333938598633,3.8715333938598633,6438
2024-08-30,3.8715333938598633,4.341907214703664,4.341907214703664,3.8715333938598633,26
2024-09-02,4.341907024383545,4.341907024383545,4.2695420392135786,4.341907024383545,25869
2024-09-03,4.269542217254639,4.3419072054422445,4.269542217254639,4.3419072054422445,55719
2024-09-04,4.298487186431885,4.305723544801606,4.124810861236205,4.298487186431885,35347
2024-09-05,4.269542217254639,4.305724013037921,4.269542217254639,4.298487653881264,61573
2024-09-06,4.269542217254639,4.269542217254639,4.269542217254639,4.269542217254639,51267
2024-09-09,4.327434062957764,4.341906779852474,4.276778157205373,4.269541798758018,4542
2024-09-10,4.385325908660889,4.4142722769143425,4.276778657101683,4.385325908660889,65253
2024-09-11,4.486636638641357,4.501109355202526,4.385325295011722,4.486636638641357,286
2024-09-12,4.486636638641357,4.486636638641357,4.4504548472384355,4.486636638641357,194693
2024-09-13,4.479401111602783,4.486637471226218,4.472164751979348,4.486637471226218,2215
2024-09-17,4.428744792938232,4.479400702294693,4.414272075013816,4.428744792938232,269
2024-09-18,4.428744792938232,4.428744792938232,4.414272075013816,4.428744792938232,4047
2024-09-19,4.450455188751221,4.479400624094732,4.435981074458485,4.428744715622607,3676
2024-09-20,4.443217754364014,4.450455510343876,4.414272316928887,4.450455510343876,147122
2024-09-23,4.428744792938232,4.457691625408068,4.428744792938232,4.428744792938232,30746
2024-09-24,4.428744792938232,4.428744792938232,4.428744792938232,4.428744792938232,0
2024-09-25,4.407035827636719,4.421508545927581,4.407035827636719,4.407035827636719,14085
2024-09-26,4.363615989685059,4.4287446143394815,4.356379631014672,4.407035538328323,591690
2024-09-27,4.363615989685059,4.363615989685059,4.363615989685059,4.363615989685059,0
2024-09-30,4.269542217254639,4.38532582592253,4.269542217254639,4.363616282912214,2428
2024-10-01,4.124811172485352,4.3057238697020255,4.0524461867067485,4.124811172485352,4047
2024-10-02,4.124811172485352,4.124811172485352,4.124811172485352,4.124811172485352,0
2024-10-03,3.9656083583831787,4.117574684076994,3.9656083583831787,3.9656083583831787,4721
2024-10-04,3.9656083583831787,3.9656083583831787,3.9438988167783027,3.9656083583831787,1582
2024-10-07,4.153757572174072,4.197177122634009,3.980081232495667,4.153757572174072,19609
2024-10-08,4.160993576049805,4.197176764448728,3.9800808928372557,4.160993576049805,8677
2024-10-09,4.160993576049805,4.160993576049805,4.160993576049805,4.160993576049805,15189
2024-10-10,4.160993576049805,4.197176764448728,4.160993576049805,4.160993576049805,20237
2024-10-11,4.189939975738525,4.189939975738525,4.16099407331657,4.189939975738525,19326
2024-10-14,4.153757572174072,4.160993931147227,4.124811205200781,4.153757572174072,794
2024-10-15,4.153757572174072,4.153757572174072,4.153757572174072,4.153757572174072,2576
2024-10-16,4.124811172485352,4.153757539229058,4.124811172485352,4.124811172485352,91486
2024-10-17,4.160993576049805,4.160993576049805,4.1248108531911765,4.1248108531911765,10701
2024-10-18,4.341907024383545,4.341907024383545,4.160993863148138,4.341907024383545,84407
2024-10-21,4.428744792938232,4.450455266445861,4.341907088770732,4.341907088770732,17808
2024-10-22,4.414272308349609,4.450455501694275,4.407035949004892,4.414272308349609,63266
2024-10-23,4.399799346923828,4.4142720648148055,4.3419070787389185,4.399799346923828,41163
2024-10-24,4.341907024383545,4.428744727263308,4.341907024383545,4.399799291843714,14381
2024-10-25,4.653077125549316,4.667550309274844,4.4287448727351775,4.653077125549316,23806
2024-10-28,4.660313606262207,4.6964958682097615,4.645840887699327,4.653077246980767,39628
2024-10-29,4.587948322296143,4.631366940737809,4.486636971158051,4.587948322296143,150042
2024-10-30,4.559001922607422,4.660313273004611,4.5517655638434515,4.587948288743946,7945
2024-10-31,4.667550086975098,4.667550086975098,4.5590019125139385,4.5590019125139385,52025
2024-11-01,4.660313606262207,4.667550431084003,4.631367238055738,4.660313606262207,178
2024-11-05,4.645840644836426,4.660313362642739,4.645840644836426,4.660313362642739,85121
2024-11-06,4.631367206573486,4.64584085611869,4.559002217629931,4.631367206573486,36961
2024-11-07,4.631367206573486,4.64584085611869,4.624130847341236,4.631367206573486,113620
2024-11-08,4.739915370941162,4.739915370941162,4.63136718961282,4.739915370941162,38980
2024-11-11,4.703732013702393,4.739915205086099,4.6313670275559815,4.739915205086099,28197
2024-11-12,4.703732013702393,4.739915205086099,4.703732013702393,4.703732013702393,3963
2024-11-13,4.8484625816345215,4.8484625816345215,4.739914877154622,4.703731688274253,539
2024-11-14,4.855699062347412,4.88464496242411,4.848462703713317,4.848462703713317,5396
2024-11-15,4.8484625816345215,4.89188119788618,4.718205336258642,4.855698940086414,13491
2024-11-19,4.913591384887695,4.957010002734906,4.884645018935797,4.848462759806401,11602
2024-11-20,4.884644985198975,4.920827709618785,4.84846272631948,4.884644985198975,2192
2024-11-21,4.877408027648926,4.913591216619852,4.877408027648926,4.884644851659233,5801
2024-11-22,4.884644985198975,4.884644985198975,4.870171802322988,4.884644985198975,4730
2024-11-25,4.877408027648926,4.884644851659233,4.848462593768913,4.884644851659233,25181
2024-11-26,4.8484625816345215,4.877408015442093,4.8484625816345215,4.877408015442093,195171
2024-11-27,4.631367206573486,4.870172182181604,4.631367206573486,4.848463104484854,23900
2024-11-28,4.703732013702393,4.776097930929471,4.653077035494272,4.6313670275559815,39059
2024-11-29,4.689259052276611,4.703731769430102,4.6386031456184655,4.703731769430102,10798
2024-12-02,4.703732013702393,4.732678380593224,4.6313670275559815,4.689259295797311,26887
2024-12-03,4.660313606262207,4.667550431084003,4.530056811494514,4.7037322274912015,94867
2024-12-04,4.660313606262207,4.667550431084003,4.559002248620273,4.660313606262207,5396
2024-12-05,4.609658241271973,4.667550513162589,4.609658241271973,4.609658241271973,6745
2024-12-06,4.609658241271973,4.609658241271973,4.559002328790047,4.609658241271973,29822
2024-12-09,4.595185279846191,4.60242163887283,4.559002088091983,4.595185279846191,7802
2024-12-10,4.595185279846191,4.609657997899468,4.595185279846191,4.595185279846191,1618
2024-12-11,4.595185279846191,4.609657997899468,4.493873460231221,4.595185279846191,89504
2024-12-12,4.522819995880127,4.595184978014278,4.522819995880127,4.595184978014278,3614
2024-12-13,4.522819995880127,4.595184978014278,4.522819995880127,4.522819995880127,16513
2024-12-16,4.522819995880127,4.55900178863674,4.486636806502589,4.522819995880127,13437
2024-12-17,4.667550086975098,4.667550086975098,4.486636928413486,4.667550086975098,17530
2024-12-18,4.703732013702393,4.703732013702393,4.660313394446813,4.667550218939688,29744
2024-12-19,5.383965015411377,5.383965015411377,4.703732330734135,4.703732330734135,24326
2024-12-20,5.470803260803223,5.485275978637246,5.383964626097427,5.383964626097427,29252
2024-12-23,5.572113990783691,5.586586709419051,5.4273840111879466,5.572113990783691,29364
2024-12-26,5.4273834228515625,5.572113386758366,5.1017407712911025,5.4273834228515625,47955
2024-12-27,5.485276222229004,5.485276222229004,5.427383951701021,5.427383951701021,35852
2024-12-30,5.7096076011657715,5.753027153617669,5.427384001781117,5.485276272843289,1971
2025-01-02,5.7096076011657715,5.745790794312531,5.572113981126013,5.7096076011657715,269
2025-01-03,5.644478797912598,5.789209703905216,5.644478797912598,5.644478797912598,26789
2025-01-07,5.69513463973999,5.709607357733213,5.6444787301427,5.69513463973999,61241
2025-01-08,5.644478797912598,5.753026977407062,5.644478797912598,5.644478797912598,30385
2025-01-09,7.055598258972168,7.055598258972168,5.789209412784231,5.644478514069671,54672
2025-01-10,6.8746867179870605,7.019416690257749,6.8746867179870605,7.0555984850149205,37394
2025-01-14,6.729955196380615,6.8385033714309795,6.729955196380615,6.729955196380615,9542
2025-01-15,6.512860298156738,6.729955253478357,6.512860298156738,6.729955253478357,32379
2025-01-16,6.433259010314941,6.512860354965092,6.368130383488274,6.433259010314941,100246
2025-01-17,6.426022529602051,6.5128602315179895,6.303002102732562,6.426022529602051,59404
2025-01-20,3.8353512287139893,3.878770546051946,3.8353512287139893,3.8353512287139893,13504
2025-01-21,3.799168109893799,3.835351066789629,3.799168109893799,3.835351066789629,41433
2025-01-22,3.762986183166504,3.791931618364743,3.7557498243669443,3.762986183166504,71012
2025-01-23,3.8715333938598633,3.8715333938598633,3.762986376887268,3.762986376887268,84163
2025-01-24,3.9728448390960693,4.052446183732001,3.813640985973378,3.871533253877963,67484
2025-01-27,3.762986183166504,3.9728447782166545,3.762986183166504,3.9728447782166545,36805
2025-01-28,3.813640832901001,3.8860067468025146,3.813640832901001,3.813640832901001,113909
2025-01-29,3.799168109893799,3.835351066789629,3.799168109893799,3.813640827111819,81964
2025-01-30,3.9077162742614746,3.9728449021095162,3.835351287388208,3.9077162742614746,106744
2025-01-31,4.016263961791992,4.052446222228282,3.9077162494024513,3.9077162494024513,84890
2025-02-03,2.5689613819122314,2.7136913514490844,2.424231412375378,2.5689613819122314,135926
2025-02-04,2.894604206085205,2.894604206085205,2.5689613172798014,2.894604206085205,331
2025-02-05,3.1478822231292725,3.1478822231292725,2.9307872666178603,3.1478822231292725,151373
2025-02-06,2.822239398956299,3.140645948964998,2.822239398956299,2.822239398956299,80032
2025-02-07,2.822239398956299,2.8946043864122655,2.749874411500332,2.822239398956299,112867
2025-02-10,2.7498743534088135,2.815002980405434,2.742637994478189,2.822239339336059,58964
2025-02-11,2.7860565185546875,2.8077667602705914,2.7498744893428184,2.7498744893428184,81235
2025-02-12,2.7860565185546875,2.8946044683517176,2.7860565185546875,2.7860565185546875,129346
2025-02-13,2.9669694900512695,2.995916091369616,2.786056548786672,2.9669694900512695,179668
2025-02-14,2.9959158897399902,3.1116992612086385,2.9669692903697933,2.9959158897399902,75356
2025-02-17,3.0465707778930664,3.0610446601840167,2.9959160305826393,3.0465707778930664,833
2025-02-18,3.039334297180176,3.061044537823327,2.9669693112514453,3.0465706561109487,77195
2025-02-19,3.0538082122802734,3.0538082122802734,3.0393343304096505,3.0393343304096505,29740
2025-02-20,3.075517177581787,3.075517177581787,3.0393342199959594,3.075517177581787,4047
2025-02-21,3.292612314224243,3.292612314224243,3.0827539417173733,3.0755173497949957,90040
2025-02-24,3.321558952331543,3.321558952331543,3.292612351543769,3.292612351543769,97447
2025-02-25,3.6906213760375977,3.7340397636931755,3.3215589125555955,3.3215589125555955,56785
2025-02-26,3.762986183166504,3.907716152399644,3.690621198549934,3.690621198549934,2752
2025-02-27,3.8064045906066895,3.820878239369627,3.7629862047896747,3.7629862047896747,173004
2025-02-28,3.7557499408721924,3.7991683277865733,3.7557499408721924,3.8064046868106085,57209
2025-03-05,3.7412760257720947,3.857060329601017,3.6182553629833545,3.755749907542566,1350181
2025-03-06,3.5676004886627197,3.741276134770382,3.5676004886627197,3.5676004886627197,14999
2025-03-07,3.473525047302246,3.61825524790775,3.473525047302246,3.473525047302246,162876
2025-03-10,3.40116024017334,3.5820734076816767,3.40116024017334,3.4735252278524684,33234
2025-03-11,3.473525047302246,3.516944596301233,3.4011600633845744,3.4011600633845744,55854
2025-03-12,3.473525047302246,3.473525047302246,3.3649771058854188,3.473525047302246,30706
2025-03-13,3.618255138397217,3.618255138397217,3.4735249421721344,3.618255138397217,8567
2025-03-14,3.618255138397217,3.618255138397217,3.5458899238995993,3.618255138397217,23649
2025-03-17,3.582073450088501,3.7485125047345966,3.531417539127105,3.582073450088501,88328
2025-03-18,3.719566583633423,3.7412758925097687,3.5097082241809145,3.582073207822491,172015
2025-03-20,3.762986183166504,3.762986183166504,3.690621198549934,3.719566633748173,48973
2025-03-21,3.719566583633423,3.7485122512118307,3.6544381914640676,3.76298613246675,13268
2025-03-24,3.7412760257720947,3.7412760257720947,3.7123303571626565,3.7412760257720947,53457
2025-03-25,4.197176933288574,4.197176933288574,3.7412758638891264,3.7412758638891264,90122
2025-03-26,4.833990573883057,5.029376470610226,4.233359233593857,4.833990573883057,21518
2025-03-27,4.812280178070068,5.42738372248298,4.812280178070068,4.833990185948979,60519
2025-03-28,4.833990573883057,4.993193276421739,4.696496018804061,4.81228056426189,6664
2025-03-31,4.696495532989502,4.819516425235288,4.68925917422457,4.696495532989502,94869
2025-04-01,4.631367206573486,4.689259477052541,4.559002217629931,4.631367206573486,14244
2025-04-02,4.624130725860596,4.660313452151992,4.624130725860596,4.624130725860596,1758758
2025-04-03,4.544529438018799,4.624130785123568,4.3925631029441465,4.544529438018799,4431
2025-04-04,4.486636638641357,4.551765259787489,4.45769120551902,4.544528901506904,44386
2025-04-07,4.472164630889893,4.522820543503497,4.349143727380181,4.486637349744895,77358
2025-04-08,4.624130725860596,4.848462977110777,4.233358957858741,4.472164392733547,133134
2025-04-09,4.587948322296143,4.6241305819209195,4.414271986368171,4.587948322296143,8417
2025-04-10,4.559001922607422,4.703731891128753,4.559001922607422,4.587948288743946,168413
2025-04-11,4.609658241271973,4.667550513162589,4.428745066191433,4.609658241271973,107996
2025-04-14,4.587948322296143,4.609657864287139,4.587948322296143,4.587948322296143,53552
2025-04-15,4.450455188751221,4.609657876382494,4.450455188751221,4.450455188751221,49412
2025-04-16,4.530056476593018,4.595185101932163,4.486636927493267,4.530056476593018,46275
2025-04-21,4.435981273651123,4.5300567359838455,4.428744914490305,4.435981273651123,5218
2025-04-22,4.472164630889893,4.501110068599899,4.435981437131292,4.435981437131292,62805
2025-04-23,4.464928150177002,4.493873587100733,4.421508598170349,4.472164509407935,14504
2025-04-24,4.457691669464111,4.4721643875315635,4.428744836708189,4.457691669464111,47333
2025-04-25,4.957010269165039,5.174106163311508,4.479400791771907,4.457691714451639,73798
2025-04-28,4.920827865600586,4.993192851193737,4.739915168847542,4.920827865600586,338093
2025-04-29,4.884644985198975,4.9714836169145835,4.819516360567505,4.884644985198975,50869
2025-04-30,4.913591384887695,4.913591384887695,4.747151410055393,4.913591384887695,108847
2025-05-02,4.761624336242676,4.913591600301658,4.667550272165873,4.761624336242676,613
2025-05-05,4.530056476593018,4.776097794916348,4.428744660900586,4.530056476593018,3013117
2025-05-06,4.689259052276611,4.703731769430102,4.559001804653338,4.689259052276611,85926
2025-05-07,4.786042213439941,5.09624877638665,4.697412242032488,4.786042213439941,45841
2025-05-08,4.874673366546631,4.933760492105227,4.73434102758979,4.874673366546631,39643
2025-05-09,4.85251522064209,5.081477532473919,4.800813808216184,4.85251522064209,6745
2025-05-12,4.837743759155273,4.985460857442392,4.800813771860349,4.837743759155273,3642
2025-05-13,4.918988227844238,5.170107685627885,4.800813974058818,4.918988227844238,8971
2025-05-14,5.022390365600586,5.096248914685499,4.800813768048322,5.022390365600586,95339
2025-05-15,5.096249103546143,5.096249103546143,4.8155863215332015,5.096249103546143,291606
2025-05-16,5.901308059692383,5.908694722187469,5.170107347371689,5.901308059692383,2951467
2025-05-19,5.908694744110107,6.167200373769622,5.539401055332052,5.908694744110107,2878964
2025-05-20,5.908694744110107,5.908694744110107,5.7609766984203805,5.908694744110107,192556
2025-05-21,5.982553482055664,6.093341069548576,5.834835431668399,5.982553482055664,60333
2025-05-22,5.916080474853516,6.019482346921985,5.7609767164533014,5.916080474853516,43934
2025-05-23,6.056412220001221,6.085955545905997,5.908695115328557,6.056412220001221,59250
2025-05-26,5.760976791381836,6.130270486118964,5.628031118294321,5.760976791381836,28769
2025-05-27,6.381390571594238,6.381390571594238,5.8717654783291175,6.381390571594238,17913
2025-05-28,6.359233379364014,6.647281392350567,6.351846241447191,6.359233379364014,142531
2025-05-29,6.366619110107422,6.499564310702108,6.277987709314242,6.366619110107422,36426
2025-05-30,6.403547763824463,6.462634890046543,6.403547763824463,6.403547763824463,1349
2025-06-03,6.277987480163574,6.403547438832297,6.167200371385371,6.277987480163574,24594
2025-06-04,6.455248832702637,6.455248832702637,6.204128916031609,6.27798746350316,2453095
2025-06-05,6.470020294189453,6.55865121687154,6.285373211729175,6.470020294189453,16357
2025-06-06,6.470020294189453,6.484791718679172,6.3592331850702974,6.470020294189453,74001
2025-06-09,6.647281169891357,6.721139717571052,6.425705526852274,6.647281169891357,45208
2025-06-10,6.66943883895874,6.721139775263437,6.351846083397543,6.66943883895874,34771
2025-06-11,6.647281169891357,6.721139717571052,6.543878823020782,6.669438781710141,48709
2025-06-12,6.6989827156066895,6.794998401887134,6.647281303557393,6.6989827156066895,33566
2025-06-13,6.794998645782471,6.794998645782471,6.647281542150667,6.794998645782471,54437
2025-06-17,7.2381510734558105,7.38586817078827,6.794998356012151,7.2381510734558105,90532
2025-06-18,7.2086076736450195,7.238150997772851,6.942715380750761,7.2086076736450195,77838
2025-06-19,7.201220989227295,7.208607651747135,7.016575332776442,7.201220989227295,29347
2025-06-20,7.201220989227295,7.201220989227295,7.164292428115629,7.201220989227295,52650
2025-06-25,7.164292812347412,7.238151363978151,7.164292812347412,7.164292812347412,127306
2025-06-26,6.905786991119385,7.164292627894618,6.7580698916610515,6.905786991119385,120261
2025-06-27,7.0904340744018555,7.127362636523687,7.060889799258091,7.0904340744018555,234709
2025-06-30,7.164292812347412,7.201221375439613,7.090434260716674,7.164292812347412,86817
2025-07-01,7.378482341766357,7.385868053971538,7.164292411477343,7.378482341766357,47597
2025-07-02,7.275080680847168,7.385868267726196,7.016575519548159,7.378482555307266,2295879
2025-07-03,7.26769495010376,7.2750806625040685,7.201221162757156,7.26769495010376,348
2025-07-04,7.518813610076904,7.533586460642158,7.127362766896113,7.267695106716137,10513
2025-07-07,7.607444763183594,7.607444763183594,7.55574335150986,7.518813364472543,82946
2025-07-08,7.954579830169678,8.109683113644428,7.673917537701389,7.954579830169678,14414
2025-07-09,7.939808368682861,8.17615638649825,7.7625474741085085,7.939808368682861,1941
2025-07-10,7.888107776641846,8.17615674288065,7.792091612945169,7.939808714763322,10538
2025-07-11,7.895493507385254,7.895493507385254,7.865950181983289,7.8881077948219565,34202
2025-07-14,7.902879238128662,7.932423038747367,7.792091648829237,7.895493525548374,35084
2025-07-15,8.10229778289795,8.176156809558128,7.902879266183266,8.10229778289795,82988
2025-07-16,8.168769836425781,8.176156499049318,8.139226987121713,8.10229747519411,13491
2025-07-17,8.848270416259766,8.863041840646495,8.213085863465304,8.168769689710107,108399
2025-07-18,9.594243049621582,9.601628762197597,8.863042299835302,8.848270874683273,32136
2025-07-21,10.487933158874512,10.524862671635248,9.601628653807005,10.487933158874512,2311
2025-07-22,11.817389488220215,11.817389488220215,10.229427149138205,11.817389488220215,27942
2025-07-23,12.112824440002441,12.186683467487557,11.078802806698663,12.112824440002441,46572
2025-07-25,13.294562339782715,14.528002889411262,12.112823676312585,13.294562339782715,26308
2025-07-28,13.442281723022461,14.624020420539642,12.555976274438274,13.29456272281213,49985
2025-07-29,13.449666976928711,13.959291570920502,13.29456226957012,13.442281264744373,21100
2025-07-30,12.962199211120605,13.508754293696184,12.962199211120605,12.962199211120605,674
2025-07-31,13.109916687011719,13.442281339536162,13.102530024488782,12.962198641313075,344
2025-08-01,13.07298755645752,13.294562730865877,13.07298755645752,13.07298755645752,27811
2025-08-04,13.146845817565918,13.988835103386599,12.925270640015919,13.146845817565918,42051
2025-08-05,12.770166397094727,13.139459612910372,12.666764524737749,12.770166397094727,14887
2025-08-06,12.592906951904297,12.792324992269807,12.445188899473127,12.592906951904297,1345736
2025-08-07,13.51613998413086,13.51613998413086,12.60029262346594,12.592906910927924,56663
2025-08-08,14.328585624694824,14.395057988558344,13.516140131310369,14.328585624694824,37101
2025-08-11,13.9592924118042,14.387672296978142,13.663857254551692,13.9592924118042,15844
2025-08-12,13.626928329467773,14.025765353531456,13.294562717301737,13.626928329467773,26982
2025-08-13,13.589999198913574,13.626928712414268,13.442282095208363,13.626928712414268,17263
2025-08-14,13.479209899902344,13.589998434170072,13.33887851673456,13.479209899902344,56833
2025-08-15,13.220705032348633,13.508754477811316,13.072987928440691,13.479210676910702,74472
2025-08-19,13.51613998413086,13.51613998413086,13.257634343515019,13.220704830527392,14273
2025-08-20,14.402442932128906,15.510324473473831,13.442281337050321,13.516139409588478,129361
2025-08-21,14.771737098693848,14.771737098693848,14.033150671393035,14.771737098693848,13507
2025-08-22,14.771737098693848,15.141030312344256,14.771737098693848,14.771737098693848,25107
2025-08-25,15.658041954040527,16.248911300368892,14.771737459399217,15.658041954040527,19504
2025-08-26,16.241525650024414,16.241525650024414,14.845595590481528,16.241525650024414,58389
2025-08-27,16.06426429748535,16.80285072481916,15.879616740354393,16.06426429748535,1231
2025-08-28,16.167667388916016,16.248912130123173,15.251819997883732,16.064265509360133,122369
2025-08-29,16.152894973754883,16.507416767995622,15.591568482774537,16.16766639841574,14480
2025-09-01,15.879616737365723,16.80285072165673,15.746671066434958,16.152894741749105,6934
2025-09-02,17.76301383972168,17.76301383972168,15.621110775620544,15.879616399761844,1256742
2025-09-03,17.984590530395508,18.353883767506407,16.99488412277166,17.763015348367023,155243
2025-09-04,20.20035171508789,20.311139305342166,18.09537799728107,17.984590407026793,47489
2025-09-05,20.311138153076172,20.643502805578823,18.841351010791584,20.20035056910696,28473
2025-09-08,19.90491485595703,20.495785149345416,19.387905487411626,20.311138539023116,10381
2025-09-09,20.311138153076172,20.458856198765133,19.46176224125718,19.904914477729044,64475
2025-09-10,21.41901969909668,22.12067566478053,19.9418449436788,21.41901969909668,28762
2025-09-11,21.41901969909668,22.859263992786982,20.680431371090233,21.41901969909668,85953
2025-09-12,21.788311004638672,22.896192545965988,20.717361825621122,21.788311004638672,84904
2025-09-16,21.411632537841797,21.78092575933583,20.680431807236015,21.411632537841797,3519
2025-09-17,21.049724578857422,21.41901969305397,20.680431365255888,21.049724578857422,55314
2025-09-18,20.902008056640625,21.411631693906237,20.56964341015807,20.902008056640625,25875
2025-09-19,20.902008056640625,21.03495277487666,20.606571970613917,20.902008056640625,13375
2025-09-22,21.41901969909668,21.41901969909668,20.348068619112095,21.41901969909668,130866
2025-09-23,22.15022087097168,22.15022087097168,20.680431797476412,21.41902014071097,10074
2025-09-24,22.327482223510742,22.334867936039796,21.419020576486076,22.327482223510742,91048
2025-09-25,22.89619255065918,24.373365405271702,21.60366440227821,22.89619255065918,17289
2025-09-26,22.600759506225586,23.62739446418351,22.600759506225586,22.896193712014288,170045
2025-09-29,23.191627502441406,23.191627502441406,22.52690007617331,22.600759101446446,51469
2025-09-30,15.879616737365723,16.80285072165673,15.746671066434958,16.152894741749105,6934
2025-10-01,22.88880729675293,23.191627205845474,22.526899788078524,22.859264447259527,291422
2025-10-02,22.711545944213867,22.888806838817946,22.04681663915106,22.711545944213867,16358
2025-10-03,23.63477897644043,23.996686477844747,22.15760612192322,23.63477897644043,3069
2025-10-06,23.265485763549805,23.634778977190834,22.26839370660003,23.265485763549805,863451
2025-10-07,23.405818939208984,23.6347798276193,22.52690014683241,23.405818939208984,22395
2025-10-08,23.265485763549805,23.45013237037032,22.26839370660003,23.265485763549805,21475
2025-10-09,22.97005271911621,24.37336662086792,22.67461851357824,23.265486924654184,47325
2025-10-10,23.62739372253418,24.33643731464671,23.265486214109664,23.62739372253418,128897
2025-10-13,24.299509048461914,24.37336617304306,23.26548649718499,24.299509048461914,26982
2025-10-14,25.111953735351562,25.48124694903673,24.00407219370104,24.29950828512519,337
2025-10-15,29.543474197387695,29.543474197387695,25.481246946638205,29.543474197387695,47130
2025-10-16,33.97499465942383,34.71358108667326,29.91276740895696,29.543474195332244,218538
2025-10-17,36.48619079589844,36.56005172088268,33.97499537023607,36.48619079589844,199517
2025-10-21,36.190757751464844,38.406517033770434,35.45217132402964,36.190757751464844,19441
2025-10-22,36.183372497558594,36.92934464666948,35.82146499148361,36.1907582098789,241322
2025-10-23,41.730159759521484,42.83803940070356,36.190757752421106,36.183372040194165,190229
2025-10-24,41.360862731933594,42.71247847857089,40.62227630470514,41.360862731933594,78520
2025-10-27,41.64152908325195,41.730161434723364,39.14510503366819,41.64152908325195,71531
2025-10-28,41.360862731933594,42.83803938758053,40.991569518319366,41.64152739885162,54775
2025-10-29,41.28700637817383,42.83065447257529,40.62227706081941,41.28700637817383,53587
2025-10-30,40.622276306152344,41.287005611157646,39.25589293620704,41.287005611157646,13444
2025-10-31,40.99156951904297,42.80110702602263,39.88368987818073,40.622276305422226,117537
2025-11-03,39.92800521850586,42.099450284907896,39.88369094397279,40.99157061444034,2495
2025-11-04,40.43762969970703,40.99156952015315,37.48328399066105,40.43762969970703,985953
2025-11-05,41.730159759521484,47.2326294042971,39.18203202337469,40.437629710285705,1003694
2025-11-06,41.6489143371582,44.300442121726995,39.88369105159305,41.730160975211525,34681
2025-11-07,40.622276306152344,42.09206344843693,40.00186507568675,41.64891311256008,2864
2025-11-10,41.360862731933594,42.09206344693737,39.88368987747669,40.62227630470514,4384
2025-11-11,41.360862731933594,43.576625814808985,39.95755080091355,41.360862731933594,124667
2025-11-12,42.099449157714844,42.83065367388351,40.622276303308716,41.360862730511776,111779
2025-11-13,45.718528747558594,45.718528747558594,42.468746892308594,45.718528747558594,35298
2025-11-14,45.79238510131836,48.00814438323714,41.36086273629077,45.79238510131836,27231
2025-11-17,44.684505462646484,45.79238510366259,42.9488250776739,45.79238510366259,11609
2025-11-18,42.69032287597656,45.053800288277344,40.62227776446952,44.684507061392544,91199
2025-11-19,42.01820755004883,44.49986014657418,40.62227748935455,42.01820755004883,128168
2025-11-20,45.75545883178711,45.792387394763935,39.88369187919534,45.75545883178711,44439
2025-11-21,41.545509338378906,45.5855813526162,40.65920486547448,45.75545653497247,98405
2025-11-25,40.40070343017578,42.838041819340546,38.40651920321836,40.40070343017578,50457
2025-11-26,40.769996643066406,41.69322972901946,39.14510565155098,40.40070340868518,1127818
2025-11-27,40.9177131652832,42.83804019289136,40.62227706836192,40.769995116822564,360818
2025-11-28,40.14219665527344,40.91771162908863,39.255892198974664,40.91771162908863,31424
2025-12-01,40.25298309326172,44.300440819977155,39.551325227118845,40.25298309326172,20459
2025-12-02,39.122947692871094,40.43763112354468,37.66793192379101,39.122947692871094,23475
2025-12-03,40.622276306152344,42.838039389106676,35.82146452899636,39.12294631496797,980826
2025-12-04,39.51439666748047,40.62227630842459,39.51439666748047,39.51439666748047,15366
2025-12-05,38.406517028808594,39.883689883488145,35.452171319449484,38.406517028808594,319014
2025-12-09,36.929344177246094,43.01530029227718,34.71358109384971,38.40651703205033,148649
2025-12-10,38.33265686035156,42.83065452539395,36.1907584595939,36.9293449014807,674
2025-12-11,37.667930603027344,40.614890600282585,37.003201297918025,38.33265610694663,158338
2025-12-12,36.929344177246094,38.39913131982391,36.929344177246094,36.929344177246094,5845
2025-12-15,36.26461410522461,39.145102631655526,34.82436984200915,36.929343396305576,24932
2025-12-16,36.25722885131836,36.92934386296273,34.82437028206684,36.25722885131836,16849
2025-12-17,35.452171325683594,36.70037949920289,34.82437058162037,36.25722916319711,69022
2025-12-18,36.929344177246094,40.62227631425669,35.452171322441856,35.452171322441856,72448
2025-12-19,38.76103973388672,39.14510438108302,36.929345046708924,36.929345046708924,1725553
2025-12-22,36.56005096435547,39.51439667402943,36.19075775064622,36.56005096435547,152368
2025-12-23,36.56005096435547,38.03722381919245,35.87316452252306,36.56005096435547,72759
2025-12-26,36.56005096435547,38.4065170329017,33.60570145349148,36.56005096435547,848805
2025-12-29,49.485321044921875,49.485321044921875,36.92934417684289,36.56005096314586,42108
2025-12-30,50.150047302246094,51.70108110378817,40.62227692406496,49.48532178831957,212863
2026-01-02,53.178253173828125,53.91683960111018,46.567900088225706,50.15004654125769,9713
2026-01-05,63.8065185546875,63.8065185546875,61.85665247809136,53.17825418940983,10017
2026-01-06,108.94155883789062,109.5324310206398,73.85868833892452,63.80651733305398,6570
2026-01-07,121.86683654785156,125.55237917152739,108.94155886326786,121.86683654785156,81092
2026-01-08,144.02444458007812,145.9447601685756,140.1468506312387,144.02444458007812,22142
2026-01-09,172.82933044433594,172.82933044433594,172.79239808201405,144.0244445710733,1002
2026-01-13,161.01193237304688,172.90317993397034,161.01193237304688,161.01193237304688,25801
2026-01-14,147.71737670898438,160.2733459748204,147.71737670898438,147.71737670898438,27028
2026-01-15,132.9456329345703,147.71737668497153,132.9456329345703,147.71737668497153,596056
2026-01-16,119.65846252441406,132.94563667865634,119.65846252441406,132.94563667865634,10776
2026-01-20,107.83367919921875,119.28177642415199,107.72289731703357,119.65845915119777,2997
2026-01-21,97.05770111083984,108.16604800745243,97.05770111083984,107.8336795526673,10030
2026-01-22,87.36005401611328,97.4934719409185,87.36005401611328,97.05770350389994,7112
2026-01-23,82.68479919433594,88.26112965905428,78.65949867800379,87.36004997695397,27927
2026-01-26,77.55162048339844,82.68480071473476,74.59727477409871,82.68480071473476,148442
2026-01-27,70.1657485961914,81.24455260661743,70.09189147394711,77.5516204706021,88784
2026-01-28,66.32510375976562,70.1657502296815,63.51847223010232,70.1657502296815,67105
2026-01-29,66.32510375976562,70.1657502296815,63.51847223010232,66.32510375976562,105983
2026-01-30,72.82466888427734,72.9354583735016,66.32510501009855,66.32510501009855,25624
2026-02-02,79.84862518310547,79.8560070940285,73.12010080413984,72.82466471724017,38918
2026-02-03,95.64700317382812,96.01628878517312,81.2445526337911,79.84862641457683,42843
2026-02-04,106.35650634765625,110.78803251372864,96.01628876332744,106.35650634765625,18082
2026-02-05,125.55238342285156,128.50672923256252,107.09509642106435,106.35650996863662,108882
2026-02-06,150.5978546142578,150.67171933739155,132.94563023747497,125.55237660122764,81992
2026-02-09,137.36978149414062,177.2608545355485,126.29835904663781,150.59786238850742,13626
2026-02-10,114.48096466064453,137.36977720221358,111.52661895124521,114.48096466064453,25829
2026-02-11,114.48096466064453,129.25270081002125,113.00379180594487,114.48096466064453,70426
2026-02-12,112.26520538330078,118.16651489131094,110.7880325285392,114.48096466544315,872938
2026-02-13,112.6344985961914,113.73498872383854,112.26520538250364,112.26520538250364,175388
2026-02-18,112.6344985961914,112.6344985961914,112.6344985961914,112.6344985961914,0
2026-02-19,114.48096466064453,129.25270081002125,107.09509278476615,114.48096466064453,24018
2026-02-20,118.17389678955078,121.82990416611786,118.17389678955078,119.65106964415241,134676
2026-02-23,125.55976867675781,129.2527008136095,118.17389680067438,118.17389680067438,169906
2026-02-24,136.63119506835938,140.33150163004268,129.98390180856637,125.55977261885957,282395
2026-02-25,132.9456329345703,147.71737668497153,130.72987365272417,136.63119076232545,91191
2026-02-26,132.9456329345703,139.5929107801088,129.25270079816005,132.9456329345703,32042
2026-02-27,129.25270080566406,147.71737669354755,127.03694152368926,129.25270080566406,136251
2026-03-02,123.71330261230469,136.6311907830444,123.71330261230469,123.71330261230469,18708
2026-03-03,125.55976867675781,132.93824343704503,118.17389680067438,123.71330260833196,118062
2026-03-04,122.60542297363281,128.137431665781,119.72493438626316,125.55976868326734,78196
2026-03-05,121.86683654785156,125.559768684944,118.17389680837904,122.60542297527005,823743
2026-03-06,118.17389678955078,127.02955200612517,110.78803251654264,121.86683652843492,166312
2026-03-09,117.43531036376953,121.12824250032138,113.37308501356249,118.1738967910799,51206
2026-03-10,113.73499298095703,120.7589614197292,113.73499298095703,117.43531476975457,66
2026-03-11,114.47357940673828,116.69672828492607,112.26520955593227,114.47357940673828,179786
2026-03-12,113.69806671142578,115.884283197478,110.78803520495924,114.47357791748239,288260
2026-03-13,112.26520538330078,114.48096466544315,107.10248230267142,113.69806396470513,69439
2026-03-16,110.78803253173828,111.89591217284146,109.31085967693404,110.78803253173828,9680
2026-03-17,110.78803253173828,111.89591217284146,107.10986421680047,110.78803253173828,118357
2026-03-18,110.79541778564453,111.89591554891504,110.78803587438541,110.78803587438541,696396
2026-03-20,110.78803253173828,111.89591217284146,110.71417540947408,110.79541444277467,241928
2026-03-23,110.04944610595703,111.89591217448952,109.68015289225053,110.78803253337003,26521
2026-03-24,107.01385498046875,111.89591344998541,105.98721436094841,110.04944736040514,1565
2026-03-25,105.617919921875,111.89591215624172,103.40216063999735,105.617919921875,86098
2026-03-26,107.0950927734375,110.78803251217607,100.44781492799217,105.61791991889409,33728
2026-03-27,106.31219482421875,110.41874215622302,103.4095528267762,107.09509554510295,42426
2026-03-30,106.31219482421875,106.31219482421875,103.0328700899765,106.31219482421875,5976
2026-03-31,105.80256652832031,106.35650634878775,103.11411406165145,106.31219207543596,6988
2026-04-01,105.98721313476562,106.35650634840927,104.87933349383471,105.80256652794381,2315
2026-04-06,110.23409271240234,118.17389680706268,105.61791993870814,110.23409271240234,563
2026-04-07,103.21751403808594,114.48096465721336,99.7092285082794,103.21751403808594,809485
2026-04-08,103.03286743164062,107.0950927819582,101.18640136331446,103.03286743164062,24549
2026-04-09,98.2320556640625,103.40216065590576,94.53911592465154,103.03286744220267,11110
2026-04-10,96.01628875732422,102.66357420482716,96.01628875732422,98.2320556414119,88940
2026-04-13,95.94243621826172,110.7880377991636,94.576052783079,95.94243621826172,3552
2026-04-14,93.13581085205078,96.00891002031572,91.58477322167455,95.94243480690523,11215
2026-04-15,96.01628875732422,98.2320556414119,93.43123626199865,96.01628875732422,567869
2026-04-16,96.01628875732422,99.67229613356983,95.27770233008835,96.01628875732422,111777
2026-04-17,95.27770233154297,97.49346921566448,94.5465054177107,95.27770233154297,341215
2026-04-20,93.06194305419922,97.48607970685636,92.80343932512652,93.06194305419922,77369
2026-04-21,94.31755065917969,96.00891307916223,93.06194908993734,94.31755065917969,64818
2026-04-22,92.32335662841797,94.53911591030015,92.31597471738266,92.32335662841797,87424
2026-04-23,93.80792236328125,94.53911930340333,92.32335994199534,93.80792236328125,133307
2026-04-24,93.35738372802734,93.80053408567257,92.32336115860154,93.80792359945052,82450
2026-04-27,92.32335662841797,93.61588287618258,91.58477020112392,93.35737914710568,1925
2026-04-28,90.84618377685547,96.01628876808608,90.1075973495368,90.84618377685547,5292
2026-04-29,90.10759735107422,92.4341461176437,90.10759735107422,90.10759735107422,177414
2026-04-30,91.58477020263672,93.8005294845555,90.1075973480242,91.58477020263672,99391
2026-05-01,91.58477020263672,91.58477020263672,91.58477020263672,91.58477020263672,0
2026-05-04,92.32335662841797,88.63042449194766,88.63042449194766,92.32335662841797,13491
2026-05-05,91.2154769897461,99.70922850621915,90.10759734877745,91.58477020340231,236609
2026-05-06,91.2154769897461,96.00890685624142,90.84618377608987,91.2154769897461,2191168
2026-05-07,91.2154769897461,91.58477020340231,91.03083038291798,91.2154769897461,370756
2026-05-08,90.79839324951172,92.65142059326172,89.01948547363281,90.79839324951172,31590
2026-05-11,91.91020965576172,93.38522338867188,90.45002746582031,90.79839324951172,145604
2026-05-12,90.42778778076172,93.39263153076172,89.01948547363281,90.42778778076172,38372
2026-05-13,90.44261169433594,91.53960418701172,89.16773223876953,90.44261169433594,3001
2026-05-14,89.01948547363281,91.09487915039062,88.94536590576172,90.44261169433594,2892
2026-05-15,90.05718231201172,91.16899871826172,89.01948547363281,90.05718231201172,287394
2026-05-18,90.05718231201172,90.05718231201172,90.05718231201172,90.05718231201172,0
2026-05-19,90.44261169433594,106.73443603515625,90.05718231201172,90.05718231201172,42020
2026-05-20,85.23931121826172,91.16899871826172,85.23931121826172,85.23931121826172,158297
2026-05-21,85.3504867553711,89.61245727539062,85.26154327392578,85.23931121826172,50540
2026-05-22,89.61245727539062,91.46548461914062,85.98052215576172,85.3504867553711,7941
2026-05-25,88.94536590576172,91.16159057617188,88.21156311035156,88.94536590576172,21995
2026-05-26,90.42778778076172,92.65142059326172,88.20415496826172,90.42778778076172,14840
2026-05-27,90.42778778076172,92.50318145751953,89.68657684326172,90.42778778076172,13562
2026-05-28,91.16899871826172,103.76959228515625,88.20415496826172,90.42778778076172,367138
2026-05-29,91.05040740966797,91.53960418701172,89.68657684326172,91.16899871826172,20050
2026-06-01,90.42778778076172,100.06353759765625,89.68657684326172,90.42778778076172,53237
2026-06-02,88.20415496826172,92.65142059326172,87.85578155517578,88.20415496826172,2449341
2026-06-03,88.94536590576172,90.42778778076172,88.20415496826172,88.20415496826172,45675
2026-06-04,89.68657684326172,90.35366821289062,88.94536590576172,88.94536590576172,6456
2026-06-05,89.76069641113281,90.42778778076172,89.01948547363281,89.76069641113281,47547
2026-06-08,89.76069641113281,89.76069641113281,89.76069641113281,89.76069641113281,0
2026-06-09,88.94536590576172,92.28081512451172,87.46294403076172,88.94536590576172,809
2026-06-10,87.2405776977539,91.16899871826172,86.72173309326172,88.94536590576172,73605
2026-06-11,86.72173309326172,92.28081512451172,85.60991668701172,87.2405776977539,410139
2026-06-12,88.94536590576172,92.50318145751953,87.46294403076172,86.72173309326172,302009
2026-06-15,91.35430145263672,92.28081512451172,88.94536590576172,91.35430145263672,1164376
2026-06-16,89.68657684326172,92.28081512451172,88.94536590576172,89.68657684326172,256511
2026-06-17,90.05718231201172,91.16899871826172,87.61859893798828,89.68657684326172,8831
2026-06-18,88.94536590576172,96.35747528076172,88.94536590576172,90.05718231201172,15596
2026-06-19,90.42778778076172,96.35747528076172,88.9527816772461,90.42778778076172,34699
2026-06-22,91.16899871826172,105.99322509765625,87.83354949951172,90.42778778076172,88184
2026-06-23,103.7621841430664,103.76959228515625,92.65142059326172,91.16899871826172,807414
2026-06-24,103.7621841430664,103.7621841430664,103.7621841430664,103.7621841430664,0
2026-06-25,103.7621841430664,103.7621841430664,103.7621841430664,103.7621841430664,0
2026-06-26,103.7621841430664,103.7621841430664,103.7621841430664,103.7621841430664,0
2026-06-29,103.7621841430664,103.7621841430664,103.7621841430664,103.7621841430664,0
2026-06-30,93.02202606201172,107.47564697265625,88.94536590576172,93.02202606201172,23212
2026-07-01,92.65142059326172,98.58111572265625,89.6939926147461,92.65142059326172,1638122
2026-07-02,92.83672332763672,94.13384246826172,91.16899871826172,92.65142059326172,46683
2026-07-03,89.68657684326172,94.12643432617188,82.28187561035156,89.68657684326172,97532
2026-07-06,85.98052215576172,89.68657684326172,85.23931121826172,85.98052215576172,2491
2026-07-07,85.3504867553711,88.94536590576172,85.23931121826172,85.98052215576172,2889
2026-07-08,90.8058090209961,100.06353759765625,85.23931121826172,90.8058090209961,114735
2026-07-09,93.39263153076172,103.76959228515625,90.79839324951172,90.8058090209961,21161
2026-07-10,93.39263153076172,93.39263153076172,89.68657684326172,93.39263153076172,170126
2026-07-13,93.38522338867188,103.62135314941406,93.02202606201172,93.39263153076172,45870
2026-07-14,91.16899871826172,93.38522338867188,88.96760559082031,93.38522338867188,26982
2026-07-15,90.42778778076172,91.53960418701172,87.09233856201172,91.16899871826172,1349
2026-07-16,90.42778778076172,90.42778778076172,90.42778778076172,90.42778778076172,0
2026-07-17,89.31597137451172,90.42778778076172,88.94536590576172,89.31597137451172,138292
2026-07-20,88.20415496826172,92.64401245117188,85.23931121826172,89.31597137451172,116057
2026-07-21,117.5,120.0,110.0,117.5,162000
2026-07-22,122.8499984741211,130.0,117.5,117.5,878612
2026-07-23,90.5,100.0,85.01000213623047,91.05999755859375,39545
2026-07-27,59.16701889038086,65.66816711425781,57.787986755371094,59.429691314697266,13309
2026-07-28,57.787986755371094,62.38475799560547,57.787986755371094,57.787986755371094,105369
2026-07-29,57.787986755371094,59.725196838378906,57.144439697265625,57.787986755371094,2759589
2026-07-30,57.787986755371094,59.758033752441406,57.52531433105469,57.787986755371094,65675
2026-07-31,58.44466781616211,59.758033752441406,57.787986755371094,58.44466781616211,121055
2026-08-03,58.10976028442383,61.39973449707031,57.787986755371094,58.44466781616211,227933
2026-08-04,57.78142166137695,58.346168518066406,55.81794357299805,57.78142166137695,3782243
2026-08-05,87.9800033569336,88.75,85.0,87.9800033569336,155848
2026-08-06,87.0,87.9800033569336,83.5,87.9800033569336,20544
