Date,Close,High,Low,Open,Volume
,CRM-A.CR,CRM-A.CR,CRM-A.CR,CRM-A.CR,CRM-A.CR
2008-01-11,-inf,-inf,-inf,-inf,482
2008-01-14,-inf,-inf,-inf,-inf,25
2008-01-15,-inf,-inf,-inf,-inf,125
2008-01-16,-inf,-inf,-inf,-inf,0
2008-01-17,-inf,-inf,-inf,-inf,20
2008-01-18,-inf,-inf,-inf,-inf,88
2008-01-21,-inf,-inf,-inf,-inf,213
2008-01-22,-inf,-inf,-inf,-inf,587
2008-01-23,-inf,-inf,-inf,-inf,0
2008-01-24,-inf,-inf,-inf,-inf,18
2008-01-25,-inf,-inf,-inf,-inf,0
2008-01-28,-inf,-inf,-inf,-inf,250
2008-01-29,-inf,-inf,-inf,-inf,450
2008-01-30,-inf,-inf,-inf,-inf,0
2008-01-31,-inf,-inf,-inf,-inf,0
2008-02-01,-inf,-inf,-inf,-inf,125
2008-02-06,-inf,-inf,-inf,-inf,0
2008-02-07,-inf,-inf,-inf,-inf,0
2008-02-08,-inf,-inf,-inf,-inf,0
2008-02-11,-inf,-inf,-inf,-inf,35
2008-02-12,-inf,-inf,-inf,-inf,0
2008-02-13,-inf,-inf,-inf,-inf,50
2008-02-14,-inf,-inf,-inf,-inf,350
2008-02-15,-inf,-inf,-inf,-inf,0
2008-02-18,-inf,-inf,-inf,-inf,0
2008-02-19,-inf,-inf,-inf,-inf,0
2008-02-20,-inf,-inf,-inf,-inf,0
2008-02-21,-inf,-inf,-inf,-inf,0
2008-02-22,-inf,-inf,-inf,-inf,0
2008-02-25,-inf,-inf,-inf,-inf,0
2008-02-26,-inf,-inf,-inf,-inf,0
2008-02-27,-inf,-inf,-inf,-inf,503
2008-02-28,-inf,-inf,-inf,-inf,0
2008-02-29,-inf,-inf,-inf,-inf,6
2008-03-03,-inf,-inf,-inf,-inf,0
2008-03-04,-inf,-inf,-inf,-inf,50
2008-03-05,-inf,-inf,-inf,-inf,25
2008-03-06,-inf,-inf,-inf,-inf,75
2008-03-07,-inf,-inf,-inf,-inf,30
2008-03-10,-inf,-inf,-inf,-inf,35
2008-03-11,-inf,-inf,-inf,-inf,92
2008-03-12,-inf,-inf,-inf,-inf,0
2008-03-13,-inf,-inf,-inf,-inf,167
2008-03-14,-inf,-inf,-inf,-inf,0
2008-03-17,-inf,-inf,-inf,-inf,0
2008-03-18,-inf,-inf,-inf,-inf,0
2008-03-24,-inf,-inf,-inf,-inf,75
2008-03-25,-inf,-inf,-inf,-inf,25
2008-03-26,-inf,-inf,-inf,-inf,0
2008-03-27,-inf,-inf,-inf,-inf,0
2008-03-28,-inf,-inf,-inf,-inf,0
2008-03-31,-inf,-inf,-inf,-inf,100
2008-04-01,-inf,-inf,-inf,-inf,0
2008-04-02,-inf,-inf,-inf,-inf,0
2008-04-03,-inf,-inf,-inf,-inf,0
2008-04-04,-inf,-inf,-inf,-inf,0
2008-04-07,-inf,-inf,-inf,-inf,59
2008-04-08,-inf,-inf,-inf,-inf,240
2008-04-09,-inf,-inf,-inf,-inf,0
2008-04-10,-inf,-inf,-inf,-inf,0
2008-04-11,-inf,-inf,-inf,-inf,0
2008-04-14,-inf,-inf,-inf,-inf,0
2008-04-15,-inf,-inf,-inf,-inf,52
2008-04-16,-inf,-inf,-inf,-inf,0
2008-04-17,-inf,-inf,-inf,-inf,0
2008-04-18,-inf,-inf,-inf,-inf,25
2008-04-21,-inf,-inf,-inf,-inf,18
2008-04-22,-inf,-inf,-inf,-inf,0
2008-04-23,-inf,-inf,-inf,-inf,0
2008-04-24,-inf,-inf,-inf,-inf,0
2008-04-25,-inf,-inf,-inf,-inf,0
2008-04-28,-inf,-inf,-inf,-inf,135
2008-04-29,-inf,-inf,-inf,-inf,0
2008-04-30,-inf,-inf,-inf,-inf,0
2008-05-02,-inf,-inf,-inf,-inf,15
2008-05-06,-inf,-inf,-inf,-inf,0
2008-05-07,-inf,-inf,-inf,-inf,0
2008-05-08,-inf,-inf,-inf,-inf,500
2008-05-09,-inf,-inf,-inf,-inf,0
2008-05-12,-inf,-inf,-inf,-inf,0
2008-05-13,-inf,-inf,-inf,-inf,94
2008-05-14,-inf,-inf,-inf,-inf,0
2008-05-15,-inf,-inf,-inf,-inf,0
2008-05-16,-inf,-inf,-inf,-inf,29
2008-05-19,-inf,-inf,-inf,-inf,0
2008-05-20,-inf,-inf,-inf,-inf,35
2008-05-21,-inf,-inf,-inf,-inf,0
2008-05-22,-inf,-inf,-inf,-inf,0
2008-05-23,-inf,-inf,-inf,-inf,0
2008-05-27,-inf,-inf,-inf,-inf,53
2008-05-28,-inf,-inf,-inf,-inf,150
2008-05-29,-inf,-inf,-inf,-inf,0
2008-05-30,-inf,-inf,-inf,-inf,52
2008-06-02,-inf,-inf,-inf,-inf,13
2008-06-03,-inf,-inf,-inf,-inf,21801
2008-06-04,-inf,-inf,-inf,-inf,0
2008-06-05,-inf,-inf,-inf,-inf,95
2008-06-06,-inf,-inf,-inf,-inf,0
2008-06-09,-inf,-inf,-inf,-inf,0
2008-06-10,-inf,-inf,-inf,-inf,0
2008-06-11,-inf,-inf,-inf,-inf,0
2008-06-12,-inf,-inf,-inf,-inf,0
2008-06-13,-inf,-inf,-inf,-inf,23941
2008-06-16,-inf,-inf,-inf,-inf,75
2008-06-17,-inf,-inf,-inf,-inf,66
2008-06-18,-inf,-inf,-inf,-inf,20
2008-06-19,-inf,-inf,-inf,-inf,3
2008-06-20,-inf,-inf,-inf,-inf,0
2008-06-23,-inf,-inf,-inf,-inf,1
2008-06-25,-inf,-inf,-inf,-inf,625
2008-06-26,-inf,-inf,-inf,-inf,3
2008-06-27,-inf,-inf,-inf,-inf,711
2008-06-30,-inf,-inf,-inf,-inf,75
2008-07-01,-inf,-inf,-inf,-inf,0
2008-07-02,-inf,-inf,-inf,-inf,99
2008-07-03,-inf,-inf,-inf,-inf,171
2008-07-04,-inf,-inf,-inf,-inf,157
2008-07-07,-inf,-inf,-inf,-inf,43
2008-07-08,-inf,-inf,-inf,-inf,1035
2008-07-09,-inf,-inf,-inf,-inf,0
2008-07-10,-inf,-inf,-inf,-inf,44
2008-07-11,-inf,-inf,-inf,-inf,0
2008-07-14,-inf,-inf,-inf,-inf,0
2008-07-15,-inf,-inf,-inf,-inf,0
2008-07-16,-inf,-inf,-inf,-inf,6
2008-07-17,-inf,-inf,-inf,-inf,140
2008-07-18,-inf,-inf,-inf,-inf,0
2008-07-21,-inf,-inf,-inf,-inf,0
2008-07-22,-inf,-inf,-inf,-inf,40
2008-07-23,-inf,-inf,-inf,-inf,0
2008-07-25,-inf,-inf,-inf,-inf,1126
2008-07-28,-inf,-inf,-inf,-inf,5
2008-07-29,-inf,-inf,-inf,-inf,215
2008-07-30,-inf,-inf,-inf,-inf,0
2008-07-31,-inf,-inf,-inf,-inf,345
2008-08-01,-inf,-inf,-inf,-inf,0
2008-08-04,-inf,-inf,-inf,-inf,15
2008-08-05,-inf,-inf,-inf,-inf,45
2008-08-06,-inf,-inf,-inf,-inf,0
2008-08-07,-inf,-inf,-inf,-inf,20
2008-08-08,-inf,-inf,-inf,-inf,15
2008-08-11,-inf,-inf,-inf,-inf,15
2008-08-12,-inf,-inf,-inf,-inf,0
2008-08-13,-inf,-inf,-inf,-inf,0
2008-08-14,-inf,-inf,-inf,-inf,0
2008-08-15,-inf,-inf,-inf,-inf,0
2008-08-19,-inf,-inf,-inf,-inf,0
2008-08-20,-inf,-inf,-inf,-inf,0
2008-08-21,-inf,-inf,-inf,-inf,0
2008-08-22,-inf,-inf,-inf,-inf,0
2008-08-25,-inf,-inf,-inf,-inf,0
2008-08-26,-inf,-inf,-inf,-inf,0
2008-08-27,-inf,-inf,-inf,-inf,0
2008-08-28,-inf,-inf,-inf,-inf,0
2008-08-29,-inf,-inf,-inf,-inf,0
2008-09-01,-inf,-inf,-inf,-inf,0
2008-09-02,-inf,-inf,-inf,-inf,0
2008-09-03,-inf,-inf,-inf,-inf,0
2008-09-04,-inf,-inf,-inf,-inf,0
2008-09-05,-inf,-inf,-inf,-inf,0
2008-09-08,-inf,-inf,-inf,-inf,0
2008-09-09,-inf,-inf,-inf,-inf,0
2008-09-10,-inf,-inf,-inf,-inf,0
2008-09-11,-inf,-inf,-inf,-inf,7
2008-09-12,-inf,-inf,-inf,-inf,0
2008-09-15,-inf,-inf,-inf,-inf,3
2008-09-16,-inf,-inf,-inf,-inf,23
2008-09-17,-inf,-inf,-inf,-inf,0
2008-09-18,-inf,-inf,-inf,-inf,381
2008-09-19,-inf,-inf,-inf,-inf,260
2008-09-22,-inf,-inf,-inf,-inf,2
2008-09-23,-inf,-inf,-inf,-inf,2
2008-09-24,-inf,-inf,-inf,-inf,0
2008-09-25,-inf,-inf,-inf,-inf,0
2008-09-26,-inf,-inf,-inf,-inf,0
2008-09-29,-inf,-inf,-inf,-inf,10
2008-09-30,-inf,-inf,-inf,-inf,0
2008-10-01,-inf,-inf,-inf,-inf,0
2008-10-02,-inf,-inf,-inf,-inf,0
2008-10-03,-inf,-inf,-inf,-inf,0
2008-10-06,-inf,-inf,-inf,-inf,0
2008-10-07,-inf,-inf,-inf,-inf,60
2008-10-08,-inf,-inf,-inf,-inf,0
2008-10-09,-inf,-inf,-inf,-inf,50
2008-10-10,-inf,-inf,-inf,-inf,226
2008-10-13,-inf,-inf,-inf,-inf,0
2008-10-14,-inf,-inf,-inf,-inf,84
2008-10-15,-inf,-inf,-inf,-inf,0
2008-10-16,-inf,-inf,-inf,-inf,60
2008-10-17,-inf,-inf,-inf,-inf,53
2008-10-20,-inf,-inf,-inf,-inf,10
2008-10-21,-inf,-inf,-inf,-inf,0
2008-10-22,-inf,-inf,-inf,-inf,0
2008-10-23,-inf,-inf,-inf,-inf,419
2008-10-24,-inf,-inf,-inf,-inf,0
2008-10-27,-inf,-inf,-inf,-inf,18
2008-10-28,-inf,-inf,-inf,-inf,0
2008-10-29,-inf,-inf,-inf,-inf,12
2008-10-30,-inf,-inf,-inf,-inf,7
2008-10-31,-inf,-inf,-inf,-inf,348
2008-11-03,-inf,-inf,-inf,-inf,0
2008-11-04,-inf,-inf,-inf,-inf,0
2008-11-05,-inf,-inf,-inf,-inf,0
2008-11-06,-inf,-inf,-inf,-inf,0
2008-11-07,-inf,-inf,-inf,-inf,0
2008-11-10,-inf,-inf,-inf,-inf,0
2008-11-11,-inf,-inf,-inf,-inf,0
2008-11-12,-inf,-inf,-inf,-inf,0
2008-11-13,-inf,-inf,-inf,-inf,8
2008-11-14,-inf,-inf,-inf,-inf,2
2008-11-17,-inf,-inf,-inf,-inf,6
2008-11-18,-inf,-inf,-inf,-inf,0
2008-11-19,-inf,-inf,-inf,-inf,129
2008-11-20,-inf,-inf,-inf,-inf,0
2008-11-21,-inf,-inf,-inf,-inf,0
2008-11-24,-inf,-inf,-inf,-inf,0
2008-11-25,-inf,-inf,-inf,-inf,0
2008-11-26,-inf,-inf,-inf,-inf,0
2008-11-27,-inf,-inf,-inf,-inf,0
2008-11-28,-inf,-inf,-inf,-inf,0
2008-12-01,-inf,-inf,-inf,-inf,0
2008-12-02,-inf,-inf,-inf,-inf,19
2008-12-03,-inf,-inf,-inf,-inf,113
2008-12-04,-inf,-inf,-inf,-inf,0
2008-12-05,-inf,-inf,-inf,-inf,0
2008-12-09,-inf,-inf,-inf,-inf,0
2008-12-10,-inf,-inf,-inf,-inf,0
2008-12-11,-inf,-inf,-inf,-inf,125
2008-12-12,-inf,-inf,-inf,-inf,0
2008-12-15,-inf,-inf,-inf,-inf,0
2008-12-16,-inf,-inf,-inf,-inf,250
2008-12-17,-inf,-inf,-inf,-inf,125
2008-12-18,-inf,-inf,-inf,-inf,0
2008-12-19,-inf,-inf,-inf,-inf,250
2008-12-22,-inf,-inf,-inf,-inf,0
2008-12-23,-inf,-inf,-inf,-inf,0
2008-12-24,-inf,-inf,-inf,-inf,0
2008-12-26,-inf,-inf,-inf,-inf,0
2008-12-29,-inf,-inf,-inf,-inf,0
2008-12-30,-inf,-inf,-inf,-inf,0
2008-12-31,-inf,-inf,-inf,-inf,0
2009-01-02,-inf,-inf,-inf,-inf,0
2009-01-06,-inf,-inf,-inf,-inf,0
2009-01-07,-inf,-inf,-inf,-inf,0
2009-01-08,-inf,-inf,-inf,-inf,257
2009-01-09,-inf,-inf,-inf,-inf,3
2009-01-12,-inf,-inf,-inf,-inf,0
2009-01-13,-inf,-inf,-inf,-inf,0
2009-01-14,-inf,-inf,-inf,-inf,0
2009-01-15,-inf,-inf,-inf,-inf,250
2009-01-16,-inf,-inf,-inf,-inf,0
2009-01-19,-inf,-inf,-inf,-inf,0
2009-01-20,-inf,-inf,-inf,-inf,7
2009-01-21,-inf,-inf,-inf,-inf,0
2009-01-22,-inf,-inf,-inf,-inf,246
2009-01-23,-inf,-inf,-inf,-inf,0
2009-01-26,-inf,-inf,-inf,-inf,247
2009-01-27,-inf,-inf,-inf,-inf,5
2009-01-28,-inf,-inf,-inf,-inf,2
2009-01-29,-inf,-inf,-inf,-inf,500
2009-01-30,-inf,-inf,-inf,-inf,0
2009-02-02,-inf,-inf,-inf,-inf,0
2009-02-03,-inf,-inf,-inf,-inf,0
2009-02-04,-inf,-inf,-inf,-inf,0
2009-02-05,-inf,-inf,-inf,-inf,500
2009-02-06,-inf,-inf,-inf,-inf,0
2009-02-09,-inf,-inf,-inf,-inf,0
2009-02-10,-inf,-inf,-inf,-inf,200
2009-02-11,-inf,-inf,-inf,-inf,20
2009-02-12,-inf,-inf,-inf,-inf,0
2009-02-13,-inf,-inf,-inf,-inf,0
2009-02-16,-inf,-inf,-inf,-inf,0
2009-02-17,-inf,-inf,-inf,-inf,0
2009-02-18,-inf,-inf,-inf,-inf,0
2009-02-19,-inf,-inf,-inf,-inf,0
2009-02-20,-inf,-inf,-inf,-inf,0
2009-02-25,-inf,-inf,-inf,-inf,0
2009-02-26,-inf,-inf,-inf,-inf,0
2009-02-27,-inf,-inf,-inf,-inf,0
2009-03-02,-inf,-inf,-inf,-inf,0
2009-03-03,-inf,-inf,-inf,-inf,11
2009-03-04,-inf,-inf,-inf,-inf,3
2009-03-05,-inf,-inf,-inf,-inf,238
2009-03-06,-inf,-inf,-inf,-inf,0
2009-03-09,-inf,-inf,-inf,-inf,0
2009-03-10,-inf,-inf,-inf,-inf,500
2009-03-11,-inf,-inf,-inf,-inf,41
2009-03-12,-inf,-inf,-inf,-inf,0
2009-03-13,-inf,-inf,-inf,-inf,0
2009-03-16,-inf,-inf,-inf,-inf,0
2009-03-17,-inf,-inf,-inf,-inf,10
2009-03-18,-inf,-inf,-inf,-inf,2
2009-03-20,-inf,-inf,-inf,-inf,0
2009-03-23,-inf,-inf,-inf,-inf,46
2009-03-24,-inf,-inf,-inf,-inf,70
2009-03-25,-inf,-inf,-inf,-inf,507
2009-03-26,-inf,-inf,-inf,-inf,55
2009-03-27,-inf,-inf,-inf,-inf,0
2009-03-30,-inf,-inf,-inf,-inf,20
2009-03-31,-inf,-inf,-inf,-inf,0
2009-04-01,-inf,-inf,-inf,-inf,0
2009-04-02,-inf,-inf,-inf,-inf,0
2009-04-03,-inf,-inf,-inf,-inf,0
2009-04-06,-inf,-inf,-inf,-inf,0
2009-04-07,-inf,-inf,-inf,-inf,0
2009-04-08,-inf,-inf,-inf,-inf,0
2009-04-13,-inf,-inf,-inf,-inf,0
2009-04-14,-inf,-inf,-inf,-inf,0
2009-04-15,-inf,-inf,-inf,-inf,0
2009-04-16,-inf,-inf,-inf,-inf,0
2009-04-17,-inf,-inf,-inf,-inf,25
2009-04-20,-inf,-inf,-inf,-inf,0
2009-04-21,-inf,-inf,-inf,-inf,0
2009-04-22,-inf,-inf,-inf,-inf,3634
2009-04-23,-inf,-inf,-inf,-inf,0
2009-04-24,-inf,-inf,-inf,-inf,0
2009-04-27,-inf,-inf,-inf,-inf,0
2009-04-28,-inf,-inf,-inf,-inf,91
2009-04-29,-inf,-inf,-inf,-inf,0
2009-04-30,-inf,-inf,-inf,-inf,50
2009-05-04,-inf,-inf,-inf,-inf,60
2009-05-05,-inf,-inf,-inf,-inf,4
2009-05-06,-inf,-inf,-inf,-inf,0
2009-05-07,-inf,-inf,-inf,-inf,4
2009-05-08,-inf,-inf,-inf,-inf,0
2009-05-11,-inf,-inf,-inf,-inf,215
2009-05-12,-inf,-inf,-inf,-inf,306
2009-05-13,-inf,-inf,-inf,-inf,125
2009-05-14,-inf,-inf,-inf,-inf,200
2009-05-15,-inf,-inf,-inf,-inf,97
2009-05-18,-inf,-inf,-inf,-inf,0
2009-05-19,-inf,-inf,-inf,-inf,0
2009-05-20,-inf,-inf,-inf,-inf,97
2009-05-21,-inf,-inf,-inf,-inf,0
2009-05-22,-inf,-inf,-inf,-inf,21
2009-05-26,-inf,-inf,-inf,-inf,0
2009-05-27,-inf,-inf,-inf,-inf,0
2009-05-28,-inf,-inf,-inf,-inf,149
2009-05-29,-inf,-inf,-inf,-inf,28
2009-06-01,-inf,-inf,-inf,-inf,0
2009-06-02,-inf,-inf,-inf,-inf,125
2009-06-03,-inf,-inf,-inf,-inf,5
2009-06-04,-inf,-inf,-inf,-inf,0
2009-06-05,-inf,-inf,-inf,-inf,56
2009-06-08,-inf,-inf,-inf,-inf,0
2009-06-09,-inf,-inf,-inf,-inf,0
2009-06-10,-inf,-inf,-inf,-inf,0
2009-06-11,-inf,-inf,-inf,-inf,14
2009-06-12,-inf,-inf,-inf,-inf,31
2009-06-16,-inf,-inf,-inf,-inf,100
2009-06-17,-inf,-inf,-inf,-inf,100
2009-06-18,-inf,-inf,-inf,-inf,125
2009-06-19,-inf,-inf,-inf,-inf,327
2009-06-22,-inf,-inf,-inf,-inf,0
2009-06-23,-inf,-inf,-inf,-inf,0
2009-06-25,-inf,-inf,-inf,-inf,0
2009-06-26,-inf,-inf,-inf,-inf,10
2009-06-30,-inf,-inf,-inf,-inf,100
2009-07-01,-inf,-inf,-inf,-inf,110
2009-07-02,-inf,-inf,-inf,-inf,0
2009-07-03,-inf,-inf,-inf,-inf,0
2009-07-06,-inf,-inf,-inf,-inf,120
2009-07-07,-inf,-inf,-inf,-inf,0
2009-07-08,-inf,-inf,-inf,-inf,0
2009-07-09,-inf,-inf,-inf,-inf,0
2009-07-10,-inf,-inf,-inf,-inf,0
2009-07-13,-inf,-inf,-inf,-inf,0
2009-07-14,-inf,-inf,-inf,-inf,0
2009-07-15,-inf,-inf,-inf,-inf,5
2009-07-16,-inf,-inf,-inf,-inf,0
2009-07-17,-inf,-inf,-inf,-inf,0
2009-07-20,-inf,-inf,-inf,-inf,0
2009-07-21,-inf,-inf,-inf,-inf,0
2009-07-22,-inf,-inf,-inf,-inf,3
2009-07-23,-inf,-inf,-inf,-inf,0
2009-07-27,-inf,-inf,-inf,-inf,256
2009-07-28,-inf,-inf,-inf,-inf,0
2009-07-29,-inf,-inf,-inf,-inf,0
2009-07-30,-inf,-inf,-inf,-inf,0
2009-07-31,-inf,-inf,-inf,-inf,0
2009-08-03,-inf,-inf,-inf,-inf,0
2009-08-04,-inf,-inf,-inf,-inf,7
2009-08-05,-inf,-inf,-inf,-inf,235
2009-08-06,-inf,-inf,-inf,-inf,0
2009-08-07,-inf,-inf,-inf,-inf,5
2009-08-10,-inf,-inf,-inf,-inf,85
2009-08-11,-inf,-inf,-inf,-inf,0
2009-08-12,-inf,-inf,-inf,-inf,49
2009-08-13,-inf,-inf,-inf,-inf,0
2009-08-14,-inf,-inf,-inf,-inf,95
2009-08-17,-inf,-inf,-inf,-inf,5
2009-08-18,-inf,-inf,-inf,-inf,7
2009-08-19,-inf,-inf,-inf,-inf,100
2009-08-20,-inf,-inf,-inf,-inf,0
2009-08-21,-inf,-inf,-inf,-inf,50
2009-08-24,-inf,-inf,-inf,-inf,0
2009-08-25,-inf,-inf,-inf,-inf,0
2009-08-26,-inf,-inf,-inf,-inf,382
2009-08-27,-inf,-inf,-inf,-inf,0
2009-08-28,-inf,-inf,-inf,-inf,0
2009-08-31,-inf,-inf,-inf,-inf,30
2009-09-01,-inf,-inf,-inf,-inf,77
2009-09-02,-inf,-inf,-inf,-inf,204
2009-09-03,-inf,-inf,-inf,-inf,0
2009-09-04,-inf,-inf,-inf,-inf,0
2009-09-07,-inf,-inf,-inf,-inf,0
2009-09-08,-inf,-inf,-inf,-inf,0
2009-09-09,-inf,-inf,-inf,-inf,0
2009-09-10,-inf,-inf,-inf,-inf,0
2009-09-11,-inf,-inf,-inf,-inf,0
2009-09-14,-inf,-inf,-inf,-inf,0
2009-09-15,-inf,-inf,-inf,-inf,0
2009-09-16,-inf,-inf,-inf,-inf,0
2009-09-17,-inf,-inf,-inf,-inf,0
2009-09-18,-inf,-inf,-inf,-inf,0
2009-09-21,-inf,-inf,-inf,-inf,0
2009-09-22,-inf,-inf,-inf,-inf,0
2009-09-23,-inf,-inf,-inf,-inf,0
2009-09-24,-inf,-inf,-inf,-inf,0
2009-09-25,-inf,-inf,-inf,-inf,5
2009-09-28,-inf,-inf,-inf,-inf,94
2009-09-29,-inf,-inf,-inf,-inf,0
2009-09-30,-inf,-inf,-inf,-inf,12
2009-10-01,-inf,-inf,-inf,-inf,0
2009-10-02,-inf,-inf,-inf,-inf,0
2009-10-05,-inf,-inf,-inf,-inf,125
2009-10-06,-inf,-inf,-inf,-inf,0
2009-10-07,-inf,-inf,-inf,-inf,0
2009-10-08,-inf,-inf,-inf,-inf,100
2009-10-09,-inf,-inf,-inf,-inf,0
2009-10-13,-inf,-inf,-inf,-inf,0
2009-10-14,-inf,-inf,-inf,-inf,0
2009-10-15,-inf,-inf,-inf,-inf,0
2009-10-16,-inf,-inf,-inf,-inf,0
2009-10-19,-inf,-inf,-inf,-inf,0
2009-10-20,-inf,-inf,-inf,-inf,0
2009-10-21,-inf,-inf,-inf,-inf,23
2009-10-22,-inf,-inf,-inf,-inf,0
2009-10-23,-inf,-inf,-inf,-inf,0
2009-10-26,-inf,-inf,-inf,-inf,0
2009-10-27,-inf,-inf,-inf,-inf,0
2009-10-28,-inf,-inf,-inf,-inf,0
2009-10-29,-inf,-inf,-inf,-inf,0
2009-10-30,-inf,-inf,-inf,-inf,0
2009-11-02,-inf,-inf,-inf,-inf,0
2009-11-03,-inf,-inf,-inf,-inf,0
2009-11-04,-inf,-inf,-inf,-inf,0
2009-11-05,-inf,-inf,-inf,-inf,0
2009-11-06,-inf,-inf,-inf,-inf,5
2009-11-09,-inf,-inf,-inf,-inf,0
2009-11-10,-inf,-inf,-inf,-inf,0
2009-11-11,-inf,-inf,-inf,-inf,0
2009-11-12,-inf,-inf,-inf,-inf,0
2009-11-13,-inf,-inf,-inf,-inf,0
2009-11-16,-inf,-inf,-inf,-inf,18
2009-11-17,-inf,-inf,-inf,-inf,0
2009-11-18,-inf,-inf,-inf,-inf,0
2009-11-19,-inf,-inf,-inf,-inf,0
2009-11-20,-inf,-inf,-inf,-inf,0
2009-11-23,-inf,-inf,-inf,-inf,0
2009-11-24,-inf,-inf,-inf,-inf,0
2009-11-25,-inf,-inf,-inf,-inf,0
2009-11-26,-inf,-inf,-inf,-inf,0
2009-11-27,-inf,-inf,-inf,-inf,0
2009-11-30,-inf,-inf,-inf,-inf,0
2009-12-01,-inf,-inf,-inf,-inf,0
2009-12-02,-inf,-inf,-inf,-inf,0
2009-12-03,-inf,-inf,-inf,-inf,0
2009-12-04,-inf,-inf,-inf,-inf,0
2009-12-08,-inf,-inf,-inf,-inf,0
2009-12-09,-inf,-inf,-inf,-inf,0
2009-12-10,-inf,-inf,-inf,-inf,0
2009-12-11,-inf,-inf,-inf,-inf,0
2009-12-14,-inf,-inf,-inf,-inf,0
2009-12-15,-inf,-inf,-inf,-inf,0
2009-12-16,-inf,-inf,-inf,-inf,0
2009-12-17,-inf,-inf,-inf,-inf,10
2009-12-18,-inf,-inf,-inf,-inf,0
2009-12-21,-inf,-inf,-inf,-inf,0
2009-12-22,-inf,-inf,-inf,-inf,0
2009-12-23,-inf,-inf,-inf,-inf,0
2009-12-24,-inf,-inf,-inf,-inf,0
2009-12-28,-inf,-inf,-inf,-inf,5
2009-12-29,-inf,-inf,-inf,-inf,0
2009-12-30,-inf,-inf,-inf,-inf,0
2009-12-31,-inf,-inf,-inf,-inf,0
2010-01-05,-inf,-inf,-inf,-inf,0
2010-01-06,-inf,-inf,-inf,-inf,0
2010-01-07,-inf,-inf,-inf,-inf,0
2010-01-08,-inf,-inf,-inf,-inf,0
2010-01-11,-inf,-inf,-inf,-inf,6
2010-01-12,-inf,-inf,-inf,-inf,0
2010-01-13,-inf,-inf,-inf,-inf,0
2010-01-14,-inf,-inf,-inf,-inf,0
2010-01-15,-inf,-inf,-inf,-inf,0
2010-01-18,-inf,-inf,-inf,-inf,0
2010-01-19,-inf,-inf,-inf,-inf,12
2010-01-20,-inf,-inf,-inf,-inf,0
2010-01-21,-inf,-inf,-inf,-inf,307
2010-01-22,-inf,-inf,-inf,-inf,0
2010-01-25,-inf,-inf,-inf,-inf,0
2010-01-26,-inf,-inf,-inf,-inf,0
2010-01-27,-inf,-inf,-inf,-inf,0
2010-01-28,-inf,-inf,-inf,-inf,0
2010-01-29,-inf,-inf,-inf,-inf,0
2010-02-01,-inf,-inf,-inf,-inf,0
2010-02-02,-inf,-inf,-inf,-inf,0
2010-02-03,-inf,-inf,-inf,-inf,0
2010-02-04,-inf,-inf,-inf,-inf,0
2010-02-05,-inf,-inf,-inf,-inf,0
2010-02-08,-inf,-inf,-inf,-inf,0
2010-02-09,-inf,-inf,-inf,-inf,0
2010-02-10,-inf,-inf,-inf,-inf,0
2010-02-11,-inf,-inf,-inf,-inf,5
2010-02-12,-inf,-inf,-inf,-inf,0
2010-02-17,-inf,-inf,-inf,-inf,15
2010-02-18,-inf,-inf,-inf,-inf,0
2010-02-19,-inf,-inf,-inf,-inf,0
2010-02-22,-inf,-inf,-inf,-inf,0
2010-02-23,-inf,-inf,-inf,-inf,0
2010-02-24,-inf,-inf,-inf,-inf,0
2010-02-25,-inf,-inf,-inf,-inf,0
2010-02-26,-inf,-inf,-inf,-inf,0
2010-03-01,-inf,-inf,-inf,-inf,0
2010-03-02,-inf,-inf,-inf,-inf,0
2010-03-03,-inf,-inf,-inf,-inf,0
2010-03-04,-inf,-inf,-inf,-inf,0
2010-03-05,-inf,-inf,-inf,-inf,0
2010-03-08,-inf,-inf,-inf,-inf,50
2010-03-09,-inf,-inf,-inf,-inf,0
2010-03-10,-inf,-inf,-inf,-inf,0
2010-03-11,-inf,-inf,-inf,-inf,0
2010-03-12,-inf,-inf,-inf,-inf,0
2010-03-15,-inf,-inf,-inf,-inf,0
2010-03-16,-inf,-inf,-inf,-inf,5
2010-03-17,-inf,-inf,-inf,-inf,0
2010-03-18,-inf,-inf,-inf,-inf,11
2010-03-22,-inf,-inf,-inf,-inf,53
2010-03-23,-inf,-inf,-inf,-inf,0
2010-03-24,-inf,-inf,-inf,-inf,0
2010-03-25,-inf,-inf,-inf,-inf,0
2010-03-26,-inf,-inf,-inf,-inf,0
2010-03-29,-inf,-inf,-inf,-inf,0
2010-03-30,-inf,-inf,-inf,-inf,0
2010-03-31,-inf,-inf,-inf,-inf,0
2010-04-05,-inf,-inf,-inf,-inf,261
2010-04-06,-inf,-inf,-inf,-inf,0
2010-04-07,-inf,-inf,-inf,-inf,0
2010-04-08,-inf,-inf,-inf,-inf,0
2010-04-09,-inf,-inf,-inf,-inf,46
2010-04-12,-inf,-inf,-inf,-inf,0
2010-04-13,-inf,-inf,-inf,-inf,0
2010-04-14,-inf,-inf,-inf,-inf,0
2010-04-15,-inf,-inf,-inf,-inf,105
2010-04-16,-inf,-inf,-inf,-inf,0
2010-04-20,-inf,-inf,-inf,-inf,368
2010-04-21,-inf,-inf,-inf,-inf,0
2010-04-22,-inf,-inf,-inf,-inf,510
2010-04-23,-inf,-inf,-inf,-inf,0
2010-04-26,-inf,-inf,-inf,-inf,0
2010-04-27,-inf,-inf,-inf,-inf,0
2010-04-28,-inf,-inf,-inf,-inf,0
2010-04-29,-inf,-inf,-inf,-inf,0
2010-04-30,-inf,-inf,-inf,-inf,0
2010-05-03,-inf,-inf,-inf,-inf,0
2010-05-04,-inf,-inf,-inf,-inf,0
2010-05-05,-inf,-inf,-inf,-inf,600
2010-05-06,-inf,-inf,-inf,-inf,544
2010-05-07,-inf,-inf,-inf,-inf,0
2010-05-10,-inf,-inf,-inf,-inf,1255
2010-05-11,-inf,-inf,-inf,-inf,1400
2010-05-12,-inf,-inf,-inf,-inf,0
2010-05-13,-inf,-inf,-inf,-inf,5
2010-05-14,-inf,-inf,-inf,-inf,0
2010-05-18,-inf,-inf,-inf,-inf,0
2010-05-19,-inf,-inf,-inf,-inf,0
2010-05-20,-inf,-inf,-inf,-inf,0
2010-05-21,-inf,-inf,-inf,-inf,0
2010-05-24,-inf,-inf,-inf,-inf,0
2010-05-25,-inf,-inf,-inf,-inf,0
2010-05-26,-inf,-inf,-inf,-inf,0
2010-05-27,-inf,-inf,-inf,-inf,0
2010-05-28,-inf,-inf,-inf,-inf,0
2010-05-31,-inf,-inf,-inf,-inf,0
2010-06-01,-inf,-inf,-inf,-inf,0
2010-06-02,-inf,-inf,-inf,-inf,0
2010-06-03,-inf,-inf,-inf,-inf,0
2010-06-04,-inf,-inf,-inf,-inf,0
2010-06-08,-inf,-inf,-inf,-inf,0
2010-06-09,-inf,-inf,-inf,-inf,0
2010-06-10,-inf,-inf,-inf,-inf,0
2010-06-11,-inf,-inf,-inf,-inf,0
2010-06-14,-inf,-inf,-inf,-inf,0
2010-06-15,-inf,-inf,-inf,-inf,0
2010-06-16,-inf,-inf,-inf,-inf,0
2010-06-17,-inf,-inf,-inf,-inf,0
2010-06-18,-inf,-inf,-inf,-inf,0
2010-06-21,-inf,-inf,-inf,-inf,0
2010-06-22,-inf,-inf,-inf,-inf,0
2010-06-23,-inf,-inf,-inf,-inf,0
2010-06-25,-inf,-inf,-inf,-inf,0
2010-06-29,-inf,-inf,-inf,-inf,0
2010-06-30,-inf,-inf,-inf,-inf,0
2010-07-01,-inf,-inf,-inf,-inf,0
2010-07-02,-inf,-inf,-inf,-inf,0
2010-07-06,-inf,-inf,-inf,-inf,0
2010-07-07,-inf,-inf,-inf,-inf,0
2010-07-08,-inf,-inf,-inf,-inf,0
2010-07-09,-inf,-inf,-inf,-inf,0
2010-07-12,-inf,-inf,-inf,-inf,0
2010-07-13,-inf,-inf,-inf,-inf,0
2010-07-14,-inf,-inf,-inf,-inf,0
2010-07-15,-inf,-inf,-inf,-inf,68
2010-07-16,-inf,-inf,-inf,-inf,68
2010-07-19,-inf,-inf,-inf,-inf,265
2010-07-20,-inf,-inf,-inf,-inf,485
2010-07-21,-inf,-inf,-inf,-inf,0
2010-07-22,-inf,-inf,-inf,-inf,0
2010-07-23,-inf,-inf,-inf,-inf,490
2010-07-26,-inf,-inf,-inf,-inf,155
2010-07-27,-inf,-inf,-inf,-inf,0
2010-07-28,-inf,-inf,-inf,-inf,257
2010-07-29,-inf,-inf,-inf,-inf,108
2010-07-30,-inf,-inf,-inf,-inf,347
2010-08-02,-inf,-inf,-inf,-inf,0
2010-08-03,-inf,-inf,-inf,-inf,0
2010-08-04,-inf,-inf,-inf,-inf,0
2010-08-05,-inf,-inf,-inf,-inf,1
2010-08-06,-inf,-inf,-inf,-inf,165
2010-08-09,-inf,-inf,-inf,-inf,0
2010-08-10,-inf,-inf,-inf,-inf,0
2010-08-11,-inf,-inf,-inf,-inf,0
2010-08-12,-inf,-inf,-inf,-inf,0
2010-08-13,-inf,-inf,-inf,-inf,0
2010-08-16,-inf,-inf,-inf,-inf,0
2010-08-17,-inf,-inf,-inf,-inf,0
2010-08-18,-inf,-inf,-inf,-inf,0
2010-08-19,-inf,-inf,-inf,-inf,0
2010-08-20,-inf,-inf,-inf,-inf,0
2010-08-23,-inf,-inf,-inf,-inf,0
2010-08-24,-inf,-inf,-inf,-inf,0
2010-08-25,-inf,-inf,-inf,-inf,0
2010-08-26,-inf,-inf,-inf,-inf,5
2010-08-27,-inf,-inf,-inf,-inf,0
2010-08-30,-inf,-inf,-inf,-inf,0
2010-08-31,-inf,-inf,-inf,-inf,0
2010-09-01,-inf,-inf,-inf,-inf,0
2010-09-02,-inf,-inf,-inf,-inf,0
2010-09-03,-inf,-inf,-inf,-inf,0
2010-09-06,-inf,-inf,-inf,-inf,0
2010-09-07,-inf,-inf,-inf,-inf,0
2010-09-08,-inf,-inf,-inf,-inf,0
2010-09-09,-inf,-inf,-inf,-inf,0
2010-09-10,-inf,-inf,-inf,-inf,0
2010-09-13,-inf,-inf,-inf,-inf,0
2010-09-14,-inf,-inf,-inf,-inf,0
2010-09-15,-inf,-inf,-inf,-inf,0
2010-09-16,-inf,-inf,-inf,-inf,0
2010-09-17,-inf,-inf,-inf,-inf,0
2010-09-20,-inf,-inf,-inf,-inf,0
2010-09-21,-inf,-inf,-inf,-inf,0
2010-09-22,-inf,-inf,-inf,-inf,0
2010-09-23,-inf,-inf,-inf,-inf,0
2010-09-24,-inf,-inf,-inf,-inf,0
2010-09-27,-inf,-inf,-inf,-inf,0
2010-09-28,-inf,-inf,-inf,-inf,0
2010-09-29,-inf,-inf,-inf,-inf,0
2010-09-30,-inf,-inf,-inf,-inf,0
2010-10-01,-inf,-inf,-inf,-inf,0
2010-10-04,-inf,-inf,-inf,-inf,0
2010-10-05,-inf,-inf,-inf,-inf,0
2010-10-06,-inf,-inf,-inf,-inf,0
2010-10-07,-inf,-inf,-inf,-inf,0
2010-10-08,-inf,-inf,-inf,-inf,0
2010-10-11,-inf,-inf,-inf,-inf,0
2010-10-13,-inf,-inf,-inf,-inf,0
2010-10-14,-inf,-inf,-inf,-inf,0
2010-10-15,-inf,-inf,-inf,-inf,0
2010-10-18,-inf,-inf,-inf,-inf,0
2010-10-19,-inf,-inf,-inf,-inf,0
2010-10-20,-inf,-inf,-inf,-inf,0
2010-10-21,-inf,-inf,-inf,-inf,0
2010-10-22,-inf,-inf,-inf,-inf,0
2010-10-25,-inf,-inf,-inf,-inf,0
2010-10-26,-inf,-inf,-inf,-inf,0
2010-10-27,-inf,-inf,-inf,-inf,0
2010-10-28,-inf,-inf,-inf,-inf,0
2010-10-29,-inf,-inf,-inf,-inf,0
2010-11-02,-inf,-inf,-inf,-inf,0
2010-11-03,-inf,-inf,-inf,-inf,0
2010-11-04,-inf,-inf,-inf,-inf,0
2010-11-05,-inf,-inf,-inf,-inf,0
2010-11-08,-inf,-inf,-inf,-inf,0
2010-11-09,-inf,-inf,-inf,-inf,0
2010-11-10,-inf,-inf,-inf,-inf,0
2010-11-11,-inf,-inf,-inf,-inf,0
2010-11-12,-inf,-inf,-inf,-inf,64
2010-11-15,-inf,-inf,-inf,-inf,0
2010-11-16,-inf,-inf,-inf,-inf,0
2010-11-17,-inf,-inf,-inf,-inf,0
2010-11-18,-inf,-inf,-inf,-inf,0
2010-11-19,-inf,-inf,-inf,-inf,0
2010-11-22,-inf,-inf,-inf,-inf,0
2010-11-23,-inf,-inf,-inf,-inf,0
2010-11-24,-inf,-inf,-inf,-inf,0
2010-11-25,-inf,-inf,-inf,-inf,0
2010-11-26,-inf,-inf,-inf,-inf,0
2010-11-29,-inf,-inf,-inf,-inf,0
2010-11-30,-inf,-inf,-inf,-inf,0
2010-12-01,-inf,-inf,-inf,-inf,0
2010-12-02,-inf,-inf,-inf,-inf,0
2010-12-03,-inf,-inf,-inf,-inf,0
2010-12-07,-inf,-inf,-inf,-inf,65
2010-12-08,-inf,-inf,-inf,-inf,0
2010-12-09,-inf,-inf,-inf,-inf,0
2010-12-10,-inf,-inf,-inf,-inf,0
2010-12-13,-inf,-inf,-inf,-inf,0
2010-12-14,inf,inf,inf,inf,0
2010-12-15,inf,inf,inf,inf,0
2010-12-16,inf,inf,inf,inf,0
2010-12-17,inf,inf,inf,inf,65
2010-12-20,inf,inf,inf,inf,1
2010-12-21,inf,inf,inf,inf,0
2010-12-22,inf,inf,inf,inf,0
2010-12-23,inf,inf,inf,inf,0
2010-12-24,inf,inf,inf,inf,0
2010-12-27,inf,inf,inf,inf,0
2010-12-28,inf,inf,inf,inf,0
2010-12-29,inf,inf,inf,inf,0
2010-12-30,inf,inf,inf,inf,0
2010-12-31,inf,inf,inf,inf,0
2011-01-03,inf,inf,inf,inf,0
2011-01-05,inf,inf,inf,inf,0
2011-01-06,inf,inf,inf,inf,0
2011-01-07,inf,inf,inf,inf,0
2011-01-11,inf,inf,inf,inf,0
2011-01-12,inf,inf,inf,inf,0
2011-01-13,inf,inf,inf,inf,0
2011-01-14,inf,inf,inf,inf,0
2011-01-17,inf,inf,inf,inf,0
2011-01-18,inf,inf,inf,inf,0
2011-01-19,inf,inf,inf,inf,0
2011-01-20,inf,inf,inf,inf,0
2011-01-21,inf,inf,inf,inf,0
2011-01-24,inf,inf,inf,inf,0
2011-01-25,inf,inf,inf,inf,0
2011-01-26,inf,inf,inf,inf,0
2011-01-27,inf,inf,inf,inf,0
2011-01-28,inf,inf,inf,inf,0
2011-01-31,inf,inf,inf,inf,0
2011-02-01,inf,inf,inf,inf,0
2011-02-02,inf,inf,inf,inf,0
2011-02-03,inf,inf,inf,inf,0
2011-02-04,inf,inf,inf,inf,0
2011-02-07,inf,inf,inf,inf,0
2011-02-08,inf,inf,inf,inf,0
2011-02-09,inf,inf,inf,inf,0
2011-02-10,inf,inf,inf,inf,0
2011-02-11,inf,inf,inf,inf,0
2011-02-14,inf,inf,inf,inf,0
2011-02-15,inf,inf,inf,inf,0
2011-02-16,inf,inf,inf,inf,0
2011-02-17,inf,inf,inf,inf,0
2011-02-18,inf,inf,inf,inf,0
2011-02-21,inf,inf,inf,inf,0
2011-02-22,inf,inf,inf,inf,0
2011-02-23,inf,inf,inf,inf,0
2011-02-24,inf,inf,inf,inf,0
2011-02-25,inf,inf,inf,inf,0
2011-02-28,inf,inf,inf,inf,0
2011-03-01,inf,inf,inf,inf,0
2011-03-02,inf,inf,inf,inf,0
2011-03-03,inf,inf,inf,inf,0
2011-03-04,inf,inf,inf,inf,0
2011-03-09,inf,inf,inf,inf,0
2011-03-10,inf,inf,inf,inf,0
2011-03-11,inf,inf,inf,inf,0
2011-03-14,inf,inf,inf,inf,0
2011-03-15,inf,inf,inf,inf,0
2011-03-16,inf,inf,inf,inf,0
2011-03-17,inf,inf,inf,inf,0
2011-03-18,inf,inf,inf,inf,0
2011-03-21,inf,inf,inf,inf,0
2011-03-22,inf,inf,inf,inf,0
2011-03-23,inf,inf,inf,inf,0
2011-03-24,inf,inf,inf,inf,0
2011-03-25,inf,inf,inf,inf,0
2011-03-28,inf,inf,inf,inf,0
2011-03-29,inf,inf,inf,inf,0
2011-03-30,inf,inf,inf,inf,0
2011-03-31,inf,inf,inf,inf,0
2011-04-01,inf,inf,inf,inf,0
2011-04-04,inf,inf,inf,inf,0
2011-04-05,inf,inf,inf,inf,0
2011-04-06,inf,inf,inf,inf,0
2011-04-07,inf,inf,inf,inf,0
2011-04-08,inf,inf,inf,inf,0
2011-04-11,inf,inf,inf,inf,0
2011-04-12,inf,inf,inf,inf,0
2011-04-13,inf,inf,inf,inf,0
2011-04-14,inf,inf,inf,inf,0
2011-04-15,inf,inf,inf,inf,0
2011-04-18,inf,inf,inf,inf,0
2011-04-20,inf,inf,inf,inf,0
2011-04-25,inf,inf,inf,inf,0
2011-04-26,inf,inf,inf,inf,0
2011-04-27,inf,inf,inf,inf,0
2011-04-28,inf,inf,inf,inf,0
2011-04-29,inf,inf,inf,inf,0
2011-05-02,inf,inf,inf,inf,0
2011-05-03,inf,inf,inf,inf,0
2011-05-04,inf,inf,inf,inf,0
2011-05-05,inf,inf,inf,inf,0
2011-05-06,inf,inf,inf,inf,0
2011-05-09,inf,inf,inf,inf,0
2011-05-10,inf,inf,inf,inf,0
2011-05-11,-2.6972622624819685e+36,-2.6972622624819685e+36,-2.6972622624819685e+36,-2.6972622624819685e+36,0
2011-05-12,-2.6972622624819685e+36,-2.6972622624819685e+36,-2.6972622624819685e+36,-2.6972622624819685e+36,0
2011-05-13,-2.6972622624819685e+36,-2.6972622624819685e+36,-2.6972622624819685e+36,-2.6972622624819685e+36,0
2011-05-16,-2.6972622624819685e+36,-2.6972622624819685e+36,-2.6972622624819685e+36,-2.6972622624819685e+36,0
2011-05-17,-2.6972622624819685e+36,-2.6972622624819685e+36,-2.6972622624819685e+36,-2.6972622624819685e+36,0
2011-05-18,-2.6972622624819685e+36,-2.6972622624819685e+36,-2.6972622624819685e+36,-2.6972622624819685e+36,0
2011-05-19,-2.6972622624819685e+36,-2.6972622624819685e+36,-2.6972622624819685e+36,-2.6972622624819685e+36,0
2011-05-20,-1.2137678438149283e+36,-1.2137678438149284e+36,-1.2137678438149284e+36,-1.2137678438149284e+36,0
2011-05-23,-1.2137678438149283e+36,-1.2137678438149284e+36,-1.2137678438149284e+36,-1.2137678438149284e+36,0
2011-05-24,-1.2137678438149283e+36,-1.2137678438149284e+36,-1.2137678438149284e+36,-1.2137678438149284e+36,0
2011-05-25,-1.2137678438149283e+36,-1.2137678438149284e+36,-1.2137678438149284e+36,-1.2137678438149284e+36,0
2011-05-26,-1.2137678438149283e+36,-1.2137678438149284e+36,-1.2137678438149284e+36,-1.2137678438149284e+36,0
2011-05-27,-1.2137678438149283e+36,-1.2137678438149284e+36,-1.2137678438149284e+36,-1.2137678438149284e+36,0
2011-05-30,-1.2137678438149283e+36,-1.2137678438149284e+36,-1.2137678438149284e+36,-1.2137678438149284e+36,0
2011-05-31,-1.2137678438149283e+36,-1.2137678438149284e+36,-1.2137678438149284e+36,-1.2137678438149284e+36,0
2011-06-01,-1.2137678438149283e+36,-1.2137678438149284e+36,-1.2137678438149284e+36,-1.2137678438149284e+36,0
2011-06-02,-1.2137678438149283e+36,-1.2137678438149284e+36,-1.2137678438149284e+36,-1.2137678438149284e+36,0
2011-06-03,-1.2137678438149283e+36,-1.2137678438149284e+36,-1.2137678438149284e+36,-1.2137678438149284e+36,0
2011-06-07,-1.2137678438149283e+36,-1.2137678438149284e+36,-1.2137678438149284e+36,-1.2137678438149284e+36,0
2011-06-08,-1.2137678438149283e+36,-1.2137678438149284e+36,-1.2137678438149284e+36,-1.2137678438149284e+36,0
2011-06-09,-1.2137678438149283e+36,-1.2137678438149284e+36,-1.2137678438149284e+36,-1.2137678438149284e+36,0
2011-06-10,-1.2137678438149283e+36,-1.2137678438149284e+36,-1.2137678438149284e+36,-1.2137678438149284e+36,0
2011-06-13,-1.2137678438149283e+36,-1.2137678438149284e+36,-1.2137678438149284e+36,-1.2137678438149284e+36,0
2011-06-14,-1.2137678438149283e+36,-1.2137678438149284e+36,-1.2137678438149284e+36,-1.2137678438149284e+36,0
2011-06-15,-1.2137678438149283e+36,-1.2137678438149284e+36,-1.2137678438149284e+36,-1.2137678438149284e+36,0
2011-06-16,-1.2137678438149283e+36,-1.2137678438149284e+36,-1.2137678438149284e+36,-1.2137678438149284e+36,0
2011-06-17,-1.2137678438149283e+36,-1.2137678438149284e+36,-1.2137678438149284e+36,-1.2137678438149284e+36,0
2011-06-20,-1.2137678438149283e+36,-1.2137678438149284e+36,-1.2137678438149284e+36,-1.2137678438149284e+36,0
2011-06-21,-1.2137678438149283e+36,-1.2137678438149284e+36,-1.2137678438149284e+36,-1.2137678438149284e+36,0
2011-06-22,-1.2137678438149283e+36,-1.2137678438149284e+36,-1.2137678438149284e+36,-1.2137678438149284e+36,0
2011-06-23,-1.2137678438149283e+36,-1.2137678438149284e+36,-1.2137678438149284e+36,-1.2137678438149284e+36,0
2011-06-28,-1.2137678438149283e+36,-1.2137678438149284e+36,-1.2137678438149284e+36,-1.2137678438149284e+36,0
2011-06-29,2.502511807682506e+30,2.5025118076825058e+30,2.5025118076825058e+30,2.5025118076825058e+30,0
2011-06-30,2.502511807682506e+30,2.5025118076825058e+30,2.5025118076825058e+30,2.5025118076825058e+30,0
2011-07-01,2.502511807682506e+30,2.5025118076825058e+30,2.5025118076825058e+30,2.5025118076825058e+30,0
2011-07-06,2.502511807682506e+30,2.5025118076825058e+30,2.5025118076825058e+30,2.5025118076825058e+30,0
2011-07-07,2.502511807682506e+30,2.5025118076825058e+30,2.5025118076825058e+30,2.5025118076825058e+30,0
2011-07-08,2.502511807682506e+30,2.5025118076825058e+30,2.5025118076825058e+30,2.5025118076825058e+30,0
2011-07-11,2.502511807682506e+30,2.5025118076825058e+30,2.5025118076825058e+30,2.5025118076825058e+30,0
2011-07-12,2.502511807682506e+30,2.5025118076825058e+30,2.5025118076825058e+30,2.5025118076825058e+30,0
2011-07-13,2.502511807682506e+30,2.5025118076825058e+30,2.5025118076825058e+30,2.5025118076825058e+30,0
2011-07-14,2.502511807682506e+30,2.5025118076825058e+30,2.5025118076825058e+30,2.5025118076825058e+30,0
2011-07-15,2.502511807682506e+30,2.5025118076825058e+30,2.5025118076825058e+30,2.5025118076825058e+30,0
2011-07-18,2.502511807682506e+30,2.5025118076825058e+30,2.5025118076825058e+30,2.5025118076825058e+30,0
2011-07-19,4.170853315035632e+30,4.170853315035632e+30,4.170853315035632e+30,4.170853315035632e+30,5
2011-07-20,4.170853315035632e+30,4.170853315035632e+30,4.170853315035632e+30,4.170853315035632e+30,0
2011-07-21,4.170853315035632e+30,4.170853315035632e+30,4.170853315035632e+30,4.170853315035632e+30,0
2011-07-22,4.170853315035632e+30,4.170853315035632e+30,4.170853315035632e+30,4.170853315035632e+30,0
2011-07-25,4.170853315035632e+30,4.170853315035632e+30,4.170853315035632e+30,4.170853315035632e+30,0
2011-07-26,5.561138559331389e+30,5.561138559331389e+30,4.1708542229681126e+30,4.1708542229681126e+30,611
2011-07-27,5.561138559331389e+30,5.561138559331389e+30,5.561138559331389e+30,5.561138559331389e+30,0
2011-07-28,6.673366633875412e+30,6.673366633875412e+30,5.561138861562844e+30,5.561138861562844e+30,334
2011-07-29,8.06365006478244e+30,8.06365006478244e+30,8.06365006478244e+30,8.06365006478244e+30,155
2011-08-01,8.06365006478244e+30,8.06365006478244e+30,8.06365006478244e+30,8.06365006478244e+30,0
2011-08-02,8.06365006478244e+30,8.06365006478244e+30,8.06365006478244e+30,8.06365006478244e+30,200
2011-08-03,8.06365006478244e+30,8.06365006478244e+30,8.06365006478244e+30,8.06365006478244e+30,0
2011-08-04,8.06365006478244e+30,8.06365006478244e+30,8.06365006478244e+30,8.06365006478244e+30,0
2011-08-05,8.06365006478244e+30,8.06365006478244e+30,8.06365006478244e+30,8.06365006478244e+30,0
2011-08-08,8.06365006478244e+30,8.06365006478244e+30,8.06365006478244e+30,8.06365006478244e+30,0
2011-08-09,8.06365006478244e+30,8.06365006478244e+30,8.06365006478244e+30,8.06365006478244e+30,0
2011-08-10,8.06365006478244e+30,8.06365006478244e+30,8.06365006478244e+30,8.06365006478244e+30,0
2011-08-11,8.06365006478244e+30,8.06365006478244e+30,8.06365006478244e+30,8.06365006478244e+30,0
2011-08-12,8.06365006478244e+30,8.06365006478244e+30,8.06365006478244e+30,8.06365006478244e+30,0
2011-08-16,8.06365006478244e+30,8.06365006478244e+30,8.06365006478244e+30,8.06365006478244e+30,0
2011-08-17,8.06365006478244e+30,8.06365006478244e+30,8.06365006478244e+30,8.06365006478244e+30,0
2011-08-18,8.06365006478244e+30,8.06365006478244e+30,8.06365006478244e+30,8.06365006478244e+30,0
2011-08-19,8.06365006478244e+30,8.06365006478244e+30,8.06365006478244e+30,8.06365006478244e+30,0
2011-08-22,8.06365006478244e+30,8.06365006478244e+30,8.06365006478244e+30,8.06365006478244e+30,0
2011-08-23,6.395308859660769e+30,6.395308859660769e+30,6.395308859660769e+30,6.395308859660769e+30,14
2011-08-24,6.395308859660769e+30,6.395308859660769e+30,6.395308859660769e+30,6.395308859660769e+30,0
2011-08-25,6.395308859660769e+30,6.395308859660769e+30,6.395308859660769e+30,6.395308859660769e+30,0
2011-08-26,6.395308859660769e+30,6.395308859660769e+30,6.395308859660769e+30,6.395308859660769e+30,0
2011-08-29,6.395308859660769e+30,6.395308859660769e+30,6.395308859660769e+30,6.395308859660769e+30,0
2011-08-30,6.395308859660769e+30,6.395308859660769e+30,6.395308859660769e+30,6.395308859660769e+30,0
2011-08-31,6.395308859660769e+30,6.395308859660769e+30,6.395308859660769e+30,6.395308859660769e+30,0
2011-09-01,6.395308859660769e+30,6.395308859660769e+30,6.395308859660769e+30,6.395308859660769e+30,0
2011-09-02,6.395308859660769e+30,6.395308859660769e+30,6.395308859660769e+30,6.395308859660769e+30,0
2011-09-05,5.005023615365012e+30,5.0050236153650117e+30,5.0050236153650117e+30,5.0050236153650117e+30,55
2011-09-06,5.005023615365012e+30,5.0050236153650117e+30,5.0050236153650117e+30,5.0050236153650117e+30,0
2011-09-07,5.005023615365012e+30,5.0050236153650117e+30,5.0050236153650117e+30,5.0050236153650117e+30,0
2011-09-08,5.005023615365012e+30,5.0050236153650117e+30,5.0050236153650117e+30,5.0050236153650117e+30,0
2011-09-09,5.005023615365012e+30,5.0050236153650117e+30,5.0050236153650117e+30,5.0050236153650117e+30,0
2011-09-12,5.005023615365012e+30,5.0050236153650117e+30,5.0050236153650117e+30,5.0050236153650117e+30,0
2011-09-13,5.005023615365012e+30,5.0050236153650117e+30,5.0050236153650117e+30,5.0050236153650117e+30,0
2011-09-14,5.005023615365012e+30,5.0050236153650117e+30,5.0050236153650117e+30,5.0050236153650117e+30,0
2011-09-15,5.005023615365012e+30,5.0050236153650117e+30,5.0050236153650117e+30,5.0050236153650117e+30,0
2011-09-16,5.005023615365012e+30,5.0050236153650117e+30,5.0050236153650117e+30,5.0050236153650117e+30,0
2011-09-19,5.005023615365012e+30,5.0050236153650117e+30,5.0050236153650117e+30,5.0050236153650117e+30,0
2011-09-20,5.005023615365012e+30,5.0050236153650117e+30,5.0050236153650117e+30,5.0050236153650117e+30,0
2011-09-21,5.005023615365012e+30,5.0050236153650117e+30,5.0050236153650117e+30,5.0050236153650117e+30,0
2011-09-22,5.005023615365012e+30,5.0050236153650117e+30,5.0050236153650117e+30,5.0050236153650117e+30,0
2011-09-23,5.005023615365012e+30,5.0050236153650117e+30,5.0050236153650117e+30,5.0050236153650117e+30,0
2011-09-26,5.005023615365012e+30,5.0050236153650117e+30,5.0050236153650117e+30,5.0050236153650117e+30,0
2011-09-27,5.283081389579655e+30,5.283081389579655e+30,4.1708537925038415e+30,5.005024389154189e+30,124
2011-09-28,5.283081389579655e+30,5.283081389579655e+30,5.283081389579655e+30,5.283081389579655e+30,0
2011-09-29,5.283081389579655e+30,5.283081389579655e+30,5.283081389579655e+30,5.283081389579655e+30,0
2011-09-30,5.283081389579655e+30,5.283081389579655e+30,5.283081389579655e+30,5.283081389579655e+30,0
2011-10-03,5.283081389579655e+30,5.283081389579655e+30,5.283081389579655e+30,5.283081389579655e+30,505
2011-10-04,5.283081389579655e+30,5.283081389579655e+30,5.283081389579655e+30,5.283081389579655e+30,0
2011-10-05,5.283081389579655e+30,5.283081389579655e+30,5.283081389579655e+30,5.283081389579655e+30,0
2011-10-06,5.283081389579655e+30,5.283081389579655e+30,5.283081389579655e+30,5.283081389579655e+30,0
2011-10-07,5.283081389579655e+30,5.283081389579655e+30,5.283081389579655e+30,5.283081389579655e+30,0
2011-10-10,5.283081389579655e+30,5.283081389579655e+30,5.283081389579655e+30,5.283081389579655e+30,0
2011-10-11,5.283081389579655e+30,5.283081389579655e+30,5.283081389579655e+30,5.283081389579655e+30,0
2011-10-13,5.283081389579655e+30,5.283081389579655e+30,5.283081389579655e+30,5.283081389579655e+30,0
2011-10-14,5.283081389579655e+30,5.283081389579655e+30,5.283081389579655e+30,5.283081389579655e+30,0
2011-10-17,5.283081389579655e+30,5.283081389579655e+30,5.283081389579655e+30,5.283081389579655e+30,6
2011-10-18,5.283081389579655e+30,5.283081389579655e+30,5.283081389579655e+30,5.283081389579655e+30,0
2011-10-19,5.283081389579655e+30,5.283081389579655e+30,5.283081389579655e+30,5.283081389579655e+30,0
2011-10-20,5.283081389579655e+30,5.283081389579655e+30,5.283081389579655e+30,5.283081389579655e+30,0
2011-10-21,5.283081389579655e+30,5.283081389579655e+30,5.283081389579655e+30,5.283081389579655e+30,0
2011-10-24,5.283081389579655e+30,5.283081389579655e+30,5.283081389579655e+30,5.283081389579655e+30,0
2011-10-25,5.283081389579655e+30,5.283081389579655e+30,5.283081389579655e+30,5.283081389579655e+30,0
2011-10-26,5.283081389579655e+30,5.283081389579655e+30,5.283081389579655e+30,5.283081389579655e+30,0
2011-10-27,5.283081389579655e+30,5.283081389579655e+30,5.283081389579655e+30,5.283081389579655e+30,0
2011-10-28,5.283081389579655e+30,5.283081389579655e+30,5.283081389579655e+30,5.283081389579655e+30,0
2011-11-01,5.283081389579655e+30,5.283081389579655e+30,5.283081389579655e+30,5.283081389579655e+30,0
2011-11-02,5.283081389579655e+30,5.283081389579655e+30,5.283081389579655e+30,5.283081389579655e+30,0
2011-11-03,5.283081389579655e+30,5.283081389579655e+30,5.283081389579655e+30,5.283081389579655e+30,0
2011-11-04,5.283081389579655e+30,5.283081389579655e+30,5.283081389579655e+30,5.283081389579655e+30,0
2011-11-07,5.283081389579655e+30,5.283081389579655e+30,5.283081389579655e+30,5.283081389579655e+30,0
2011-11-08,5.283081389579655e+30,5.283081389579655e+30,5.283081389579655e+30,5.283081389579655e+30,0
2011-11-09,5.283081389579655e+30,5.283081389579655e+30,5.283081389579655e+30,5.283081389579655e+30,0
2011-11-10,5.283081389579655e+30,5.283081389579655e+30,5.283081389579655e+30,5.283081389579655e+30,0
2011-11-11,5.283081389579655e+30,5.283081389579655e+30,5.283081389579655e+30,5.283081389579655e+30,0
2011-11-14,5.283081389579655e+30,5.283081389579655e+30,5.283081389579655e+30,5.283081389579655e+30,0
2011-11-15,5.561138559331389e+30,5.561138559331389e+30,5.561138559331389e+30,5.561138559331389e+30,150
2011-11-16,5.561138559331389e+30,5.561138559331389e+30,5.561138559331389e+30,5.561138559331389e+30,0
2011-11-17,5.561138559331389e+30,5.561138559331389e+30,5.561138559331389e+30,5.561138559331389e+30,0
2011-11-18,5.561138559331389e+30,5.561138559331389e+30,5.561138559331389e+30,5.561138559331389e+30,0
2011-11-21,6.117252294371946e+30,6.117252294371946e+30,6.117252294371946e+30,6.117252294371946e+30,40
2011-11-22,5.561138559331389e+30,5.561138559331389e+30,5.561138559331389e+30,5.561138559331389e+30,150
2011-11-23,5.561138559331389e+30,5.561138559331389e+30,5.561138559331389e+30,5.561138559331389e+30,0
2011-11-24,5.561138559331389e+30,5.561138559331389e+30,5.561138559331389e+30,5.561138559331389e+30,0
2011-11-25,5.561138559331389e+30,5.561138559331389e+30,5.561138559331389e+30,5.561138559331389e+30,0
2011-11-28,5.561138559331389e+30,5.561138559331389e+30,5.561138559331389e+30,5.561138559331389e+30,0
2011-11-29,5.561138559331389e+30,5.561138559331389e+30,5.561138559331389e+30,5.561138559331389e+30,0
2011-11-30,6.117252294371946e+30,6.117252294371946e+30,5.005024641270326e+30,5.561138265508099e+30,57
2011-12-01,6.117252294371946e+30,6.117252294371946e+30,6.117252294371946e+30,6.117252294371946e+30,0
2011-12-02,6.117252294371946e+30,6.117252294371946e+30,6.117252294371946e+30,6.117252294371946e+30,4
2011-12-05,6.117252294371946e+30,6.117252294371946e+30,6.117252294371946e+30,6.117252294371946e+30,0
2011-12-06,6.117252294371946e+30,6.117252294371946e+30,6.117252294371946e+30,6.117252294371946e+30,5
2011-12-07,6.117252294371946e+30,6.117252294371946e+30,6.117252294371946e+30,6.117252294371946e+30,0
2011-12-08,6.117252294371946e+30,6.117252294371946e+30,6.117252294371946e+30,6.117252294371946e+30,0
2011-12-09,6.117252294371946e+30,6.117252294371946e+30,6.117252294371946e+30,6.117252294371946e+30,0
2011-12-13,6.117252294371946e+30,6.117252294371946e+30,6.117252294371946e+30,6.117252294371946e+30,228
2011-12-14,6.117252294371946e+30,6.117252294371946e+30,6.117252294371946e+30,6.117252294371946e+30,0
2011-12-15,6.117252294371946e+30,6.117252294371946e+30,6.117252294371946e+30,6.117252294371946e+30,0
2011-12-16,6.117252294371946e+30,6.117252294371946e+30,6.117252294371946e+30,6.117252294371946e+30,0
2011-12-19,6.117252294371946e+30,6.117252294371946e+30,6.117252294371946e+30,6.117252294371946e+30,0
2011-12-20,6.117252294371946e+30,6.117252294371946e+30,6.117252294371946e+30,6.117252294371946e+30,0
2011-12-21,6.395308859660769e+30,6.395308859660769e+30,6.395308859660769e+30,6.395308859660769e+30,187
2011-12-22,6.395308859660769e+30,6.395308859660769e+30,6.395308859660769e+30,6.395308859660769e+30,200
2011-12-23,6.395308859660769e+30,6.395308859660769e+30,6.395308859660769e+30,6.395308859660769e+30,0
2011-12-26,6.395308859660769e+30,6.395308859660769e+30,6.395308859660769e+30,6.395308859660769e+30,0
2011-12-27,6.395308859660769e+30,6.395308859660769e+30,6.395308859660769e+30,6.395308859660769e+30,0
2011-12-28,6.395308859660769e+30,6.395308859660769e+30,6.395308859660769e+30,6.395308859660769e+30,0
2011-12-29,6.395308859660769e+30,6.395308859660769e+30,6.395308859660769e+30,6.395308859660769e+30,0
2011-12-30,6.951422594701326e+30,6.951422594701325e+30,6.951422594701325e+30,6.951422594701325e+30,300
2012-01-02,6.951422594701326e+30,6.951422594701325e+30,6.951422594701325e+30,6.951422594701325e+30,0
2012-01-03,6.951422594701326e+30,6.951422594701325e+30,6.951422594701325e+30,6.951422594701325e+30,0
2012-01-04,6.951422594701326e+30,6.951422594701325e+30,6.951422594701325e+30,6.951422594701325e+30,0
2012-01-05,6.951422594701326e+30,6.951422594701325e+30,6.951422594701325e+30,6.951422594701325e+30,0
2012-01-10,6.951422594701326e+30,6.951422594701325e+30,6.951422594701325e+30,6.951422594701325e+30,0
2012-01-11,6.951422594701326e+30,6.951422594701325e+30,6.951422594701325e+30,6.951422594701325e+30,0
2012-01-12,6.951422594701326e+30,6.951422594701325e+30,6.951422594701325e+30,6.951422594701325e+30,0
2012-01-13,6.951422594701326e+30,6.951422594701325e+30,6.951422594701325e+30,6.951422594701325e+30,0
2012-01-16,6.951422594701326e+30,6.951422594701325e+30,6.951422594701325e+30,6.951422594701325e+30,0
2012-01-17,6.951422594701326e+30,6.951422594701325e+30,6.951422594701325e+30,6.951422594701325e+30,0
2012-01-18,6.117252294371946e+30,6.117252294371946e+30,6.117252294371946e+30,6.117252294371946e+30,72
2012-01-19,6.117252294371946e+30,6.117252294371946e+30,6.117252294371946e+30,6.117252294371946e+30,0
2012-01-20,6.117252294371946e+30,6.117252294371946e+30,6.117252294371946e+30,6.117252294371946e+30,0
2012-01-23,6.117252294371946e+30,6.117252294371946e+30,6.117252294371946e+30,6.117252294371946e+30,0
2012-01-24,6.117252294371946e+30,6.117252294371946e+30,6.117252294371946e+30,6.117252294371946e+30,0
2012-01-25,6.117252294371946e+30,6.117252294371946e+30,6.117252294371946e+30,6.117252294371946e+30,0
2012-01-26,6.117252294371946e+30,6.117252294371946e+30,6.117252294371946e+30,6.117252294371946e+30,0
2012-01-27,6.117252294371946e+30,6.117252294371946e+30,6.117252294371946e+30,6.117252294371946e+30,0
2012-01-30,6.117252294371946e+30,6.117252294371946e+30,6.117252294371946e+30,6.117252294371946e+30,0
2012-01-31,6.117252294371946e+30,6.117252294371946e+30,6.117252294371946e+30,6.117252294371946e+30,0
2012-02-01,6.117252294371946e+30,6.117252294371946e+30,6.117252294371946e+30,6.117252294371946e+30,0
2012-02-02,6.117252294371946e+30,6.117252294371946e+30,6.117252294371946e+30,6.117252294371946e+30,0
2012-02-03,6.117252294371946e+30,6.117252294371946e+30,6.117252294371946e+30,6.117252294371946e+30,0
2012-02-06,6.117252294371946e+30,6.117252294371946e+30,6.117252294371946e+30,6.117252294371946e+30,4
2012-02-07,6.117252294371946e+30,6.117252294371946e+30,6.117252294371946e+30,6.117252294371946e+30,0
2012-02-08,6.117252294371946e+30,6.117252294371946e+30,6.117252294371946e+30,6.117252294371946e+30,0
2012-02-09,6.117252294371946e+30,6.117252294371946e+30,6.117252294371946e+30,6.117252294371946e+30,0
2012-02-10,6.117252294371946e+30,6.117252294371946e+30,6.117252294371946e+30,6.117252294371946e+30,0
2012-02-13,6.117252294371946e+30,6.117252294371946e+30,6.117252294371946e+30,6.117252294371946e+30,0
2012-02-14,6.117252294371946e+30,6.117252294371946e+30,6.117252294371946e+30,6.117252294371946e+30,0
2012-02-15,6.117252294371946e+30,6.117252294371946e+30,6.117252294371946e+30,6.117252294371946e+30,1
2012-02-16,6.117252294371946e+30,6.117252294371946e+30,6.117252294371946e+30,6.117252294371946e+30,0
2012-02-17,6.117252294371946e+30,6.117252294371946e+30,6.117252294371946e+30,6.117252294371946e+30,0
2012-02-22,6.117252294371946e+30,6.117252294371946e+30,6.117252294371946e+30,6.117252294371946e+30,0
2012-02-23,6.117252294371946e+30,6.117252294371946e+30,6.117252294371946e+30,6.117252294371946e+30,0
2012-02-24,6.117252294371946e+30,6.117252294371946e+30,6.117252294371946e+30,6.117252294371946e+30,0
2012-02-27,6.117252294371946e+30,6.117252294371946e+30,6.117252294371946e+30,6.117252294371946e+30,0
2012-02-28,6.117252294371946e+30,6.117252294371946e+30,6.117252294371946e+30,6.117252294371946e+30,0
2012-02-29,6.117252294371946e+30,6.117252294371946e+30,6.117252294371946e+30,6.117252294371946e+30,0
2012-03-01,6.117252294371946e+30,6.117252294371946e+30,6.117252294371946e+30,6.117252294371946e+30,0
2012-03-02,6.117252294371946e+30,6.117252294371946e+30,6.117252294371946e+30,6.117252294371946e+30,0
2012-03-05,6.117252294371946e+30,6.117252294371946e+30,6.117252294371946e+30,6.117252294371946e+30,0
2012-03-06,6.117252294371946e+30,6.117252294371946e+30,6.117252294371946e+30,6.117252294371946e+30,0
2012-03-07,6.117252294371946e+30,6.117252294371946e+30,6.117252294371946e+30,6.117252294371946e+30,0
2012-03-08,6.117252294371946e+30,6.117252294371946e+30,6.117252294371946e+30,6.117252294371946e+30,0
2012-03-09,6.117252294371946e+30,6.117252294371946e+30,6.117252294371946e+30,6.117252294371946e+30,0
2012-03-12,6.117252294371946e+30,6.117252294371946e+30,6.117252294371946e+30,6.117252294371946e+30,0
2012-03-13,6.117252294371946e+30,6.117252294371946e+30,6.117252294371946e+30,6.117252294371946e+30,0
2012-03-14,6.117252294371946e+30,6.117252294371946e+30,6.117252294371946e+30,6.117252294371946e+30,0
2012-03-15,6.117252294371946e+30,6.117252294371946e+30,6.117252294371946e+30,6.117252294371946e+30,208
2012-03-16,6.117252294371946e+30,6.117252294371946e+30,6.117252294371946e+30,6.117252294371946e+30,0
2012-03-20,6.117252294371946e+30,6.117252294371946e+30,6.117252294371946e+30,6.117252294371946e+30,0
2012-03-21,6.117252294371946e+30,6.117252294371946e+30,6.117252294371946e+30,6.117252294371946e+30,0
2012-03-22,6.117252294371946e+30,6.117252294371946e+30,6.117252294371946e+30,6.117252294371946e+30,30994
2012-03-23,6.117252294371946e+30,6.117252294371946e+30,6.117252294371946e+30,6.117252294371946e+30,0
2012-03-26,6.117252294371946e+30,6.117252294371946e+30,6.117252294371946e+30,6.117252294371946e+30,0
2012-03-27,6.117252294371946e+30,6.117252294371946e+30,6.117252294371946e+30,6.117252294371946e+30,0
2012-03-28,6.117252294371946e+30,6.117252294371946e+30,6.117252294371946e+30,6.117252294371946e+30,0
2012-03-29,6.117252294371946e+30,6.117252294371946e+30,6.117252294371946e+30,6.117252294371946e+30,0
2012-03-30,6.117252294371946e+30,6.117252294371946e+30,6.117252294371946e+30,6.117252294371946e+30,0
2012-04-02,6.117252294371946e+30,6.117252294371946e+30,6.117252294371946e+30,6.117252294371946e+30,0
2012-04-03,6.117252294371946e+30,6.117252294371946e+30,6.117252294371946e+30,6.117252294371946e+30,0
2012-04-04,6.117252294371946e+30,6.117252294371946e+30,6.117252294371946e+30,6.117252294371946e+30,0
2012-04-09,6.117252294371946e+30,6.117252294371946e+30,6.117252294371946e+30,6.117252294371946e+30,0
2012-04-10,6.117252294371946e+30,6.117252294371946e+30,6.117252294371946e+30,6.117252294371946e+30,0
2012-04-11,6.117252294371946e+30,6.117252294371946e+30,6.117252294371946e+30,6.117252294371946e+30,0
2012-04-12,6.117252294371946e+30,6.117252294371946e+30,6.117252294371946e+30,6.117252294371946e+30,0
2012-04-13,6.117252294371946e+30,6.117252294371946e+30,6.117252294371946e+30,6.117252294371946e+30,0
2012-04-16,6.117252294371946e+30,6.117252294371946e+30,6.117252294371946e+30,6.117252294371946e+30,0
2012-04-17,6.117252294371946e+30,6.117252294371946e+30,6.117252294371946e+30,6.117252294371946e+30,0
2012-04-18,6.117252294371946e+30,6.117252294371946e+30,6.117252294371946e+30,6.117252294371946e+30,10
2012-04-20,6.117252294371946e+30,6.117252294371946e+30,6.117252294371946e+30,6.117252294371946e+30,0
2012-04-23,6.117252294371946e+30,6.117252294371946e+30,6.117252294371946e+30,6.117252294371946e+30,0
2012-04-24,6.117252294371946e+30,6.117252294371946e+30,6.117252294371946e+30,6.117252294371946e+30,0
2012-04-25,6.117252294371946e+30,6.117252294371946e+30,6.117252294371946e+30,6.117252294371946e+30,0
2012-04-26,6.117252294371946e+30,6.117252294371946e+30,6.117252294371946e+30,6.117252294371946e+30,0
2012-04-27,6.117252294371946e+30,6.117252294371946e+30,6.117252294371946e+30,6.117252294371946e+30,0
2012-04-30,6.117252294371946e+30,6.117252294371946e+30,6.117252294371946e+30,6.117252294371946e+30,0
2012-05-02,6.117252294371946e+30,6.117252294371946e+30,6.117252294371946e+30,6.117252294371946e+30,0
2012-05-03,6.117252294371946e+30,6.117252294371946e+30,6.117252294371946e+30,6.117252294371946e+30,0
2012-05-04,6.117252294371946e+30,6.117252294371946e+30,6.117252294371946e+30,6.117252294371946e+30,0
2012-05-07,6.117252294371946e+30,6.117252294371946e+30,6.117252294371946e+30,6.117252294371946e+30,0
2012-05-08,6.117252294371946e+30,6.117252294371946e+30,6.117252294371946e+30,6.117252294371946e+30,0
2012-05-09,7.22947915999015e+30,7.22947915999015e+30,7.22947915999015e+30,7.22947915999015e+30,30
2012-05-10,7.22947915999015e+30,7.22947915999015e+30,7.22947915999015e+30,7.22947915999015e+30,0
2012-05-11,7.22947915999015e+30,7.22947915999015e+30,7.22947915999015e+30,7.22947915999015e+30,0
2012-05-14,7.22947915999015e+30,7.22947915999015e+30,7.22947915999015e+30,7.22947915999015e+30,0
2012-05-15,7.22947915999015e+30,7.22947915999015e+30,7.22947915999015e+30,7.22947915999015e+30,0
2012-05-16,7.22947915999015e+30,7.22947915999015e+30,7.22947915999015e+30,7.22947915999015e+30,0
2012-05-17,7.22947915999015e+30,7.22947915999015e+30,7.22947915999015e+30,7.22947915999015e+30,0
2012-05-22,1.1122277118662778e+31,1.1122277118662778e+31,1.0010049811422595e+31,1.0010049811422595e+31,239
2012-05-23,1.1122277118662778e+31,1.1122277118662778e+31,1.1122277118662778e+31,1.1122277118662778e+31,0
2012-05-24,1.1122277118662778e+31,1.1122277118662778e+31,1.1122277118662778e+31,1.1122277118662778e+31,120
2012-05-25,1.1122277118662778e+31,1.1122277118662778e+31,1.1122277118662778e+31,1.1122277118662778e+31,16
2012-05-28,1.1122277118662778e+31,1.1122277118662778e+31,1.1122277118662778e+31,1.1122277118662778e+31,75
2012-05-29,1.1122277118662778e+31,1.1122277118662778e+31,1.1122277118662778e+31,1.1122277118662778e+31,0
2012-05-30,1.1122277118662778e+31,1.1122277118662778e+31,1.1122277118662778e+31,1.1122277118662778e+31,0
2012-05-31,1.1122277118662778e+31,1.1122277118662778e+31,1.1122277118662778e+31,1.1122277118662778e+31,0
2012-06-01,1.1122277118662778e+31,1.1122277118662778e+31,1.1122277118662778e+31,1.1122277118662778e+31,0
2012-06-04,1.1122277118662778e+31,1.1122277118662778e+31,1.1122277118662778e+31,1.1122277118662778e+31,0
2012-06-05,1.1122277118662778e+31,1.1122277118662778e+31,1.1122277118662778e+31,1.1122277118662778e+31,0
2012-06-06,1.1122277118662778e+31,1.1122277118662778e+31,1.1122277118662778e+31,1.1122277118662778e+31,0
2012-06-08,1.1122277118662778e+31,1.1122277118662778e+31,1.1122277118662778e+31,1.1122277118662778e+31,0
2012-06-12,1.1122277118662778e+31,1.1122277118662778e+31,1.1122277118662778e+31,1.1122277118662778e+31,0
2012-06-13,1.1122277118662778e+31,1.1122277118662778e+31,1.1122277118662778e+31,1.1122277118662778e+31,0
2012-06-14,1.1122277118662778e+31,1.1122277118662778e+31,1.1122277118662778e+31,1.1122277118662778e+31,0
2012-06-15,1.1122277118662778e+31,1.1122277118662778e+31,1.1122277118662778e+31,1.1122277118662778e+31,0
2012-06-18,1.1122277118662778e+31,1.1122277118662778e+31,1.1122277118662778e+31,1.1122277118662778e+31,0
2012-06-19,1.1122277118662778e+31,1.1122277118662778e+31,1.1122277118662778e+31,1.1122277118662778e+31,0
2012-06-20,1.1122277118662778e+31,1.1122277118662778e+31,1.1122277118662778e+31,1.1122277118662778e+31,0
2012-06-21,1.1122277118662778e+31,1.1122277118662778e+31,1.1122277118662778e+31,1.1122277118662778e+31,0
2012-06-22,1.1122277118662778e+31,1.1122277118662778e+31,1.1122277118662778e+31,1.1122277118662778e+31,0
2012-06-25,1.1122277118662778e+31,1.1122277118662778e+31,1.1122277118662778e+31,1.1122277118662778e+31,0
2012-06-26,-7.600712495445748e+25,-7.600712495445748e+25,-7.600712495445748e+25,-7.600712495445748e+25,0
2012-06-27,-7.600712495445748e+25,-7.600712495445748e+25,-7.600712495445748e+25,-7.600712495445748e+25,0
2012-06-28,-7.600712495445748e+25,-7.600712495445748e+25,-7.600712495445748e+25,-7.600712495445748e+25,0
2012-06-29,-6.080571656563565e+25,-6.080571656563564e+25,-6.080571656563564e+25,-6.080571656563564e+25,10
2012-07-03,-6.080571656563565e+25,-6.080571656563564e+25,-6.080571656563564e+25,-6.080571656563564e+25,0
2012-07-04,-6.080571656563565e+25,-6.080571656563564e+25,-6.080571656563564e+25,-6.080571656563564e+25,0
2012-07-06,-6.080571656563565e+25,-6.080571656563564e+25,-6.080571656563564e+25,-6.080571656563564e+25,0
2012-07-09,-6.080571656563565e+25,-6.080571656563564e+25,-6.080571656563564e+25,-6.080571656563564e+25,0
2012-07-10,-6.080571656563565e+25,-6.080571656563564e+25,-6.080571656563564e+25,-6.080571656563564e+25,0
2012-07-11,-6.080571656563565e+25,-6.080571656563564e+25,-6.080571656563564e+25,-6.080571656563564e+25,0
2012-07-12,-6.080571656563565e+25,-6.080571656563564e+25,-6.080571656563564e+25,-6.080571656563564e+25,0
2012-07-13,-6.080571656563565e+25,-6.080571656563564e+25,-6.080571656563564e+25,-6.080571656563564e+25,0
2012-07-16,-6.080571656563565e+25,-6.080571656563564e+25,-6.080571656563564e+25,-6.080571656563564e+25,0
2012-07-17,-6.080571656563565e+25,-6.080571656563564e+25,-6.080571656563564e+25,-6.080571656563564e+25,0
2012-07-18,-6.080571656563565e+25,-6.080571656563564e+25,-6.080571656563564e+25,-6.080571656563564e+25,0
2012-07-19,-6.080571656563565e+25,-6.080571656563564e+25,-6.080571656563564e+25,-6.080571656563564e+25,0
2012-07-20,-6.080571656563565e+25,-6.080571656563564e+25,-6.080571656563564e+25,-6.080571656563564e+25,0
2012-07-23,-6.080571656563565e+25,-6.080571656563564e+25,-6.080571656563564e+25,-6.080571656563564e+25,0
2012-07-25,-6.080571656563565e+25,-6.080571656563564e+25,-6.080571656563564e+25,-6.080571656563564e+25,0
2012-07-26,-6.080571656563565e+25,-6.080571656563564e+25,-6.080571656563564e+25,-6.080571656563564e+25,0
2012-07-27,-6.080571656563565e+25,-6.080571656563564e+25,-6.080571656563564e+25,-6.080571656563564e+25,0
2012-07-30,-6.080571656563565e+25,-6.080571656563564e+25,-6.080571656563564e+25,-6.080571656563564e+25,0
2012-07-31,-6.080571656563565e+25,-6.080571656563564e+25,-6.080571656563564e+25,-6.080571656563564e+25,0
2012-08-01,-6.080571656563565e+25,-6.080571656563564e+25,-6.080571656563564e+25,-6.080571656563564e+25,0
2012-08-02,-6.080571656563565e+25,-6.080571656563564e+25,-6.080571656563564e+25,-6.080571656563564e+25,0
2012-08-03,-6.080571656563565e+25,-6.080571656563564e+25,-6.080571656563564e+25,-6.080571656563564e+25,0
2012-08-06,-6.080571656563565e+25,-6.080571656563564e+25,-6.080571656563564e+25,-6.080571656563564e+25,0
2012-08-07,-6.080571656563565e+25,-6.080571656563564e+25,-6.080571656563564e+25,-6.080571656563564e+25,0
2012-08-08,-6.080571656563565e+25,-6.080571656563564e+25,-6.080571656563564e+25,-6.080571656563564e+25,0
2012-08-09,-6.080571656563565e+25,-6.080571656563564e+25,-6.080571656563564e+25,-6.080571656563564e+25,0
2012-08-10,-6.080571656563565e+25,-6.080571656563564e+25,-6.080571656563564e+25,-6.080571656563564e+25,0
2012-08-14,-6.840642076004657e+25,-6.840642076004656e+25,-4.5604278663282115e+25,-5.700535247678773e+25,140
2012-08-16,-6.840642076004657e+25,-6.840642076004656e+25,-6.840642076004656e+25,-6.840642076004656e+25,0
2012-08-17,-6.840642076004657e+25,-6.840642076004656e+25,-6.840642076004656e+25,-6.840642076004656e+25,60
2012-08-20,-6.840642076004657e+25,-6.840642076004656e+25,-6.840642076004656e+25,-6.840642076004656e+25,0
2012-08-21,-6.840642076004657e+25,-6.840642076004656e+25,-6.840642076004656e+25,-6.840642076004656e+25,0
2012-08-22,-6.840642076004657e+25,-6.840642076004656e+25,-6.840642076004656e+25,-6.840642076004656e+25,0
2012-08-23,-6.840642076004657e+25,-6.840642076004656e+25,-6.840642076004656e+25,-6.840642076004656e+25,0
2012-08-24,-6.840642076004657e+25,-6.840642076004656e+25,-6.840642076004656e+25,-6.840642076004656e+25,0
2012-08-27,-6.840642076004657e+25,-6.840642076004656e+25,-6.840642076004656e+25,-6.840642076004656e+25,0
2012-08-28,-6.840642076004657e+25,-6.840642076004656e+25,-6.840642076004656e+25,-6.840642076004656e+25,0
2012-08-29,-6.840642076004657e+25,-6.840642076004656e+25,-6.840642076004656e+25,-6.840642076004656e+25,0
2012-08-30,-6.840642076004657e+25,-6.840642076004656e+25,-6.840642076004656e+25,-6.840642076004656e+25,0
2012-08-31,-6.840642076004657e+25,-6.840642076004656e+25,-6.840642076004656e+25,-6.840642076004656e+25,0
2012-09-03,-6.840642076004657e+25,-6.840642076004656e+25,-6.840642076004656e+25,-6.840642076004656e+25,0
2012-09-04,-6.840642076004657e+25,-6.840642076004656e+25,-6.840642076004656e+25,-6.840642076004656e+25,0
2012-09-05,-6.840642076004657e+25,-6.840642076004656e+25,-6.840642076004656e+25,-6.840642076004656e+25,0
2012-09-06,-6.840642076004657e+25,-6.840642076004656e+25,-6.840642076004656e+25,-6.840642076004656e+25,0
2012-09-07,-6.840642076004657e+25,-6.840642076004656e+25,-6.840642076004656e+25,-6.840642076004656e+25,0
2012-09-10,-6.840642076004657e+25,-6.840642076004656e+25,-6.840642076004656e+25,-6.840642076004656e+25,0
2012-09-11,-6.840642076004657e+25,-6.840642076004656e+25,-6.840642076004656e+25,-6.840642076004656e+25,0
2012-09-12,-6.840642076004657e+25,-6.840642076004656e+25,-6.840642076004656e+25,-6.840642076004656e+25,0
2012-09-13,-6.840642076004657e+25,-6.840642076004656e+25,-6.840642076004656e+25,-6.840642076004656e+25,0
2012-09-14,-6.840642076004657e+25,-6.840642076004656e+25,-6.840642076004656e+25,-6.840642076004656e+25,0
2012-09-17,-6.840642076004657e+25,-6.840642076004656e+25,-6.840642076004656e+25,-6.840642076004656e+25,0
2012-09-18,-6.840642076004657e+25,-6.840642076004656e+25,-6.840642076004656e+25,-6.840642076004656e+25,0
2012-09-19,-6.840642076004657e+25,-6.840642076004656e+25,-6.840642076004656e+25,-6.840642076004656e+25,0
2012-09-20,-6.840642076004657e+25,-6.840642076004656e+25,-6.840642076004656e+25,-6.840642076004656e+25,0
2012-09-21,-6.840642076004657e+25,-6.840642076004656e+25,-6.840642076004656e+25,-6.840642076004656e+25,0
2012-09-24,-6.840642076004657e+25,-6.840642076004656e+25,-6.840642076004656e+25,-6.840642076004656e+25,0
2012-09-25,-6.840642076004657e+25,-6.840642076004656e+25,-6.840642076004656e+25,-6.840642076004656e+25,0
2012-09-26,-6.840642076004657e+25,-6.840642076004656e+25,-6.840642076004656e+25,-6.840642076004656e+25,0
2012-09-27,-6.840642076004657e+25,-6.840642076004656e+25,-6.840642076004656e+25,-6.840642076004656e+25,0
2012-09-28,-6.840642076004657e+25,-6.840642076004656e+25,-6.840642076004656e+25,-6.840642076004656e+25,0
2012-10-01,-8.170766693532372e+25,-8.170766693532372e+25,-8.170766693532372e+25,-8.170766693532372e+25,50
2012-10-02,-9.120857023676746e+25,-9.120857023676746e+25,-9.120857023676746e+25,-9.120857023676746e+25,79
2012-10-03,-9.120857023676746e+25,-9.120857023676746e+25,-9.120857023676746e+25,-9.120857023676746e+25,0
2012-10-04,-9.120857023676746e+25,-9.120857023676746e+25,-9.120857023676746e+25,-9.120857023676746e+25,0
2012-10-05,-9.120857023676746e+25,-9.120857023676746e+25,-9.120857023676746e+25,-9.120857023676746e+25,0
2012-10-08,-9.120857023676746e+25,-9.120857023676746e+25,-9.120857023676746e+25,-9.120857023676746e+25,0
2012-10-09,-9.120857023676746e+25,-9.120857023676746e+25,-9.120857023676746e+25,-9.120857023676746e+25,0
2012-10-10,-9.120857023676746e+25,-9.120857023676746e+25,-9.120857023676746e+25,-9.120857023676746e+25,0
2012-10-11,-9.120857023676746e+25,-9.120857023676746e+25,-9.120857023676746e+25,-9.120857023676746e+25,0
2012-10-15,-9.120857023676746e+25,-9.120857023676746e+25,-9.120857023676746e+25,-9.120857023676746e+25,0
2012-10-16,-9.120857023676746e+25,-9.120857023676746e+25,-9.120857023676746e+25,-9.120857023676746e+25,0
2012-10-17,-9.120857023676746e+25,-9.120857023676746e+25,-9.120857023676746e+25,-9.120857023676746e+25,0
2012-10-18,-9.120857023676746e+25,-9.120857023676746e+25,-9.120857023676746e+25,-9.120857023676746e+25,0
2012-10-19,-9.120857023676746e+25,-9.120857023676746e+25,-9.120857023676746e+25,-9.120857023676746e+25,0
2012-10-22,-9.120857023676746e+25,-9.120857023676746e+25,-9.120857023676746e+25,-9.120857023676746e+25,0
2012-10-23,-9.120857023676746e+25,-9.120857023676746e+25,-9.120857023676746e+25,-9.120857023676746e+25,0
2012-10-24,-6.650624932312986e+25,-7.220678987761747e+25,-6.650624932312986e+25,-7.220678987761747e+25,17
2012-10-25,-6.650624932312986e+25,-6.650624932312986e+25,-6.650624932312986e+25,-6.650624932312986e+25,0
2012-10-26,-5.890552668197487e+25,-5.890552668197487e+25,-5.890552668197487e+25,-5.890552668197487e+25,10
2012-10-29,-5.890552668197487e+25,-5.890552668197487e+25,-5.890552668197487e+25,-5.890552668197487e+25,0
2012-10-30,-6.080571656563565e+25,-7.03066104702972e+25,-6.080571656563564e+25,-6.080571656563564e+25,275
2012-10-31,-6.080571656563565e+25,-6.080571656563564e+25,-6.080571656563564e+25,-6.080571656563564e+25,0
2012-11-02,-6.080571656563565e+25,-6.080571656563564e+25,-6.080571656563564e+25,-6.080571656563564e+25,0
2012-11-06,-6.080571656563565e+25,-6.080571656563564e+25,-6.080571656563564e+25,-6.080571656563564e+25,0
2012-11-07,-6.080571656563565e+25,-6.080571656563564e+25,-6.080571656563564e+25,-6.080571656563564e+25,0
2012-11-08,-6.080571656563565e+25,-6.080571656563564e+25,-6.080571656563564e+25,-6.080571656563564e+25,0
2012-11-09,-6.080571656563565e+25,-6.080571656563564e+25,-6.080571656563564e+25,-6.080571656563564e+25,0
2012-11-12,-6.080571656563565e+25,-6.080571656563564e+25,-6.080571656563564e+25,-6.080571656563564e+25,0
2012-11-13,-6.080571656563565e+25,-6.080571656563564e+25,-6.080571656563564e+25,-6.080571656563564e+25,0
2012-11-14,-6.080571656563565e+25,-6.080571656563564e+25,-6.080571656563564e+25,-6.080571656563564e+25,0
2012-11-15,-7.220678208062406e+25,-7.220678208062406e+25,-7.220678208062406e+25,-7.220678208062406e+25,265
2012-11-16,-7.220678208062406e+25,-7.220678208062406e+25,-7.220678208062406e+25,-7.220678208062406e+25,4
2012-11-19,-7.220678208062406e+25,-7.220678208062406e+25,-7.220678208062406e+25,-7.220678208062406e+25,0
2012-11-20,-7.220678208062406e+25,-7.220678208062406e+25,-7.220678208062406e+25,-7.220678208062406e+25,0
2012-11-21,-7.220678208062406e+25,-7.220678208062406e+25,-7.220678208062406e+25,-7.220678208062406e+25,0
2012-11-22,-7.220678208062406e+25,-7.220678208062406e+25,-7.220678208062406e+25,-7.220678208062406e+25,0
2012-11-23,-7.220678208062406e+25,-7.220678208062406e+25,-7.220678208062406e+25,-7.220678208062406e+25,0
2012-11-26,-7.220678208062406e+25,-7.220678208062406e+25,-7.220678208062406e+25,-7.220678208062406e+25,0
2012-11-27,-7.220678208062406e+25,-7.220678208062406e+25,-7.220678208062406e+25,-7.220678208062406e+25,0
2012-11-28,-7.220678208062406e+25,-7.220678208062406e+25,-7.220678208062406e+25,-7.220678208062406e+25,0
2012-11-29,-7.220678208062406e+25,-7.220678208062406e+25,-7.220678208062406e+25,-7.220678208062406e+25,0
2012-11-30,-7.220678208062406e+25,-7.220678208062406e+25,-7.220678208062406e+25,-7.220678208062406e+25,0
2012-12-03,-7.220678208062406e+25,-7.220678208062406e+25,-7.220678208062406e+25,-7.220678208062406e+25,0
2012-12-04,-7.220678208062406e+25,-7.220678208062406e+25,-7.220678208062406e+25,-7.220678208062406e+25,0
2012-12-05,-7.220678208062406e+25,-7.220678208062406e+25,-7.220678208062406e+25,-7.220678208062406e+25,0
2012-12-06,-7.220678208062406e+25,-7.220678208062406e+25,-7.220678208062406e+25,-7.220678208062406e+25,0
2012-12-07,-7.220678208062406e+25,-7.220678208062406e+25,-7.220678208062406e+25,-7.220678208062406e+25,0
2012-12-10,-7.220678208062406e+25,-7.220678208062406e+25,-7.220678208062406e+25,-7.220678208062406e+25,0
2012-12-11,-7.220678208062406e+25,-7.220678208062406e+25,-7.220678208062406e+25,-7.220678208062406e+25,0
2012-12-12,-7.220678208062406e+25,-7.220678208062406e+25,-7.220678208062406e+25,-7.220678208062406e+25,0
2012-12-13,-7.220678208062406e+25,-7.220678208062406e+25,-7.220678208062406e+25,-7.220678208062406e+25,0
2012-12-14,-7.220678208062406e+25,-7.220678208062406e+25,-7.220678208062406e+25,-7.220678208062406e+25,0
2012-12-17,-7.220678208062406e+25,-7.220678208062406e+25,-7.220678208062406e+25,-7.220678208062406e+25,0
2012-12-18,-7.220678208062406e+25,-7.220678208062406e+25,-7.220678208062406e+25,-7.220678208062406e+25,0
2012-12-19,-7.220678208062406e+25,-7.220678208062406e+25,-7.220678208062406e+25,-7.220678208062406e+25,0
2012-12-20,-7.220678208062406e+25,-7.220678208062406e+25,-7.220678208062406e+25,-7.220678208062406e+25,0
2012-12-21,-7.220678208062406e+25,-7.220678208062406e+25,-7.220678208062406e+25,-7.220678208062406e+25,0
2012-12-26,-7.220678208062406e+25,-7.220678208062406e+25,-7.220678208062406e+25,-7.220678208062406e+25,0
2012-12-27,-7.220678208062406e+25,-7.220678208062406e+25,-7.220678208062406e+25,-7.220678208062406e+25,0
2012-12-28,-7.220678208062406e+25,-7.220678208062406e+25,-7.220678208062406e+25,-7.220678208062406e+25,0
2013-01-02,-7.220678208062406e+25,-7.220678208062406e+25,-7.220678208062406e+25,-7.220678208062406e+25,0
2013-01-03,-7.220678208062406e+25,-7.220678208062406e+25,-7.220678208062406e+25,-7.220678208062406e+25,0
2013-01-04,-7.220678208062406e+25,-7.220678208062406e+25,-7.220678208062406e+25,-7.220678208062406e+25,0
2013-01-07,-5.890552668197487e+25,-5.890552668197487e+25,-5.890552668197487e+25,-5.890552668197487e+25,10
2013-01-08,-5.890552668197487e+25,-5.890552668197487e+25,-5.890552668197487e+25,-5.890552668197487e+25,0
2013-01-09,-5.890552668197487e+25,-5.890552668197487e+25,-5.890552668197487e+25,-5.890552668197487e+25,0
2013-01-10,-7.220678208062406e+25,-7.220678208062406e+25,-7.220678208062406e+25,-7.220678208062406e+25,55
2013-01-11,-7.220678208062406e+25,-7.220678208062406e+25,-7.220678208062406e+25,-7.220678208062406e+25,0
2013-01-14,-7.220678208062406e+25,-7.220678208062406e+25,-7.220678208062406e+25,-7.220678208062406e+25,0
2013-01-15,-7.220678208062406e+25,-7.220678208062406e+25,-7.220678208062406e+25,-7.220678208062406e+25,0
2013-01-16,-7.220678208062406e+25,-7.220678208062406e+25,-7.220678208062406e+25,-7.220678208062406e+25,0
2013-01-17,-5.700535985674418e+25,-5.7005359856744185e+25,-5.7005359856744185e+25,-5.7005359856744185e+25,5
2013-01-18,-5.700535985674418e+25,-5.7005359856744185e+25,-5.7005359856744185e+25,-5.7005359856744185e+25,0
2013-01-21,-5.700535985674418e+25,-5.7005359856744185e+25,-5.7005359856744185e+25,-5.7005359856744185e+25,0
2013-01-22,-5.700535985674418e+25,-5.7005359856744185e+25,-5.7005359856744185e+25,-5.7005359856744185e+25,0
2013-01-23,-5.700535985674418e+25,-5.7005359856744185e+25,-5.7005359856744185e+25,-5.7005359856744185e+25,0
2013-01-24,-6.080571656563565e+25,-7.600714570704456e+25,-6.080571656563564e+25,-7.220679256937821e+25,32
2013-01-25,-6.080571656563565e+25,-6.080571656563564e+25,-6.080571656563564e+25,-6.080571656563564e+25,0
2013-01-28,-6.080571656563565e+25,-6.080571656563564e+25,-6.080571656563564e+25,-6.080571656563564e+25,0
2013-01-29,-6.080571656563565e+25,-6.080571656563564e+25,-6.080571656563564e+25,-6.080571656563564e+25,0
2013-01-30,-6.080571656563565e+25,-6.080571656563564e+25,-6.080571656563564e+25,-6.080571656563564e+25,0
2013-01-31,-6.080571656563565e+25,-6.080571656563564e+25,-6.080571656563564e+25,-6.080571656563564e+25,0
2013-02-01,-6.080571656563565e+25,-6.080571656563564e+25,-6.080571656563564e+25,-6.080571656563564e+25,0
2013-02-04,-6.080571656563565e+25,-6.080571656563564e+25,-6.080571656563564e+25,-6.080571656563564e+25,0
2013-02-05,-6.080571656563565e+25,-6.080571656563564e+25,-6.080571656563564e+25,-6.080571656563564e+25,0
2013-02-06,-6.080571656563565e+25,-6.080571656563564e+25,-6.080571656563564e+25,-6.080571656563564e+25,0
2013-02-07,-6.080571656563565e+25,-6.080571656563564e+25,-6.080571656563564e+25,-6.080571656563564e+25,0
2013-02-08,-6.080571656563565e+25,-6.080571656563564e+25,-6.080571656563564e+25,-6.080571656563564e+25,0
2013-02-13,-7.220678208062406e+25,-7.220678208062406e+25,-7.220678208062406e+25,-7.220678208062406e+25,95
2013-02-14,-7.600712495445748e+25,-7.600712495445748e+25,-7.220677285441936e+25,-7.220677285441936e+25,171
2013-02-15,-7.600712495445748e+25,-7.600712495445748e+25,-7.600712495445748e+25,-7.600712495445748e+25,0
2013-02-18,-7.600712495445748e+25,-7.600712495445748e+25,-7.600712495445748e+25,-7.600712495445748e+25,0
2013-02-19,-7.600712495445748e+25,-7.600712495445748e+25,-7.600712495445748e+25,-7.600712495445748e+25,0
2013-02-20,-7.600712495445748e+25,-7.600712495445748e+25,-7.600712495445748e+25,-7.600712495445748e+25,0
2013-02-21,-7.600712495445748e+25,-7.600712495445748e+25,-7.600712495445748e+25,-7.600712495445748e+25,0
2013-02-22,-7.600712495445748e+25,-7.600712495445748e+25,-7.600712495445748e+25,-7.600712495445748e+25,0
2013-02-25,-7.600712495445748e+25,-7.600712495445748e+25,-7.600712495445748e+25,-7.600712495445748e+25,0
2013-02-26,-7.600712495445748e+25,-7.600712495445748e+25,-7.600712495445748e+25,-7.600712495445748e+25,0
2013-02-27,-7.600712495445748e+25,-7.600712495445748e+25,-7.600712495445748e+25,-7.600712495445748e+25,0
2013-02-28,-7.600712495445748e+25,-7.600712495445748e+25,-7.600712495445748e+25,-7.600712495445748e+25,0
2013-03-01,-7.600712495445748e+25,-7.600712495445748e+25,-7.600712495445748e+25,-7.600712495445748e+25,0
2013-03-04,-7.600712495445748e+25,-7.600712495445748e+25,-7.600712495445748e+25,-7.600712495445748e+25,0
2013-03-05,-7.600712495445748e+25,-7.600712495445748e+25,-7.600712495445748e+25,-7.600712495445748e+25,0
2013-03-06,-7.600712495445748e+25,-7.600712495445748e+25,-7.600712495445748e+25,-7.600712495445748e+25,0
2013-03-07,-7.600712495445748e+25,-7.600712495445748e+25,-7.600712495445748e+25,-7.600712495445748e+25,0
2013-03-11,-7.600712495445748e+25,-7.600712495445748e+25,-7.600712495445748e+25,-7.600712495445748e+25,0
2013-03-12,-7.600712495445748e+25,-7.600712495445748e+25,-7.220677285441936e+25,-7.220677285441936e+25,171
2013-03-13,-8.550803747927326e+25,-8.550803747927326e+25,-8.550803747927326e+25,-8.550803747927326e+25,15
2013-03-14,-9.5008940780717e+25,-9.5008940780717e+25,-9.5008940780717e+25,-9.5008940780717e+25,158
2013-03-18,-9.5008940780717e+25,-9.5008940780717e+25,-9.5008940780717e+25,-9.5008940780717e+25,0
2013-03-20,-9.5008940780717e+25,-9.5008940780717e+25,-9.5008940780717e+25,-9.5008940780717e+25,0
2013-03-21,-9.5008940780717e+25,-9.5008940780717e+25,-9.5008940780717e+25,-9.5008940780717e+25,158
2013-03-22,-9.5008940780717e+25,-9.5008940780717e+25,-9.5008940780717e+25,-9.5008940780717e+25,158
2013-03-25,-9.5008940780717e+25,-9.5008940780717e+25,-9.5008940780717e+25,-9.5008940780717e+25,0
2013-03-26,-9.5008940780717e+25,-9.5008940780717e+25,-9.5008940780717e+25,-9.5008940780717e+25,158
2013-03-27,-9.5008940780717e+25,-9.5008940780717e+25,-9.5008940780717e+25,-9.5008940780717e+25,158
2013-04-01,-9.5008940780717e+25,-9.5008940780717e+25,-9.5008940780717e+25,-9.5008940780717e+25,0
2013-04-02,-9.5008940780717e+25,-9.5008940780717e+25,-9.5008940780717e+25,-9.5008940780717e+25,158
2013-04-03,-9.5008940780717e+25,-9.5008940780717e+25,-9.5008940780717e+25,-9.5008940780717e+25,158
2013-04-04,-9.5008940780717e+25,-9.5008940780717e+25,-9.5008940780717e+25,-9.5008940780717e+25,0
2013-04-05,-9.5008940780717e+25,-9.5008940780717e+25,-9.5008940780717e+25,-9.5008940780717e+25,158
2013-04-08,-9.5008940780717e+25,-9.5008940780717e+25,-9.5008940780717e+25,-9.5008940780717e+25,0
2013-04-09,-9.5008940780717e+25,-9.5008940780717e+25,-9.5008940780717e+25,-9.5008940780717e+25,158
2013-04-10,-9.5008940780717e+25,-9.5008940780717e+25,-9.5008940780717e+25,-9.5008940780717e+25,158
2013-04-11,-9.5008940780717e+25,-9.5008940780717e+25,-9.5008940780717e+25,-9.5008940780717e+25,158
2013-04-12,-9.5008940780717e+25,-9.5008940780717e+25,-9.5008940780717e+25,-9.5008940780717e+25,158
2013-04-15,-9.5008940780717e+25,-9.5008940780717e+25,-9.5008940780717e+25,-9.5008940780717e+25,0
2013-04-16,-9.5008940780717e+25,-9.5008940780717e+25,-9.5008940780717e+25,-9.5008940780717e+25,158
2013-04-17,-9.5008940780717e+25,-9.5008940780717e+25,-9.5008940780717e+25,-9.5008940780717e+25,158
2013-04-18,-9.5008940780717e+25,-9.5008940780717e+25,-9.5008940780717e+25,-9.5008940780717e+25,158
2013-04-22,-9.5008940780717e+25,-9.5008940780717e+25,-9.5008940780717e+25,-9.5008940780717e+25,0
2013-04-23,-9.5008940780717e+25,-9.5008940780717e+25,-9.5008940780717e+25,-9.5008940780717e+25,158
2013-04-24,-9.5008940780717e+25,-9.5008940780717e+25,-9.5008940780717e+25,-9.5008940780717e+25,158
2013-04-25,-9.5008940780717e+25,-9.5008940780717e+25,-9.5008940780717e+25,-9.5008940780717e+25,158
2013-04-26,-9.5008940780717e+25,-9.5008940780717e+25,-9.5008940780717e+25,-9.5008940780717e+25,158
2013-04-29,-9.5008940780717e+25,-9.5008940780717e+25,-9.5008940780717e+25,-9.5008940780717e+25,0
2013-04-30,-9.5008940780717e+25,-9.5008940780717e+25,-9.5008940780717e+25,-9.5008940780717e+25,158
2013-05-02,-9.5008940780717e+25,-9.5008940780717e+25,-9.5008940780717e+25,-9.5008940780717e+25,0
2013-05-03,-9.5008940780717e+25,-9.5008940780717e+25,-9.5008940780717e+25,-9.5008940780717e+25,158
2013-05-06,-9.5008940780717e+25,-9.5008940780717e+25,-9.5008940780717e+25,-9.5008940780717e+25,0
2013-05-07,-9.5008940780717e+25,-9.5008940780717e+25,-9.5008940780717e+25,-9.5008940780717e+25,158
2013-05-08,-9.5008940780717e+25,-9.5008940780717e+25,-9.5008940780717e+25,-9.5008940780717e+25,158
2013-05-09,-9.5008940780717e+25,-9.5008940780717e+25,-9.5008940780717e+25,-9.5008940780717e+25,158
2013-05-10,-9.5008940780717e+25,-9.5008940780717e+25,-9.5008940780717e+25,-9.5008940780717e+25,158
2013-05-14,-9.5008940780717e+25,-9.5008940780717e+25,-9.5008940780717e+25,-9.5008940780717e+25,0
2013-05-15,-1.1401071971348835e+26,-1.1401071971348837e+26,-1.1401071971348837e+26,-1.1401071971348837e+26,15
2013-05-16,-1.1401071971348835e+26,-1.1401071971348837e+26,-1.1401071971348837e+26,-1.1401071971348837e+26,15
2013-05-17,-1.1401071971348835e+26,-1.1401071971348837e+26,-1.1401071971348837e+26,-1.1401071971348837e+26,15
2013-05-20,-1.1401071971348835e+26,-1.1401071971348837e+26,-1.1401071971348837e+26,-1.1401071971348837e+26,0
2013-05-21,-1.3681284152009314e+26,-1.3681284152009312e+26,-1.3681284152009312e+26,-1.3681284152009312e+26,5
2013-05-22,-1.3681284152009314e+26,-1.3681284152009312e+26,-1.3681284152009312e+26,-1.3681284152009312e+26,5
2013-05-23,-1.3681284152009314e+26,-1.3681284152009312e+26,-1.3681284152009312e+26,-1.3681284152009312e+26,5
2013-05-24,-1.3681284152009314e+26,-1.3681284152009312e+26,-1.3681284152009312e+26,-1.3681284152009312e+26,5
2013-05-27,-1.3681284152009314e+26,-1.3681284152009312e+26,-1.3681284152009312e+26,-1.3681284152009312e+26,0
2013-05-28,-1.3681284152009314e+26,-1.3681284152009312e+26,-1.3681284152009312e+26,-1.3681284152009312e+26,5
2013-05-29,-1.3681284152009314e+26,-1.3681284152009312e+26,-1.3681284152009312e+26,-1.3681284152009312e+26,5
2013-05-30,-1.3681284152009314e+26,-1.3681284152009312e+26,-1.3681284152009312e+26,-1.3681284152009312e+26,5
2013-05-31,-1.3681284152009314e+26,-1.3681284152009312e+26,-1.3681284152009312e+26,-1.3681284152009312e+26,5
2013-06-04,-1.3681284152009314e+26,-1.3681284152009312e+26,-1.3681284152009312e+26,-1.3681284152009312e+26,0
2013-06-05,-1.3681284152009314e+26,-1.3681284152009312e+26,-1.3681284152009312e+26,-1.3681284152009312e+26,5
2013-06-06,-1.3681284152009314e+26,-1.3681284152009312e+26,-1.3681284152009312e+26,-1.3681284152009312e+26,5
2013-06-07,-1.3681284152009314e+26,-1.3681284152009312e+26,-1.3681284152009312e+26,-1.3681284152009312e+26,5
2013-06-10,-1.3681284152009314e+26,-1.3681284152009312e+26,-1.3681284152009312e+26,-1.3681284152009312e+26,0
2013-06-11,-1.3681284152009314e+26,-1.3681284152009312e+26,-1.3681284152009312e+26,-1.3681284152009312e+26,200
2013-06-12,-1.3681284152009314e+26,-1.3681284152009312e+26,-1.3681284152009312e+26,-1.3681284152009312e+26,200
2013-06-13,-1.3681284152009314e+26,-1.3681284152009312e+26,-1.3681284152009312e+26,-1.3681284152009312e+26,200
2013-06-14,-1.3681284152009314e+26,-1.3681284152009312e+26,-1.3681284152009312e+26,-1.3681284152009312e+26,200
2013-06-17,-1.3681284152009314e+26,-1.3681284152009312e+26,-1.3681284152009312e+26,-1.3681284152009312e+26,0
2013-06-18,-1.3681284152009314e+26,-1.3681284152009312e+26,-1.3681284152009312e+26,-1.3681284152009312e+26,200
2013-06-19,-1.3681284152009314e+26,-1.3681284152009312e+26,-1.3681284152009312e+26,-1.3681284152009312e+26,200
2013-06-20,-1.3681284152009314e+26,-1.3681284152009312e+26,-1.3681284152009312e+26,-1.3681284152009312e+26,135
2013-06-21,-1.3681284152009314e+26,-1.3681284152009312e+26,-1.3681284152009312e+26,-1.3681284152009312e+26,135
2013-06-25,-1.3681284152009314e+26,-1.3681284152009312e+26,-1.3681284152009312e+26,-1.3681284152009312e+26,0
2013-06-26,-1.3681284152009314e+26,-1.3681284152009312e+26,-1.3681284152009312e+26,-1.3681284152009312e+26,135
2013-06-27,-1.3681284152009314e+26,-1.3681284152009312e+26,-1.3681284152009312e+26,-1.3681284152009312e+26,135
2013-06-28,-1.3681284152009314e+26,-1.3681284152009312e+26,-1.3681284152009312e+26,-1.3681284152009312e+26,135
2013-07-01,-1.3681284152009314e+26,-1.3681284152009312e+26,-1.3681284152009312e+26,-1.3681284152009312e+26,0
2013-07-02,-1.3681284152009314e+26,-1.3681284152009312e+26,-1.3681284152009312e+26,-1.3681284152009312e+26,135
2013-07-03,-1.3681284152009314e+26,-1.3681284152009312e+26,-1.3681284152009312e+26,-1.3681284152009312e+26,135
2013-07-04,-1.3681284152009314e+26,-1.3681284152009312e+26,-1.3681284152009312e+26,-1.3681284152009312e+26,135
2013-07-08,-1.3681284152009314e+26,-1.3681284152009312e+26,-1.3681284152009312e+26,-1.3681284152009312e+26,0
2013-07-09,-1.3681284152009314e+26,-1.3681284152009312e+26,-1.3681284152009312e+26,-1.3681284152009312e+26,135
2013-07-10,1.2895035778809956e+21,1.2895035778809956e+21,1.2895035778809956e+21,1.2895035778809956e+21,135
2013-07-11,1.2895035778809956e+21,1.2895035778809956e+21,1.2895035778809956e+21,1.2895035778809956e+21,135
2013-07-12,1.2895035778809956e+21,1.2895035778809956e+21,1.2895035778809956e+21,1.2895035778809956e+21,135
2013-07-15,1.2895035778809956e+21,1.2895035778809956e+21,1.2895035778809956e+21,1.2895035778809956e+21,0
2013-07-16,1.2895035778809956e+21,1.2895035778809956e+21,1.2895035778809956e+21,1.2895035778809956e+21,135
2013-07-17,1.2895035778809956e+21,1.2895035778809956e+21,1.2895035778809956e+21,1.2895035778809956e+21,135
2013-07-18,1.2895035778809956e+21,1.2895035778809956e+21,1.2895035778809956e+21,1.2895035778809956e+21,135
2013-07-19,1.2895035778809956e+21,1.2895035778809956e+21,1.2895035778809956e+21,1.2895035778809956e+21,135
2013-07-22,1.2895035778809956e+21,1.2895035778809956e+21,1.2895035778809956e+21,1.2895035778809956e+21,0
2013-07-23,1.2895035778809956e+21,1.2895035778809956e+21,1.2895035778809956e+21,1.2895035778809956e+21,135
2013-07-25,1.2895035778809956e+21,1.2895035778809956e+21,1.2895035778809956e+21,1.2895035778809956e+21,0
2013-07-26,1.2895035778809956e+21,1.2895035778809956e+21,1.2895035778809956e+21,1.2895035778809956e+21,135
2013-07-29,1.2895035778809956e+21,1.2895035778809956e+21,1.2895035778809956e+21,1.2895035778809956e+21,0
2013-07-30,1.2895035778809956e+21,1.2895035778809956e+21,1.2895035778809956e+21,1.2895035778809956e+21,135
2013-07-31,1.2895035778809956e+21,1.2895035778809956e+21,1.2895035778809956e+21,1.2895035778809956e+21,135
2013-08-01,1.2895035778809956e+21,1.2895035778809956e+21,1.2895035778809956e+21,1.2895035778809956e+21,135
2013-08-02,1.2895035778809956e+21,1.2895035778809956e+21,1.2895035778809956e+21,1.2895035778809956e+21,135
2013-08-05,1.2895035778809956e+21,1.2895035778809956e+21,1.2895035778809956e+21,1.2895035778809956e+21,0
2013-08-06,1.2895035778809956e+21,1.2895035778809956e+21,1.2895035778809956e+21,1.2895035778809956e+21,135
2013-08-07,1.2895035778809956e+21,1.2895035778809956e+21,1.2895035778809956e+21,1.2895035778809956e+21,135
2013-08-08,1.2895035778809956e+21,1.2895035778809956e+21,1.2895035778809956e+21,1.2895035778809956e+21,135
2013-08-09,1.2895035778809956e+21,1.2895035778809956e+21,1.2895035778809956e+21,1.2895035778809956e+21,135
2013-08-12,1.2895035778809956e+21,1.2895035778809956e+21,1.2895035778809956e+21,1.2895035778809956e+21,0
2013-08-13,1.2895035778809956e+21,1.2895035778809956e+21,1.2895035778809956e+21,1.2895035778809956e+21,135
2013-08-14,1.2895035778809956e+21,1.2895035778809956e+21,1.2895035778809956e+21,1.2895035778809956e+21,135
2013-08-15,1.2895035778809956e+21,1.2895035778809956e+21,1.2895035778809956e+21,1.2895035778809956e+21,135
2013-08-16,1.2895035778809956e+21,1.2895035778809956e+21,1.2895035778809956e+21,1.2895035778809956e+21,135
2013-08-20,1.2895035778809956e+21,1.2895035778809956e+21,1.2895035778809956e+21,1.2895035778809956e+21,0
2013-08-21,1.2895035778809956e+21,1.2895035778809956e+21,1.2895035778809956e+21,1.2895035778809956e+21,135
2013-08-22,1.1462255667546214e+21,1.1462255667546215e+21,1.1462255667546215e+21,1.1462255667546215e+21,301
2013-08-23,1.1462255667546214e+21,1.1462255667546215e+21,1.1462255667546215e+21,1.1462255667546215e+21,301
2013-08-26,1.1462255667546214e+21,1.1462255667546215e+21,1.1462255667546215e+21,1.1462255667546215e+21,0
2013-08-27,1.1462255667546214e+21,1.1462255667546215e+21,1.1462255667546215e+21,1.1462255667546215e+21,301
2013-08-28,1.1462255667546214e+21,1.1462255667546215e+21,1.1462255667546215e+21,1.1462255667546215e+21,301
2013-08-29,1.1462255667546214e+21,1.1462255667546215e+21,1.1462255667546215e+21,1.1462255667546215e+21,301
2013-08-30,1.1462255667546214e+21,1.1462255667546215e+21,1.1462255667546215e+21,1.1462255667546215e+21,301
2013-09-02,1.1462255667546214e+21,1.1462255667546215e+21,1.1462255667546215e+21,1.1462255667546215e+21,0
2013-09-03,1.1462255667546214e+21,1.1462255667546215e+21,1.1462255667546215e+21,1.1462255667546215e+21,301
2013-09-04,1.1462255667546214e+21,1.1462255667546215e+21,1.1462255667546215e+21,1.1462255667546215e+21,301
2013-09-05,1.1462255667546214e+21,1.1462255667546215e+21,1.1462255667546215e+21,1.1462255667546215e+21,301
2013-09-06,1.1462255667546214e+21,1.1462255667546215e+21,1.1462255667546215e+21,1.1462255667546215e+21,301
2013-09-09,1.1462255667546214e+21,1.1462255667546215e+21,1.1462255667546215e+21,1.1462255667546215e+21,0
2013-09-10,1.1462255667546214e+21,1.1462255667546215e+21,1.1462255667546215e+21,1.1462255667546215e+21,301
2013-09-11,1.1462255667546214e+21,1.1462255667546215e+21,1.1462255667546215e+21,1.1462255667546215e+21,301
2013-09-12,1.1462255667546214e+21,1.1462255667546215e+21,1.1462255667546215e+21,1.1462255667546215e+21,301
2013-09-13,1.1462255667546214e+21,1.1462255667546215e+21,1.1462255667546215e+21,1.1462255667546215e+21,301
2013-09-16,1.1462255667546214e+21,1.1462255667546215e+21,1.1462255667546215e+21,1.1462255667546215e+21,0
2013-09-17,1.1462255667546214e+21,1.1462255667546215e+21,1.1462255667546215e+21,1.1462255667546215e+21,301
2013-09-18,1.1462255667546214e+21,1.1462255667546215e+21,1.1462255667546215e+21,1.1462255667546215e+21,301
2013-09-19,1.1462255667546214e+21,1.1462255667546215e+21,1.1462255667546215e+21,1.1462255667546215e+21,0
2013-09-20,1.1462255667546214e+21,1.1462255667546215e+21,1.1462255667546215e+21,1.1462255667546215e+21,25
2013-09-23,1.1462255667546214e+21,1.1462255667546215e+21,1.1462255667546215e+21,1.1462255667546215e+21,0
2013-09-24,1.379052589921677e+21,1.379052589921677e+21,1.379052589921677e+21,1.379052589921677e+21,208
2013-09-25,1.6476992038312566e+21,1.6476992038312566e+21,1.6476992038312566e+21,1.6476992038312566e+21,240
2013-09-26,1.6476992038312566e+21,1.6476992038312566e+21,1.6476992038312566e+21,1.6476992038312566e+21,240
2013-09-27,1.6476992038312566e+21,1.6476992038312566e+21,1.6476992038312566e+21,1.6476992038312566e+21,240
2013-09-30,1.6476992038312566e+21,1.6476992038312566e+21,1.6476992038312566e+21,1.6476992038312566e+21,0
2013-10-01,1.6476992038312566e+21,1.6476992038312566e+21,1.6476992038312566e+21,1.6476992038312566e+21,240
2013-10-02,1.6476992038312566e+21,1.6476992038312566e+21,1.6476992038312566e+21,1.6476992038312566e+21,30
2013-10-03,1.6476992038312566e+21,1.6476992038312566e+21,1.6476992038312566e+21,1.6476992038312566e+21,30
2013-10-04,1.6476992038312566e+21,1.6476992038312566e+21,1.6476992038312566e+21,1.6476992038312566e+21,30
2013-10-07,1.6476992038312566e+21,1.6476992038312566e+21,1.6476992038312566e+21,1.6476992038312566e+21,0
2013-10-08,1.6476992038312566e+21,1.6476992038312566e+21,1.6476992038312566e+21,1.6476992038312566e+21,30
2013-10-09,1.6476992038312566e+21,1.6476992038312566e+21,1.6476992038312566e+21,1.6476992038312566e+21,30
2013-10-10,1.6476992038312566e+21,1.6476992038312566e+21,1.6476992038312566e+21,1.6476992038312566e+21,30
2013-10-11,1.6476992038312566e+21,1.6476992038312566e+21,1.6476992038312566e+21,1.6476992038312566e+21,30
2013-10-14,1.6476992038312566e+21,1.6476992038312566e+21,1.6476992038312566e+21,1.6476992038312566e+21,0
2013-10-15,1.6476992038312566e+21,1.6476992038312566e+21,1.6476992038312566e+21,1.6476992038312566e+21,30
2013-10-16,1.6476992038312566e+21,1.6476992038312566e+21,1.6476992038312566e+21,1.6476992038312566e+21,30
2013-10-17,1.6476992038312566e+21,1.6476992038312566e+21,1.6476992038312566e+21,1.6476992038312566e+21,30
2013-10-18,1.6476992038312566e+21,1.6476992038312566e+21,1.6476992038312566e+21,1.6476992038312566e+21,30
2013-10-21,1.6476992038312566e+21,1.6476992038312566e+21,1.6476992038312566e+21,1.6476992038312566e+21,0
2013-10-22,1.6476992038312566e+21,1.6476992038312566e+21,1.6476992038312566e+21,1.6476992038312566e+21,30
2013-10-23,1.6476992038312566e+21,1.6476992038312566e+21,1.6476992038312566e+21,1.6476992038312566e+21,30
2013-10-24,1.6476992038312566e+21,1.6476992038312566e+21,1.6476992038312566e+21,1.6476992038312566e+21,30
2013-10-25,1.6476992038312566e+21,1.6476992038312566e+21,1.6476992038312566e+21,1.6476992038312566e+21,30
2013-10-28,1.6476992038312566e+21,1.6476992038312566e+21,1.6476992038312566e+21,1.6476992038312566e+21,0
2013-10-29,1.6476992038312566e+21,1.6476992038312566e+21,1.6476992038312566e+21,1.6476992038312566e+21,30
2013-10-30,1.6476992038312566e+21,1.6476992038312566e+21,1.6476992038312566e+21,1.6476992038312566e+21,30
2013-10-31,1.6476992038312566e+21,1.6476992038312566e+21,1.6476992038312566e+21,1.6476992038312566e+21,30
2013-11-01,1.6476992038312566e+21,1.6476992038312566e+21,1.6476992038312566e+21,1.6476992038312566e+21,30
2013-11-05,1.6476992038312566e+21,1.6476992038312566e+21,1.6476992038312566e+21,1.6476992038312566e+21,30
2013-11-06,1.6476992038312566e+21,1.6476992038312566e+21,1.6476992038312566e+21,1.6476992038312566e+21,30
2013-11-07,1.6476992038312566e+21,1.6476992038312566e+21,1.6476992038312566e+21,1.6476992038312566e+21,30
2013-11-08,1.6476992038312566e+21,1.6476992038312566e+21,1.6476992038312566e+21,1.6476992038312566e+21,30
2013-11-11,1.6476992038312566e+21,1.6476992038312566e+21,1.6476992038312566e+21,1.6476992038312566e+21,0
2013-11-12,1.6476992038312566e+21,1.6476992038312566e+21,1.6476992038312566e+21,1.6476992038312566e+21,30
2013-11-13,1.6476992038312566e+21,1.6476992038312566e+21,1.6476992038312566e+21,1.6476992038312566e+21,0
2013-11-14,1.6476992038312566e+21,1.6476992038312566e+21,1.6476992038312566e+21,1.6476992038312566e+21,30
2013-11-15,1.6476992038312566e+21,1.6476992038312566e+21,1.6476992038312566e+21,1.6476992038312566e+21,0
2013-11-18,1.6476992038312566e+21,1.6476992038312566e+21,1.6476992038312566e+21,1.6476992038312566e+21,0
2013-11-19,1.6476992038312566e+21,1.6476992038312566e+21,1.6476992038312566e+21,1.6476992038312566e+21,30
2013-11-20,1.6476992038312566e+21,1.6476992038312566e+21,1.6476992038312566e+21,1.6476992038312566e+21,30
2013-11-21,1.6476992038312566e+21,1.6476992038312566e+21,1.6476992038312566e+21,1.6476992038312566e+21,30
2013-11-22,1.6476992038312566e+21,1.6476992038312566e+21,1.6476992038312566e+21,1.6476992038312566e+21,30
2013-11-25,1.6476992038312566e+21,1.6476992038312566e+21,1.6476992038312566e+21,1.6476992038312566e+21,0
2013-11-26,1.6476992038312566e+21,1.6476992038312566e+21,1.6476992038312566e+21,1.6476992038312566e+21,30
2013-11-27,1.6476992038312566e+21,1.6476992038312566e+21,1.6476992038312566e+21,1.6476992038312566e+21,30
2013-11-28,1.6476992038312566e+21,1.6476992038312566e+21,1.6476992038312566e+21,1.6476992038312566e+21,30
2013-11-29,1.6476992038312566e+21,1.6476992038312566e+21,1.6476992038312566e+21,1.6476992038312566e+21,30
2013-12-02,1.6476992038312566e+21,1.6476992038312566e+21,1.6476992038312566e+21,1.6476992038312566e+21,0
2013-12-03,1.6476992038312566e+21,1.6476992038312566e+21,1.6476992038312566e+21,1.6476992038312566e+21,30
2013-12-04,1.6476992038312566e+21,1.6476992038312566e+21,1.6476992038312566e+21,1.6476992038312566e+21,30
2013-12-05,1.6476992038312566e+21,1.6476992038312566e+21,1.6476992038312566e+21,1.6476992038312566e+21,30
2013-12-06,1.6476992038312566e+21,1.6476992038312566e+21,1.6476992038312566e+21,1.6476992038312566e+21,30
2013-12-09,1.6476992038312566e+21,1.6476992038312566e+21,1.6476992038312566e+21,1.6476992038312566e+21,0
2013-12-10,1.6476992038312566e+21,1.6476992038312566e+21,1.6476992038312566e+21,1.6476992038312566e+21,30
2013-12-11,1.6476992038312566e+21,1.6476992038312566e+21,1.6476992038312566e+21,1.6476992038312566e+21,30
2013-12-12,1.6476992038312566e+21,1.6476992038312566e+21,1.6476992038312566e+21,1.6476992038312566e+21,30
2013-12-13,1.6476992038312566e+21,1.6476992038312566e+21,1.6476992038312566e+21,1.6476992038312566e+21,30
2013-12-16,1.6476992038312566e+21,1.6476992038312566e+21,1.6476992038312566e+21,1.6476992038312566e+21,0
2013-12-17,1.6476992038312566e+21,1.6476992038312566e+21,1.6476992038312566e+21,1.6476992038312566e+21,30
2013-12-18,1.6476992038312566e+21,1.6476992038312566e+21,1.6476992038312566e+21,1.6476992038312566e+21,30
2013-12-19,1.6476992038312566e+21,1.6476992038312566e+21,1.6476992038312566e+21,1.6476992038312566e+21,30
2013-12-20,1.6476992038312566e+21,1.6476992038312566e+21,1.6476992038312566e+21,1.6476992038312566e+21,30
2013-12-23,1.6476992038312566e+21,1.6476992038312566e+21,1.6476992038312566e+21,1.6476992038312566e+21,0
2013-12-26,1.6476992038312566e+21,1.6476992038312566e+21,1.6476992038312566e+21,1.6476992038312566e+21,0
2013-12-27,1.6476992038312566e+21,1.6476992038312566e+21,1.6476992038312566e+21,1.6476992038312566e+21,30
2013-12-30,1.6476992038312566e+21,1.6476992038312566e+21,1.6476992038312566e+21,1.6476992038312566e+21,0
2014-01-02,1.6476992038312566e+21,1.6476992038312566e+21,1.6476992038312566e+21,1.6476992038312566e+21,0
2014-01-03,1.6476992038312566e+21,1.6476992038312566e+21,1.6476992038312566e+21,1.6476992038312566e+21,30
2014-01-07,1.6476992038312566e+21,1.6476992038312566e+21,1.6476992038312566e+21,1.6476992038312566e+21,0
2014-01-08,1.6476992038312566e+21,1.6476992038312566e+21,1.6476992038312566e+21,1.6476992038312566e+21,30
2014-01-09,1.6476992038312566e+21,1.6476992038312566e+21,1.6476992038312566e+21,1.6476992038312566e+21,30
2014-01-10,1.6476992038312566e+21,1.6476992038312566e+21,1.6476992038312566e+21,1.6476992038312566e+21,30
2014-01-13,1.6476992038312566e+21,1.6476992038312566e+21,1.6476992038312566e+21,1.6476992038312566e+21,0
2014-01-14,1.6476992038312566e+21,1.6476992038312566e+21,1.6476992038312566e+21,1.6476992038312566e+21,30
2014-01-15,1.6476992038312566e+21,1.6476992038312566e+21,1.6476992038312566e+21,1.6476992038312566e+21,30
2014-01-16,1.6476992038312566e+21,1.6476992038312566e+21,1.6476992038312566e+21,1.6476992038312566e+21,30
2014-01-17,1.6476992038312566e+21,1.6476992038312566e+21,1.6476992038312566e+21,1.6476992038312566e+21,30
2014-01-20,1.6476992038312566e+21,1.6476992038312566e+21,1.6476992038312566e+21,1.6476992038312566e+21,0
2014-01-21,1.6476992038312566e+21,1.6476992038312566e+21,1.6476992038312566e+21,1.6476992038312566e+21,30
2014-01-22,1.6476992038312566e+21,1.6476992038312566e+21,1.6476992038312566e+21,1.6476992038312566e+21,30
2014-01-23,1.6476992038312566e+21,1.6476992038312566e+21,1.6476992038312566e+21,1.6476992038312566e+21,30
2014-01-24,1.6476992038312566e+21,1.6476992038312566e+21,1.6476992038312566e+21,1.6476992038312566e+21,30
2014-01-27,1.6476992038312566e+21,1.6476992038312566e+21,1.6476992038312566e+21,1.6476992038312566e+21,0
2014-01-28,1.6476992038312566e+21,1.6476992038312566e+21,1.6476992038312566e+21,1.6476992038312566e+21,30
2014-01-29,1.6476992038312566e+21,1.6476992038312566e+21,1.6476992038312566e+21,1.6476992038312566e+21,30
2014-01-30,1.6476992038312566e+21,1.6476992038312566e+21,1.6476992038312566e+21,1.6476992038312566e+21,30
2014-01-31,1.6476992038312566e+21,1.6476992038312566e+21,1.6476992038312566e+21,1.6476992038312566e+21,30
2014-02-03,1.6476992038312566e+21,1.6476992038312566e+21,1.6476992038312566e+21,1.6476992038312566e+21,0
2014-02-04,1.6476992038312566e+21,1.6476992038312566e+21,1.6476992038312566e+21,1.6476992038312566e+21,30
2014-02-05,1.6476992038312566e+21,1.6476992038312566e+21,1.6476992038312566e+21,1.6476992038312566e+21,30
2014-02-06,1.6476992038312566e+21,1.6476992038312566e+21,1.6476992038312566e+21,1.6476992038312566e+21,30
2014-02-07,1.6476992038312566e+21,1.6476992038312566e+21,1.6476992038312566e+21,1.6476992038312566e+21,30
2014-02-10,1.6476992038312566e+21,1.6476992038312566e+21,1.6476992038312566e+21,1.6476992038312566e+21,0
2014-02-11,1.6476992038312566e+21,1.6476992038312566e+21,1.6476992038312566e+21,1.6476992038312566e+21,30
2014-02-12,1.6476992038312566e+21,1.6476992038312566e+21,1.6476992038312566e+21,1.6476992038312566e+21,30
2014-02-13,1.9879845770134186e+21,1.9879845770134186e+21,1.9879845770134186e+21,1.9879845770134186e+21,7
2014-02-14,1.9879845770134186e+21,1.9879845770134186e+21,1.9879845770134186e+21,1.9879845770134186e+21,7
2014-02-17,1.9879845770134186e+21,1.9879845770134186e+21,1.9879845770134186e+21,1.9879845770134186e+21,0
2014-02-18,1.9879845770134186e+21,1.9879845770134186e+21,1.9879845770134186e+21,1.9879845770134186e+21,7
2014-02-19,1.9879845770134186e+21,1.9879845770134186e+21,1.9879845770134186e+21,1.9879845770134186e+21,0
2014-02-20,1.9879845770134186e+21,1.9879845770134186e+21,1.9879845770134186e+21,1.9879845770134186e+21,7
2014-02-21,1.9879845770134186e+21,1.9879845770134186e+21,1.9879845770134186e+21,1.9879845770134186e+21,7
2014-02-24,1.9879845770134186e+21,1.9879845770134186e+21,1.9879845770134186e+21,1.9879845770134186e+21,0
2014-02-25,1.9879845770134186e+21,1.9879845770134186e+21,1.9879845770134186e+21,1.9879845770134186e+21,7
2014-02-26,2.525277523357601e+21,2.525277523357601e+21,2.525277523357601e+21,2.525277523357601e+21,110
2014-02-27,2.525277523357601e+21,2.525277523357601e+21,2.525277523357601e+21,2.525277523357601e+21,110
2014-02-28,2.525277523357601e+21,2.525277523357601e+21,2.525277523357601e+21,2.525277523357601e+21,0
2014-03-05,2.525277523357601e+21,2.525277523357601e+21,2.525277523357601e+21,2.525277523357601e+21,0
2014-03-06,2.525277523357601e+21,2.525277523357601e+21,2.525277523357601e+21,2.525277523357601e+21,110
2014-03-07,2.525277523357601e+21,2.525277523357601e+21,2.525277523357601e+21,2.525277523357601e+21,110
2014-03-10,2.525277523357601e+21,2.525277523357601e+21,2.525277523357601e+21,2.525277523357601e+21,0
2014-03-11,2.525277523357601e+21,2.525277523357601e+21,2.525277523357601e+21,2.525277523357601e+21,110
2014-03-12,2.525277523357601e+21,2.525277523357601e+21,2.525277523357601e+21,2.525277523357601e+21,110
2014-03-13,2.525277523357601e+21,2.525277523357601e+21,2.525277523357601e+21,2.525277523357601e+21,110
2014-03-14,2.525277523357601e+21,2.525277523357601e+21,2.525277523357601e+21,2.525277523357601e+21,110
2014-03-17,2.525277523357601e+21,2.525277523357601e+21,2.525277523357601e+21,2.525277523357601e+21,0
2014-03-18,2.525277523357601e+21,2.525277523357601e+21,2.525277523357601e+21,2.525277523357601e+21,110
2014-03-20,2.525277523357601e+21,2.525277523357601e+21,2.525277523357601e+21,2.525277523357601e+21,0
2014-03-21,2.525277523357601e+21,2.525277523357601e+21,2.525277523357601e+21,2.525277523357601e+21,110
2014-03-24,2.525277523357601e+21,2.525277523357601e+21,2.525277523357601e+21,2.525277523357601e+21,0
2014-03-25,2.525277523357601e+21,2.525277523357601e+21,2.525277523357601e+21,2.525277523357601e+21,110
2014-03-26,2.525277523357601e+21,2.525277523357601e+21,2.525277523357601e+21,2.525277523357601e+21,110
2014-03-27,2.525277523357601e+21,2.525277523357601e+21,2.525277523357601e+21,2.525277523357601e+21,184
2014-03-28,2.525277523357601e+21,2.525277523357601e+21,2.525277523357601e+21,2.525277523357601e+21,20
2014-03-31,2.525277523357601e+21,2.525277523357601e+21,2.525277523357601e+21,2.525277523357601e+21,0
2014-04-01,2.525277523357601e+21,2.525277523357601e+21,2.525277523357601e+21,2.525277523357601e+21,20
2014-04-02,2.525277523357601e+21,2.525277523357601e+21,2.525277523357601e+21,2.525277523357601e+21,20
2014-04-03,2.525277523357601e+21,2.525277523357601e+21,2.525277523357601e+21,2.525277523357601e+21,20
2014-04-04,2.525277523357601e+21,2.525277523357601e+21,2.525277523357601e+21,2.525277523357601e+21,20
2014-04-07,2.525277523357601e+21,2.525277523357601e+21,2.525277523357601e+21,2.525277523357601e+21,0
2014-04-08,2.525277523357601e+21,2.525277523357601e+21,2.525277523357601e+21,2.525277523357601e+21,20
2014-04-09,2.525277523357601e+21,2.525277523357601e+21,2.525277523357601e+21,2.525277523357601e+21,20
2014-04-10,2.525277523357601e+21,2.525277523357601e+21,2.525277523357601e+21,2.525277523357601e+21,20
2014-04-11,2.525277523357601e+21,2.525277523357601e+21,2.525277523357601e+21,2.525277523357601e+21,20
2014-04-14,2.525277523357601e+21,2.525277523357601e+21,2.525277523357601e+21,2.525277523357601e+21,0
2014-04-15,2.525277523357601e+21,2.525277523357601e+21,2.525277523357601e+21,2.525277523357601e+21,20
2014-04-16,2.525277523357601e+21,2.525277523357601e+21,2.525277523357601e+21,2.525277523357601e+21,20
2014-04-21,2.525277523357601e+21,2.525277523357601e+21,2.525277523357601e+21,2.525277523357601e+21,0
2014-04-22,2.525277523357601e+21,2.525277523357601e+21,2.525277523357601e+21,2.525277523357601e+21,20
2014-04-23,2.525277523357601e+21,2.525277523357601e+21,2.525277523357601e+21,2.525277523357601e+21,20
2014-04-24,2.686466139095795e+21,2.686466139095795e+21,2.686466139095795e+21,2.686466139095795e+21,60
2014-04-25,2.686466139095795e+21,2.686466139095795e+21,2.686466139095795e+21,2.686466139095795e+21,24
2014-04-28,2.686466139095795e+21,2.686466139095795e+21,2.686466139095795e+21,2.686466139095795e+21,0
2014-04-29,3.0267513715404686e+21,3.0267513715404686e+21,3.0267513715404686e+21,3.0267513715404686e+21,151
2014-04-30,3.0267513715404686e+21,3.0267513715404686e+21,3.0267513715404686e+21,3.0267513715404686e+21,151
2014-05-02,3.0267513715404686e+21,3.0267513715404686e+21,3.0267513715404686e+21,3.0267513715404686e+21,0
2014-05-05,3.0267513715404686e+21,3.0267513715404686e+21,3.0267513715404686e+21,3.0267513715404686e+21,0
2014-05-06,3.0267513715404686e+21,3.0267513715404686e+21,3.0267513715404686e+21,3.0267513715404686e+21,151
2014-05-07,3.0267513715404686e+21,3.0267513715404686e+21,3.0267513715404686e+21,3.0267513715404686e+21,151
2014-05-08,3.0267513715404686e+21,3.0267513715404686e+21,3.0267513715404686e+21,3.0267513715404686e+21,151
2014-05-09,3.0267513715404686e+21,3.0267513715404686e+21,3.0267513715404686e+21,3.0267513715404686e+21,151
2014-05-12,3.0267513715404686e+21,3.0267513715404686e+21,3.0267513715404686e+21,3.0267513715404686e+21,0
2014-05-13,3.0267513715404686e+21,3.0267513715404686e+21,3.0267513715404686e+21,3.0267513715404686e+21,151
2014-05-14,3.0267513715404686e+21,3.0267513715404686e+21,3.0267513715404686e+21,3.0267513715404686e+21,151
2014-05-15,3.0267513715404686e+21,3.0267513715404686e+21,3.0267513715404686e+21,3.0267513715404686e+21,151
2014-05-16,3.0267513715404686e+21,3.0267513715404686e+21,3.0267513715404686e+21,3.0267513715404686e+21,151
2014-05-19,3.0267513715404686e+21,3.0267513715404686e+21,3.0267513715404686e+21,3.0267513715404686e+21,0
2014-05-20,3.0267513715404686e+21,3.0267513715404686e+21,3.0267513715404686e+21,3.0267513715404686e+21,151
2014-05-21,3.0267513715404686e+21,3.0267513715404686e+21,3.0267513715404686e+21,3.0267513715404686e+21,151
2014-05-22,3.0267513715404686e+21,3.0267513715404686e+21,3.0267513715404686e+21,3.0267513715404686e+21,151
2014-05-23,3.0267513715404686e+21,3.0267513715404686e+21,3.0267513715404686e+21,3.0267513715404686e+21,151
2014-05-26,3.0267513715404686e+21,3.0267513715404686e+21,3.0267513715404686e+21,3.0267513715404686e+21,0
2014-05-27,3.0267513715404686e+21,3.0267513715404686e+21,3.0267513715404686e+21,3.0267513715404686e+21,151
2014-05-28,3.0267513715404686e+21,3.0267513715404686e+21,3.0267513715404686e+21,3.0267513715404686e+21,0
2014-05-29,3.0267513715404686e+21,3.0267513715404686e+21,3.0267513715404686e+21,3.0267513715404686e+21,151
2014-05-30,3.0267513715404686e+21,3.0267513715404686e+21,3.0267513715404686e+21,3.0267513715404686e+21,151
2014-06-03,3.0267513715404686e+21,3.0267513715404686e+21,3.0267513715404686e+21,3.0267513715404686e+21,0
2014-06-04,3.0267513715404686e+21,3.0267513715404686e+21,3.0267513715404686e+21,3.0267513715404686e+21,151
2014-06-05,3.0267513715404686e+21,3.0267513715404686e+21,3.0267513715404686e+21,3.0267513715404686e+21,151
2014-06-06,3.0267513715404686e+21,3.0267513715404686e+21,3.0267513715404686e+21,3.0267513715404686e+21,151
2014-06-09,3.0267513715404686e+21,3.0267513715404686e+21,3.0267513715404686e+21,3.0267513715404686e+21,0
2014-06-10,3.0267513715404686e+21,3.0267513715404686e+21,3.0267513715404686e+21,3.0267513715404686e+21,151
2014-06-11,3.0267513715404686e+21,3.0267513715404686e+21,3.0267513715404686e+21,3.0267513715404686e+21,151
2014-06-12,3.0267513715404686e+21,3.0267513715404686e+21,3.0267513715404686e+21,3.0267513715404686e+21,151
2014-06-13,3.0267513715404686e+21,3.0267513715404686e+21,3.0267513715404686e+21,3.0267513715404686e+21,151
2014-06-16,3.0267513715404686e+21,3.0267513715404686e+21,3.0267513715404686e+21,3.0267513715404686e+21,0
2014-06-17,3.0267513715404686e+21,3.0267513715404686e+21,3.0267513715404686e+21,3.0267513715404686e+21,151
2014-06-18,3.0267513715404686e+21,3.0267513715404686e+21,3.0267513715404686e+21,3.0267513715404686e+21,151
2014-06-19,2.5073686779643854e+21,2.5073686779643854e+21,2.5073686779643854e+21,2.5073686779643854e+21,16
2014-06-20,2.5073686779643854e+21,2.5073686779643854e+21,2.5073686779643854e+21,2.5073686779643854e+21,16
2014-06-25,2.5073686779643854e+21,2.5073686779643854e+21,2.5073686779643854e+21,2.5073686779643854e+21,0
2014-06-26,2.5073686779643854e+21,2.5073686779643854e+21,2.5073686779643854e+21,2.5073686779643854e+21,16
2014-06-27,2.5073686779643854e+21,2.5073686779643854e+21,2.5073686779643854e+21,2.5073686779643854e+21,0
2014-06-30,2.5073686779643854e+21,2.5073686779643854e+21,2.5073686779643854e+21,2.5073686779643854e+21,0
2014-07-01,2.5073686779643854e+21,2.5073686779643854e+21,2.5073686779643854e+21,2.5073686779643854e+21,33
2014-07-02,2.5073686779643854e+21,2.5073686779643854e+21,2.5073686779643854e+21,2.5073686779643854e+21,33
2014-07-03,2.5073686779643854e+21,2.5073686779643854e+21,2.5073686779643854e+21,2.5073686779643854e+21,33
2014-07-04,2.5073686779643854e+21,2.5073686779643854e+21,2.5073686779643854e+21,2.5073686779643854e+21,33
2014-07-07,2.5073686779643854e+21,2.5073686779643854e+21,2.5073686779643854e+21,2.5073686779643854e+21,0
2014-07-08,2.5073686779643854e+21,2.5073686779643854e+21,2.5073686779643854e+21,2.5073686779643854e+21,33
2014-07-09,2.5073686779643854e+21,2.5073686779643854e+21,2.5073686779643854e+21,2.5073686779643854e+21,33
2014-07-10,2.5073686779643854e+21,2.5073686779643854e+21,2.5073686779643854e+21,2.5073686779643854e+21,33
2014-07-11,2.5073686779643854e+21,2.5073686779643854e+21,2.5073686779643854e+21,2.5073686779643854e+21,33
2014-07-14,2.5073686779643854e+21,2.5073686779643854e+21,2.5073686779643854e+21,2.5073686779643854e+21,0
2014-07-15,2.5073686779643854e+21,2.5073686779643854e+21,2.5073686779643854e+21,2.5073686779643854e+21,33
2014-07-16,2.5073686779643854e+21,2.5073686779643854e+21,2.5073686779643854e+21,2.5073686779643854e+21,33
2014-07-17,2.5073686779643854e+21,2.5073686779643854e+21,2.5073686779643854e+21,2.5073686779643854e+21,33
2014-07-18,2.5073686779643854e+21,2.5073686779643854e+21,2.5073686779643854e+21,2.5073686779643854e+21,33
2014-07-21,2.5073686779643854e+21,2.5073686779643854e+21,2.5073686779643854e+21,2.5073686779643854e+21,0
2014-07-22,2.5073686779643854e+21,2.5073686779643854e+21,2.5073686779643854e+21,2.5073686779643854e+21,33
2014-07-23,2.5073686779643854e+21,2.5073686779643854e+21,2.5073686779643854e+21,2.5073686779643854e+21,33
2014-07-25,2.5073686779643854e+21,2.5073686779643854e+21,2.5073686779643854e+21,2.5073686779643854e+21,0
2014-07-28,2.5073686779643854e+21,2.5073686779643854e+21,2.5073686779643854e+21,2.5073686779643854e+21,0
2014-07-29,2.5073686779643854e+21,2.5073686779643854e+21,2.5073686779643854e+21,2.5073686779643854e+21,33
2014-07-30,2.5073686779643854e+21,2.5073686779643854e+21,2.5073686779643854e+21,2.5073686779643854e+21,33
2014-07-31,2.5073686779643854e+21,2.5073686779643854e+21,2.5073686779643854e+21,2.5073686779643854e+21,33
2014-08-01,2.5073686779643854e+21,2.5073686779643854e+21,2.5073686779643854e+21,2.5073686779643854e+21,33
2014-08-04,2.5073686779643854e+21,2.5073686779643854e+21,2.5073686779643854e+21,2.5073686779643854e+21,0
2014-08-05,2.5073686779643854e+21,2.5073686779643854e+21,2.5073686779643854e+21,2.5073686779643854e+21,33
2014-08-06,2.5073686779643854e+21,2.5073686779643854e+21,2.5073686779643854e+21,2.5073686779643854e+21,33
2014-08-07,2.0058948297815176e+21,2.0058948297815176e+21,2.0058948297815176e+21,2.0058948297815176e+21,5
2014-08-08,2.0058948297815176e+21,2.0058948297815176e+21,2.0058948297815176e+21,2.0058948297815176e+21,5
2014-08-11,2.0058948297815176e+21,2.0058948297815176e+21,2.0058948297815176e+21,2.0058948297815176e+21,0
2014-08-12,-2.310760265731277e+16,-2.310760265731277e+16,-2.310760265731277e+16,-2.310760265731277e+16,5
2014-08-13,-2.310760265731277e+16,-2.310760265731277e+16,-2.310760265731277e+16,-2.310760265731277e+16,5
2014-08-14,-2.310760265731277e+16,-2.310760265731277e+16,-2.310760265731277e+16,-2.310760265731277e+16,5
2014-08-15,-2.310760265731277e+16,-2.310760265731277e+16,-2.310760265731277e+16,-2.310760265731277e+16,5
2014-08-19,-2.310760265731277e+16,-2.310760265731277e+16,-2.310760265731277e+16,-2.310760265731277e+16,0
2014-08-20,-2.310760265731277e+16,-2.310760265731277e+16,-2.310760265731277e+16,-2.310760265731277e+16,5
2014-08-21,-2.310760265731277e+16,-2.310760265731277e+16,-2.310760265731277e+16,-2.310760265731277e+16,5
2014-08-22,-2.310760265731277e+16,-2.310760265731277e+16,-2.310760265731277e+16,-2.310760265731277e+16,5
2014-08-25,-2.310760265731277e+16,-2.310760265731277e+16,-2.310760265731277e+16,-2.310760265731277e+16,0
2014-08-26,-2.310760265731277e+16,-2.310760265731277e+16,-2.310760265731277e+16,-2.310760265731277e+16,5
2014-08-27,-2.310760265731277e+16,-2.310760265731277e+16,-2.310760265731277e+16,-2.310760265731277e+16,5
2014-08-28,-2.310760265731277e+16,-2.310760265731277e+16,-2.310760265731277e+16,-2.310760265731277e+16,5
2014-08-29,-2.310760265731277e+16,-2.310760265731277e+16,-2.310760265731277e+16,-2.310760265731277e+16,5
2014-09-01,-2.310760265731277e+16,-2.310760265731277e+16,-2.310760265731277e+16,-2.310760265731277e+16,0
2014-09-02,-2.310760265731277e+16,-2.310760265731277e+16,-2.310760265731277e+16,-2.310760265731277e+16,5
2014-09-03,-2.310760265731277e+16,-2.310760265731277e+16,-2.310760265731277e+16,-2.310760265731277e+16,5
2014-09-04,-2.310760265731277e+16,-2.310760265731277e+16,-2.310760265731277e+16,-2.310760265731277e+16,5
2014-09-05,-2.310760265731277e+16,-2.310760265731277e+16,-2.310760265731277e+16,-2.310760265731277e+16,5
2014-09-08,-2.310760265731277e+16,-2.310760265731277e+16,-2.310760265731277e+16,-2.310760265731277e+16,0
2014-09-09,-2.310760265731277e+16,-2.310760265731277e+16,-2.310760265731277e+16,-2.310760265731277e+16,5
2014-09-10,-2.310760265731277e+16,-2.310760265731277e+16,-2.310760265731277e+16,-2.310760265731277e+16,5
2014-09-11,-2.310760265731277e+16,-2.310760265731277e+16,-2.310760265731277e+16,-2.310760265731277e+16,5
2014-09-12,-2.310760265731277e+16,-2.310760265731277e+16,-2.310760265731277e+16,-2.310760265731277e+16,5
2014-09-15,-2.310760265731277e+16,-2.310760265731277e+16,-2.310760265731277e+16,-2.310760265731277e+16,0
2014-09-16,-2.310760265731277e+16,-2.310760265731277e+16,-2.310760265731277e+16,-2.310760265731277e+16,5
2014-09-17,-2.310760265731277e+16,-2.310760265731277e+16,-2.310760265731277e+16,-2.310760265731277e+16,5
2014-09-18,-2.310760265731277e+16,-2.310760265731277e+16,-2.310760265731277e+16,-2.310760265731277e+16,5
2014-09-19,-2.310760265731277e+16,-2.310760265731277e+16,-2.310760265731277e+16,-2.310760265731277e+16,5
2014-09-22,-2.310760265731277e+16,-2.310760265731277e+16,-2.310760265731277e+16,-2.310760265731277e+16,0
2014-09-23,-2.310760265731277e+16,-2.310760265731277e+16,-2.310760265731277e+16,-2.310760265731277e+16,5
2014-09-24,-2.310760265731277e+16,-2.310760265731277e+16,-2.310760265731277e+16,-2.310760265731277e+16,5
2014-09-25,-2.310760265731277e+16,-2.310760265731277e+16,-2.310760265731277e+16,-2.310760265731277e+16,5
2014-09-26,-2.310760265731277e+16,-2.310760265731277e+16,-2.310760265731277e+16,-2.310760265731277e+16,5
2014-09-29,-2.310760265731277e+16,-2.310760265731277e+16,-2.310760265731277e+16,-2.310760265731277e+16,0
2014-09-30,-2.310760265731277e+16,-2.310760265731277e+16,-2.310760265731277e+16,-2.310760265731277e+16,5
2014-10-01,-2.310760265731277e+16,-2.310760265731277e+16,-2.310760265731277e+16,-2.310760265731277e+16,5
2014-10-02,-2.310760265731277e+16,-2.310760265731277e+16,-2.310760265731277e+16,-2.310760265731277e+16,5
2014-10-03,-2.310760265731277e+16,-2.310760265731277e+16,-2.310760265731277e+16,-2.310760265731277e+16,5
2014-10-06,-2.310760265731277e+16,-2.310760265731277e+16,-2.310760265731277e+16,-2.310760265731277e+16,0
2014-10-07,-2.310760265731277e+16,-2.310760265731277e+16,-2.310760265731277e+16,-2.310760265731277e+16,5
2014-10-08,-2.310760265731277e+16,-2.310760265731277e+16,-2.310760265731277e+16,-2.310760265731277e+16,5
2014-10-09,-2.310760265731277e+16,-2.310760265731277e+16,-2.310760265731277e+16,-2.310760265731277e+16,5
2014-10-10,-2.310760265731277e+16,-2.310760265731277e+16,-2.310760265731277e+16,-2.310760265731277e+16,5
2014-10-13,-2.310760265731277e+16,-2.310760265731277e+16,-2.310760265731277e+16,-2.310760265731277e+16,0
2014-10-14,-2.310760265731277e+16,-2.310760265731277e+16,-2.310760265731277e+16,-2.310760265731277e+16,5
2014-10-15,-2.310760265731277e+16,-2.310760265731277e+16,-2.310760265731277e+16,-2.310760265731277e+16,5
2014-10-16,-2.310760265731277e+16,-2.310760265731277e+16,-2.310760265731277e+16,-2.310760265731277e+16,5
2014-10-17,-2.310760265731277e+16,-2.310760265731277e+16,-2.310760265731277e+16,-2.310760265731277e+16,5
2014-10-20,-2.310760265731277e+16,-2.310760265731277e+16,-2.310760265731277e+16,-2.310760265731277e+16,0
2014-10-21,-2.310760265731277e+16,-2.310760265731277e+16,-2.310760265731277e+16,-2.310760265731277e+16,5
2014-10-22,-2.310760265731277e+16,-2.310760265731277e+16,-2.310760265731277e+16,-2.310760265731277e+16,5
2014-10-23,-2.310760265731277e+16,-2.310760265731277e+16,-2.310760265731277e+16,-2.310760265731277e+16,5
2014-10-24,-2.310760265731277e+16,-2.310760265731277e+16,-2.310760265731277e+16,-2.310760265731277e+16,5
2014-10-27,-2.310760265731277e+16,-2.310760265731277e+16,-2.310760265731277e+16,-2.310760265731277e+16,0
2014-10-28,-2.310760265731277e+16,-2.310760265731277e+16,-2.310760265731277e+16,-2.310760265731277e+16,5
2014-10-29,-2.310760265731277e+16,-2.310760265731277e+16,-2.310760265731277e+16,-2.310760265731277e+16,5
2014-10-30,-2.310760265731277e+16,-2.310760265731277e+16,-2.310760265731277e+16,-2.310760265731277e+16,5
2014-10-31,-2.310760265731277e+16,-2.310760265731277e+16,-2.310760265731277e+16,-2.310760265731277e+16,5
2014-11-03,-2.310760265731277e+16,-2.310760265731277e+16,-2.310760265731277e+16,-2.310760265731277e+16,0
2014-11-04,-2.310760265731277e+16,-2.310760265731277e+16,-2.310760265731277e+16,-2.310760265731277e+16,5
2014-11-05,-2.310760265731277e+16,-2.310760265731277e+16,-2.310760265731277e+16,-2.310760265731277e+16,5
2014-11-06,-2.310760265731277e+16,-2.310760265731277e+16,-2.310760265731277e+16,-2.310760265731277e+16,5
2014-11-07,-2.310760265731277e+16,-2.310760265731277e+16,-2.310760265731277e+16,-2.310760265731277e+16,5
2014-11-10,-2.310760265731277e+16,-2.310760265731277e+16,-2.310760265731277e+16,-2.310760265731277e+16,0
2014-11-11,-2.310760265731277e+16,-2.310760265731277e+16,-2.310760265731277e+16,-2.310760265731277e+16,5
2014-11-12,-2.310760265731277e+16,-2.310760265731277e+16,-2.310760265731277e+16,-2.310760265731277e+16,5
2014-11-13,-2.310760265731277e+16,-2.310760265731277e+16,-2.310760265731277e+16,-2.310760265731277e+16,5
2014-11-14,-2.310760265731277e+16,-2.310760265731277e+16,-2.310760265731277e+16,-2.310760265731277e+16,5
2014-11-17,-2.310760265731277e+16,-2.310760265731277e+16,-2.310760265731277e+16,-2.310760265731277e+16,0
2014-11-18,-2.310760265731277e+16,-2.310760265731277e+16,-2.310760265731277e+16,-2.310760265731277e+16,5
2014-11-19,-2.310760265731277e+16,-2.310760265731277e+16,-2.310760265731277e+16,-2.310760265731277e+16,5
2014-11-20,-2.310760265731277e+16,-2.310760265731277e+16,-2.310760265731277e+16,-2.310760265731277e+16,5
2014-11-21,-2.310760265731277e+16,-2.310760265731277e+16,-2.310760265731277e+16,-2.310760265731277e+16,5
2014-11-24,-2.310760265731277e+16,-2.310760265731277e+16,-2.310760265731277e+16,-2.310760265731277e+16,0
2014-11-25,-2.310760265731277e+16,-2.310760265731277e+16,-2.310760265731277e+16,-2.310760265731277e+16,5
2014-11-26,-2.310760265731277e+16,-2.310760265731277e+16,-2.310760265731277e+16,-2.310760265731277e+16,5
2014-11-27,-2.310760265731277e+16,-2.310760265731277e+16,-2.310760265731277e+16,-2.310760265731277e+16,5
2014-11-28,-2.310760265731277e+16,-2.310760265731277e+16,-2.310760265731277e+16,-2.310760265731277e+16,5
2014-12-01,-2.310760265731277e+16,-2.310760265731277e+16,-2.310760265731277e+16,-2.310760265731277e+16,0
2014-12-02,-2.310760265731277e+16,-2.310760265731277e+16,-2.310760265731277e+16,-2.310760265731277e+16,10
2014-12-03,-2.310760265731277e+16,-2.310760265731277e+16,-2.310760265731277e+16,-2.310760265731277e+16,10
2014-12-04,-2.310760265731277e+16,-2.310760265731277e+16,-2.310760265731277e+16,-2.310760265731277e+16,10
2014-12-05,-2.537709344129024e+16,-2.537709344129024e+16,-2.537709344129024e+16,-2.537709344129024e+16,16
2014-12-09,-2.537709344129024e+16,-2.537709344129024e+16,-2.537709344129024e+16,-2.537709344129024e+16,0
2014-12-10,-2.537709344129024e+16,-2.537709344129024e+16,-2.537709344129024e+16,-2.537709344129024e+16,8
2014-12-11,-2.537709344129024e+16,-2.537709344129024e+16,-2.537709344129024e+16,-2.537709344129024e+16,8
2014-12-12,-2.537709344129024e+16,-2.537709344129024e+16,-2.537709344129024e+16,-2.537709344129024e+16,8
2014-12-15,-2.537709344129024e+16,-2.537709344129024e+16,-2.537709344129024e+16,-2.537709344129024e+16,0
2014-12-16,-2.537709344129024e+16,-2.537709344129024e+16,-2.537709344129024e+16,-2.537709344129024e+16,8
2014-12-17,-2.537709344129024e+16,-2.537709344129024e+16,-2.537709344129024e+16,-2.537709344129024e+16,8
2014-12-18,-2.537709344129024e+16,-2.537709344129024e+16,-2.537709344129024e+16,-2.537709344129024e+16,8
2014-12-19,-2.537709344129024e+16,-2.537709344129024e+16,-2.537709344129024e+16,-2.537709344129024e+16,8
2014-12-22,-2.537709344129024e+16,-2.537709344129024e+16,-2.537709344129024e+16,-2.537709344129024e+16,0
2014-12-23,-2.537709344129024e+16,-2.537709344129024e+16,-2.537709344129024e+16,-2.537709344129024e+16,8
2014-12-26,-2.537709344129024e+16,-2.537709344129024e+16,-2.537709344129024e+16,-2.537709344129024e+16,0
2014-12-29,-2.537709344129024e+16,-2.537709344129024e+16,-2.537709344129024e+16,-2.537709344129024e+16,0
2014-12-30,-2.537709344129024e+16,-2.537709344129024e+16,-2.537709344129024e+16,-2.537709344129024e+16,8
2015-01-02,-2.537709344129024e+16,-2.537709344129024e+16,-2.537709344129024e+16,-2.537709344129024e+16,0
2015-01-06,-2.537709344129024e+16,-2.537709344129024e+16,-2.537709344129024e+16,-2.104441736960408e+16,8
2015-01-07,-2.537709344129024e+16,-2.537709344129024e+16,-2.537709344129024e+16,-2.104441736960408e+16,8
2015-01-08,-2.537709344129024e+16,-2.537709344129024e+16,-2.537709344129024e+16,-2.104441736960408e+16,8
2015-01-09,-2.537709344129024e+16,-2.537709344129024e+16,-2.537709344129024e+16,-2.537709344129024e+16,0
2015-01-12,-2.537709344129024e+16,-2.537709344129024e+16,-2.537709344129024e+16,-2.104441736960408e+16,8
2015-01-13,-2.537709344129024e+16,-2.537709344129024e+16,-2.537709344129024e+16,-2.104441736960408e+16,8
2015-01-14,-2.537709344129024e+16,-2.537709344129024e+16,-2.537709344129024e+16,-2.104441736960408e+16,8
2015-01-15,-2.537709344129024e+16,-2.537709344129024e+16,-2.537709344129024e+16,-2.104441736960408e+16,8
2015-01-16,-2.537709344129024e+16,-2.537709344129024e+16,-2.537709344129024e+16,-2.537709344129024e+16,0
2015-01-19,-2.537709344129024e+16,-2.537709344129024e+16,-2.537709344129024e+16,-2.104441736960408e+16,8
2015-01-20,-2.537709344129024e+16,-2.537709344129024e+16,-2.537709344129024e+16,-2.104441736960408e+16,8
2015-01-21,-2.537709344129024e+16,-2.537709344129024e+16,-2.537709344129024e+16,-2.104441736960408e+16,8
2015-01-22,-2.537709344129024e+16,-2.537709344129024e+16,-2.537709344129024e+16,-2.537709344129024e+16,0
2015-01-23,-2.537709344129024e+16,-2.537709344129024e+16,-2.537709344129024e+16,-2.104441736960408e+16,8
2015-01-26,-2.537709344129024e+16,-2.537709344129024e+16,-2.537709344129024e+16,-2.104441736960408e+16,8
2015-01-27,-2.537709344129024e+16,-2.537709344129024e+16,-2.537709344129024e+16,-2.104441736960408e+16,8
2015-01-28,-2.537709344129024e+16,-2.537709344129024e+16,-2.537709344129024e+16,-2.104441736960408e+16,8
2015-01-29,-2.537709344129024e+16,-2.537709344129024e+16,-2.537709344129024e+16,-2.104441736960408e+16,8
2015-01-30,-2.537709344129024e+16,-2.537709344129024e+16,-2.537709344129024e+16,-2.537709344129024e+16,0
2015-02-02,-2.537709344129024e+16,-2.537709344129024e+16,-2.537709344129024e+16,-2.104441736960408e+16,8
2015-02-03,-2.537709344129024e+16,-2.537709344129024e+16,-2.537709344129024e+16,-2.104441736960408e+16,8
2015-02-04,-2.537709344129024e+16,-2.537709344129024e+16,-2.537709344129024e+16,-2.104441736960408e+16,8
2015-02-05,-2.537709344129024e+16,-2.537709344129024e+16,-2.537709344129024e+16,-2.104441736960408e+16,8
2015-02-06,-2.537709344129024e+16,-2.537709344129024e+16,-2.537709344129024e+16,-2.537709344129024e+16,0
2015-02-09,-2.537709344129024e+16,-2.537709344129024e+16,-2.537709344129024e+16,-2.104441736960408e+16,8
2015-02-10,-2.537709344129024e+16,-2.537709344129024e+16,-2.537709344129024e+16,-2.104441736960408e+16,8
2015-02-11,-2.537709344129024e+16,-2.537709344129024e+16,-2.537709344129024e+16,-2.104441736960408e+16,8
2015-02-12,-2.537709344129024e+16,-2.537709344129024e+16,-2.537709344129024e+16,-2.104441736960408e+16,8
2015-02-13,-2.537709344129024e+16,-2.537709344129024e+16,-2.537709344129024e+16,-2.537709344129024e+16,0
2015-02-18,-2.537709344129024e+16,-2.537709344129024e+16,-2.537709344129024e+16,-2.104441736960408e+16,8
2015-02-19,-2.537709344129024e+16,-2.537709344129024e+16,-2.537709344129024e+16,-2.104441736960408e+16,8
2015-02-20,-2.537709344129024e+16,-2.537709344129024e+16,-2.537709344129024e+16,-2.537709344129024e+16,0
2015-02-23,-2.537709344129024e+16,-2.537709344129024e+16,-2.537709344129024e+16,-2.104441736960408e+16,8
2015-02-24,-2.537709344129024e+16,-2.537709344129024e+16,-2.537709344129024e+16,-2.104441736960408e+16,8
2015-02-25,-2.537709344129024e+16,-2.537709344129024e+16,-2.537709344129024e+16,-2.104441736960408e+16,8
2015-02-26,-2.537709344129024e+16,-2.537709344129024e+16,-2.537709344129024e+16,-2.104441736960408e+16,8
2015-02-27,-2.537709344129024e+16,-2.537709344129024e+16,-2.537709344129024e+16,-2.537709344129024e+16,0
2015-03-02,-2.537709344129024e+16,-2.537709344129024e+16,-2.537709344129024e+16,-2.104441736960408e+16,8
2015-03-03,-2.537709344129024e+16,-2.537709344129024e+16,-2.537709344129024e+16,-2.104441736960408e+16,8
2015-03-04,-2.537709344129024e+16,-2.537709344129024e+16,-2.537709344129024e+16,-2.104441736960408e+16,8
2015-03-05,-2.537709344129024e+16,-2.537709344129024e+16,-2.537709344129024e+16,-2.104441736960408e+16,8
2015-03-06,-2.537709344129024e+16,-2.537709344129024e+16,-2.537709344129024e+16,-2.537709344129024e+16,0
2015-03-09,-2.537709344129024e+16,-2.537709344129024e+16,-2.537709344129024e+16,-2.104441736960408e+16,8
2015-03-10,-2.537709344129024e+16,-2.537709344129024e+16,-2.537709344129024e+16,-2.104441736960408e+16,8
2015-03-11,-2.537709344129024e+16,-2.537709344129024e+16,-2.537709344129024e+16,-2.104441736960408e+16,8
2015-03-12,-2.537709344129024e+16,-2.537709344129024e+16,-2.537709344129024e+16,-2.104441736960408e+16,8
2015-03-13,-2.537709344129024e+16,-2.537709344129024e+16,-2.537709344129024e+16,-2.537709344129024e+16,0
2015-03-16,-2.537709344129024e+16,-2.537709344129024e+16,-2.537709344129024e+16,-2.104441736960408e+16,8
2015-03-17,-2.537709344129024e+16,-2.537709344129024e+16,-2.537709344129024e+16,-2.104441736960408e+16,8
2015-03-18,-2.537709344129024e+16,-2.537709344129024e+16,-2.537709344129024e+16,-2.104441736960408e+16,8
2015-03-20,-2.537709344129024e+16,-2.537709344129024e+16,-2.537709344129024e+16,-2.104441736960408e+16,8
2015-03-23,-2.537709344129024e+16,-2.537709344129024e+16,-2.537709344129024e+16,-2.104441736960408e+16,8
2015-03-24,-2.537709344129024e+16,-2.537709344129024e+16,-2.537709344129024e+16,-2.104441736960408e+16,8
2015-03-25,-2.537709344129024e+16,-2.537709344129024e+16,-2.537709344129024e+16,-2.104441736960408e+16,8
2015-03-26,-2.537709344129024e+16,-2.537709344129024e+16,-2.537709344129024e+16,-2.104441736960408e+16,8
2015-03-27,-2.537709344129024e+16,-2.537709344129024e+16,-2.537709344129024e+16,-2.537709344129024e+16,0
2015-03-30,-2.537709344129024e+16,-2.537709344129024e+16,-2.537709344129024e+16,-2.104441736960408e+16,8
2015-03-31,-2.537709344129024e+16,-2.537709344129024e+16,-2.537709344129024e+16,-2.104441736960408e+16,8
2015-04-01,-2.537709344129024e+16,-2.537709344129024e+16,-2.537709344129024e+16,-2.104441736960408e+16,8
2015-04-06,-2.537709344129024e+16,-2.537709344129024e+16,-2.537709344129024e+16,-2.104441736960408e+16,8
2015-04-07,-2.537709344129024e+16,-2.537709344129024e+16,-2.537709344129024e+16,-2.104441736960408e+16,8
2015-04-08,-2.537709344129024e+16,-2.537709344129024e+16,-2.537709344129024e+16,-2.104441736960408e+16,8
2015-04-09,-2.537709344129024e+16,-2.537709344129024e+16,-2.537709344129024e+16,-2.104441736960408e+16,8
2015-04-10,-2.537709344129024e+16,-2.537709344129024e+16,-2.537709344129024e+16,-2.537709344129024e+16,0
2015-04-13,-2.537709344129024e+16,-2.537709344129024e+16,-2.537709344129024e+16,-2.104441736960408e+16,8
2015-04-14,-2.537709344129024e+16,-2.537709344129024e+16,-2.537709344129024e+16,-2.104441736960408e+16,8
2015-04-15,-2.537709344129024e+16,-2.537709344129024e+16,-2.537709344129024e+16,-2.104441736960408e+16,8
2015-04-16,-2.537709344129024e+16,-2.537709344129024e+16,-2.537709344129024e+16,-2.104441736960408e+16,8
2015-04-17,-2.537709344129024e+16,-2.537709344129024e+16,-2.537709344129024e+16,-2.537709344129024e+16,0
2015-04-20,-2.537709344129024e+16,-2.537709344129024e+16,-2.537709344129024e+16,-2.104441736960408e+16,8
2015-04-21,-2.537709344129024e+16,-2.537709344129024e+16,-2.537709344129024e+16,-2.104441736960408e+16,8
2015-04-22,-2.537709344129024e+16,-2.537709344129024e+16,-2.537709344129024e+16,-2.104441736960408e+16,8
2015-04-23,-2.537709344129024e+16,-2.537709344129024e+16,-2.537709344129024e+16,-2.104441736960408e+16,8
2015-04-24,-2.537709344129024e+16,-2.537709344129024e+16,-2.537709344129024e+16,-2.537709344129024e+16,0
2015-04-27,-2.537709344129024e+16,-2.537709344129024e+16,-2.537709344129024e+16,-2.104441736960408e+16,8
2015-04-28,-2.537709344129024e+16,-2.537709344129024e+16,-2.537709344129024e+16,-2.104441736960408e+16,8
2015-04-29,-2.537709344129024e+16,-2.537709344129024e+16,-2.537709344129024e+16,-2.104441736960408e+16,8
2015-04-30,-2.537709344129024e+16,-2.537709344129024e+16,-2.537709344129024e+16,-2.537709344129024e+16,1029
2015-05-04,-2.537709344129024e+16,-2.537709344129024e+16,-2.537709344129024e+16,-2.537709344129024e+16,1029
2015-05-05,-2.537709344129024e+16,-2.537709344129024e+16,-2.537709344129024e+16,-2.537709344129024e+16,1029
2015-05-06,-2.537709344129024e+16,-2.537709344129024e+16,-2.537709344129024e+16,-2.537709344129024e+16,1029
2015-05-07,-2.537709344129024e+16,-2.537709344129024e+16,-2.537709344129024e+16,-2.537709344129024e+16,1029
2015-05-08,-2.537709344129024e+16,-2.537709344129024e+16,-2.537709344129024e+16,-2.537709344129024e+16,0
2015-05-11,-2.537709344129024e+16,-2.537709344129024e+16,-2.537709344129024e+16,-2.537709344129024e+16,1029
2015-05-12,-2.537709344129024e+16,-2.537709344129024e+16,-2.537709344129024e+16,-2.537709344129024e+16,1029
2015-05-13,-2.537709344129024e+16,-2.537709344129024e+16,-2.537709344129024e+16,-2.537709344129024e+16,1029
2015-05-14,-2.537709344129024e+16,-2.537709344129024e+16,-2.537709344129024e+16,-2.537709344129024e+16,1029
2015-05-15,-2.537709344129024e+16,-2.537709344129024e+16,-2.537709344129024e+16,-2.537709344129024e+16,0
2015-05-19,-2.537709344129024e+16,-2.537709344129024e+16,-2.537709344129024e+16,-2.537709344129024e+16,1029
2015-05-20,-2.537709344129024e+16,-2.537709344129024e+16,-2.537709344129024e+16,-2.537709344129024e+16,1029
2015-05-21,-2.537709344129024e+16,-2.537709344129024e+16,-2.537709344129024e+16,-2.537709344129024e+16,1029
2015-05-22,-2.537709344129024e+16,-2.537709344129024e+16,-2.537709344129024e+16,-2.537709344129024e+16,0
2015-05-25,-2.537709344129024e+16,-2.537709344129024e+16,-2.537709344129024e+16,-2.537709344129024e+16,1029
2015-05-26,-2.537709344129024e+16,-2.537709344129024e+16,-2.537709344129024e+16,-2.537709344129024e+16,1029
2015-05-27,-2.537709344129024e+16,-2.537709344129024e+16,-2.537709344129024e+16,-2.537709344129024e+16,1029
2015-05-28,-2.537709344129024e+16,-2.537709344129024e+16,-2.537709344129024e+16,-2.537709344129024e+16,1029
2015-05-29,-2.537709344129024e+16,-2.537709344129024e+16,-2.537709344129024e+16,-2.537709344129024e+16,0
2015-06-01,-2.537709344129024e+16,-2.537709344129024e+16,-2.537709344129024e+16,-2.537709344129024e+16,1029
2015-06-02,-2.537709344129024e+16,-2.537709344129024e+16,-2.537709344129024e+16,-2.537709344129024e+16,1029
2015-06-03,-2.537709344129024e+16,-2.537709344129024e+16,-2.537709344129024e+16,-2.537709344129024e+16,1029
2015-06-04,-2.537709344129024e+16,-2.537709344129024e+16,-2.537709344129024e+16,-2.537709344129024e+16,1029
2015-06-05,-2.537709344129024e+16,-2.537709344129024e+16,-2.537709344129024e+16,-2.537709344129024e+16,0
2015-06-09,-2.537709344129024e+16,-2.537709344129024e+16,-2.537709344129024e+16,-2.537709344129024e+16,1029
2015-06-10,-2.537709344129024e+16,-2.537709344129024e+16,-2.537709344129024e+16,-2.537709344129024e+16,1029
2015-06-11,-2.537709344129024e+16,-2.537709344129024e+16,-2.537709344129024e+16,-2.537709344129024e+16,1029
2015-06-12,-2.537709344129024e+16,-2.537709344129024e+16,-2.537709344129024e+16,-2.537709344129024e+16,0
2015-06-15,-2.537709344129024e+16,-2.537709344129024e+16,-2.537709344129024e+16,-2.537709344129024e+16,1029
2015-06-16,-2.537709344129024e+16,-2.537709344129024e+16,-2.537709344129024e+16,-2.537709344129024e+16,1029
2015-06-17,-2.537709344129024e+16,-2.537709344129024e+16,-2.537709344129024e+16,-2.537709344129024e+16,1029
2015-06-18,-2.537709344129024e+16,-2.537709344129024e+16,-2.537709344129024e+16,-2.537709344129024e+16,1029
2015-06-19,-2.537709344129024e+16,-2.537709344129024e+16,-2.537709344129024e+16,-2.537709344129024e+16,0
2015-06-22,-2.537709344129024e+16,-2.537709344129024e+16,-2.537709344129024e+16,-2.537709344129024e+16,1029
2015-06-23,-2.537709344129024e+16,-2.537709344129024e+16,-2.537709344129024e+16,-2.537709344129024e+16,1029
2015-06-25,-2.537709344129024e+16,-2.537709344129024e+16,-2.537709344129024e+16,-2.537709344129024e+16,1029
2015-06-26,-2.537709344129024e+16,-2.537709344129024e+16,-2.537709344129024e+16,-2.537709344129024e+16,0
2015-06-30,-2.537709344129024e+16,-2.537709344129024e+16,-2.537709344129024e+16,-2.537709344129024e+16,1029
2015-07-01,-2.537709344129024e+16,-2.537709344129024e+16,-2.537709344129024e+16,-2.537709344129024e+16,1029
2015-07-02,-2.537709344129024e+16,-2.537709344129024e+16,-2.537709344129024e+16,-2.537709344129024e+16,1029
2015-07-03,-2.537709344129024e+16,-2.537709344129024e+16,-2.537709344129024e+16,-2.537709344129024e+16,0
2015-07-06,-2.537709344129024e+16,-2.537709344129024e+16,-2.537709344129024e+16,-2.537709344129024e+16,1029
2015-07-07,-2.537709344129024e+16,-2.537709344129024e+16,-2.537709344129024e+16,-2.537709344129024e+16,1029
2015-07-08,-2.537709344129024e+16,-2.537709344129024e+16,-2.537709344129024e+16,-2.537709344129024e+16,1029
2015-07-09,-2.537709344129024e+16,-2.537709344129024e+16,-2.537709344129024e+16,-2.537709344129024e+16,1029
2015-07-10,-2.537709344129024e+16,-2.537709344129024e+16,-2.537709344129024e+16,-2.537709344129024e+16,0
2015-07-13,-2.537709344129024e+16,-2.537709344129024e+16,-2.537709344129024e+16,-2.537709344129024e+16,1029
2015-07-14,-2.537709344129024e+16,-2.537709344129024e+16,-2.537709344129024e+16,-2.537709344129024e+16,1029
2015-07-15,-2.537709344129024e+16,-2.537709344129024e+16,-2.537709344129024e+16,-2.537709344129024e+16,1029
2015-07-16,-2.537709344129024e+16,-2.537709344129024e+16,-2.537709344129024e+16,-2.537709344129024e+16,1029
2015-07-17,-2.537709344129024e+16,-2.537709344129024e+16,-2.537709344129024e+16,-2.537709344129024e+16,0
2015-07-20,-2.537709344129024e+16,-2.537709344129024e+16,-2.537709344129024e+16,-2.537709344129024e+16,1029
2015-07-21,-2.537709344129024e+16,-2.537709344129024e+16,-2.537709344129024e+16,-2.537709344129024e+16,1029
2015-07-22,-2.537709344129024e+16,-2.537709344129024e+16,-2.537709344129024e+16,-2.537709344129024e+16,1029
2015-07-23,-2.537709344129024e+16,-2.537709344129024e+16,-2.537709344129024e+16,-2.537709344129024e+16,1029
2015-07-27,-2.537709344129024e+16,-2.537709344129024e+16,-2.537709344129024e+16,-2.537709344129024e+16,1029
2015-07-28,-2.537709344129024e+16,-2.537709344129024e+16,-2.537709344129024e+16,-2.537709344129024e+16,1029
2015-07-29,-2.537709344129024e+16,-2.537709344129024e+16,-2.537709344129024e+16,-2.537709344129024e+16,1029
2015-07-30,-2.537709344129024e+16,-2.537709344129024e+16,-2.537709344129024e+16,-2.537709344129024e+16,1029
2015-07-31,-2.537709344129024e+16,-2.537709344129024e+16,-2.537709344129024e+16,-2.537709344129024e+16,0
2015-08-03,-2.537709344129024e+16,-2.537709344129024e+16,-2.537709344129024e+16,-2.537709344129024e+16,1029
2015-08-04,-2.537709344129024e+16,-2.537709344129024e+16,-2.537709344129024e+16,-2.537709344129024e+16,1029
2015-08-05,-2.537709344129024e+16,-2.537709344129024e+16,-2.537709344129024e+16,-2.537709344129024e+16,1029
2015-08-06,-2.537709344129024e+16,-2.537709344129024e+16,-2.537709344129024e+16,-2.537709344129024e+16,1029
2015-08-07,-2.537709344129024e+16,-2.537709344129024e+16,-2.537709344129024e+16,-2.537709344129024e+16,0
2015-08-10,-2.537709344129024e+16,-2.537709344129024e+16,-2.537709344129024e+16,-2.537709344129024e+16,1029
2015-08-11,-2.537709344129024e+16,-2.537709344129024e+16,-2.537709344129024e+16,-2.537709344129024e+16,1029
2015-08-12,-2.537709344129024e+16,-2.537709344129024e+16,-2.537709344129024e+16,-2.537709344129024e+16,1029
2015-08-13,-2.537709344129024e+16,-2.537709344129024e+16,-2.537709344129024e+16,-2.537709344129024e+16,1029
2015-08-14,-2.537709344129024e+16,-2.537709344129024e+16,-2.537709344129024e+16,-2.537709344129024e+16,0
2015-08-17,-2.537709344129024e+16,-2.537709344129024e+16,-2.537709344129024e+16,-2.537709344129024e+16,1029
2015-08-18,-2.537709344129024e+16,-2.537709344129024e+16,-2.537709344129024e+16,-2.537709344129024e+16,1029
2015-08-19,-2.537709344129024e+16,-2.537709344129024e+16,-2.537709344129024e+16,-2.537709344129024e+16,1029
2015-08-20,-2.537709344129024e+16,-2.537709344129024e+16,-2.537709344129024e+16,-2.537709344129024e+16,1029
2015-08-21,-2.537709344129024e+16,-2.537709344129024e+16,-2.537709344129024e+16,-2.537709344129024e+16,0
2015-08-24,-2.537709344129024e+16,-2.537709344129024e+16,-2.537709344129024e+16,-2.537709344129024e+16,1029
2015-08-25,-2.537709344129024e+16,-2.537709344129024e+16,-2.537709344129024e+16,-2.537709344129024e+16,1029
2015-08-26,-2.537709344129024e+16,-2.537709344129024e+16,-2.537709344129024e+16,-2.537709344129024e+16,1029
2015-08-27,-2.537709344129024e+16,-2.537709344129024e+16,-2.537709344129024e+16,-2.537709344129024e+16,1029
2015-08-28,-2.537709344129024e+16,-2.537709344129024e+16,-2.537709344129024e+16,-2.537709344129024e+16,0
2015-08-31,-2.537709344129024e+16,-2.537709344129024e+16,-2.537709344129024e+16,-2.537709344129024e+16,1029
2015-09-01,-2.537709344129024e+16,-2.537709344129024e+16,-2.537709344129024e+16,-2.537709344129024e+16,1029
2015-09-02,-2.537709344129024e+16,-2.537709344129024e+16,-2.537709344129024e+16,-2.537709344129024e+16,1029
2015-09-03,-2.537709344129024e+16,-2.537709344129024e+16,-2.537709344129024e+16,-2.537709344129024e+16,1029
2015-09-04,-2.537709344129024e+16,-2.537709344129024e+16,-2.537709344129024e+16,-2.537709344129024e+16,0
2015-09-07,-2.537709344129024e+16,-2.537709344129024e+16,-2.537709344129024e+16,-2.537709344129024e+16,1029
2015-09-08,-2.537709344129024e+16,-2.537709344129024e+16,-2.537709344129024e+16,-2.537709344129024e+16,1029
2015-09-09,-2.537709344129024e+16,-2.537709344129024e+16,-2.537709344129024e+16,-2.537709344129024e+16,1029
2015-09-10,-3.610562539395482e+16,-3.610562539395482e+16,-3.610562539395482e+16,-3.610562539395482e+16,25
2015-09-11,-3.610562539395482e+16,-3.610562539395482e+16,-3.610562539395482e+16,-3.610562539395482e+16,0
2015-09-14,-3.610562539395482e+16,-3.610562539395482e+16,-3.610562539395482e+16,-3.610562539395482e+16,0
2015-09-15,-3.610562539395482e+16,-3.610562539395482e+16,-3.610562539395482e+16,-3.610562539395482e+16,0
2015-09-16,-3.610562539395482e+16,-3.610562539395482e+16,-3.610562539395482e+16,-3.610562539395482e+16,0
2015-09-17,-3.610562539395482e+16,-3.610562539395482e+16,-3.610562539395482e+16,-3.610562539395482e+16,0
2015-09-18,-3.610562539395482e+16,-3.610562539395482e+16,-3.610562539395482e+16,-3.610562539395482e+16,0
2015-09-21,-3.610562539395482e+16,-3.610562539395482e+16,-3.610562539395482e+16,-3.610562539395482e+16,0
2015-09-22,-3.610562539395482e+16,-3.610562539395482e+16,-3.610562539395482e+16,-3.610562539395482e+16,0
2015-09-23,-3.610562539395482e+16,-3.610562539395482e+16,-3.610562539395482e+16,-3.610562539395482e+16,0
2015-09-24,-3.610562539395482e+16,-3.610562539395482e+16,-3.610562539395482e+16,-3.610562539395482e+16,0
2015-09-25,-3.610562539395482e+16,-3.610562539395482e+16,-3.610562539395482e+16,-3.610562539395482e+16,0
2015-09-28,-3.610562539395482e+16,-3.610562539395482e+16,-3.610562539395482e+16,-3.610562539395482e+16,0
2015-09-29,-3.610562539395482e+16,-3.610562539395482e+16,-3.610562539395482e+16,-3.610562539395482e+16,0
2015-09-30,-3.610562539395482e+16,-3.610562539395482e+16,-3.610562539395482e+16,-3.610562539395482e+16,0
2015-10-01,-3.610562539395482e+16,-3.610562539395482e+16,-3.610562539395482e+16,-3.610562539395482e+16,0
2015-10-02,-3.610562539395482e+16,-3.610562539395482e+16,-3.610562539395482e+16,-3.610562539395482e+16,0
2015-10-05,-3.610562539395482e+16,-3.610562539395482e+16,-3.610562539395482e+16,-3.610562539395482e+16,0
2015-10-06,-3.610562539395482e+16,-3.610562539395482e+16,-3.610562539395482e+16,-3.610562539395482e+16,0
2015-10-07,-3.610562539395482e+16,-3.610562539395482e+16,-3.610562539395482e+16,-3.610562539395482e+16,0
2015-10-08,-3.610562539395482e+16,-3.610562539395482e+16,-3.610562539395482e+16,-3.610562539395482e+16,0
2015-10-09,-3.610562539395482e+16,-3.610562539395482e+16,-3.610562539395482e+16,-3.610562539395482e+16,0
2015-10-13,-3.610562539395482e+16,-3.610562539395482e+16,-3.610562539395482e+16,-3.610562539395482e+16,0
2015-10-14,-3.610562539395482e+16,-3.610562539395482e+16,-3.610562539395482e+16,-3.610562539395482e+16,0
2015-10-15,-3.610562539395482e+16,-3.610562539395482e+16,-3.610562539395482e+16,-3.610562539395482e+16,0
2015-10-16,-3.610562539395482e+16,-3.610562539395482e+16,-3.610562539395482e+16,-3.610562539395482e+16,0
2015-10-19,-3.610562539395482e+16,-3.610562539395482e+16,-3.610562539395482e+16,-3.610562539395482e+16,0
2015-10-20,-3.610562539395482e+16,-3.610562539395482e+16,-3.610562539395482e+16,-3.610562539395482e+16,0
2015-10-21,-3.610562539395482e+16,-3.610562539395482e+16,-3.610562539395482e+16,-3.610562539395482e+16,0
2015-10-22,-3.610562539395482e+16,-3.610562539395482e+16,-3.610562539395482e+16,-3.610562539395482e+16,0
2015-10-23,-3.610562539395482e+16,-3.610562539395482e+16,-3.610562539395482e+16,-3.610562539395482e+16,0
2015-10-26,-3.610562539395482e+16,-3.610562539395482e+16,-3.610562539395482e+16,-3.610562539395482e+16,0
2015-10-27,-3.610562539395482e+16,-3.610562539395482e+16,-3.610562539395482e+16,-3.610562539395482e+16,0
2015-10-28,-3.610562539395482e+16,-3.610562539395482e+16,-3.610562539395482e+16,-3.610562539395482e+16,0
2015-10-29,-3.610562539395482e+16,-3.610562539395482e+16,-3.610562539395482e+16,-3.610562539395482e+16,0
2015-10-30,-3.610562539395482e+16,-3.610562539395482e+16,-3.610562539395482e+16,-3.610562539395482e+16,0
2015-11-02,-3.610562539395482e+16,-3.610562539395482e+16,-3.610562539395482e+16,-3.610562539395482e+16,0
2015-11-03,-3.610562539395482e+16,-3.610562539395482e+16,-3.610562539395482e+16,-3.610562539395482e+16,0
2015-11-04,-3.610562539395482e+16,-3.610562539395482e+16,-3.610562539395482e+16,-3.610562539395482e+16,0
2015-11-05,-3.610562539395482e+16,-3.610562539395482e+16,-3.610562539395482e+16,-3.610562539395482e+16,0
2015-11-06,-3.610562539395482e+16,-3.610562539395482e+16,-3.610562539395482e+16,-3.610562539395482e+16,0
2015-11-09,-3.610562539395482e+16,-3.610562539395482e+16,-3.610562539395482e+16,-3.610562539395482e+16,0
2015-11-10,-3.610562539395482e+16,-3.610562539395482e+16,-3.610562539395482e+16,-3.610562539395482e+16,0
2015-11-11,-3.610562539395482e+16,-3.610562539395482e+16,-3.610562539395482e+16,-3.610562539395482e+16,0
2015-11-12,-3.610562539395482e+16,-3.610562539395482e+16,-3.610562539395482e+16,-3.610562539395482e+16,0
2015-11-13,-3.610562539395482e+16,-3.610562539395482e+16,-3.610562539395482e+16,-3.610562539395482e+16,0
2015-11-16,-3.610562539395482e+16,-3.610562539395482e+16,-3.610562539395482e+16,-3.610562539395482e+16,0
2015-11-17,-3.610562539395482e+16,-3.610562539395482e+16,-3.610562539395482e+16,-3.610562539395482e+16,0
2015-11-18,-3.610562539395482e+16,-3.610562539395482e+16,-3.610562539395482e+16,-3.610562539395482e+16,0
2015-11-19,-3.610562539395482e+16,-3.610562539395482e+16,-3.610562539395482e+16,-3.610562539395482e+16,0
2015-11-20,-3.610562539395482e+16,-3.610562539395482e+16,-3.610562539395482e+16,-3.610562539395482e+16,0
2015-11-23,-3.610562539395482e+16,-3.610562539395482e+16,-3.610562539395482e+16,-3.610562539395482e+16,0
2015-11-24,-3.610562539395482e+16,-3.610562539395482e+16,-3.610562539395482e+16,-3.610562539395482e+16,0
2015-11-25,-3.610562539395482e+16,-3.610562539395482e+16,-3.610562539395482e+16,-3.610562539395482e+16,0
2015-11-26,-3.610562539395482e+16,-3.610562539395482e+16,-3.610562539395482e+16,-3.610562539395482e+16,0
2015-11-27,-3.610562539395482e+16,-3.610562539395482e+16,-3.610562539395482e+16,-3.610562539395482e+16,0
2015-11-30,-3.610562539395482e+16,-3.610562539395482e+16,-3.610562539395482e+16,-3.610562539395482e+16,0
2015-12-01,-3.610562539395482e+16,-3.610562539395482e+16,-3.610562539395482e+16,-3.610562539395482e+16,0
2015-12-02,-3.610562539395482e+16,-3.610562539395482e+16,-3.610562539395482e+16,-3.610562539395482e+16,0
2015-12-03,-3.610562539395482e+16,-3.610562539395482e+16,-3.610562539395482e+16,-3.610562539395482e+16,0
2015-12-04,-3.610562539395482e+16,-3.610562539395482e+16,-3.610562539395482e+16,-3.610562539395482e+16,0
2015-12-08,-3.610562539395482e+16,-3.610562539395482e+16,-3.610562539395482e+16,-3.610562539395482e+16,0
2015-12-09,-3.610562539395482e+16,-3.610562539395482e+16,-3.610562539395482e+16,-3.610562539395482e+16,0
2015-12-10,-3.610562539395482e+16,-3.610562539395482e+16,-3.610562539395482e+16,-3.610562539395482e+16,0
2015-12-11,-3.610562539395482e+16,-3.610562539395482e+16,-3.610562539395482e+16,-3.610562539395482e+16,0
2015-12-14,-3.610562539395482e+16,-3.610562539395482e+16,-3.610562539395482e+16,-3.610562539395482e+16,0
2015-12-15,-3.610562539395482e+16,-3.610562539395482e+16,-3.610562539395482e+16,-3.610562539395482e+16,0
2015-12-16,-3.610562539395482e+16,-3.610562539395482e+16,-3.610562539395482e+16,-3.610562539395482e+16,0
2015-12-17,-3.610562539395482e+16,-3.610562539395482e+16,-3.610562539395482e+16,-3.610562539395482e+16,0
2015-12-18,-3.610562539395482e+16,-3.610562539395482e+16,-3.610562539395482e+16,-3.610562539395482e+16,0
2015-12-21,-3.610562539395482e+16,-3.610562539395482e+16,-3.610562539395482e+16,-3.610562539395482e+16,0
2015-12-22,-3.610562539395482e+16,-3.610562539395482e+16,-3.610562539395482e+16,-3.610562539395482e+16,0
2015-12-23,-3.610562539395482e+16,-3.610562539395482e+16,-3.610562539395482e+16,-3.610562539395482e+16,0
2015-12-28,-3.610562539395482e+16,-3.610562539395482e+16,-3.610562539395482e+16,-3.610562539395482e+16,0
2015-12-29,-3.610562539395482e+16,-3.610562539395482e+16,-3.610562539395482e+16,-3.610562539395482e+16,0
2015-12-30,-3.610562539395482e+16,-3.610562539395482e+16,-3.610562539395482e+16,-3.610562539395482e+16,0
2016-01-04,-3.610562539395482e+16,-3.610562539395482e+16,-3.610562539395482e+16,-3.610562539395482e+16,0
2016-01-05,-3.610562539395482e+16,-3.610562539395482e+16,-3.610562539395482e+16,-3.610562539395482e+16,0
2016-01-06,-3.610562539395482e+16,-3.610562539395482e+16,-3.610562539395482e+16,-3.610562539395482e+16,0
2016-01-07,-3.610562539395482e+16,-3.610562539395482e+16,-3.610562539395482e+16,-3.610562539395482e+16,0
2016-01-08,-3.610562539395482e+16,-3.610562539395482e+16,-3.610562539395482e+16,-3.610562539395482e+16,0
2016-01-12,-3.610562539395482e+16,-3.610562539395482e+16,-3.610562539395482e+16,-3.610562539395482e+16,0
2016-01-13,-3.610562539395482e+16,-3.610562539395482e+16,-3.610562539395482e+16,-3.610562539395482e+16,0
2016-01-14,-3.610562539395482e+16,-3.610562539395482e+16,-3.610562539395482e+16,-3.610562539395482e+16,0
2016-01-15,-3.610562539395482e+16,-3.610562539395482e+16,-3.610562539395482e+16,-3.610562539395482e+16,0
2016-01-18,-3.610562539395482e+16,-3.610562539395482e+16,-3.610562539395482e+16,-3.610562539395482e+16,0
2016-01-19,-3.610562539395482e+16,-3.610562539395482e+16,-3.610562539395482e+16,-3.610562539395482e+16,0
2016-01-20,-3.610562539395482e+16,-3.610562539395482e+16,-3.610562539395482e+16,-3.610562539395482e+16,0
2016-01-21,-3.610562539395482e+16,-3.610562539395482e+16,-3.610562539395482e+16,-3.610562539395482e+16,0
2016-01-22,-3.610562539395482e+16,-3.610562539395482e+16,-3.610562539395482e+16,-3.610562539395482e+16,0
2016-01-25,-3.610562539395482e+16,-3.610562539395482e+16,-3.610562539395482e+16,-3.610562539395482e+16,0
2016-01-26,-3.610562539395482e+16,-3.610562539395482e+16,-3.610562539395482e+16,-3.610562539395482e+16,0
2016-01-27,-3.610562539395482e+16,-3.610562539395482e+16,-3.610562539395482e+16,-3.610562539395482e+16,0
2016-01-28,-3.610562539395482e+16,-3.610562539395482e+16,-3.610562539395482e+16,-3.610562539395482e+16,0
2016-01-29,-3.610562539395482e+16,-3.610562539395482e+16,-3.610562539395482e+16,-3.610562539395482e+16,0
2016-02-01,-3.610562539395482e+16,-3.610562539395482e+16,-3.610562539395482e+16,-3.610562539395482e+16,0
2016-02-02,-3.610562539395482e+16,-3.610562539395482e+16,-3.610562539395482e+16,-3.610562539395482e+16,0
2016-02-03,-3.610562539395482e+16,-3.610562539395482e+16,-3.610562539395482e+16,-3.610562539395482e+16,0
2016-02-04,-3.610562539395482e+16,-3.610562539395482e+16,-3.610562539395482e+16,-3.610562539395482e+16,0
2016-02-05,-3.610562539395482e+16,-3.610562539395482e+16,-3.610562539395482e+16,-3.610562539395482e+16,0
2016-02-10,-3.610562539395482e+16,-3.610562539395482e+16,-3.610562539395482e+16,-3.610562539395482e+16,0
2016-02-11,-3.610562539395482e+16,-3.610562539395482e+16,-3.610562539395482e+16,-3.610562539395482e+16,0
2016-02-12,-3.610562539395482e+16,-3.610562539395482e+16,-3.610562539395482e+16,-3.610562539395482e+16,0
2016-02-15,-3.610562539395482e+16,-3.610562539395482e+16,-3.610562539395482e+16,-3.610562539395482e+16,0
2016-02-16,-3.610562539395482e+16,-3.610562539395482e+16,-3.610562539395482e+16,-3.610562539395482e+16,0
2016-02-17,-3.610562539395482e+16,-3.610562539395482e+16,-3.610562539395482e+16,-3.610562539395482e+16,0
2016-02-18,-3.610562539395482e+16,-3.610562539395482e+16,-3.610562539395482e+16,-3.610562539395482e+16,0
2016-02-19,-3.610562539395482e+16,-3.610562539395482e+16,-3.610562539395482e+16,-3.610562539395482e+16,0
2016-02-22,-3.610562539395482e+16,-3.610562539395482e+16,-3.610562539395482e+16,-3.610562539395482e+16,0
2016-02-23,-3.610562539395482e+16,-3.610562539395482e+16,-3.610562539395482e+16,-3.610562539395482e+16,0
2016-02-24,-3.610562539395482e+16,-3.610562539395482e+16,-3.610562539395482e+16,-3.610562539395482e+16,0
2016-02-25,-3.610562539395482e+16,-3.610562539395482e+16,-3.610562539395482e+16,-3.610562539395482e+16,0
2016-02-26,-3.610562539395482e+16,-3.610562539395482e+16,-3.610562539395482e+16,-3.610562539395482e+16,0
2016-02-29,-3.610562539395482e+16,-3.610562539395482e+16,-3.610562539395482e+16,-3.610562539395482e+16,0
2016-03-01,-3.610562539395482e+16,-3.610562539395482e+16,-3.610562539395482e+16,-3.610562539395482e+16,0
2016-03-02,-3.610562539395482e+16,-3.610562539395482e+16,-3.610562539395482e+16,-3.610562539395482e+16,0
2016-03-03,-3.610562539395482e+16,-3.610562539395482e+16,-3.610562539395482e+16,-3.610562539395482e+16,0
2016-03-04,-3.610562539395482e+16,-3.610562539395482e+16,-3.610562539395482e+16,-3.610562539395482e+16,0
2016-03-07,-3.610562539395482e+16,-3.610562539395482e+16,-3.610562539395482e+16,-3.610562539395482e+16,0
2016-03-08,-3.610562539395482e+16,-3.610562539395482e+16,-3.610562539395482e+16,-3.610562539395482e+16,0
2016-03-09,-3.610562539395482e+16,-3.610562539395482e+16,-3.610562539395482e+16,-3.610562539395482e+16,0
2016-03-10,-3.610562539395482e+16,-3.610562539395482e+16,-3.610562539395482e+16,-3.610562539395482e+16,0
2016-03-11,-3.610562539395482e+16,-3.610562539395482e+16,-3.610562539395482e+16,-3.610562539395482e+16,0
2016-03-14,-3.610562539395482e+16,-3.610562539395482e+16,-3.610562539395482e+16,-3.610562539395482e+16,0
2016-03-15,-3.610562539395482e+16,-3.610562539395482e+16,-3.610562539395482e+16,-3.610562539395482e+16,0
2016-03-16,-3.610562539395482e+16,-3.610562539395482e+16,-3.610562539395482e+16,-3.610562539395482e+16,0
2016-03-17,-3.610562539395482e+16,-3.610562539395482e+16,-3.610562539395482e+16,-3.610562539395482e+16,0
2016-03-18,-3.610562539395482e+16,-3.610562539395482e+16,-3.610562539395482e+16,-3.610562539395482e+16,0
2016-03-21,-3.610562539395482e+16,-3.610562539395482e+16,-3.610562539395482e+16,-3.610562539395482e+16,0
2016-03-22,-3.610562539395482e+16,-3.610562539395482e+16,-3.610562539395482e+16,-3.610562539395482e+16,0
2016-03-23,-3.610562539395482e+16,-3.610562539395482e+16,-3.610562539395482e+16,-3.610562539395482e+16,0
2016-03-28,-3.610562539395482e+16,-3.610562539395482e+16,-3.610562539395482e+16,-3.610562539395482e+16,0
2016-03-29,-3.610562539395482e+16,-3.610562539395482e+16,-3.610562539395482e+16,-3.610562539395482e+16,0
2016-03-30,-3.610562539395482e+16,-3.610562539395482e+16,-3.610562539395482e+16,-3.610562539395482e+16,0
2016-03-31,-3.610562539395482e+16,-3.610562539395482e+16,-3.610562539395482e+16,-3.610562539395482e+16,0
2016-04-01,-3.610562539395482e+16,-3.610562539395482e+16,-3.610562539395482e+16,-3.610562539395482e+16,0
2016-04-04,-3.610562539395482e+16,-3.610562539395482e+16,-3.610562539395482e+16,-3.610562539395482e+16,0
2016-04-05,-3.610562539395482e+16,-3.610562539395482e+16,-3.610562539395482e+16,-3.610562539395482e+16,0
2016-04-06,-3.610562539395482e+16,-3.610562539395482e+16,-3.610562539395482e+16,-3.610562539395482e+16,0
2016-04-07,-3.610562539395482e+16,-3.610562539395482e+16,-3.610562539395482e+16,-3.610562539395482e+16,0
2016-04-08,-3.610562539395482e+16,-3.610562539395482e+16,-3.610562539395482e+16,-3.610562539395482e+16,0
2016-04-11,-3.610562539395482e+16,-3.610562539395482e+16,-3.610562539395482e+16,-3.610562539395482e+16,0
2016-04-12,-3.610562539395482e+16,-3.610562539395482e+16,-3.610562539395482e+16,-3.610562539395482e+16,0
2016-04-13,-3.610562539395482e+16,-3.610562539395482e+16,-3.610562539395482e+16,-3.610562539395482e+16,0
2016-04-14,-3.610562539395482e+16,-3.610562539395482e+16,-3.610562539395482e+16,-3.610562539395482e+16,0
2016-04-15,-3.610562539395482e+16,-3.610562539395482e+16,-3.610562539395482e+16,-3.610562539395482e+16,0
2016-04-18,-3.610562539395482e+16,-3.610562539395482e+16,-3.610562539395482e+16,-3.610562539395482e+16,0
2016-04-20,-3.610562539395482e+16,-3.610562539395482e+16,-3.610562539395482e+16,-3.610562539395482e+16,0
2016-04-21,-3.610562539395482e+16,-3.610562539395482e+16,-3.610562539395482e+16,-3.610562539395482e+16,0
2016-04-22,-3.610562539395482e+16,-3.610562539395482e+16,-3.610562539395482e+16,-3.610562539395482e+16,0
2016-04-25,-3.610562539395482e+16,-3.610562539395482e+16,-3.610562539395482e+16,-3.610562539395482e+16,0
2016-04-26,-3.36298086760448e+16,-3.36298086760448e+16,-3.36298086760448e+16,-3.36298086760448e+16,4
2016-04-27,-3.36298086760448e+16,-3.36298086760448e+16,-3.36298086760448e+16,-3.36298086760448e+16,0
2016-04-28,-3.36298086760448e+16,-3.36298086760448e+16,-3.36298086760448e+16,-3.36298086760448e+16,0
2016-04-29,-3.36298086760448e+16,-3.36298086760448e+16,-3.36298086760448e+16,-3.36298086760448e+16,0
2016-05-02,-3.36298086760448e+16,-3.36298086760448e+16,-3.36298086760448e+16,-3.36298086760448e+16,0
2016-05-03,-3.36298086760448e+16,-3.36298086760448e+16,-3.36298086760448e+16,-3.36298086760448e+16,0
2016-05-04,-3.36298086760448e+16,-3.36298086760448e+16,-3.36298086760448e+16,-3.36298086760448e+16,0
2016-05-05,-3.36298086760448e+16,-3.36298086760448e+16,-3.36298086760448e+16,-3.36298086760448e+16,0
2016-05-06,-3.36298086760448e+16,-3.36298086760448e+16,-3.36298086760448e+16,-3.36298086760448e+16,0
2016-05-10,-3.36298086760448e+16,-3.36298086760448e+16,-3.36298086760448e+16,-3.36298086760448e+16,0
2016-05-11,-3.36298086760448e+16,-3.36298086760448e+16,-3.36298086760448e+16,-3.36298086760448e+16,0
2016-05-12,-3.36298086760448e+16,-3.36298086760448e+16,-3.36298086760448e+16,-3.36298086760448e+16,0
2016-05-13,-3.36298086760448e+16,-3.36298086760448e+16,-3.36298086760448e+16,-3.36298086760448e+16,0
2016-05-16,-3.36298086760448e+16,-3.36298086760448e+16,-3.36298086760448e+16,-3.36298086760448e+16,0
2016-05-17,-3.36298086760448e+16,-3.36298086760448e+16,-3.36298086760448e+16,-3.36298086760448e+16,0
2016-05-18,-3.36298086760448e+16,-3.36298086760448e+16,-3.36298086760448e+16,-3.36298086760448e+16,0
2016-05-19,-3.36298086760448e+16,-3.36298086760448e+16,-3.36298086760448e+16,-3.36298086760448e+16,0
2016-05-20,-3.36298086760448e+16,-3.36298086760448e+16,-3.36298086760448e+16,-3.36298086760448e+16,0
2016-05-23,-3.36298086760448e+16,-3.36298086760448e+16,-3.36298086760448e+16,-3.36298086760448e+16,0
2016-05-24,-3.36298086760448e+16,-3.36298086760448e+16,-3.36298086760448e+16,-3.36298086760448e+16,0
2016-05-25,-3.36298086760448e+16,-3.36298086760448e+16,-3.36298086760448e+16,-3.36298086760448e+16,0
2016-05-26,-3.36298086760448e+16,-3.36298086760448e+16,-3.36298086760448e+16,-3.36298086760448e+16,0
2016-05-27,-3.36298086760448e+16,-3.36298086760448e+16,-3.36298086760448e+16,-3.36298086760448e+16,0
2016-05-31,-3.36298086760448e+16,-3.36298086760448e+16,-3.36298086760448e+16,-3.36298086760448e+16,0
2016-06-01,-3.36298086760448e+16,-3.36298086760448e+16,-3.36298086760448e+16,-3.36298086760448e+16,0
2016-06-02,-3.36298086760448e+16,-3.36298086760448e+16,-3.36298086760448e+16,-3.36298086760448e+16,0
2016-06-03,-3.36298086760448e+16,-3.36298086760448e+16,-3.36298086760448e+16,-3.36298086760448e+16,0
2016-06-06,-3.36298086760448e+16,-3.36298086760448e+16,-3.36298086760448e+16,-3.36298086760448e+16,0
2016-06-07,-3.36298086760448e+16,-3.36298086760448e+16,-3.36298086760448e+16,-3.36298086760448e+16,0
2016-06-08,-3.36298086760448e+16,-3.36298086760448e+16,-3.36298086760448e+16,-3.36298086760448e+16,0
2016-06-09,-3.36298086760448e+16,-3.36298086760448e+16,-3.36298086760448e+16,-3.36298086760448e+16,0
2016-06-10,-3.36298086760448e+16,-3.36298086760448e+16,-3.36298086760448e+16,-3.36298086760448e+16,0
2016-06-13,-3.36298086760448e+16,-3.36298086760448e+16,-3.36298086760448e+16,-3.36298086760448e+16,0
2016-06-14,-3.36298086760448e+16,-3.36298086760448e+16,-3.36298086760448e+16,-3.36298086760448e+16,0
2016-06-15,-3.36298086760448e+16,-3.36298086760448e+16,-3.36298086760448e+16,-3.36298086760448e+16,0
2016-06-16,-3.36298086760448e+16,-3.36298086760448e+16,-3.36298086760448e+16,-3.36298086760448e+16,0
2016-06-17,-3.36298086760448e+16,-3.36298086760448e+16,-3.36298086760448e+16,-3.36298086760448e+16,0
2016-06-20,-3.36298086760448e+16,-3.36298086760448e+16,-3.36298086760448e+16,-3.36298086760448e+16,0
2016-06-21,-3.36298086760448e+16,-3.36298086760448e+16,-3.36298086760448e+16,-3.36298086760448e+16,0
2016-06-22,-3.36298086760448e+16,-3.36298086760448e+16,-3.36298086760448e+16,-3.36298086760448e+16,0
2016-06-23,-3.36298086760448e+16,-3.36298086760448e+16,-3.36298086760448e+16,-3.36298086760448e+16,0
2016-06-27,-3.36298086760448e+16,-3.36298086760448e+16,-3.36298086760448e+16,-3.36298086760448e+16,0
2016-06-28,-3.36298086760448e+16,-3.36298086760448e+16,-3.36298086760448e+16,-3.36298086760448e+16,0
2016-06-29,-3.36298086760448e+16,-3.36298086760448e+16,-3.36298086760448e+16,-3.36298086760448e+16,0
2016-06-30,-3.36298086760448e+16,-3.36298086760448e+16,-3.36298086760448e+16,-3.36298086760448e+16,0
2016-07-01,-3.36298086760448e+16,-3.36298086760448e+16,-3.36298086760448e+16,-3.36298086760448e+16,0
2016-07-06,-3.36298086760448e+16,-3.36298086760448e+16,-3.36298086760448e+16,-3.36298086760448e+16,0
2016-07-07,-3.36298086760448e+16,-3.36298086760448e+16,-3.36298086760448e+16,-3.36298086760448e+16,0
2016-07-08,-3.36298086760448e+16,-3.36298086760448e+16,-3.36298086760448e+16,-3.36298086760448e+16,0
2016-07-11,-3.36298086760448e+16,-3.36298086760448e+16,-3.36298086760448e+16,-3.36298086760448e+16,0
2016-07-12,-3.36298086760448e+16,-3.36298086760448e+16,-3.36298086760448e+16,-3.36298086760448e+16,0
2016-07-13,-3.36298086760448e+16,-3.36298086760448e+16,-3.36298086760448e+16,-3.36298086760448e+16,0
2016-07-14,-3.36298086760448e+16,-3.36298086760448e+16,-3.36298086760448e+16,-3.36298086760448e+16,0
2016-07-15,-3.36298086760448e+16,-3.36298086760448e+16,-3.36298086760448e+16,-3.36298086760448e+16,0
2016-07-18,-3.36298086760448e+16,-3.36298086760448e+16,-3.36298086760448e+16,-3.36298086760448e+16,0
2016-07-19,-3.36298086760448e+16,-3.36298086760448e+16,-3.36298086760448e+16,-3.36298086760448e+16,0
2016-07-20,-3.36298086760448e+16,-3.36298086760448e+16,-3.36298086760448e+16,-3.36298086760448e+16,0
2016-07-21,-3.36298086760448e+16,-3.36298086760448e+16,-3.36298086760448e+16,-3.36298086760448e+16,0
2016-07-22,-3.36298086760448e+16,-3.36298086760448e+16,-3.36298086760448e+16,-3.36298086760448e+16,0
2016-07-25,-3.36298086760448e+16,-3.36298086760448e+16,-3.36298086760448e+16,-3.36298086760448e+16,0
2016-07-26,-3.36298086760448e+16,-3.36298086760448e+16,-3.36298086760448e+16,-3.36298086760448e+16,0
2016-07-27,-3.36298086760448e+16,-3.36298086760448e+16,-3.36298086760448e+16,-3.36298086760448e+16,0
2016-07-28,-3.36298086760448e+16,-3.36298086760448e+16,-3.36298086760448e+16,-3.36298086760448e+16,0
2016-07-29,-3.36298086760448e+16,-3.36298086760448e+16,-3.36298086760448e+16,-3.36298086760448e+16,0
2016-08-01,-3.36298086760448e+16,-3.36298086760448e+16,-3.36298086760448e+16,-3.36298086760448e+16,0
2016-08-02,-3.36298086760448e+16,-3.36298086760448e+16,-3.36298086760448e+16,-3.36298086760448e+16,0
2016-08-03,-3.36298086760448e+16,-3.36298086760448e+16,-3.36298086760448e+16,-3.36298086760448e+16,0
2016-08-04,-3.36298086760448e+16,-3.36298086760448e+16,-3.36298086760448e+16,-3.36298086760448e+16,0
2016-08-05,-3.36298086760448e+16,-3.36298086760448e+16,-3.36298086760448e+16,-3.36298086760448e+16,0
2016-08-08,-3.36298086760448e+16,-3.36298086760448e+16,-3.36298086760448e+16,-3.36298086760448e+16,0
2016-08-09,-3.36298086760448e+16,-3.36298086760448e+16,-3.36298086760448e+16,-3.36298086760448e+16,0
2016-08-10,-3.36298086760448e+16,-3.36298086760448e+16,-3.36298086760448e+16,-3.36298086760448e+16,0
2016-08-11,-3.36298086760448e+16,-3.36298086760448e+16,-3.36298086760448e+16,-3.36298086760448e+16,0
2016-08-12,-3.36298086760448e+16,-3.36298086760448e+16,-3.36298086760448e+16,-3.36298086760448e+16,0
2016-08-16,-3.36298086760448e+16,-3.36298086760448e+16,-3.36298086760448e+16,-3.36298086760448e+16,0
2016-08-17,-3.36298086760448e+16,-3.36298086760448e+16,-3.36298086760448e+16,-3.36298086760448e+16,0
2016-08-18,-3.36298086760448e+16,-3.36298086760448e+16,-3.36298086760448e+16,-3.36298086760448e+16,0
2016-08-19,-3.36298086760448e+16,-3.36298086760448e+16,-3.36298086760448e+16,-3.36298086760448e+16,0
2016-08-22,-3.36298086760448e+16,-3.36298086760448e+16,-3.36298086760448e+16,-3.36298086760448e+16,0
2016-08-23,269532659712.0,269532659712.0,269532659712.0,269532659712.0,0
2016-08-24,269532659712.0,269532659712.0,269532659712.0,269532659712.0,0
2016-08-25,269532659712.0,269532659712.0,269532659712.0,269532659712.0,0
2016-08-26,269532659712.0,269532659712.0,269532659712.0,269532659712.0,0
2016-08-29,322447081472.0,322447081472.0,322447081472.0,322447081472.0,10
2016-08-30,386936471552.0,386936471552.0,386936471552.0,386936471552.0,6
2016-08-31,386936471552.0,386936471552.0,386936471552.0,386936471552.0,0
2016-09-01,386936471552.0,386936471552.0,386936471552.0,386936471552.0,0
2016-09-02,386936471552.0,386936471552.0,386936471552.0,386936471552.0,0
2016-09-05,386936471552.0,386936471552.0,386936471552.0,386936471552.0,0
2016-09-06,386936471552.0,386936471552.0,386936471552.0,386936471552.0,0
2016-09-07,386936471552.0,386936471552.0,386936471552.0,386936471552.0,0
2016-09-08,386936471552.0,386936471552.0,386936471552.0,386936471552.0,0
2016-09-09,386936471552.0,386936471552.0,386936471552.0,386936471552.0,0
2016-09-12,386936471552.0,386936471552.0,386936471552.0,386936471552.0,0
2016-09-13,386936471552.0,386936471552.0,386936471552.0,386936471552.0,0
2016-09-14,463000895488.0,463000895488.00006,463000895488.00006,463000895488.00006,4
2016-09-15,463000895488.0,463000895488.00006,463000895488.00006,463000895488.00006,0
2016-09-16,463000895488.0,463000895488.00006,463000895488.00006,463000895488.00006,0
2016-09-19,463000895488.0,463000895488.00006,463000895488.00006,463000895488.00006,0
2016-09-20,666390626304.0,666390626304.0,666390626304.0,666390626304.0,4
2016-09-21,666390626304.0,666390626304.0,666390626304.0,666390626304.0,0
2016-09-22,666390626304.0,666390626304.0,666390626304.0,666390626304.0,0
2016-09-23,666390626304.0,666390626304.0,666390626304.0,666390626304.0,0
2016-09-26,666390626304.0,666390626304.0,666390626304.0,666390626304.0,0
2016-09-27,798676549632.0,798676549632.0,798676549632.0,798676549632.0,1
2016-09-28,798676549632.0,798676549632.0,798676549632.0,798676549632.0,0
2016-09-29,798676549632.0,798676549632.0,798676549632.0,798676549632.0,0
2016-09-30,798676549632.0,798676549632.0,798676549632.0,798676549632.0,0
2016-10-03,798676549632.0,798676549632.0,798676549632.0,798676549632.0,0
2016-10-04,798676549632.0,798676549632.0,798676549632.0,798676549632.0,2
2016-10-05,798676549632.0,798676549632.0,798676549632.0,798676549632.0,0
2016-10-06,798676549632.0,798676549632.0,798676549632.0,798676549632.0,0
2016-10-07,798676549632.0,798676549632.0,798676549632.0,798676549632.0,0
2016-10-10,798676549632.0,798676549632.0,798676549632.0,798676549632.0,0
2016-10-11,798676549632.0,798676549632.0,798676549632.0,798676549632.0,0
2016-10-13,800330153984.0,800330153984.0,800330153984.0,800330153984.0,4
2016-10-14,959073288192.0,959073288192.0,959073288192.0,959073288192.0,100
2016-10-17,1140966424576.0,1140966424576.0,1140966424576.0,1140966424576.0,5
2016-10-18,1355930927104.0,1355930927104.0,1355930927104.0,1355930927104.0,10
2016-10-19,1620503035904.0,1620503035904.0,1620503035904.0,1620503035904.0,20
2016-10-20,1934682488832.0,1934682488831.9998,1934682488831.9998,1934682488831.9998,16
2016-10-21,2315004936192.0,2315004936192.0,2315004936192.0,2315004936192.0,12
2016-10-24,2778005241856.0,2778005241856.0,2778005241856.0,2778005241856.0,9
2016-10-25,3950390018048.0,3950390018048.0,3950390018048.0,3950390018048.0,16
2016-10-26,4729222987776.0,4729222987776.0,4729222987776.0,4729222987776.0,32
2016-10-27,5622154133504.0,5622154133504.0,5622154133504.0,5622154133504.0,12
2016-10-28,5622154133504.0,5622154133504.0,5622154133504.0,5622154133504.0,0
2016-10-31,5622154133504.0,5622154133504.0,5622154133504.0,5622154133504.0,0
2016-11-01,5622154133504.0,5622154133504.0,5622154133504.0,5622154133504.0,0
2016-11-02,5622154133504.0,5622154133504.0,5622154133504.0,5622154133504.0,0
2016-11-03,5622154133504.0,5622154133504.0,5622154133504.0,5622154133504.0,0
2016-11-04,5622154133504.0,5622154133504.0,5622154133504.0,5622154133504.0,0
2016-11-08,4497723097088.0,4497723097088.0,4497723097088.0,4497723097088.0,2
2016-11-09,4497723097088.0,4497723097088.0,4497723097088.0,4497723097088.0,0
2016-11-10,5952868188160.0,5952868188160.0,5952868188160.0,5952868188160.0,49
2016-11-11,7110371311616.0,7110371311616.0,7110371311616.0,7110371311616.0,8
2016-11-14,7110371311616.0,7110371311616.0,7110371311616.0,7110371311616.0,0
2016-11-15,7110371311616.0,7110371311616.0,7110371311616.0,7110371311616.0,0
2016-11-16,6614297870336.0,6614297870336.0,6614297870336.0,6614297870336.0,2
2016-11-17,7110371311616.0,7110371311616.0,7110371311616.0,7110371311616.0,98
2016-11-18,7110371311616.0,7110371311616.0,7110371311616.0,7110371311616.0,0
2016-11-21,8267873386496.0,8267873386496.0,8267873386496.0,8267873386496.0,1
2016-11-22,8259606413312.0,8259606413312.001,8259606413312.001,8259606413312.001,1
2016-11-23,8259606413312.0,8259606413312.001,8259606413312.001,8259606413312.001,0
2016-11-24,8102515572736.0,8102515572735.999,8102515572735.999,8102515572735.999,47
2016-11-25,8102515572736.0,8102515572735.999,8102515572735.999,8102515572735.999,0
2016-11-28,8259606413312.0,8259606413312.001,8259606413312.001,8259606413312.001,18
2016-11-29,8259606413312.0,8259606413312.001,8259606413312.001,8259606413312.001,0
2016-11-30,8259606413312.0,8259606413312.001,8259606413312.001,8259606413312.001,0
2016-12-01,8259606413312.0,8259606413312.001,8259606413312.001,8259606413312.001,0
2016-12-02,8259606413312.0,8259606413312.001,8259606413312.001,8259606413312.001,0
2016-12-05,8259606413312.0,8259606413312.001,8259606413312.001,8259606413312.001,0
2016-12-06,8267873386496.0,8267873386496.0,8267873386496.0,8267873386496.0,51
2016-12-07,8433231200256.0,8433231200256.0,8433231200256.0,8433231200256.0,21
2016-12-08,8433231200256.0,8433231200256.0,8433231200256.0,8433231200256.0,0
2016-12-09,8433231200256.0,8433231200256.0,8433231200256.0,8433231200256.0,0
2016-12-13,8433231200256.0,8433231200256.0,8433231200256.0,8433231200256.0,0
2016-12-14,8433231200256.0,8433231200256.0,8433231200256.0,8433231200256.0,0
2016-12-15,8267873386496.0,8267873386496.0,8267873386496.0,8267873386496.0,1
2016-12-16,8267873386496.0,8267873386496.0,8267873386496.0,8267873386496.0,0
2016-12-19,8267873386496.0,8267873386496.0,8267873386496.0,8267873386496.0,0
2016-12-20,8267873386496.0,8267873386496.0,8267873386496.0,8267873386496.0,0
2016-12-21,8267873386496.0,8267873386496.0,8267873386496.0,8267873386496.0,0
2016-12-22,8267873386496.0,8267873386496.0,8267873386496.0,8267873386496.0,0
2016-12-23,8267873386496.0,8267873386496.0,8267873386496.0,8267873386496.0,0
2016-12-26,8267873386496.0,8267873386496.0,8267873386496.0,8267873386496.0,0
2016-12-27,8267873386496.0,8267873386496.0,8267873386496.0,8267873386496.0,0
2016-12-28,8267873386496.0,8267873386496.0,8267873386496.0,8267873386496.0,12
2016-12-29,8267873386496.0,8267873386496.0,8267873386496.0,8267873386496.0,0
2016-12-30,8267873386496.0,8267873386496.0,8267873386496.0,8267873386496.0,0
2017-01-02,8267873386496.0,8267873386496.0,8267873386496.0,8267873386496.0,0
2017-01-03,8267873386496.0,8267873386496.0,8267873386496.0,8267873386496.0,0
2017-01-04,8267873386496.0,8267873386496.0,8267873386496.0,8267873386496.0,0
2017-01-05,8267873386496.0,8267873386496.0,8267873386496.0,8267873386496.0,0
2017-01-09,8267873386496.0,8267873386496.0,8267873386496.0,8267873386496.0,0
2017-01-10,8267873386496.0,8267873386496.0,8267873386496.0,8267873386496.0,0
2017-01-11,8267873386496.0,8267873386496.0,8267873386496.0,8267873386496.0,0
2017-01-12,8267873386496.0,8267873386496.0,8267873386496.0,8267873386496.0,0
2017-01-13,8267873386496.0,8267873386496.0,8267873386496.0,8267873386496.0,0
2017-01-16,8267873386496.0,8267873386496.0,8267873386496.0,8267873386496.0,0
2017-01-17,8267873386496.0,8267873386496.0,8267873386496.0,8267873386496.0,0
2017-01-18,8267873386496.0,8267873386496.0,8267873386496.0,8267873386496.0,0
2017-01-19,8267873386496.0,8267873386496.0,8267873386496.0,8267873386496.0,0
2017-01-20,8267873386496.0,8267873386496.0,8267873386496.0,8267873386496.0,0
2017-01-23,8267873386496.0,8267873386496.0,8267873386496.0,8267873386496.0,0
2017-01-24,8267873386496.0,8267873386496.0,8267873386496.0,8267873386496.0,0
2017-01-25,8267873386496.0,8267873386496.0,8267873386496.0,8267873386496.0,0
2017-01-26,8267873386496.0,8267873386496.0,8267873386496.0,8267873386496.0,0
2017-01-27,8267873386496.0,8267873386496.0,8267873386496.0,8267873386496.0,0
2017-01-30,8267873386496.0,8267873386496.0,8267873386496.0,8267873386496.0,0
2017-01-31,8267873386496.0,8267873386496.0,8267873386496.0,8267873386496.0,95
2017-02-01,8267873386496.0,8267873386496.0,8267873386496.0,8267873386496.0,0
2017-02-02,8267873386496.0,8267873386496.0,8267873386496.0,8267873386496.0,156
2017-02-03,8267873386496.0,8267873386496.0,8267873386496.0,8267873386496.0,43
2017-02-06,8267873386496.0,8267873386496.0,8267873386496.0,8267873386496.0,0
2017-02-07,8267873386496.0,8267873386496.0,8267873386496.0,8267873386496.0,0
2017-02-08,8267873386496.0,8267873386496.0,8267873386496.0,8267873386496.0,0
2017-02-09,8433231200256.0,8433231200256.0,8433231200256.0,8433231200256.0,38
2017-02-10,8598587965440.0,8598587965440.0,8598587965440.0,8598587965440.0,10
2017-02-13,8598587965440.0,8598587965440.0,8598587965440.0,8598587965440.0,0
2017-02-14,8598587965440.0,8598587965440.0,8598587965440.0,8598587965440.0,0
2017-02-15,8598587965440.0,8598587965440.0,8598587965440.0,8598587965440.0,0
2017-02-16,8929303068672.0,8929303068672.0,8929303068672.0,8929303068672.0,8
2017-02-17,8929303068672.0,8929303068672.0,8929303068672.0,8929303068672.0,0
2017-02-20,8929303068672.0,8929303068672.0,8929303068672.0,8929303068672.0,0
2017-02-21,9260019744768.0,9260019744768.0,9260019744768.0,9260019744768.0,2
2017-02-22,9260019744768.0,9260019744768.0,9260019744768.0,9260019744768.0,0
2017-02-23,9260019744768.0,9260019744768.0,9260019744768.0,9260019744768.0,2
2017-02-24,9260019744768.0,9260019744768.0,9260019744768.0,9260019744768.0,0
2017-03-01,9260019744768.0,9260019744768.0,9260019744768.0,9260019744768.0,0
2017-03-02,9260019744768.0,9260019744768.0,9260019744768.0,9260019744768.0,0
2017-03-03,9260019744768.0,9260019744768.0,9260019744768.0,9260019744768.0,4
2017-03-06,9590733275136.0,9590733275136.0,9590733275136.0,9590733275136.0,7
2017-03-07,9590733275136.0,9590733275136.0,9590733275136.0,9590733275136.0,0
2017-03-08,9590733275136.0,9590733275136.0,9590733275136.0,9590733275136.0,0
2017-03-09,9590733275136.0,9590733275136.0,9590733275136.0,9590733275136.0,0
2017-03-10,9590733275136.0,9590733275136.0,9590733275136.0,9590733275136.0,0
2017-03-13,9590733275136.0,9590733275136.0,9590733275136.0,9590733275136.0,0
2017-03-14,9590733275136.0,9590733275136.0,9590733275136.0,9590733275136.0,0
2017-03-15,9590733275136.0,9590733275136.0,9590733275136.0,9590733275136.0,0
2017-03-16,9590733275136.0,9590733275136.0,9590733275136.0,9590733275136.0,0
2017-03-17,9590733275136.0,9590733275136.0,9590733275136.0,9590733275136.0,0
2017-03-20,9590733275136.0,9590733275136.0,9590733275136.0,9590733275136.0,0
2017-03-21,9590733275136.0,9590733275136.0,9590733275136.0,9590733275136.0,0
2017-03-22,9590733275136.0,9590733275136.0,9590733275136.0,9590733275136.0,0
2017-03-23,9590733275136.0,9590733275136.0,9590733275136.0,9590733275136.0,0
2017-03-24,9590733275136.0,9590733275136.0,9590733275136.0,9590733275136.0,0
2017-03-27,9590733275136.0,9590733275136.0,9590733275136.0,9590733275136.0,0
2017-03-28,9590733275136.0,9590733275136.0,9590733275136.0,9590733275136.0,0
2017-03-29,9590733275136.0,9590733275136.0,9590733275136.0,9590733275136.0,0
2017-03-30,9590733275136.0,9590733275136.0,9590733275136.0,9590733275136.0,0
2017-03-31,9590733275136.0,9590733275136.0,9590733275136.0,9590733275136.0,0
2017-04-03,9590733275136.0,9590733275136.0,9590733275136.0,9590733275136.0,0
2017-04-04,9590733275136.0,9590733275136.0,9590733275136.0,9590733275136.0,0
2017-04-05,9921449951232.0,9921449951232.0,9921449951232.0,9921449951232.0,100
2017-04-06,9921449951232.0,9921449951232.0,9921449951232.0,9921449951232.0,0
2017-04-07,10252162433024.0,10252162433024.0,10252162433024.0,10252162433024.0,100
2017-04-10,10252162433024.0,10252162433024.0,10252162433024.0,10252162433024.0,0
2017-04-11,10252162433024.0,10252162433024.0,10252162433024.0,10252162433024.0,5
2017-04-12,10252162433024.0,10252162433024.0,10252162433024.0,10252162433024.0,0
2017-04-17,10252162433024.0,10252162433024.0,10252162433024.0,10252162433024.0,0
2017-04-18,10252162433024.0,10252162433024.0,10252162433024.0,10252162433024.0,0
2017-04-20,10252162433024.0,10252162433024.0,10252162433024.0,10252162433024.0,0
2017-04-21,10252162433024.0,10252162433024.0,10252162433024.0,10252162433024.0,0
2017-04-24,10252162433024.0,10252162433024.0,10252162433024.0,10252162433024.0,0
2017-04-25,10252162433024.0,10252162433024.0,10252162433024.0,10252162433024.0,0
2017-04-26,13890028044288.0,13890028044288.0,13890028044288.0,13890028044288.0,104
2017-04-27,13890028044288.0,13890028044288.0,13890028044288.0,13890028044288.0,0
2017-04-28,14882171781120.0,14882171781120.0,14882171781120.0,14882171781120.0,12
2017-05-02,14882171781120.0,14882171781120.0,14882171781120.0,14882171781120.0,0
2017-05-03,14882171781120.0,14882171781120.0,14882171781120.0,14882171781120.0,0
2017-05-04,14882171781120.0,14882171781120.0,14882171781120.0,14882171781120.0,0
2017-05-05,14882171781120.0,14882171781120.0,14882171781120.0,14882171781120.0,0
2017-05-08,14882171781120.0,14882171781120.0,14882171781120.0,14882171781120.0,0
2017-05-09,14882171781120.0,14882171781120.0,14882171781120.0,14882171781120.0,0
2017-05-10,14882171781120.0,14882171781120.0,14882171781120.0,14882171781120.0,0
2017-05-11,14882171781120.0,14882171781120.0,14882171781120.0,14882171781120.0,0
2017-05-12,14882171781120.0,14882171781120.0,14882171781120.0,14882171781120.0,0
2017-05-15,17693247799296.0,17693247799296.0,17693247799296.0,17693247799296.0,39
2017-05-16,17693247799296.0,17693247799296.0,17693247799296.0,17693247799296.0,50
2017-05-17,17693247799296.0,17693247799296.0,17693247799296.0,17693247799296.0,0
2017-05-18,17693247799296.0,17693247799296.0,17693247799296.0,17693247799296.0,0
2017-05-19,17693247799296.0,17693247799296.0,17693247799296.0,17693247799296.0,40
2017-05-22,17693247799296.0,17693247799296.0,17693247799296.0,17693247799296.0,0
2017-05-23,17693247799296.0,17693247799296.0,17693247799296.0,17693247799296.0,0
2017-05-24,17693247799296.0,17693247799296.0,17693247799296.0,17693247799296.0,2
2017-05-26,17693247799296.0,17693247799296.0,17693247799296.0,17693247799296.0,0
2017-05-29,17693247799296.0,17693247799296.0,17693247799296.0,17693247799296.0,0
2017-05-30,17693247799296.0,17693247799296.0,17693247799296.0,17693247799296.0,0
2017-05-31,17693247799296.0,17693247799296.0,17693247799296.0,17693247799296.0,0
2017-06-01,17693247799296.0,17693247799296.0,17693247799296.0,17693247799296.0,0
2017-06-02,17693247799296.0,17693247799296.0,17693247799296.0,17693247799296.0,0
2017-06-05,17693247799296.0,17693247799296.0,17693247799296.0,17693247799296.0,0
2017-06-06,17693247799296.0,17693247799296.0,17693247799296.0,17693247799296.0,0
2017-06-07,17693247799296.0,17693247799296.0,17693247799296.0,17693247799296.0,0
2017-06-08,17693247799296.0,17693247799296.0,17693247799296.0,17693247799296.0,0
2017-06-09,17693247799296.0,17693247799296.0,17693247799296.0,17693247799296.0,0
2017-06-12,17693247799296.0,17693247799296.0,17693247799296.0,17693247799296.0,0
2017-06-13,17693247799296.0,17693247799296.0,17693247799296.0,17693247799296.0,0
2017-06-14,17693247799296.0,17693247799296.0,17693247799296.0,17693247799296.0,0
2017-06-16,17693247799296.0,17693247799296.0,17693247799296.0,17693247799296.0,0
2017-06-20,17693247799296.0,17693247799296.0,17693247799296.0,17693247799296.0,0
2017-06-21,17693247799296.0,17693247799296.0,17693247799296.0,17693247799296.0,37
2017-06-22,17693247799296.0,17693247799296.0,17693247799296.0,17693247799296.0,0
2017-06-23,17693247799296.0,17693247799296.0,17693247799296.0,17693247799296.0,0
2017-06-26,19842899902464.0,19842899902464.0,19842899902464.0,19842899902464.0,40
2017-06-27,19842899902464.0,19842899902464.0,19842899902464.0,19842899902464.0,0
2017-06-28,19842899902464.0,19842899902464.0,19842899902464.0,19842899902464.0,0
2017-06-30,23150043594752.0,23150043594752.0,23150043594752.0,23150043594752.0,4
2017-07-03,23150043594752.0,23150043594752.0,23150043594752.0,23150043594752.0,4
2017-07-04,23150043594752.0,23150043594752.0,23150043594752.0,23150043594752.0,3
2017-07-06,23150043594752.0,23150043594752.0,23150043594752.0,23150043594752.0,0
2017-07-07,23150043594752.0,23150043594752.0,23150043594752.0,23150043594752.0,2
2017-07-10,23150043594752.0,23150043594752.0,23150043594752.0,23150043594752.0,0
2017-07-11,23150043594752.0,23150043594752.0,23150043594752.0,23150043594752.0,0
2017-07-12,23150043594752.0,23150043594752.0,23150043594752.0,23150043594752.0,0
2017-07-13,23150043594752.0,23150043594752.0,23150043594752.0,23150043594752.0,1
2017-07-14,23150043594752.0,23150043594752.0,23150043594752.0,23150043594752.0,6
2017-07-17,23150043594752.0,23150043594752.0,23150043594752.0,23150043594752.0,0
2017-07-18,23150043594752.0,23150043594752.0,23150043594752.0,23150043594752.0,30
2017-07-19,23150043594752.0,23150043594752.0,23150043594752.0,23150043594752.0,3
2017-07-20,23150043594752.0,23150043594752.0,23150043594752.0,23150043594752.0,0
2017-07-21,23150043594752.0,23150043594752.0,23150043594752.0,23150043594752.0,0
2017-07-25,23150043594752.0,23150043594752.0,23150043594752.0,23150043594752.0,0
2017-07-26,23150043594752.0,23150043594752.0,23150043594752.0,23150043594752.0,0
2017-07-27,23150043594752.0,23150043594752.0,23150043594752.0,23150043594752.0,0
2017-07-28,23150043594752.0,23150043594752.0,23150043594752.0,23150043594752.0,2
2017-07-31,23976833187840.0,23976833187840.0,23976833187840.0,23976833187840.0,12
2017-08-01,23976833187840.0,23976833187840.0,23976833187840.0,23976833187840.0,0
2017-08-02,23976833187840.0,23976833187840.0,23976833187840.0,23976833187840.0,0
2017-08-03,23976833187840.0,23976833187840.0,23976833187840.0,23976833187840.0,0
2017-08-04,25630403985408.0,25630403985407.996,25630403985407.996,25630403985407.996,118
2017-08-07,25713080008704.0,25713080008704.004,25713080008704.004,25713080008704.004,160
2017-08-08,25795764420608.0,25795764420608.0,25795764420608.0,25795764420608.0,100
2017-08-09,25795764420608.0,25795764420608.0,25795764420608.0,25795764420608.0,0
2017-08-10,25795764420608.0,25795764420608.0,25795764420608.0,25795764420608.0,0
2017-08-11,25795764420608.0,25795764420608.0,25795764420608.0,25795764420608.0,0
2017-08-14,25795764420608.0,25795764420608.0,25795764420608.0,25795764420608.0,0
2017-08-16,25795764420608.0,25795764420608.0,25795764420608.0,25795764420608.0,0
2017-08-17,25795764420608.0,25795764420608.0,25795764420608.0,25795764420608.0,0
2017-08-18,25795764420608.0,25795764420608.0,25795764420608.0,25795764420608.0,0
2017-08-21,25795764420608.0,25795764420608.0,25795764420608.0,25795764420608.0,0
2017-08-22,25795764420608.0,25795764420608.0,25795764420608.0,25795764420608.0,44
2017-08-23,25795764420608.0,25795764420608.0,25795764420608.0,25795764420608.0,0
2017-08-24,25795764420608.0,25795764420608.0,25795764420608.0,25795764420608.0,0
2017-08-25,25795764420608.0,25795764420608.0,25795764420608.0,25795764420608.0,0
2017-08-28,26457191481344.0,26457191481344.0,26457191481344.0,26457191481344.0,95
2017-08-29,26457191481344.0,26457191481344.0,26457191481344.0,26457191481344.0,0
2017-08-30,26457191481344.0,26457191481344.0,26457191481344.0,26457191481344.0,0
2017-08-31,26457191481344.0,26457191481344.0,26457191481344.0,26457191481344.0,115
2017-09-01,52914382962688.0,52914382962688.0,52914382962688.0,52914382962688.0,40
2017-09-04,26622549819392.0,26622549819392.0,26622549819392.0,26622549819392.0,715
2017-09-05,26787910254592.0,26787910254591.996,26787910254591.996,26787910254591.996,1075
2017-09-06,27283983171584.0,27283983171584.004,27283983171584.004,27283983171584.004,101
2017-09-07,27449337315328.0,27449337315328.0,27449337315328.0,27449337315328.0,537
2017-09-08,28110768570368.0,28110768570368.0,28110768570368.0,28110768570368.0,390
2017-09-12,30591128961024.0,30591128961024.0,30591128961024.0,30591128961024.0,1360
2017-09-13,32244703952896.0,32244703952896.0,32244703952896.0,32244703952896.0,95
2017-09-14,33071493545984.0,33071493545984.0,33071493545984.0,33071493545984.0,122
2017-09-15,33071493545984.0,33071493545984.0,33071493545984.0,33071493545984.0,140
2017-09-18,33236847689728.0,33236847689727.996,33236847689727.996,33236847689727.996,482
2017-09-19,39685799804928.0,39685799804928.0,39685799804928.0,39685799804928.0,80
2017-09-20,47540271579136.0,47540271579136.0,47540271579136.0,47540271579136.0,90
2017-09-21,47540271579136.0,47540271579136.0,47540271579136.0,47540271579136.0,0
2017-09-22,47540271579136.0,47540271579136.0,47540271579136.0,47540271579136.0,3208
2017-09-25,47540271579136.0,47540271579136.0,47540271579136.0,47540271579136.0,0
2017-09-26,52914382962688.0,52914382962688.0,52914382962688.0,52914382962688.0,40
2017-09-27,52914382962688.0,52914382962688.0,52914382962688.0,52914382962688.0,0
2017-09-28,59528687124480.0,59528687124480.0,59528687124480.0,59528687124480.0,40
2017-09-29,66142987091968.0,66142987091968.0,66142987091968.0,66142987091968.0,17
2017-10-02,66142987091968.0,66142987091968.0,66142987091968.0,66142987091968.0,73
2017-10-03,66142987091968.0,66142987091968.0,66142987091968.0,66142987091968.0,0
2017-10-04,66142987091968.0,66142987091968.0,66142987091968.0,66142987091968.0,20
2017-10-05,66142987091968.0,66142987091968.0,66142987091968.0,66142987091968.0,0
2017-10-06,66142987091968.0,66142987091968.0,66142987091968.0,66142987091968.0,10
2017-10-09,66142987091968.0,66142987091968.0,66142987091968.0,66142987091968.0,0
2017-10-10,66142987091968.0,66142987091968.0,66142987091968.0,66142987091968.0,0
2017-10-11,66142987091968.0,66142987091968.0,66142987091968.0,66142987091968.0,5
2017-10-13,66142987091968.0,66142987091968.0,66142987091968.0,66142987091968.0,0
2017-10-16,66142987091968.0,66142987091968.0,66142987091968.0,66142987091968.0,0
2017-10-17,-13965352960.0,-13965352960.0,-13965352960.0,-13965352960.0,0
2017-10-18,-13965352960.0,-13965352960.0,-13965352960.0,-13965352960.0,0
2017-10-19,-13898668032.0,-13898668032.0,-13898668032.0,-13898668032.0,173
2017-10-20,-13898668032.0,-13898668032.0,-13898668032.0,-13898668032.0,0
2017-10-23,-13898668032.0,-13898668032.0,-13898668032.0,-13898668032.0,0
2017-10-24,-13965352960.0,-13965352960.0,-13965352960.0,-13965352960.0,850
2017-10-25,-13965352960.0,-13965352960.0,-13965352960.0,-13965352960.0,0
2017-10-26,-13965352960.0,-13965352960.0,-13965352960.0,-13965352960.0,17
2017-10-27,-13965352960.0,-13965352960.0,-13965352960.0,-13965352960.0,0
2017-10-30,-13965352960.0,-13965352960.0,-13965352960.0,-13965352960.0,0
2017-10-31,-13965352960.0,-13965352960.0,-13965352960.0,-13965352960.0,0
2017-11-02,-13965352960.0,-13965352960.0,-13965352960.0,-13965352960.0,0
2017-11-03,-13965352960.0,-13965352960.0,-13965352960.0,-13965352960.0,0
2017-11-06,-13965352960.0,-13965352960.0,-13965352960.0,-13965352960.0,0
2017-11-07,-13965352960.0,-13965352960.0,-13965352960.0,-13965352960.0,0
2017-11-08,-13965352960.0,-13965352960.0,-13965352960.0,-13965352960.0,0
2017-11-09,-13965352960.0,-13965352960.0,-13965352960.0,-13965352960.0,0
2017-11-10,-13965352960.0,-13965352960.0,-13965352960.0,-13965352960.0,0
2017-11-13,-13965352960.0,-13965352960.0,-13965352960.0,-13965352960.0,0
2017-11-14,-13965352960.0,-13965352960.0,-13965352960.0,-13965352960.0,0
2017-11-15,-13965352960.0,-13965352960.0,-13965352960.0,-13965352960.0,0
2017-11-16,-13965352960.0,-13965352960.0,-13965352960.0,-13965352960.0,50
2017-11-17,-13965352960.0,-13965352960.0,-13965352960.0,-13965352960.0,0
2017-11-20,-13965352960.0,-13965352960.0,-13965352960.0,-13965352960.0,9
2017-11-21,-13965352960.0,-13965352960.0,-13965352960.0,-13965352960.0,800
2017-11-22,-13965352960.0,-13965352960.0,-13965352960.0,-13965352960.0,0
2017-11-23,-13965352960.0,-13965352960.0,-13965352960.0,-13965352960.0,0
2017-11-24,-13965352960.0,-13965352960.0,-13965352960.0,-13965352960.0,0
2017-11-27,-13965352960.0,-13965352960.0,-13965352960.0,-13965352960.0,0
2017-11-28,-13965352960.0,-13965352960.0,-13965352960.0,-13965352960.0,0
2017-11-29,-13965352960.0,-13965352960.0,-13965352960.0,-13965352960.0,2
2017-11-30,-14663619584.0,-14663619584.0,-14663619584.0,-14663619584.0,90
2017-12-01,-16758424576.0,-16758424576.0,-16758424576.0,-16758424576.0,240
2017-12-04,-16758424576.0,-16758424576.0,-16758424576.0,-16758424576.0,25
2017-12-05,-16758424576.0,-16758424576.0,-16758424576.0,-16758424576.0,0
2017-12-06,-19551494144.0,-19551494144.0,-19551494144.0,-19551494144.0,40
2017-12-07,-22344564736.0,-22344564736.0,-22344564736.0,-22344564736.0,160
2017-12-11,-22344564736.0,-22344564736.0,-22344564736.0,-22344564736.0,0
2017-12-12,-22693697536.0,-22693697536.0,-22693697536.0,-22693697536.0,5
2017-12-13,-22693697536.0,-22693697536.0,-22693697536.0,-22693697536.0,0
2017-12-14,-22693697536.0,-22693697536.0,-22693697536.0,-22693697536.0,0
2017-12-15,-22693697536.0,-22693697536.0,-22693697536.0,-22693697536.0,280
2017-12-18,-22693697536.0,-22693697536.0,-22693697536.0,-22693697536.0,0
2017-12-19,-22693697536.0,-22693697536.0,-22693697536.0,-22693697536.0,0
2017-12-20,-22693697536.0,-22693697536.0,-22693697536.0,-22693697536.0,250
2017-12-21,-22693697536.0,-22693697536.0,-22693697536.0,-22693697536.0,0
2017-12-22,-22693697536.0,-22693697536.0,-22693697536.0,-22693697536.0,0
2017-12-26,-22693697536.0,-22693697536.0,-22693697536.0,-22693697536.0,0
2017-12-27,-22693697536.0,-22693697536.0,-22693697536.0,-22693697536.0,0
2017-12-28,-22693697536.0,-22693697536.0,-22693697536.0,-22693697536.0,0
2017-12-29,-22693697536.0,-22693697536.0,-22693697536.0,-22693697536.0,0
2018-01-01,-22693697536.0,-22693697536.0,-22693697536.0,-22693697536.0,0
2018-01-02,-25137633280.0,-25137633279.999996,-25137633279.999996,-25137633279.999996,78
2018-01-03,-25137633280.0,-25137633279.999996,-25137633279.999996,-25137633279.999996,0
2018-01-04,-25137633280.0,-25137633279.999996,-25137633279.999996,-25137633279.999996,40
2018-01-05,-25137633280.0,-25137633279.999996,-25137633279.999996,-25137633279.999996,0
2018-01-08,-27930705920.0,-27930705920.0,-27930705920.0,-27930705920.0,135
2018-01-09,-31422044160.0,-31422044159.999996,-31422044159.999996,-31422044159.999996,222
2018-01-10,-31422044160.0,-31422044159.999996,-31422044159.999996,-31422044159.999996,0
2018-01-11,-3491338240.0,-3491338240.0,-3491338240.0,-3491338240.0,721
2018-01-12,-4189606144.0,-4189606144.0,-4189606144.0,-4189606144.0,40
2018-01-15,-4189606144.0,-4189606144.0,-4189606144.0,-4189606144.0,0
2018-01-16,-4887873536.0,-4887873536.0,-4887873536.0,-4887873536.0,113
2018-01-17,-5586141184.0,-5586141184.0,-5586141184.0,-5586141184.0,40
2018-01-18,-6284408320.0,-6284408319.999999,-6284408319.999999,-6284408319.999999,48
2018-01-19,-6982676480.0,-6982676480.0,-6982676480.0,-6982676480.0,40
2018-01-22,-6982676480.0,-6982676480.0,-6982676480.0,-6982676480.0,0
2018-01-23,-8379212288.0,-8379212288.0,-8379212288.0,-8379212288.0,94
2018-01-24,-9775747072.0,-9775747072.0,-9775747072.0,-9775747072.0,140
2018-01-25,-11172282368.0,-11172282368.0,-11172282368.0,-11172282368.0,1033
2018-01-26,-11172282368.0,-11172282368.0,-11172282368.0,-11172282368.0,18
2018-01-29,-12568816640.0,-12568816639.999998,-12568816639.999998,-12568816639.999998,433
2018-01-30,-12568816640.0,-12568816639.999998,-12568816639.999998,-12568816639.999998,0
2018-01-31,-12568816640.0,-12568816639.999998,-12568816639.999998,-12568816639.999998,0
2018-02-01,-13965352960.0,-13965352960.0,-13965352960.0,-13965352960.0,1
2018-02-02,-13965352960.0,-13965352960.0,-13965352960.0,-13965352960.0,0
2018-02-05,-13965352960.0,-13965352960.0,-13965352960.0,-13965352960.0,0
2018-02-06,-104740143104.0,-104740143104.0,-104740143104.0,-104740143104.0,4
2018-02-07,-104740143104.0,-104740143104.0,-104740143104.0,-104740143104.0,0
2018-02-08,-104740143104.0,-104740143104.0,-104740143104.0,-104740143104.0,0
2018-02-09,-104740143104.0,-104740143104.0,-104740143104.0,-104740143104.0,0
2018-02-12,-104740143104.0,-104740143104.0,-104740143104.0,-104740143104.0,0
2018-02-13,-104740143104.0,-104740143104.0,-104740143104.0,-104740143104.0,0
2018-02-14,-104740143104.0,-104740143104.0,-104740143104.0,-104740143104.0,0
2018-02-15,-104740143104.0,-104740143104.0,-104740143104.0,-104740143104.0,0
2018-02-16,-104740143104.0,-104740143104.0,-104740143104.0,-104740143104.0,0
2018-02-19,-104740143104.0,-104740143104.0,-104740143104.0,-104740143104.0,0
2018-02-20,-104740143104.0,-104740143104.0,-104740143104.0,-104740143104.0,0
2018-02-21,-104740143104.0,-104740143104.0,-104740143104.0,-104740143104.0,0
2018-02-22,-104740143104.0,-104740143104.0,-104740143104.0,-104740143104.0,0
2018-02-23,-104740143104.0,-104740143104.0,-104740143104.0,-104740143104.0,122
2018-02-26,-104740143104.0,-104740143104.0,-104740143104.0,-104740143104.0,0
2018-02-27,-104740143104.0,-104740143104.0,-104740143104.0,-104740143104.0,0
2018-02-28,-104740143104.0,-104740143104.0,-104740143104.0,-104740143104.0,0
2018-03-01,-104740143104.0,-104740143104.0,-104740143104.0,-104740143104.0,0
2018-03-02,-104740143104.0,-104740143104.0,-104740143104.0,-104740143104.0,0
2018-03-05,-104740143104.0,-104740143104.0,-104740143104.0,-104740143104.0,0
2018-03-06,-104740143104.0,-104740143104.0,-104740143104.0,-104740143104.0,0
2018-03-07,-139653529600.0,-139653529600.0,-139653529600.0,-139653529600.0,31
2018-03-08,-139653529600.0,-139653529600.0,-139653529600.0,-139653529600.0,0
2018-03-09,-139653529600.0,-139653529600.0,-139653529600.0,-139653529600.0,0
2018-03-12,-139653529600.0,-139653529600.0,-139653529600.0,-139653529600.0,0
2018-03-13,-139653529600.0,-139653529600.0,-139653529600.0,-139653529600.0,0
2018-03-14,-139653529600.0,-139653529600.0,-139653529600.0,-139653529600.0,44
2018-03-15,-139653529600.0,-139653529600.0,-139653529600.0,-139653529600.0,0
2018-03-16,-139653529600.0,-139653529600.0,-139653529600.0,-139653529600.0,0
2018-03-19,-139653529600.0,-139653529600.0,-139653529600.0,-139653529600.0,0
2018-03-20,-139653529600.0,-139653529600.0,-139653529600.0,-139653529600.0,0
2018-03-21,-139653529600.0,-139653529600.0,-139653529600.0,-139653529600.0,0
2018-03-22,-139653529600.0,-139653529600.0,-139653529600.0,-139653529600.0,0
2018-03-23,-139653529600.0,-139653529600.0,-139653529600.0,-139653529600.0,0
2018-03-26,-139653529600.0,-139653529600.0,-139653529600.0,-139653529600.0,13
2018-03-27,-139653529600.0,-139653529600.0,-139653529600.0,-139653529600.0,0
2018-03-28,-139653529600.0,-139653529600.0,-139653529600.0,-139653529600.0,0
2018-03-29,-139653529600.0,-139653529600.0,-139653529600.0,-139653529600.0,0
2018-03-30,-139653529600.0,-139653529600.0,-139653529600.0,-139653529600.0,0
2018-04-02,-139653529600.0,-139653529600.0,-139653529600.0,-139653529600.0,50
2018-04-03,-139653529600.0,-139653529600.0,-139653529600.0,-139653529600.0,4
2018-04-04,-139653529600.0,-139653529600.0,-139653529600.0,-139653529600.0,90
2018-04-05,-139653529600.0,-139653529600.0,-139653529600.0,-139653529600.0,0
2018-04-06,-139653529600.0,-139653529600.0,-139653529600.0,-139653529600.0,0
2018-04-09,-174566916096.0,-174566916096.0,-174566916096.0,-174566916096.0,48
2018-04-10,-244393672704.0,-244393672703.99997,-244393672703.99997,-244393672703.99997,45
2018-04-11,-244393672704.0,-244393672703.99997,-244393672703.99997,-244393672703.99997,226
2018-04-12,-314220445696.0,-314220445696.0,-314220445696.0,-314220445696.0,15
2018-04-13,-349133832192.0,-349133832192.0,-349133832192.0,-349133832192.0,39
2018-04-16,-384047218688.0,-384047218688.0,-384047218688.0,-384047218688.0,200
2018-04-17,-384047218688.0,-384047218688.0,-384047218688.0,-384047218688.0,14
2018-04-18,-384047218688.0,-384047218688.0,-384047218688.0,-384047218688.0,0
2018-04-19,-384047218688.0,-384047218688.0,-384047218688.0,-384047218688.0,0
2018-04-20,-418960572416.0,-418960572416.0,-418960572416.0,-418960572416.0,4
2018-04-23,-418960572416.0,-418960572416.0,-418960572416.0,-418960572416.0,214
2018-04-24,-418960572416.0,-418960572416.0,-418960572416.0,-418960572416.0,0
2018-04-25,-418960572416.0,-418960572416.0,-418960572416.0,-418960572416.0,0
2018-04-26,-384047218688.0,-384047218688.0,-384047218688.0,-384047218688.0,3
2018-04-27,-384047218688.0,-384047218688.0,-384047218688.0,-384047218688.0,0
2018-04-30,-384047218688.0,-384047218688.0,-384047218688.0,-384047218688.0,0
2018-05-01,-384047218688.0,-384047218688.0,-384047218688.0,-384047218688.0,0
2018-05-02,-453873991680.0,-453873991680.0,-453873991680.0,-453873991680.0,5
2018-05-03,-384047218688.0,-384047218688.0,-384047218688.0,-384047218688.0,5
2018-05-04,-349133832192.0,-349133832192.0,-349133832192.0,-349133832192.0,13
2018-05-07,-279307059200.0,-279307059200.0,-279307059200.0,-279307059200.0,1
2018-05-08,-349133832192.0,-349133832192.0,-349133832192.0,-349133832192.0,10
2018-05-09,-349133832192.0,-349133832192.0,-349133832192.0,-349133832192.0,22
2018-05-10,-349133832192.0,-349133832192.0,-349133832192.0,-349133832192.0,0
2018-05-11,-384047218688.0,-384047218688.0,-384047218688.0,-384047218688.0,121
2018-05-14,-384047218688.0,-384047218688.0,-384047218688.0,-384047218688.0,0
2018-05-15,-384047218688.0,-384047218688.0,-384047218688.0,-384047218688.0,1
2018-05-16,-384047218688.0,-384047218688.0,-384047218688.0,-384047218688.0,106
2018-05-17,-418960572416.0,-418960572416.0,-418960572416.0,-418960572416.0,23
2018-05-18,-418960572416.0,-418960572416.0,-418960572416.0,-418960572416.0,77
2018-05-21,-418960572416.0,-418960572416.0,-418960572416.0,-418960572416.0,0
2018-05-22,-453873991680.0,-453873991680.0,-453873991680.0,-453873991680.0,6
2018-05-23,-418960572416.0,-418960572416.0,-418960572416.0,-418960572416.0,13
2018-05-24,-418960572416.0,-418960572416.0,-418960572416.0,-418960572416.0,4
2018-05-25,-488787345408.0,-488787345407.99994,-488787345407.99994,-488787345407.99994,11
2018-05-28,-488787345408.0,-488787345407.99994,-488787345407.99994,-488787345407.99994,9
2018-05-29,-488787345408.0,-488787345407.99994,-488787345407.99994,-488787345407.99994,0
2018-05-30,-488787345408.0,-488787345407.99994,-488787345407.99994,-488787345407.99994,0
2018-05-31,-488787345408.0,-488787345407.99994,-488787345407.99994,-488787345407.99994,0
2018-06-01,-523700764672.0,-523700764672.0,-523700764672.0,-523700764672.0,11
2018-06-04,-523700764672.0,-523700764672.0,-523700764672.0,-523700764672.0,11
2018-06-05,-523700764672.0,-523700764672.0,-523700764672.0,-523700764672.0,4
2018-06-06,-558614118400.0,-558614118400.0,-558614118400.0,-558614118400.0,10
2018-06-07,-593527504896.0,-593527504896.0,-593527504896.0,-593527504896.0,15
2018-06-08,-593527504896.0,-593527504896.0,-593527504896.0,-593527504896.0,10
2018-06-11,-593527504896.0,-593527504896.0,-593527504896.0,-593527504896.0,0
2018-06-12,-628440891392.0,-628440891392.0,-628440891392.0,-628440891392.0,20
2018-06-13,-628440891392.0,-628440891392.0,-628440891392.0,-628440891392.0,0
2018-06-14,-698267664384.0,-698267664384.0,-698267664384.0,-698267664384.0,30
2018-06-15,-698267664384.0,-698267664384.0,-698267664384.0,-698267664384.0,0
2018-06-18,-837921144832.0,-837921144832.0,-837921144832.0,-837921144832.0,55
2018-06-19,-837921144832.0,-837921144832.0,-837921144832.0,-837921144832.0,0
2018-06-20,-837921144832.0,-837921144832.0,-837921144832.0,-837921144832.0,0
2018-06-21,-977574690816.0,-977574690815.9999,-977574690815.9999,-977574690815.9999,15
2018-06-22,-977574690816.0,-977574690815.9999,-977574690815.9999,-977574690815.9999,0
2018-06-25,-1082314850304.0,-1082314850303.9999,-1082314850303.9999,-1082314850303.9999,13
2018-06-26,-1117228236800.0,-1117228236800.0,-1117228236800.0,-1117228236800.0,15
2018-06-27,-85383110656.0,-85383110656.0,-85383110656.0,-85383110656.0,42
2018-06-28,-225036632064.0,-225036632064.0,-225036632064.0,-225036632064.0,5
2018-06-29,-225036632064.0,-225036632064.0,-225036632064.0,-225036632064.0,0
2018-07-02,-225036632064.0,-225036632064.0,-225036632064.0,-225036632064.0,0
2018-07-03,-748737462272.0,-748737462271.9999,-748737462271.9999,-748737462271.9999,15
2018-07-04,-1062957744128.0,-1062957744128.0,-1062957744128.0,-1062957744128.0,5
2018-07-05,-1062957744128.0,-1062957744128.0,-1062957744128.0,-1062957744128.0,0
2018-07-06,-1062957744128.0,-1062957744128.0,-1062957744128.0,-1062957744128.0,0
2018-07-09,-1062957744128.0,-1062957744128.0,-1062957744128.0,-1062957744128.0,0
2018-07-10,-1062957744128.0,-1062957744128.0,-1062957744128.0,-1062957744128.0,0
2018-07-11,-1062957744128.0,-1062957744128.0,-1062957744128.0,-1062957744128.0,0
2018-07-12,-1062957744128.0,-1062957744128.0,-1062957744128.0,-1062957744128.0,0
2018-07-13,-1062957744128.0,-1062957744128.0,-1062957744128.0,-1062957744128.0,0
2018-07-16,-1062957744128.0,-1062957744128.0,-1062957744128.0,-1062957744128.0,0
2018-07-17,-1062957744128.0,-1062957744128.0,-1062957744128.0,-1062957744128.0,0
2018-07-18,-1062957744128.0,-1062957744128.0,-1062957744128.0,-1062957744128.0,0
2018-07-19,-1062957744128.0,-1062957744128.0,-1062957744128.0,-1062957744128.0,0
2018-07-20,-1062957744128.0,-1062957744128.0,-1062957744128.0,-1062957744128.0,0
2018-07-23,-1062957744128.0,-1062957744128.0,-1062957744128.0,-1062957744128.0,0
2018-07-24,-1062957744128.0,-1062957744128.0,-1062957744128.0,-1062957744128.0,0
2018-07-25,-1062957744128.0,-1062957744128.0,-1062957744128.0,-1062957744128.0,0
2018-07-26,-1062957744128.0,-1062957744128.0,-1062957744128.0,-1062957744128.0,0
2018-07-27,-1062957744128.0,-1062957744128.0,-1062957744128.0,-1062957744128.0,0
2018-07-30,-1062957744128.0,-1062957744128.0,-1062957744128.0,-1062957744128.0,0
2018-07-31,-1062957744128.0,-1062957744128.0,-1062957744128.0,-1062957744128.0,0
2018-08-01,-1062957744128.0,-1062957744128.0,-1062957744128.0,-1062957744128.0,0
2018-08-02,-1062957744128.0,-1062957744128.0,-1062957744128.0,-1062957744128.0,0
2018-08-03,-1062957744128.0,-1062957744128.0,-1062957744128.0,-1062957744128.0,0
2018-08-06,-1062957744128.0,-1062957744128.0,-1062957744128.0,-1062957744128.0,0
2018-08-07,-1062957744128.0,-1062957744128.0,-1062957744128.0,-1062957744128.0,0
2018-08-08,-1062957744128.0,-1062957744128.0,-1062957744128.0,-1062957744128.0,0
2018-08-09,-1062957744128.0,-1062957744128.0,-1062957744128.0,-1062957744128.0,0
2018-08-10,-1062957744128.0,-1062957744128.0,-1062957744128.0,-1062957744128.0,0
2018-08-13,-1062957744128.0,-1062957744128.0,-1062957744128.0,-1062957744128.0,0
2018-08-14,-1062957744128.0,-1062957744128.0,-1062957744128.0,-1062957744128.0,0
2018-08-15,-1062957744128.0,-1062957744128.0,-1062957744128.0,-1062957744128.0,0
2018-08-16,-1062957744128.0,-1062957744128.0,-1062957744128.0,-1062957744128.0,0
2018-08-17,-1062957744128.0,-1062957744128.0,-1062957744128.0,-1062957744128.0,0
2018-08-20,-1062957744128.0,-1062957744128.0,-1062957744128.0,-1062957744128.0,0
2018-08-21,-125688168.0,-125688168.0,-125688168.0,-125688168.0,28
2018-08-22,-180851312.0,-180851312.0,-180851312.0,-180851312.0,10
2018-08-23,-260453808.0,-260453808.0,-260453808.0,-260453808.0,11
2018-08-24,-264294304.0,-264294303.99999997,-264294303.99999997,-264294303.99999997,1
2018-08-27,-264294304.0,-264294303.99999997,-264294303.99999997,-264294303.99999997,0
2018-08-28,288.0951232910156,288.0951232910156,288.0951232910156,288.0951232910156,0
2018-08-29,288.0951232910156,288.0951232910156,288.0951232910156,288.0951232910156,0
2018-08-30,288.0951232910156,288.0951232910156,288.0951232910156,288.0951232910156,0
2018-08-31,288.0951232910156,288.0951232910156,288.0951232910156,288.0951232910156,0
2018-09-03,288.0951232910156,288.0951232910156,288.0951232910156,288.0951232910156,0
2018-09-04,288.0951232910156,288.0951232910156,288.0951232910156,288.0951232910156,0
2018-09-05,287.3339538574219,287.3339538574219,287.3339538574219,287.3339538574219,89
2018-09-06,287.3339538574219,287.3339538574219,287.3339538574219,287.3339538574219,0
2018-09-07,304.4598693847656,304.4598693847656,304.4598693847656,304.4598693847656,1
2018-09-10,304.4598693847656,304.4598693847656,304.4598693847656,304.4598693847656,0
2018-09-11,304.4598693847656,304.4598693847656,304.4598693847656,304.4598693847656,0
2018-09-12,304.4598693847656,304.4598693847656,304.4598693847656,304.4598693847656,10
2018-09-13,304.4598693847656,304.4598693847656,304.4598693847656,304.4598693847656,0
2018-09-14,304.4598693847656,304.4598693847656,304.4598693847656,304.4598693847656,1
2018-09-17,304.4598693847656,304.4598693847656,304.4598693847656,304.4598693847656,0
2018-09-18,304.4598693847656,304.4598693847656,304.4598693847656,304.4598693847656,0
2018-09-19,197.8988800048828,197.8988800048828,197.8988800048828,197.8988800048828,4
2018-09-20,237.47865295410156,237.47865295410156,237.47865295410156,237.47865295410156,1
2018-09-21,237.47865295410156,237.47865295410156,237.47865295410156,237.47865295410156,0
2018-09-24,247.37359619140625,247.37359619140622,247.37359619140622,247.37359619140622,1
2018-09-25,266.4023742675781,266.4023742675781,266.4023742675781,266.4023742675781,13
2018-09-26,266.4023742675781,266.4023742675781,266.4023742675781,266.4023742675781,28
2018-09-27,247.37359619140625,247.37359619140622,247.37359619140622,247.37359619140622,3
2018-09-28,285.4311218261719,285.4311218261719,285.4311218261719,285.4311218261719,20
2018-10-01,285.4311218261719,285.4311218261719,285.4311218261719,285.4311218261719,6
2018-10-02,285.4311218261719,285.4311218261719,285.4311218261719,285.4311218261719,0
2018-10-03,270.2080993652344,270.2080993652344,270.2080993652344,270.2080993652344,1
2018-10-04,270.2080993652344,270.2080993652344,270.2080993652344,270.2080993652344,0
2018-10-05,270.2080993652344,270.2080993652344,270.2080993652344,270.2080993652344,0
2018-10-08,270.2080993652344,270.2080993652344,270.2080993652344,270.2080993652344,0
2018-10-09,270.2080993652344,270.2080993652344,270.2080993652344,270.2080993652344,0
2018-10-10,270.2080993652344,270.2080993652344,270.2080993652344,270.2080993652344,0
2018-10-11,270.2080993652344,270.2080993652344,270.2080993652344,270.2080993652344,0
2018-10-12,270.2080993652344,270.2080993652344,270.2080993652344,270.2080993652344,0
2018-10-15,270.2080993652344,270.2080993652344,270.2080993652344,270.2080993652344,0
2018-10-16,270.2080993652344,270.2080993652344,270.2080993652344,270.2080993652344,0
2018-10-17,270.2080993652344,270.2080993652344,270.2080993652344,270.2080993652344,0
2018-10-18,266.4023742675781,266.4023742675781,266.4023742675781,266.4023742675781,20
2018-10-19,266.4023742675781,266.4023742675781,266.4023742675781,266.4023742675781,0
2018-10-22,247.37359619140625,247.37359619140622,247.37359619140622,247.37359619140622,2
2018-10-23,247.37359619140625,247.37359619140622,247.37359619140622,247.37359619140622,0
2018-10-24,247.37359619140625,247.37359619140622,247.37359619140622,247.37359619140622,0
2018-10-25,247.37359619140625,247.37359619140622,247.37359619140622,247.37359619140622,0
2018-10-26,247.37359619140625,247.37359619140622,247.37359619140622,247.37359619140622,0
2018-10-29,247.37359619140625,247.37359619140622,247.37359619140622,247.37359619140622,0
2018-10-30,247.37359619140625,247.37359619140622,247.37359619140622,247.37359619140622,0
2018-10-31,247.37359619140625,247.37359619140622,247.37359619140622,247.37359619140622,0
2018-11-01,199.80177307128906,199.80177307128906,199.80177307128906,199.80177307128906,4
2018-11-02,199.80177307128906,199.80177307128906,199.80177307128906,199.80177307128906,0
2018-11-05,199.80177307128906,199.80177307128906,199.80177307128906,199.80177307128906,0
2018-11-06,199.80177307128906,199.80177307128906,199.80177307128906,199.80177307128906,0
2018-11-07,199.80177307128906,199.80177307128906,199.80177307128906,199.80177307128906,0
2018-11-08,266.4023742675781,266.4023742675781,266.4023742675781,266.4023742675781,1
2018-11-09,266.4023742675781,266.4023742675781,266.4023742675781,266.4023742675781,0
2018-11-12,266.4023742675781,266.4023742675781,266.4023742675781,266.4023742675781,9
2018-11-13,296.8483581542969,296.8483581542969,296.8483581542969,296.8483581542969,30
2018-11-14,296.8483581542969,296.8483581542969,296.8483581542969,296.8483581542969,0
2018-11-15,296.8483581542969,296.8483581542969,296.8483581542969,296.8483581542969,0
2018-11-16,304.4598693847656,304.4598693847656,304.4598693847656,304.4598693847656,31
2018-11-19,304.4598693847656,304.4598693847656,304.4598693847656,304.4598693847656,6
2018-11-20,304.4598693847656,304.4598693847656,304.4598693847656,304.4598693847656,33
2018-11-21,266.4023742675781,266.4023742675781,266.4023742675781,266.4023742675781,22
2018-11-22,266.4023742675781,266.4023742675781,266.4023742675781,266.4023742675781,13
2018-11-23,213.50244140625,213.50244140625,213.50244140625,213.50244140625,9
2018-11-26,213.50244140625,213.50244140625,213.50244140625,213.50244140625,0
2018-11-27,304.4598693847656,304.4598693847656,304.4598693847656,304.4598693847656,2
2018-11-28,312.0713195800781,312.0713195800781,312.0713195800781,312.0713195800781,5
2018-11-29,361.5460205078125,361.5460205078125,361.5460205078125,361.5460205078125,20
2018-11-30,418.6322937011719,418.6322937011719,418.6322937011719,418.6322937011719,6
2018-12-03,418.6322937011719,418.6322937011719,418.6322937011719,418.6322937011719,0
2018-12-04,418.6322937011719,418.6322937011719,418.6322937011719,418.6322937011719,0
2018-12-05,418.6322937011719,418.6322937011719,418.6322937011719,418.6322937011719,10
2018-12-06,416.7293701171875,416.72937011718744,416.72937011718744,416.72937011718744,3
2018-12-07,494.7471923828125,494.74719238281244,494.74719238281244,494.74719238281244,32
2018-12-10,593.6967163085938,593.6967163085938,593.6967163085938,593.6967163085938,19
2018-12-11,704.0634155273438,704.0634155273438,704.0634155273438,704.0634155273438,23
2018-12-12,704.0634155273438,704.0634155273438,704.0634155273438,704.0634155273438,0
2018-12-13,704.0634155273438,704.0634155273438,704.0634155273438,704.0634155273438,0
2018-12-14,685.03466796875,685.03466796875,685.03466796875,685.03466796875,56
2018-12-17,685.03466796875,685.03466796875,685.03466796875,685.03466796875,32
2018-12-18,685.03466796875,685.03466796875,685.03466796875,685.03466796875,21
2018-12-19,685.03466796875,685.03466796875,685.03466796875,685.03466796875,1
2018-12-20,685.03466796875,685.03466796875,685.03466796875,685.03466796875,2
2018-12-21,685.03466796875,685.03466796875,685.03466796875,685.03466796875,16
2018-12-24,685.03466796875,685.03466796875,685.03466796875,685.03466796875,0
2018-12-25,685.03466796875,685.03466796875,685.03466796875,685.03466796875,0
2018-12-26,646.9772338867188,646.9772338867188,646.9772338867188,646.9772338867188,8
2018-12-27,646.9772338867188,646.9772338867188,646.9772338867188,646.9772338867188,100
2018-12-28,865.8075561523438,865.8075561523438,865.8075561523438,865.8075561523438,96
2018-12-31,865.8075561523438,865.8075561523438,865.8075561523438,865.8075561523438,0
2019-01-01,865.8075561523438,865.8075561523438,865.8075561523438,865.8075561523438,0
2019-01-02,913.3795166015625,913.3795166015625,913.3795166015625,913.3795166015625,2
2019-01-03,1315.266357421875,1315.266357421875,1315.266357421875,1315.266357421875,22
2019-01-04,1826.759033203125,1826.759033203125,1826.759033203125,1826.759033203125,16
2019-01-07,2473.736083984375,2473.736083984375,2473.736083984375,2473.736083984375,15
2019-01-08,2892.3681640625,2892.3681640625,2892.3681640625,2892.3681640625,2
2019-01-09,3044.59814453125,3044.59814453125,3044.59814453125,3044.59814453125,27
2019-01-10,3044.59814453125,3044.59814453125,3044.59814453125,3044.59814453125,66
2019-01-11,3463.230224609375,3463.230224609375,3463.230224609375,3463.230224609375,67
2019-01-14,4155.87744140625,4155.87744140625,4155.87744140625,4155.87744140625,6
2019-01-15,164.37953186035156,164.37953186035156,164.37953186035156,164.37953186035156,50
2019-01-16,409.5557861328125,409.5557861328125,409.5557861328125,409.5557861328125,3311
2019-01-17,383.087890625,383.087890625,383.087890625,383.087890625,250
2019-01-18,273.03717041015625,273.03717041015625,273.03717041015625,273.03717041015625,446
2019-01-21,273.03717041015625,273.03717041015625,273.03717041015625,273.03717041015625,556
2019-01-22,320.4007568359375,320.4007568359375,320.4007568359375,320.4007568359375,914
2019-01-23,384.48095703125,384.48095703125,384.48095703125,384.48095703125,8
2019-01-24,461.0985107421875,461.09851074218744,461.09851074218744,461.09851074218744,521
2019-01-25,459.7054443359375,459.70544433593744,459.70544433593744,459.70544433593744,282
2019-01-28,473.6359558105469,473.63595581054693,473.63595581054693,473.63595581054693,226
2019-01-29,557.2188110351562,557.2188110351562,557.2188110351562,557.2188110351562,120
2019-01-30,557.2188110351562,557.2188110351562,557.2188110351562,557.2188110351562,199
2019-01-31,557.2188110351562,557.2188110351562,557.2188110351562,557.2188110351562,6
2019-02-01,543.2882690429688,543.2882690429688,543.2882690429688,543.2882690429688,43
2019-02-04,543.2882690429688,543.2882690429688,543.2882690429688,543.2882690429688,1
2019-02-05,515.4273681640625,515.4273681640625,515.4273681640625,515.4273681640625,133
2019-02-06,459.7054443359375,459.70544433593744,459.70544433593744,459.70544433593744,139
2019-02-07,454.1332702636719,454.1332702636719,454.1332702636719,454.1332702636719,349
2019-02-08,403.98358154296875,403.9835815429687,403.9835815429687,403.9835815429687,176
2019-02-11,376.1226501464844,376.1226501464844,376.1226501464844,376.1226501464844,14
2019-02-12,362.1921691894531,362.1921691894532,362.1921691894532,362.1921691894532,5
2019-02-13,362.1921691894531,362.1921691894532,362.1921691894532,362.1921691894532,0
2019-02-14,183.8822021484375,183.8822021484375,183.8822021484375,183.8822021484375,600
2019-02-15,125.37420654296875,125.37420654296875,125.37420654296875,125.37420654296875,1544
2019-02-18,101.69241333007812,101.69241333007812,101.69241333007812,101.69241333007812,1373
2019-02-19,94.7271728515625,94.72717285156251,94.72717285156251,94.72717285156251,9433
2019-02-20,111.4437484741211,111.4437484741211,111.4437484741211,111.4437484741211,11782
2019-02-21,128.16030883789062,128.16030883789062,128.16030883789062,128.16030883789062,5035
2019-02-22,139.30470275878906,139.30470275878906,139.30470275878906,139.30470275878906,11713
2019-02-25,137.91163635253906,137.91163635253906,137.91163635253906,137.91163635253906,1118
2019-02-26,132.3394317626953,132.3394317626953,132.3394317626953,132.3394317626953,2070
2019-02-27,137.91163635253906,137.91163635253906,137.91163635253906,137.91163635253906,7242
2019-02-28,137.91163635253906,137.91163635253906,137.91163635253906,137.91163635253906,0
2019-03-01,137.91163635253906,137.91163635253906,137.91163635253906,137.91163635253906,0
2019-03-04,137.91163635253906,137.91163635253906,137.91163635253906,137.91163635253906,0
2019-03-05,137.91163635253906,137.91163635253906,137.91163635253906,137.91163635253906,0
2019-03-06,126.76725769042969,126.76725769042969,126.76725769042969,126.76725769042969,9925
2019-03-07,139.30470275878906,139.30470275878906,139.30470275878906,139.30470275878906,360
2019-03-08,139.30470275878906,139.30470275878906,139.30470275878906,139.30470275878906,0
2019-03-11,139.30470275878906,139.30470275878906,139.30470275878906,139.30470275878906,0
2019-03-12,139.30470275878906,139.30470275878906,139.30470275878906,139.30470275878906,0
2019-03-13,139.30470275878906,139.30470275878906,139.30470275878906,139.30470275878906,0
2019-03-14,144.87686157226562,144.87686157226562,144.87686157226562,144.87686157226562,10
2019-03-15,125.37420654296875,125.37420654296875,125.37420654296875,125.37420654296875,2000
2019-03-18,125.37420654296875,125.37420654296875,125.37420654296875,125.37420654296875,2250
2019-03-19,125.37420654296875,125.37420654296875,125.37420654296875,125.37420654296875,0
2019-03-20,122.588134765625,122.58813476562499,122.58813476562499,122.58813476562499,4370
2019-03-21,121.195068359375,121.195068359375,121.195068359375,121.195068359375,7922
2019-03-22,119.80201721191406,119.80201721191405,119.80201721191405,119.80201721191405,1270
2019-03-25,110.05070495605469,110.05070495605469,110.05070495605469,110.05070495605469,3605
2019-03-26,110.05070495605469,110.05070495605469,110.05070495605469,110.05070495605469,0
2019-03-27,110.05070495605469,110.05070495605469,110.05070495605469,110.05070495605469,3605
2019-03-28,110.05070495605469,110.05070495605469,110.05070495605469,110.05070495605469,3605
2019-03-29,110.05070495605469,110.05070495605469,110.05070495605469,110.05070495605469,3605
2019-04-01,110.05070495605469,110.05070495605469,110.05070495605469,110.05070495605469,253
2019-04-02,97.51327514648438,97.51327514648436,97.51327514648436,97.51327514648436,628
2019-04-03,94.7271728515625,94.72717285156251,94.72717285156251,94.72717285156251,6701
2019-04-04,86.36890411376953,86.36890411376953,86.36890411376953,86.36890411376953,2397
2019-04-05,83.58280944824219,83.58280944824217,83.58280944824217,83.58280944824217,16177
2019-04-08,83.58280944824219,83.58280944824217,83.58280944824217,83.58280944824217,1462
2019-04-09,80.79671478271484,80.79671478271483,80.79671478271483,80.79671478271483,4684
2019-04-10,83.58280944824219,83.58280944824217,83.58280944824217,83.58280944824217,1924
2019-04-11,80.79671478271484,80.79671478271483,80.79671478271483,80.79671478271483,2029
2019-04-12,79.40367126464844,79.40367126464844,79.40367126464844,79.40367126464844,11651
2019-04-15,79.40367126464844,79.40367126464844,79.40367126464844,79.40367126464844,0
2019-04-16,79.40367126464844,79.40367126464844,79.40367126464844,79.40367126464844,0
2019-04-17,79.40367126464844,79.40367126464844,79.40367126464844,79.40367126464844,0
2019-04-18,79.40367126464844,79.40367126464844,79.40367126464844,79.40367126464844,0
2019-04-19,79.40367126464844,79.40367126464844,79.40367126464844,79.40367126464844,0
2019-04-22,118.40898895263672,118.40898895263673,118.40898895263673,118.40898895263673,8600
2019-04-23,118.40898895263672,118.40898895263673,118.40898895263673,118.40898895263673,15675
2019-04-24,118.40898895263672,118.40898895263673,118.40898895263673,118.40898895263673,7206
2019-04-25,117.01593017578125,117.01593017578125,117.01593017578125,117.01593017578125,3372
2019-04-26,117.01593017578125,117.01593017578125,117.01593017578125,117.01593017578125,2871
2019-04-29,153.23512268066406,153.23512268066403,153.23512268066403,153.23512268066403,2889
2019-04-30,153.23512268066406,153.23512268066403,153.23512268066403,153.23512268066403,0
2019-05-01,153.23512268066406,153.23512268066403,153.23512268066403,153.23512268066403,0
2019-05-02,160.20037841796875,160.20037841796875,160.20037841796875,160.20037841796875,163
2019-05-03,160.20037841796875,160.20037841796875,160.20037841796875,160.20037841796875,1782
2019-05-06,111.4437484741211,111.4437484741211,111.4437484741211,111.4437484741211,1205
2019-05-07,111.4437484741211,111.4437484741211,111.4437484741211,111.4437484741211,0
2019-05-08,139.30470275878906,139.30470275878906,139.30470275878906,139.30470275878906,7417
2019-05-09,151.8421173095703,151.8421173095703,151.8421173095703,151.8421173095703,4505
2019-05-10,151.8421173095703,151.8421173095703,151.8421173095703,151.8421173095703,0
2019-05-13,153.23512268066406,153.23512268066403,153.23512268066403,153.23512268066403,68
2019-05-14,139.30470275878906,139.30470275878906,139.30470275878906,139.30470275878906,5223
2019-05-15,125.37420654296875,125.37420654296875,125.37420654296875,125.37420654296875,95
2019-05-16,139.30470275878906,139.30470275878906,139.30470275878906,139.30470275878906,8962
2019-05-17,139.30470275878906,139.30470275878906,139.30470275878906,139.30470275878906,3038
2019-05-20,139.30470275878906,139.30470275878906,139.30470275878906,139.30470275878906,0
2019-05-21,139.30470275878906,139.30470275878906,139.30470275878906,139.30470275878906,4684
2019-05-22,139.30470275878906,139.30470275878906,139.30470275878906,139.30470275878906,2032
2019-05-23,139.30470275878906,139.30470275878906,139.30470275878906,139.30470275878906,110
2019-05-24,139.30470275878906,139.30470275878906,139.30470275878906,139.30470275878906,5
2019-05-27,139.30470275878906,139.30470275878906,139.30470275878906,139.30470275878906,0
2019-05-28,125.37420654296875,125.37420654296875,125.37420654296875,125.37420654296875,1823
2019-05-29,125.37420654296875,125.37420654296875,125.37420654296875,125.37420654296875,4501
2019-05-30,150.44903564453125,150.44903564453122,150.44903564453122,150.44903564453122,105
2019-05-31,139.30470275878906,139.30470275878906,139.30470275878906,139.30470275878906,68
2019-06-03,139.30470275878906,139.30470275878906,139.30470275878906,139.30470275878906,0
2019-06-04,139.30470275878906,139.30470275878906,139.30470275878906,139.30470275878906,20
2019-06-05,139.30470275878906,139.30470275878906,139.30470275878906,139.30470275878906,217
2019-06-06,139.30470275878906,139.30470275878906,139.30470275878906,139.30470275878906,704
2019-06-07,137.91163635253906,137.91163635253906,137.91163635253906,137.91163635253906,59
2019-06-10,137.91163635253906,137.91163635253906,137.91163635253906,137.91163635253906,2
2019-06-11,132.3394317626953,132.3394317626953,132.3394317626953,132.3394317626953,15
2019-06-12,111.4437484741211,111.4437484741211,111.4437484741211,111.4437484741211,1205
2019-06-13,125.37420654296875,125.37420654296875,125.37420654296875,125.37420654296875,2714
2019-06-14,137.91163635253906,137.91163635253906,137.91163635253906,137.91163635253906,91
2019-06-17,137.91163635253906,137.91163635253906,137.91163635253906,137.91163635253906,0
2019-06-18,139.30470275878906,139.30470275878906,139.30470275878906,139.30470275878906,20
2019-06-19,139.30470275878906,139.30470275878906,139.30470275878906,139.30470275878906,1972
2019-06-20,146.2699432373047,146.26994323730472,146.26994323730472,146.26994323730472,255
2019-06-21,139.30470275878906,139.30470275878906,139.30470275878906,139.30470275878906,3966
2019-06-24,139.30470275878906,139.30470275878906,139.30470275878906,139.30470275878906,0
2019-06-25,142.09078979492188,142.09078979492188,142.09078979492188,142.09078979492188,125
2019-06-26,146.2699432373047,146.26994323730472,146.26994323730472,146.26994323730472,2036
2019-06-27,146.2699432373047,146.26994323730472,146.26994323730472,146.26994323730472,866
2019-06-28,142.09078979492188,142.09078979492188,142.09078979492188,142.09078979492188,1556
2019-07-01,153.23512268066406,153.23512268066403,153.23512268066403,153.23512268066403,3129
2019-07-02,146.2699432373047,146.26994323730472,146.26994323730472,146.26994323730472,7
2019-07-03,139.30470275878906,139.30470275878906,139.30470275878906,139.30470275878906,92
2019-07-04,139.30470275878906,139.30470275878906,139.30470275878906,139.30470275878906,4590
2019-07-05,139.30470275878906,139.30470275878906,139.30470275878906,139.30470275878906,0
2019-07-08,139.30470275878906,139.30470275878906,139.30470275878906,139.30470275878906,2309
2019-07-09,137.91163635253906,137.91163635253906,137.91163635253906,137.91163635253906,5224
2019-07-10,139.30470275878906,139.30470275878906,139.30470275878906,139.30470275878906,611
2019-07-11,139.30470275878906,139.30470275878906,139.30470275878906,139.30470275878906,4590
2019-07-12,139.30470275878906,139.30470275878906,139.30470275878906,139.30470275878906,2260
2019-07-15,153.23512268066406,153.23512268066403,153.23512268066403,153.23512268066403,9819
2019-07-16,153.23512268066406,153.23512268066403,153.23512268066403,153.23512268066403,1850
2019-07-17,153.23512268066406,153.23512268066403,153.23512268066403,153.23512268066403,1000
2019-07-18,164.37953186035156,164.37953186035156,164.37953186035156,164.37953186035156,3351
2019-07-19,164.37953186035156,164.37953186035156,164.37953186035156,164.37953186035156,115
2019-07-22,164.37953186035156,164.37953186035156,164.37953186035156,164.37953186035156,0
2019-07-23,164.37953186035156,164.37953186035156,164.37953186035156,164.37953186035156,0
2019-07-24,164.37953186035156,164.37953186035156,164.37953186035156,164.37953186035156,0
2019-07-25,167.16561889648438,167.16561889648435,167.16561889648435,167.16561889648435,1290
2019-07-26,181.09608459472656,181.0960845947266,181.0960845947266,181.0960845947266,200
2019-07-29,195.02655029296875,195.02655029296872,195.02655029296872,195.02655029296872,960
2019-07-30,217.31529235839844,217.3152923583984,217.3152923583984,217.3152923583984,3394
2019-07-31,217.31529235839844,217.3152923583984,217.3152923583984,217.3152923583984,429
2019-08-01,229.85272216796875,229.85272216796872,229.85272216796872,229.85272216796872,5700
2019-08-02,313.435546875,313.435546875,313.435546875,313.435546875,2619
2019-08-05,335.7242736816406,335.7242736816406,335.7242736816406,335.7242736816406,305
2019-08-06,363.5852355957031,363.5852355957032,363.5852355957032,363.5852355957032,11469
2019-08-07,529.3577270507812,529.3577270507812,529.3577270507812,529.3577270507812,2522
2019-08-08,529.3577270507812,529.3577270507812,529.3577270507812,529.3577270507812,0
2019-08-09,507.06903076171875,507.06903076171875,507.06903076171875,507.06903076171875,5629
2019-08-12,515.4273681640625,515.4273681640625,515.4273681640625,515.4273681640625,2360
2019-08-13,515.4273681640625,515.4273681640625,515.4273681640625,515.4273681640625,570
2019-08-14,515.4273681640625,515.4273681640625,515.4273681640625,515.4273681640625,198
2019-08-15,515.4273681640625,515.4273681640625,515.4273681640625,515.4273681640625,2302
2019-08-16,543.2882690429688,543.2882690429688,543.2882690429688,543.2882690429688,4651
2019-08-19,543.2882690429688,543.2882690429688,543.2882690429688,543.2882690429688,0
2019-08-20,571.149169921875,571.149169921875,571.149169921875,571.149169921875,1301
2019-08-21,626.87109375,626.87109375,626.87109375,626.87109375,6338
2019-08-22,626.87109375,626.87109375,626.87109375,626.87109375,367
2019-08-23,654.73193359375,654.73193359375,654.73193359375,654.73193359375,2159
2019-08-26,626.87109375,626.87109375,626.87109375,626.87109375,887
2019-08-27,585.0797729492188,585.0797729492189,585.0797729492189,585.0797729492189,1886
2019-08-28,668.6624755859375,668.6624755859374,668.6624755859374,668.6624755859374,93
2019-08-29,640.801513671875,640.801513671875,640.801513671875,640.801513671875,1160
2019-08-30,599.0101318359375,599.0101318359375,599.0101318359375,599.0101318359375,214
2019-09-02,619.9058227539062,619.9058227539062,619.9058227539062,619.9058227539062,41
2019-09-03,696.5233764648438,696.5233764648438,696.5233764648438,696.5233764648438,10
2019-09-04,696.5233764648438,696.5233764648438,696.5233764648438,696.5233764648438,381
2019-09-05,696.5233764648438,696.5233764648438,696.5233764648438,696.5233764648438,114
2019-09-06,626.87109375,626.87109375,626.87109375,626.87109375,100
2019-09-09,626.87109375,626.87109375,626.87109375,626.87109375,0
2019-09-10,626.87109375,626.87109375,626.87109375,626.87109375,0
2019-09-11,640.801513671875,640.801513671875,640.801513671875,640.801513671875,1
2019-09-12,626.87109375,626.87109375,626.87109375,626.87109375,10
2019-09-13,640.801513671875,640.801513671875,640.801513671875,640.801513671875,10
2019-09-17,640.801513671875,640.801513671875,640.801513671875,640.801513671875,10
2019-09-18,640.801513671875,640.801513671875,640.801513671875,640.801513671875,0
2019-09-19,626.87109375,626.87109375,626.87109375,626.87109375,2
2019-09-20,626.87109375,626.87109375,626.87109375,626.87109375,0
2019-09-23,640.801513671875,640.801513671875,640.801513671875,640.801513671875,215
2019-09-24,512.6412353515625,512.6412353515625,512.6412353515625,512.6412353515625,23
2019-09-25,515.4273681640625,515.4273681640625,515.4273681640625,515.4273681640625,46
2019-09-26,515.4273681640625,515.4273681640625,515.4273681640625,515.4273681640625,677
2019-09-27,508.46209716796875,508.4620971679687,508.4620971679687,508.4620971679687,66
2019-09-30,512.6412353515625,512.6412353515625,512.6412353515625,512.6412353515625,169
2019-10-01,514.0343017578125,514.0343017578125,514.0343017578125,514.0343017578125,185
2019-10-02,508.46209716796875,508.4620971679687,508.4620971679687,508.4620971679687,15
2019-10-03,445.7749938964844,445.7749938964844,445.7749938964844,445.7749938964844,443
2019-10-04,445.7749938964844,445.7749938964844,445.7749938964844,445.7749938964844,543
2019-10-07,507.06903076171875,507.06903076171875,507.06903076171875,507.06903076171875,105
2019-10-08,508.46209716796875,508.4620971679687,508.4620971679687,508.4620971679687,140
2019-10-09,438.80975341796875,438.80975341796875,438.80975341796875,438.80975341796875,684
2019-10-10,508.46209716796875,508.4620971679687,508.4620971679687,508.4620971679687,18
2019-10-11,515.4273681640625,515.4273681640625,515.4273681640625,515.4273681640625,1268
2019-10-14,515.4273681640625,515.4273681640625,515.4273681640625,515.4273681640625,402
2019-10-15,445.7749938964844,445.7749938964844,445.7749938964844,445.7749938964844,971
2019-10-16,445.7749938964844,445.7749938964844,445.7749938964844,445.7749938964844,30
2019-10-17,445.7749938964844,445.7749938964844,445.7749938964844,445.7749938964844,0
2019-10-18,501.496826171875,501.496826171875,501.496826171875,501.496826171875,5
2019-10-21,487.5664367675781,487.5664367675781,487.5664367675781,487.5664367675781,17
2019-10-22,487.5664367675781,487.5664367675781,487.5664367675781,487.5664367675781,30
2019-10-23,487.5664367675781,487.5664367675781,487.5664367675781,487.5664367675781,0
2019-10-24,487.5664367675781,487.5664367675781,487.5664367675781,487.5664367675781,647
2019-10-25,487.5664367675781,487.5664367675781,487.5664367675781,487.5664367675781,190
2019-10-28,417.9140625,417.9140625,417.9140625,417.9140625,608
2019-10-29,501.496826171875,501.496826171875,501.496826171875,501.496826171875,4235
2019-10-30,486.1733703613281,486.1733703613282,486.1733703613282,486.1733703613282,834
2019-10-31,486.1733703613281,486.1733703613282,486.1733703613282,486.1733703613282,1093
2019-11-01,459.7054443359375,459.70544433593744,459.70544433593744,459.70544433593744,895
2019-11-05,459.7054443359375,459.70544433593744,459.70544433593744,459.70544433593744,504
2019-11-06,459.7054443359375,459.70544433593744,459.70544433593744,459.70544433593744,327
2019-11-07,459.7054443359375,459.70544433593744,459.70544433593744,459.70544433593744,359
2019-11-08,459.7054443359375,459.70544433593744,459.70544433593744,459.70544433593744,0
2019-11-11,487.5664367675781,487.5664367675781,487.5664367675781,487.5664367675781,285
2019-11-12,501.496826171875,501.496826171875,501.496826171875,501.496826171875,23572
2019-11-13,515.4273681640625,515.4273681640625,515.4273681640625,515.4273681640625,580
2019-11-14,501.496826171875,501.496826171875,501.496826171875,501.496826171875,2153
2019-11-15,508.46209716796875,508.4620971679687,508.4620971679687,508.4620971679687,1398
2019-11-18,508.46209716796875,508.4620971679687,508.4620971679687,508.4620971679687,8512
2019-11-19,473.6359558105469,473.63595581054693,473.63595581054693,473.63595581054693,4468
2019-11-20,501.496826171875,501.496826171875,501.496826171875,501.496826171875,14987
2019-11-21,473.6359558105469,473.63595581054693,473.63595581054693,473.63595581054693,842
2019-11-22,473.6359558105469,473.63595581054693,473.63595581054693,473.63595581054693,362
2019-11-25,515.4273681640625,515.4273681640625,515.4273681640625,515.4273681640625,25
2019-11-26,515.4273681640625,515.4273681640625,515.4273681640625,515.4273681640625,190
2019-11-27,515.4273681640625,515.4273681640625,515.4273681640625,515.4273681640625,263
2019-11-28,514.0343017578125,514.0343017578125,514.0343017578125,514.0343017578125,9050
2019-11-29,487.5664367675781,487.5664367675781,487.5664367675781,487.5664367675781,358
2019-12-02,515.4273681640625,515.4273681640625,515.4273681640625,515.4273681640625,350
2019-12-03,515.4273681640625,515.4273681640625,515.4273681640625,515.4273681640625,177
2019-12-04,515.4273681640625,515.4273681640625,515.4273681640625,515.4273681640625,411
2019-12-05,501.496826171875,501.496826171875,501.496826171875,501.496826171875,160
2019-12-06,515.4273681640625,515.4273681640625,515.4273681640625,515.4273681640625,49641
2019-12-09,515.4273681640625,515.4273681640625,515.4273681640625,515.4273681640625,7
2019-12-10,438.80975341796875,438.80975341796875,438.80975341796875,438.80975341796875,100
2019-12-11,438.80975341796875,438.80975341796875,438.80975341796875,438.80975341796875,0
2019-12-12,512.6412353515625,512.6412353515625,512.6412353515625,512.6412353515625,25
2019-12-13,507.06903076171875,507.06903076171875,507.06903076171875,507.06903076171875,869
2019-12-16,507.06903076171875,507.06903076171875,507.06903076171875,507.06903076171875,0
2019-12-17,515.4273681640625,515.4273681640625,515.4273681640625,515.4273681640625,188
2019-12-18,445.7749938964844,445.7749938964844,445.7749938964844,445.7749938964844,1120
2019-12-19,515.4273681640625,515.4273681640625,515.4273681640625,515.4273681640625,15302
2019-12-20,522.3926391601562,522.3926391601562,522.3926391601562,522.3926391601562,5821
2019-12-23,522.3926391601562,522.3926391601562,522.3926391601562,522.3926391601562,3941
2019-12-26,529.3577270507812,529.3577270507812,529.3577270507812,529.3577270507812,7350
2019-12-27,529.3577270507812,529.3577270507812,529.3577270507812,529.3577270507812,1272
2019-12-30,612.9404907226562,612.9404907226561,612.9404907226561,612.9404907226561,14424
2020-01-02,612.9404907226562,612.9404907226561,612.9404907226561,612.9404907226561,0
2020-01-03,612.9404907226562,612.9404907226561,612.9404907226561,612.9404907226561,2825
2020-01-07,696.5233764648438,696.5233764648438,696.5233764648438,696.5233764648438,124
2020-01-08,668.6624755859375,668.6624755859374,668.6624755859374,668.6624755859374,1600
2020-01-09,696.5233764648438,696.5233764648438,696.5233764648438,696.5233764648438,6751
2020-01-10,724.3843383789062,724.3843383789064,724.3843383789064,724.3843383789064,4788
2020-01-13,724.3843383789062,724.3843383789064,724.3843383789064,724.3843383789064,15
2020-01-14,724.3843383789062,724.3843383789064,724.3843383789064,724.3843383789064,464
2020-01-15,766.17578125,766.17578125,766.17578125,766.17578125,992
2020-01-16,766.17578125,766.17578125,766.17578125,766.17578125,0
2020-01-17,696.5233764648438,696.5233764648438,696.5233764648438,696.5233764648438,962
2020-01-21,696.5233764648438,696.5233764648438,696.5233764648438,696.5233764648438,1263
2020-01-22,-1.1720993518829346,-1.1720993518829346,-1.1720993518829346,-1.1720993518829346,0
2020-01-23,-1.1720993518829346,-1.1720993518829346,-1.1720993518829346,-1.1720993518829346,585
2020-01-24,-1.1720993518829346,-1.1720993518829346,-1.1720993518829346,-1.1720993518829346,0
2020-01-27,-1.1720993518829346,-1.1720993518829346,-1.1720993518829346,-1.1720993518829346,321
2020-01-28,-1.1720993518829346,-1.1720993518829346,-1.1720993518829346,-1.1720993518829346,0
2020-01-29,-1.2189834117889404,-1.2189834117889404,-1.2189834117889404,-1.2189834117889404,7255
2020-01-30,-1.2189834117889404,-1.2189834117889404,-1.2189834117889404,-1.2189834117889404,0
2020-01-31,-1.2541465759277344,-1.2541465759277344,-1.2541465759277344,-1.2541465759277344,472
2020-02-03,-1.2189834117889404,-1.2189834117889404,-1.2189834117889404,-1.2189834117889404,544
2020-02-04,-1.1720993518829346,-1.1720993518829346,-1.1720993518829346,-1.1720993518829346,1445
2020-02-05,-1.1720993518829346,-1.1720993518829346,-1.1720993518829346,-1.1720993518829346,2700
2020-02-06,-1.2893095016479492,-1.2893095016479492,-1.2893095016479492,-1.2893095016479492,128
2020-02-07,-1.2893095016479492,-1.2893095016479492,-1.2893095016479492,-1.2893095016479492,3100
2020-02-10,-1.4065194129943848,-1.4065194129943848,-1.4065194129943848,-1.4065194129943848,584
2020-02-11,-1.4065194129943848,-1.4065194129943848,-1.4065194129943848,-1.4065194129943848,1226
2020-02-12,-1.4182403087615967,-1.4182403087615967,-1.4182403087615967,-1.4182403087615967,30
2020-02-13,-1.4182403087615967,-1.4182403087615967,-1.4182403087615967,-1.4182403087615967,0
2020-02-14,-1.4182403087615967,-1.4182403087615967,-1.4182403087615967,-1.4182403087615967,0
2020-02-17,-1.4182403087615967,-1.4182403087615967,-1.4182403087615967,-1.4182403087615967,0
2020-02-18,-1.4065194129943848,-1.4065194129943848,-1.4065194129943848,-1.4065194129943848,2072
2020-02-19,-1.4065194129943848,-1.4065194129943848,-1.4065194129943848,-1.4065194129943848,13757
2020-02-20,-1.4065194129943848,-1.4065194129943848,-1.4065194129943848,-1.4065194129943848,13757
2020-02-21,-1.4065194129943848,-1.4065194129943848,-1.4065194129943848,-1.4065194129943848,0
2020-02-26,-1.4627801179885864,-1.4627801179885864,-1.4627801179885864,-1.4627801179885864,300
2020-02-27,-1.4627801179885864,-1.4627801179885864,-1.4627801179885864,-1.4627801179885864,0
2020-02-28,-1.3830773830413818,-1.3830773830413818,-1.3830773830413818,-1.3830773830413818,39
2020-03-02,-1.5237292051315308,-1.5237292051315308,-1.5237292051315308,-1.5237292051315308,14
2020-03-03,-1.2658675909042358,-1.2658675909042358,-1.2658675909042358,-1.2658675909042358,395
2020-03-04,-1.2658675909042358,-1.2658675909042358,-1.2658675909042358,-1.2658675909042358,0
2020-03-05,-1.2658675909042358,-1.2658675909042358,-1.2658675909042358,-1.2658675909042358,0
2020-03-06,-1.2658675909042358,-1.2658675909042358,-1.2658675909042358,-1.2658675909042358,0
2020-03-09,-1.4065194129943848,-1.4065194129943848,-1.4065194129943848,-1.4065194129943848,956
2020-03-10,-1.4065194129943848,-1.4065194129943848,-1.4065194129943848,-1.4065194129943848,1
2020-03-11,-1.4299613237380981,-1.4299613237380981,-1.4299613237380981,-1.4299613237380981,11
2020-03-12,-1.4299613237380981,-1.4299613237380981,-1.4299613237380981,-1.4299613237380981,0
2020-03-13,-1.5237292051315308,-1.5237292051315308,-1.5237292051315308,-1.5237292051315308,1
2020-03-16,-1.5471713542938232,-1.5471713542938232,-1.5471713542938232,-1.5471713542938232,10
2020-03-17,-1.5471713542938232,-1.5471713542938232,-1.5471713542938232,-1.5471713542938232,0
2020-03-18,-1.5471713542938232,-1.5471713542938232,-1.5471713542938232,-1.5471713542938232,20
2020-03-20,-1.5471713542938232,-1.5471713542938232,-1.5471713542938232,-1.5471713542938232,661
2020-03-23,-1.2424253225326538,-1.2424253225326538,-1.2424253225326538,-1.2424253225326538,100
2020-03-24,-1.2424253225326538,-1.2424253225326538,-1.2424253225326538,-1.2424253225326538,100
2020-03-25,-0.9939404726028442,-0.9939404726028442,-0.9939404726028442,-0.9939404726028442,577
2020-03-26,-1.1252156496047974,-1.1252156496047974,-1.1252156496047974,-1.1252156496047974,30
2020-03-27,-1.195541501045227,-1.195541501045227,-1.195541501045227,-1.195541501045227,700
2020-03-30,-1.3244725465774536,-1.3244725465774536,-1.3244725465774536,-1.3244725465774536,300
2020-03-31,-1.4299613237380981,-1.4299613237380981,-1.4299613237380981,-1.4299613237380981,10
2020-04-01,-1.43464994430542,-1.43464994430542,-1.43464994430542,-1.43464994430542,78
2020-04-02,-1.5471713542938232,-1.5471713542938232,-1.5471713542938232,-1.5471713542938232,6161
2020-04-03,-1.4065194129943848,-1.4065194129943848,-1.4065194129943848,-1.4065194129943848,4018
2020-04-06,-1.5471713542938232,-1.5471713542938232,-1.5471713542938232,-1.5471713542938232,50
2020-04-07,-1.5471713542938232,-1.5471713542938232,-1.5471713542938232,-1.5471713542938232,7233
2020-04-08,-1.5471713542938232,-1.5471713542938232,-1.5471713542938232,-1.5471713542938232,6175
2020-04-13,-1.5471713542938232,-1.5471713542938232,-1.5471713542938232,-1.5471713542938232,0
2020-04-14,-1.992569088935852,-1.992569088935852,-1.992569088935852,-1.992569088935852,315
2020-04-15,-2.0394532680511475,-2.0394532680511475,-2.0394532680511475,-2.0394532680511475,731
2020-04-16,-2.4473440647125244,-2.4473440647125244,-2.4473440647125244,-2.4473440647125244,227
2020-04-17,-2.109779119491577,-2.109779119491577,-2.109779119491577,-2.109779119491577,550
2020-04-20,-2.5317351818084717,-2.5317351818084717,-2.5317351818084717,-2.5317351818084717,301
2020-04-21,-3.038081645965576,-3.038081645965576,-3.038081645965576,-3.038081645965576,9349
2020-04-22,-3.0943427085876465,-3.0943427085876465,-3.0943427085876465,-3.0943427085876465,2250
2020-04-23,-3.1646687984466553,-3.1646687984466553,-3.1646687984466553,-3.1646687984466553,7044
2020-04-24,-3.199831485748291,-3.199831485748291,-3.199831485748291,-3.199831485748291,8323
2020-04-27,-3.188110828399658,-3.188110828399658,-3.188110828399658,-3.188110828399658,495
2020-04-28,-2.592684030532837,-2.592684030532837,-2.592684030532837,-2.592684030532837,350
2020-04-29,-2.602060556411743,-2.602060556411743,-2.602060556411743,-2.602060556411743,512
2020-04-30,-2.7544333934783936,-2.7544333934783936,-2.7544333934783936,-2.7544333934783936,334
2020-05-04,-3.1107518672943115,-3.1107518672943115,-3.1107518672943115,-3.1107518672943115,31
2020-05-05,-3.188110828399658,-3.188110828399658,-3.188110828399658,-3.188110828399658,85
2020-05-06,-3.1646687984466553,-3.1646687984466553,-3.1646687984466553,-3.1646687984466553,759
2020-05-07,-3.1646687984466553,-3.1646687984466553,-3.1646687984466553,-3.1646687984466553,1531
2020-05-08,-3.1646687984466553,-3.1646687984466553,-3.1646687984466553,-3.1646687984466553,1967
2020-05-11,-3.0943427085876465,-3.0943427085876465,-3.0943427085876465,-3.0943427085876465,1743
2020-05-12,-3.2701573371887207,-3.2701573371887207,-3.2701573371887207,-3.2701573371887207,2739
2020-05-13,-3.1177847385406494,-3.1177847385406494,-3.1177847385406494,-3.1177847385406494,6995
2020-05-14,-3.1177847385406494,-3.1177847385406494,-3.1177847385406494,-3.1177847385406494,17
2020-05-15,-3.258436441421509,-3.258436441421509,-3.258436441421509,-3.258436441421509,2003
2020-05-18,-3.258436441421509,-3.258436441421509,-3.258436441421509,-3.258436441421509,4556
2020-05-19,-3.234994411468506,-3.234994411468506,-3.234994411468506,-3.234994411468506,7307
2020-05-20,-3.234994411468506,-3.234994411468506,-3.234994411468506,-3.234994411468506,90
2020-05-21,-3.234994411468506,-3.234994411468506,-3.234994411468506,-3.234994411468506,224
2020-05-22,-3.258436441421509,-3.258436441421509,-3.258436441421509,-3.258436441421509,10
2020-05-26,-3.0755889415740967,-3.0755889415740967,-3.0755889415740967,-3.0755889415740967,431
2020-05-27,-3.0474584102630615,-3.0474584102630615,-3.0474584102630615,-3.0474584102630615,410
2020-05-28,-3.1646687984466553,-3.1646687984466553,-3.1646687984466553,-3.1646687984466553,16886
2020-05-29,-3.1646687984466553,-3.1646687984466553,-3.1646687984466553,-3.1646687984466553,0
2020-06-01,-3.1646687984466553,-3.1646687984466553,-3.1646687984466553,-3.1646687984466553,370
2020-06-02,-3.1646687984466553,-3.1646687984466553,-3.1646687984466553,-3.1646687984466553,3300
2020-06-03,-3.1646687984466553,-3.1646687984466553,-3.1646687984466553,-3.1646687984466553,0
2020-06-04,-3.2560925483703613,-3.2560925483703613,-3.2560925483703613,-3.2560925483703613,2424
2020-06-05,-3.1646687984466553,-3.1646687984466553,-3.1646687984466553,-3.1646687984466553,507
2020-06-08,-3.1646687984466553,-3.1646687984466553,-3.1646687984466553,-3.1646687984466553,564
2020-06-09,-3.3756465911865234,-3.3756465911865234,-3.3756465911865234,-3.3756465911865234,1759
2020-06-10,-3.3756465911865234,-3.3756465911865234,-3.3756465911865234,-3.3756465911865234,2205
2020-06-11,-3.3756465911865234,-3.3756465911865234,-3.3756465911865234,-3.3756465911865234,1400
2020-06-12,-3.281878709793091,-3.281878709793091,-3.281878709793091,-3.281878709793091,1037
2020-06-16,-3.3756465911865234,-3.3756465911865234,-3.3756465911865234,-3.3756465911865234,280
2020-06-17,-3.3756465911865234,-3.3756465911865234,-3.3756465911865234,-3.3756465911865234,571
2020-06-18,-3.281878709793091,-3.281878709793091,-3.281878709793091,-3.281878709793091,2807
2020-06-19,-3.281878709793091,-3.281878709793091,-3.281878709793091,-3.281878709793091,0
2020-06-22,-3.0474584102630615,-3.0474584102630615,-3.0474584102630615,-3.0474584102630615,1170
2020-06-23,-3.281878709793091,-3.281878709793091,-3.281878709793091,-3.281878709793091,31
2020-06-25,-3.281878709793091,-3.281878709793091,-3.281878709793091,-3.281878709793091,717
2020-06-26,-3.1646687984466553,-3.1646687984466553,-3.1646687984466553,-3.1646687984466553,31
2020-06-30,-3.0474584102630615,-3.0474584102630615,-3.0474584102630615,-3.0474584102630615,755
2020-07-01,-3.0474584102630615,-3.0474584102630615,-3.0474584102630615,-3.0474584102630615,122
2020-07-02,-3.0474584102630615,-3.0474584102630615,-3.0474584102630615,-3.0474584102630615,1521
2020-07-03,-2.930248737335205,-2.930248737335205,-2.930248737335205,-2.930248737335205,2512
2020-07-06,-3.0474584102630615,-3.0474584102630615,-3.0474584102630615,-3.0474584102630615,1506
2020-07-07,-3.0474584102630615,-3.0474584102630615,-3.0474584102630615,-3.0474584102630615,0
2020-07-08,-3.258436441421509,-3.258436441421509,-3.258436441421509,-3.258436441421509,6
2020-07-09,-3.258436441421509,-3.258436441421509,-3.258436441421509,-3.258436441421509,4
2020-07-10,-3.1412265300750732,-3.1412265300750732,-3.1412265300750732,-3.1412265300750732,3363
2020-07-13,-2.862267017364502,-2.862267017364502,-2.862267017364502,-2.862267017364502,566
2020-07-14,-3.211552619934082,-3.211552619934082,-3.211552619934082,-3.211552619934082,12
2020-07-15,-3.211552619934082,-3.211552619934082,-3.211552619934082,-3.211552619934082,7
2020-07-16,-3.211552619934082,-3.211552619934082,-3.211552619934082,-3.211552619934082,5
2020-07-17,-2.862267017364502,-2.862267017364502,-2.862267017364502,-2.862267017364502,800
2020-07-20,-3.211552619934082,-3.211552619934082,-3.211552619934082,-3.211552619934082,540
2020-07-21,-3.3522045612335205,-3.3522045612335205,-3.3522045612335205,-3.3522045612335205,405
2020-07-22,-3.349860191345215,-3.349860191345215,-3.349860191345215,-3.349860191345215,125
2020-07-23,-3.3639254570007324,-3.3639254570007324,-3.3639254570007324,-3.3639254570007324,4196
2020-07-27,-3.3287627696990967,-3.3287627696990967,-3.3287627696990967,-3.3287627696990967,234
2020-07-28,-3.3170416355133057,-3.3170416355133057,-3.3170416355133057,-3.3170416355133057,4023
2020-07-29,-3.3170416355133057,-3.3170416355133057,-3.3170416355133057,-3.3170416355133057,1020
2020-07-30,-3.4108097553253174,-3.4108097553253174,-3.4108097553253174,-3.4108097553253174,7237
2020-07-31,-3.4108097553253174,-3.4108097553253174,-3.4108097553253174,-3.4108097553253174,4172
2020-08-03,-3.4459726810455322,-3.4459726810455322,-3.4459726810455322,-3.4459726810455322,1674
2020-08-04,-3.481135606765747,-3.481135606765747,-3.481135606765747,-3.481135606765747,2913
2020-08-05,-3.5866243839263916,-3.5866243839263916,-3.5866243839263916,-3.5866243839263916,212
2020-08-06,-3.703834056854248,-3.703834056854248,-3.703834056854248,-3.703834056854248,1748
2020-08-07,-3.8444862365722656,-3.8444862365722656,-3.8444862365722656,-3.8444862365722656,1300
2020-08-10,-4.922817707061768,-4.922817707061768,-4.922817707061768,-4.922817707061768,7968
2020-08-11,-3.9382543563842773,-3.9382543563842773,-3.9382543563842773,-3.9382543563842773,1714
2020-08-12,-3.9382543563842773,-3.9382543563842773,-3.9382543563842773,-3.9382543563842773,0
2020-08-13,-4.725905418395996,-4.725905418395996,-4.725905418395996,-4.725905418395996,2
2020-08-14,-4.7235612869262695,-4.7235612869262695,-4.7235612869262695,-4.7235612869262695,1304
2020-08-17,-4.7235612869262695,-4.7235612869262695,-4.7235612869262695,-4.7235612869262695,9159
2020-08-18,-5.086912155151367,-5.086912155151367,-5.086912155151367,-5.086912155151367,3003
2020-08-19,-5.157238006591797,-5.157238006591797,-5.157238006591797,-5.157238006591797,16413
2020-08-20,-5.157238006591797,-5.157238006591797,-5.157238006591797,-5.157238006591797,2150
2020-08-21,-5.34477424621582,-5.34477424621582,-5.34477424621582,-5.34477424621582,259
2020-08-24,-5.34477424621582,-5.34477424621582,-5.34477424621582,-5.34477424621582,8289
2020-08-25,-5.532309532165527,-5.532309532165527,-5.532309532165527,-5.532309532165527,5
2020-08-26,-5.532309532165527,-5.532309532165527,-5.532309532165527,-5.532309532165527,308
2020-08-27,-5.532309532165527,-5.532309532165527,-5.532309532165527,-5.532309532165527,10
2020-08-28,-5.532309532165527,-5.532309532165527,-5.532309532165527,-5.532309532165527,1400
2020-08-31,-5.532309532165527,-5.532309532165527,-5.532309532165527,-5.532309532165527,645
2020-09-01,-4.688397407531738,-4.688397407531738,-4.688397407531738,-4.688397407531738,110
2020-09-02,-5.532309532165527,-5.532309532165527,-5.532309532165527,-5.532309532165527,110
2020-09-03,-5.532309532165527,-5.532309532165527,-5.532309532165527,-5.532309532165527,182
2020-09-04,-5.532309532165527,-5.532309532165527,-5.532309532165527,-5.532309532165527,13
2020-09-07,-5.532309532165527,-5.532309532165527,-5.532309532165527,-5.532309532165527,89
2020-09-08,-5.532309532165527,-5.532309532165527,-5.532309532165527,-5.532309532165527,9
2020-09-09,-5.391657829284668,-5.391657829284668,-5.391657829284668,-5.391657829284668,16
2020-09-10,-5.157238006591797,-5.157238006591797,-5.157238006591797,-5.157238006591797,724
2020-09-11,-5.391657829284668,-5.391657829284668,-5.391657829284668,-5.391657829284668,406
2020-09-15,-5.391657829284668,-5.391657829284668,-5.391657829284668,-5.391657829284668,0
2020-09-16,-5.391657829284668,-5.391657829284668,-5.391657829284668,-5.391657829284668,42
2020-09-17,-5.391657829284668,-5.391657829284668,-5.391657829284668,-5.391657829284668,24
2020-09-18,-4.688397407531738,-4.688397407531738,-4.688397407531738,-4.688397407531738,4171
2020-09-21,-4.688397407531738,-4.688397407531738,-4.688397407531738,-4.688397407531738,2224
2020-09-22,-4.688397407531738,-4.688397407531738,-4.688397407531738,-4.688397407531738,3669
2020-09-23,-4.922817707061768,-4.922817707061768,-4.922817707061768,-4.922817707061768,54
2020-09-24,-5.391657829284668,-5.391657829284668,-5.391657829284668,-5.391657829284668,386
2020-09-25,-5.391657829284668,-5.391657829284668,-5.391657829284668,-5.391657829284668,5
2020-09-28,-4.688397407531738,-4.688397407531738,-4.688397407531738,-4.688397407531738,720
2020-09-29,-5.391657829284668,-5.391657829284668,-5.391657829284668,-5.391657829284668,16582
2020-09-30,-5.391657829284668,-5.391657829284668,-5.391657829284668,-5.391657829284668,73
2020-10-01,-5.391657829284668,-5.391657829284668,-5.391657829284668,-5.391657829284668,54
2020-10-02,-5.391657829284668,-5.391657829284668,-5.391657829284668,-5.391657829284668,30
2020-10-05,-5.391657829284668,-5.391657829284668,-5.391657829284668,-5.391657829284668,1826
2020-10-06,-5.386968612670898,-5.386968612670898,-5.386968612670898,-5.386968612670898,1168
2020-10-07,-5.391657829284668,-5.391657829284668,-5.391657829284668,-5.391657829284668,31
2020-10-08,-5.391657829284668,-5.391657829284668,-5.391657829284668,-5.391657829284668,0
2020-10-09,-5.386968612670898,-5.386968612670898,-5.386968612670898,-5.386968612670898,600
2020-10-13,-5.386968612670898,-5.386968612670898,-5.386968612670898,-5.386968612670898,0
2020-10-14,-5.386968612670898,-5.386968612670898,-5.386968612670898,-5.386968612670898,208246
2020-10-15,-5.391657829284668,-5.391657829284668,-5.391657829284668,-5.391657829284668,5
2020-10-16,-5.391657829284668,-5.391657829284668,-5.391657829284668,-5.391657829284668,0
2020-10-19,-5.386968612670898,-5.386968612670898,-5.386968612670898,-5.386968612670898,2379
2020-10-20,-5.386968612670898,-5.386968612670898,-5.386968612670898,-5.386968612670898,0
2020-10-21,-5.368215560913086,-5.368215560913086,-5.368215560913086,-5.368215560913086,286
2020-10-22,-5.368215560913086,-5.368215560913086,-5.368215560913086,-5.368215560913086,0
2020-10-23,-5.368215560913086,-5.368215560913086,-5.368215560913086,-5.368215560913086,0
2020-10-26,-5.157238006591797,-5.157238006591797,-5.157238006591797,-5.157238006591797,148
2020-10-27,-5.157238006591797,-5.157238006591797,-5.157238006591797,-5.157238006591797,1914
2020-10-28,-5.157238006591797,-5.157238006591797,-5.157238006591797,-5.157238006591797,28
2020-10-29,-5.157238006591797,-5.157238006591797,-5.157238006591797,-5.157238006591797,14
2020-10-30,-5.157238006591797,-5.157238006591797,-5.157238006591797,-5.157238006591797,0
2020-11-02,-5.157238006591797,-5.157238006591797,-5.157238006591797,-5.157238006591797,0
2020-11-03,-5.391657829284668,-5.391657829284668,-5.391657829284668,-5.391657829284668,86
2020-11-04,-5.391657829284668,-5.391657829284668,-5.391657829284668,-5.391657829284668,458
2020-11-05,-5.391657829284668,-5.391657829284668,-5.391657829284668,-5.391657829284668,1
2020-11-06,-5.040027618408203,-5.040027618408203,-5.040027618408203,-5.040027618408203,782
2020-11-09,-5.365871906280518,-5.365871906280518,-5.365871906280518,-5.365871906280518,14
2020-11-10,-5.391657829284668,-5.391657829284668,-5.391657829284668,-5.391657829284668,5253
2020-11-11,-5.391657829284668,-5.391657829284668,-5.391657829284668,-5.391657829284668,0
2020-11-12,-5.391657829284668,-5.391657829284668,-5.391657829284668,-5.391657829284668,103
2020-11-13,-5.391657829284668,-5.391657829284668,-5.391657829284668,-5.391657829284668,0
2020-11-16,-5.438541889190674,-5.438541889190674,-5.438541889190674,-5.438541889190674,503
2020-11-17,-5.391657829284668,-5.391657829284668,-5.391657829284668,-5.391657829284668,686
2020-11-18,-5.391657829284668,-5.391657829284668,-5.391657829284668,-5.391657829284668,0
2020-11-19,-5.438541889190674,-5.438541889190674,-5.438541889190674,-5.438541889190674,530
2020-11-20,-6.1418023109436035,-6.1418023109436035,-6.1418023109436035,-6.1418023109436035,42088
2020-11-24,-6.798176288604736,-6.798176288604736,-6.798176288604736,-6.798176288604736,16888
2020-11-25,-7.735856533050537,-7.735856533050537,-7.735856533050537,-7.735856533050537,6563
2020-11-26,-8.204696655273438,-8.204696655273438,-8.204696655273438,-8.204696655273438,5985
2020-11-27,-8.204696655273438,-8.204696655273438,-8.204696655273438,-8.204696655273438,0
2020-11-30,-11.72099494934082,-11.72099494934082,-11.72099494934082,-11.72099494934082,6583
2020-12-01,-11.72099494934082,-11.72099494934082,-11.72099494934082,-11.72099494934082,0
2020-12-02,-11.72099494934082,-11.72099494934082,-11.72099494934082,-11.72099494934082,16494
2020-12-03,-11.72099494934082,-11.72099494934082,-11.72099494934082,-11.72099494934082,15
2020-12-04,-11.72099494934082,-11.72099494934082,-11.72099494934082,-11.72099494934082,407
2020-12-07,-11.017733573913574,-11.017733573913574,-11.017733573913574,-11.017733573913574,1948
2020-12-08,-10.314476013183594,-10.314476013183594,-10.314476013183594,-10.314476013183594,1301
2020-12-09,-9.61355972290039,-9.61355972290039,-9.61355972290039,-9.61355972290039,756
2020-12-10,-9.845635414123535,-9.845635414123535,-9.845635414123535,-9.845635414123535,12347
2020-12-11,-9.845635414123535,-9.845635414123535,-9.845635414123535,-9.845635414123535,6854
2020-12-15,-9.61121654510498,-9.61121654510498,-9.61121654510498,-9.61121654510498,3930
2020-12-16,-9.61121654510498,-9.61121654510498,-9.61121654510498,-9.61121654510498,86
2020-12-17,-9.376794815063477,-9.376794815063477,-9.376794815063477,-9.376794815063477,2891
2020-12-18,-9.376794815063477,-9.376794815063477,-9.376794815063477,-9.376794815063477,1569
2020-12-21,-8.90795612335205,-8.90795612335205,-8.90795612335205,-8.90795612335205,17394
2020-12-22,-8.90795612335205,-8.90795612335205,-8.90795612335205,-8.90795612335205,0
2020-12-23,-9.845635414123535,-9.845635414123535,-9.845635414123535,-9.845635414123535,1474
2020-12-28,-9.845635414123535,-9.845635414123535,-9.845635414123535,-9.845635414123535,139
2020-12-29,-9.845635414123535,-9.845635414123535,-9.845635414123535,-9.845635414123535,2753
2020-12-30,-10.080055236816406,-10.080055236816406,-10.080055236816406,-10.080055236816406,650
2021-01-04,-10.080055236816406,-10.080055236816406,-10.080055236816406,-10.080055236816406,0
2021-01-05,-11.946038246154785,-11.946038246154785,-11.946038246154785,-11.946038246154785,39
2021-01-06,-11.941349983215332,-11.941349983215332,-11.941349983215332,-11.941349983215332,130
2021-01-07,-12.562562942504883,-12.562562942504883,-12.562562942504883,-12.562562942504883,17507
2021-01-08,-17.581491470336914,-17.581491470336914,-17.581491470336914,-17.581491470336914,99
2021-01-12,-17.581491470336914,-17.581491470336914,-17.581491470336914,-17.581491470336914,16717
2021-01-13,-16.385950088500977,-16.385950088500977,-16.385950088500977,-16.385950088500977,170
2021-01-14,-16.409393310546875,-16.409393310546875,-16.409393310546875,-16.409393310546875,68
2021-01-15,-16.409393310546875,-16.409393310546875,-16.409393310546875,-16.409393310546875,14
2021-01-19,-16.409393310546875,-16.409393310546875,-16.409393310546875,-16.409393310546875,210
2021-01-20,-16.409393310546875,-16.409393310546875,-16.409393310546875,-16.409393310546875,0
2021-01-21,-17.8159122467041,-17.8159122467041,-17.8159122467041,-17.8159122467041,9
2021-01-22,-17.8159122467041,-17.8159122467041,-17.8159122467041,-17.8159122467041,0
2021-01-25,-17.813566207885742,-17.813566207885742,-17.813566207885742,-17.813566207885742,215
2021-01-26,-17.581491470336914,-17.581491470336914,-17.581491470336914,-17.581491470336914,66
2021-01-27,-17.581491470336914,-17.581491470336914,-17.581491470336914,-17.581491470336914,29162
2021-01-28,-17.581491470336914,-17.581491470336914,-17.581491470336914,-17.581491470336914,20002
2021-01-29,-18.305849075317383,-18.305849075317383,-18.305849075317383,-18.305849075317383,10
2021-02-01,-18.305849075317383,-18.305849075317383,-18.305849075317383,-18.305849075317383,0
2021-02-02,-18.305849075317383,-18.305849075317383,-18.305849075317383,-18.305849075317383,100
2021-02-03,-17.581491470336914,-17.581491470336914,-17.581491470336914,-17.581491470336914,1525
2021-02-04,-18.305849075317383,-18.305849075317383,-18.305849075317383,-18.305849075317383,509
2021-02-05,-18.305849075317383,-18.305849075317383,-18.305849075317383,-18.305849075317383,4974
2021-02-08,-18.305849075317383,-18.305849075317383,-18.305849075317383,-18.305849075317383,0
2021-02-09,-17.581491470336914,-17.581491470336914,-17.581491470336914,-17.581491470336914,1315
2021-02-10,-17.581491470336914,-17.581491470336914,-17.581491470336914,-17.581491470336914,500
2021-02-11,-17.581491470336914,-17.581491470336914,-17.581491470336914,-17.581491470336914,2665
2021-02-12,0.07720693200826645,0.07720693200826645,0.07720693200826645,0.07720693200826645,1380
2021-02-17,0.07720693200826645,0.07720693200826645,0.07720693200826645,0.07720693200826645,5077
2021-02-18,0.07720693200826645,0.07720693200826645,0.07720693200826645,0.07720693200826645,0
2021-02-19,0.07878883928060532,0.07878883928060532,0.07878883928060532,0.07878883928060532,5433
2021-02-22,0.07909532636404037,0.07909532636404037,0.07909532636404037,0.07909532636404037,1066
2021-02-23,0.07909532636404037,0.07909532636404037,0.07909532636404037,0.07909532636404037,9535
2021-02-24,0.08165603876113892,0.08165603876113892,0.08165603876113892,0.08165603876113892,26
2021-02-25,0.08165603876113892,0.08165603876113892,0.08165603876113892,0.08165603876113892,0
2021-02-26,0.08163626492023468,0.08163626492023468,0.08163626492023468,0.08163626492023468,5310
2021-03-01,0.08163626492023468,0.08163626492023468,0.08163626492023468,0.08163626492023468,11122
2021-03-02,0.09788046777248383,0.09788046777248383,0.09788046777248383,0.09788046777248383,1096
2021-03-03,0.09886915981769562,0.09886915981769562,0.09886915981769562,0.09886915981769562,574
2021-03-04,0.10182534903287888,0.10182534903287888,0.10182534903287888,0.10182534903287888,10
2021-03-05,0.10380272567272186,0.10380272567272186,0.10380272567272186,0.10380272567272186,10322
2021-03-08,0.10381260514259338,0.10381260514259338,0.10381260514259338,0.10381260514259338,10428
2021-03-09,0.10381260514259338,0.10381260514259338,0.10381260514259338,0.10381260514259338,1
2021-03-10,0.10381260514259338,0.10381260514259338,0.10381260514259338,0.10381260514259338,0
2021-03-11,0.10282392054796219,0.10282392054796219,0.10282392054796219,0.10282392054796219,11734
2021-03-12,0.10282392054796219,0.10282392054796219,0.10282392054796219,0.10282392054796219,600
2021-03-15,0.10776737332344055,0.10776737332344055,0.10776737332344055,0.10776737332344055,17944
2021-03-16,0.10776737332344055,0.10776737332344055,0.10776737332344055,0.10776737332344055,2324
2021-03-17,0.128529891371727,0.128529891371727,0.128529891371727,0.128529891371727,49
2021-03-18,0.13545073568820953,0.13545073568820953,0.13545073568820953,0.13545073568820953,6165
2021-03-22,0.15571892261505127,0.15571892261505127,0.15571892261505127,0.15571892261505127,16022
2021-03-23,0.18587400019168854,0.18587400019168854,0.18587400019168854,0.18587400019168854,72
2021-03-24,0.22245560586452484,0.22245560586452484,0.22245560586452484,0.22245560586452484,2331
2021-03-25,0.24717287719249725,0.24717287719249725,0.24717287719249725,0.24717287719249725,2920
2021-03-26,0.21751214563846588,0.21751214563846588,0.21751214563846588,0.21751214563846588,1424
2021-03-29,0.22245560586452484,0.22245560586452484,0.22245560586452484,0.22245560586452484,4254
2021-03-30,0.22244571149349213,0.22244571149349213,0.22244571149349213,0.22244571149349213,20
2021-03-31,0.22244571149349213,0.22244571149349213,0.22244571149349213,0.22244571149349213,2300
2021-04-05,0.22245560586452484,0.22245560586452484,0.22245560586452484,0.22245560586452484,7556
2021-04-06,0.22443298995494843,0.22443298995494843,0.22443298995494843,0.22443298995494843,2911
2021-04-07,0.2283877581357956,0.2283877581357956,0.2283877581357956,0.2283877581357956,15853
2021-04-08,0.2283877581357956,0.2283877581357956,0.2283877581357956,0.2283877581357956,474
2021-04-09,0.2254216969013214,0.2254216969013214,0.2254216969013214,0.2254216969013214,710
2021-04-12,0.22937645018100739,0.22937645018100739,0.22937645018100739,0.22937645018100739,3892
2021-04-13,0.22937645018100739,0.22937645018100739,0.22937645018100739,0.22937645018100739,1727
2021-04-14,0.23036514222621918,0.23036514222621918,0.23036514222621918,0.23036514222621918,1018
2021-04-15,0.23135383427143097,0.23135383427143097,0.23135383427143097,0.23135383427143097,3130
2021-04-16,0.2362775057554245,0.2362775057554245,0.2362775057554245,0.2362775057554245,20171
2021-04-20,0.2362775057554245,0.2362775057554245,0.2362775057554245,0.2362775057554245,0
2021-04-21,0.2362775057554245,0.2362775057554245,0.2362775057554245,0.2362775057554245,0
2021-04-22,0.257059782743454,0.257059782743454,0.257059782743454,0.257059782743454,10864
2021-04-23,0.29660749435424805,0.29660749435424805,0.29660749435424805,0.29660749435424805,12539
2021-04-26,0.2966173589229584,0.2966173589229584,0.2966173589229584,0.2966173589229584,6722
2021-04-27,0.30846187472343445,0.30846187472343445,0.30846187472343445,0.30846187472343445,2331
2021-04-28,0.37014639377593994,0.37014639377593994,0.37014639377593994,0.37014639377593994,6355
2021-04-29,0.36977067589759827,0.36977067589759827,0.36977067589759827,0.36977067589759827,500
2021-04-30,0.41030701994895935,0.41030701994895935,0.41030701994895935,0.41030701994895935,2165
2021-05-03,0.41030701994895935,0.41030701994895935,0.41030701994895935,0.41030701994895935,0
2021-05-04,0.4992891848087311,0.4992891848087311,0.4992891848087311,0.4992891848087311,118
2021-05-05,0.4992891848087311,0.4992891848087311,0.4992891848087311,0.4992891848087311,0
2021-05-06,0.5991470813751221,0.5991470813751221,0.5991470813751221,0.5991470813751221,1999
2021-05-07,0.5991470813751221,0.5991470813751221,0.5991470813751221,0.5991470813751221,0
2021-05-10,0.5932149887084961,0.5932149887084961,0.5932149887084961,0.5932149887084961,213
2021-05-11,0.5932149887084961,0.5932149887084961,0.5932149887084961,0.5932149887084961,104
2021-05-12,0.5932149887084961,0.5932149887084961,0.5932149887084961,0.5932149887084961,495
2021-05-13,0.5932149887084961,0.5932149887084961,0.5932149887084961,0.5932149887084961,543
2021-05-14,0.5882714986801147,0.5882714986801147,0.5882714986801147,0.5882714986801147,40
2021-05-17,0.5882714986801147,0.5882714986801147,0.5882714986801147,0.5882714986801147,8
2021-05-18,0.5882714986801147,0.5882714986801147,0.5882714986801147,0.5882714986801147,134
2021-05-19,0.5734410285949707,0.5734410285949707,0.5734410285949707,0.5734410285949707,14
2021-05-20,0.5981584191322327,0.5981584191322327,0.5981584191322327,0.5981584191322327,222
2021-05-21,0.6129887700080872,0.6129887700080872,0.6129887700080872,0.6129887700080872,412
2021-05-25,0.6129887700080872,0.6129887700080872,0.6129887700080872,0.6129887700080872,140
2021-05-26,0.6080453395843506,0.6080453395843506,0.6080453395843506,0.6080453395843506,55
2021-05-27,0.6080453395843506,0.6080453395843506,0.6080453395843506,0.6080453395843506,50
2021-05-28,0.6080453395843506,0.6080453395843506,0.6080453395843506,0.6080453395843506,0
2021-05-31,0.6080453395843506,0.6080453395843506,0.6080453395843506,0.6080453395843506,2
2021-06-01,0.6080453395843506,0.6080453395843506,0.6080453395843506,0.6080453395843506,0
2021-06-02,0.6080453395843506,0.6080453395843506,0.6080453395843506,0.6080453395843506,0
2021-06-03,0.6080453395843506,0.6080453395843506,0.6080453395843506,0.6080453395843506,0
2021-06-04,0.6080453395843506,0.6080453395843506,0.6080453395843506,0.6080453395843506,0
2021-06-07,0.6080453395843506,0.6080453395843506,0.6080453395843506,0.6080453395843506,0
2021-06-08,0.6080453395843506,0.6080453395843506,0.6080453395843506,0.6080453395843506,0
2021-06-09,0.6129887700080872,0.6129887700080872,0.6129887700080872,0.6129887700080872,80
2021-06-10,0.6426495313644409,0.6426495313644409,0.6426495313644409,0.6426495313644409,25
2021-06-11,0.6179322600364685,0.6179322600364685,0.6179322600364685,0.6179322600364685,565
2021-06-15,0.6179322600364685,0.6179322600364685,0.6179322600364685,0.6179322600364685,0
2021-06-16,0.39845260977745056,0.39845260977745056,0.39845260977745056,0.39845260977745056,33
2021-06-17,0.39845260977745056,0.39845260977745056,0.39845260977745056,0.39845260977745056,0
2021-06-18,0.47753801941871643,0.47753801941871643,0.47753801941871643,0.47753801941871643,105
2021-06-21,0.47753801941871643,0.47753801941871643,0.47753801941871643,0.47753801941871643,0
2021-06-22,0.47753801941871643,0.47753801941871643,0.47753801941871643,0.47753801941871643,0
2021-06-23,0.47753801941871643,0.47753801941871643,0.47753801941871643,0.47753801941871643,0
2021-06-25,0.47753801941871643,0.47753801941871643,0.47753801941871643,0.47753801941871643,0
2021-06-29,0.47753801941871643,0.47753801941871643,0.47753801941871643,0.47753801941871643,0
2021-06-30,0.47753801941871643,0.47753801941871643,0.47753801941871643,0.47753801941871643,0
2021-07-01,0.47753801941871643,0.47753801941871643,0.47753801941871643,0.47753801941871643,0
2021-07-02,0.48445889353752136,0.48445889353752136,0.48445889353752136,0.48445889353752136,1000
2021-07-06,0.4953344464302063,0.4953344464302063,0.4953344464302063,0.4953344464302063,400
2021-07-07,0.514119565486908,0.514119565486908,0.514119565486908,0.514119565486908,900
2021-07-08,0.514119565486908,0.514119565486908,0.514119565486908,0.514119565486908,250
2021-07-09,0.5922262072563171,0.5922262072563171,0.5922262072563171,0.5922262072563171,87
2021-07-12,0.5922262072563171,0.5922262072563171,0.5922262072563171,0.5922262072563171,0
2021-07-13,0.5942035913467407,0.5942035913467407,0.5942035913467407,0.5942035913467407,11
2021-07-14,0.5942035913467407,0.5942035913467407,0.5942035913467407,0.5942035913467407,16363
2021-07-15,0.6426495313644409,0.6426495313644409,0.6426495313644409,0.6426495313644409,22
2021-07-16,0.6525364518165588,0.6525364518165588,0.6525364518165588,0.6525364518165588,29
2021-07-19,0.6525364518165588,0.6525364518165588,0.6525364518165588,0.6525364518165588,210
2021-07-20,0.6525364518165588,0.6525364518165588,0.6525364518165588,0.6525364518165588,452
2021-07-21,0.6129887700080872,0.6129887700080872,0.6129887700080872,0.6129887700080872,100
2021-07-22,0.6920841336250305,0.6920841336250305,0.6920841336250305,0.6920841336250305,164
2021-07-23,0.6920841336250305,0.6920841336250305,0.6920841336250305,0.6920841336250305,249
2021-07-26,0.6920841336250305,0.6920841336250305,0.6920841336250305,0.6920841336250305,300
2021-07-27,0.6920841336250305,0.6920841336250305,0.6920841336250305,0.6920841336250305,400
2021-07-28,0.6920841336250305,0.6920841336250305,0.6920841336250305,0.6920841336250305,0
2021-07-29,0.6920841336250305,0.6920841336250305,0.6920841336250305,0.6920841336250305,60
2021-07-30,0.6920841336250305,0.6920841336250305,0.6920841336250305,0.6920841336250305,0
2021-08-02,0.6910954117774963,0.6910954117774963,0.6910954117774963,0.6910954117774963,711
2021-08-03,0.6910954117774963,0.6910954117774963,0.6910954117774963,0.6910954117774963,157
2021-08-04,0.6910954117774963,0.6910954117774963,0.6910954117774963,0.6910954117774963,0
2021-08-05,0.6910954117774963,0.6910954117774963,0.6910954117774963,0.6910954117774963,272
2021-08-06,0.6920841336250305,0.6920841336250305,0.6920841336250305,0.6920841336250305,350
2021-08-09,0.6920841336250305,0.6920841336250305,0.6920841336250305,0.6920841336250305,236
2021-08-10,0.7415187358856201,0.7415187358856201,0.7415187358856201,0.7415187358856201,299
2021-08-11,0.7415187358856201,0.7415187358856201,0.7415187358856201,0.7415187358856201,0
2021-08-12,0.7415187358856201,0.7415187358856201,0.7415187358856201,0.7415187358856201,4
2021-08-13,0.7415187358856201,0.7415187358856201,0.7415187358856201,0.7415187358856201,0
2021-08-16,0.7217448949813843,0.7217448949813843,0.7217448949813843,0.7217448949813843,15
2021-08-17,0.7168014049530029,0.7168014049530029,0.7168014049530029,0.7168014049530029,7
2021-08-18,0.7168014049530029,0.7168014049530029,0.7168014049530029,0.7168014049530029,107
2021-08-19,0.7168014049530029,0.7168014049530029,0.7168014049530029,0.7168014049530029,0
2021-08-20,0.7168014049530029,0.7168014049530029,0.7168014049530029,0.7168014049530029,20
2021-08-23,0.7168014049530029,0.7168014049530029,0.7168014049530029,0.7168014049530029,21
2021-08-24,0.6920841336250305,0.6920841336250305,0.6920841336250305,0.6920841336250305,24
2021-08-25,0.6920841336250305,0.6920841336250305,0.6920841336250305,0.6920841336250305,374
2021-08-26,0.7266784906387329,0.7266784906387329,0.7266784906387329,0.7266784906387329,133
2021-08-27,0.7256997227668762,0.7256997227668762,0.7256997227668762,0.7256997227668762,9
2021-08-30,0.7217448949813843,0.7217448949813843,0.7217448949813843,0.7217448949813843,50
2021-08-31,0.7217448949813843,0.7217448949813843,0.7217448949813843,0.7217448949813843,20
2021-09-01,0.6920841336250305,0.6920841336250305,0.6920841336250305,0.6920841336250305,78
2021-09-02,0.6920841336250305,0.6920841336250305,0.6920841336250305,0.6920841336250305,421
2021-09-03,0.6574799418449402,0.6574799418449402,0.6574799418449402,0.6574799418449402,407
2021-09-06,0.6574799418449402,0.6574799418449402,0.6574799418449402,0.6574799418449402,1
2021-09-07,0.6574799418449402,0.6574799418449402,0.6574799418449402,0.6574799418449402,0
2021-09-08,0.6574799418449402,0.6574799418449402,0.6574799418449402,0.6574799418449402,413
2021-09-09,0.6475929021835327,0.6475929021835327,0.6475929021835327,0.6475929021835327,308
2021-09-10,0.6525364518165588,0.6525364518165588,0.6525364518165588,0.6525364518165588,91
2021-09-13,0.6525364518165588,0.6525364518165588,0.6525364518165588,0.6525364518165588,224
2021-09-14,0.6624035239219666,0.6624035239219666,0.6624035239219666,0.6624035239219666,11
2021-09-15,0.6574799418449402,0.6574799418449402,0.6574799418449402,0.6574799418449402,111
2021-09-16,0.6574799418449402,0.6574799418449402,0.6574799418449402,0.6574799418449402,185
2021-09-17,0.6525265574455261,0.6525265574455261,0.6525265574455261,0.6525265574455261,134
2021-09-20,0.6475929021835327,0.6475929021835327,0.6475929021835327,0.6475929021835327,5
2021-09-21,0.6426495313644409,0.6426495313644409,0.6426495313644409,0.6426495313644409,53
2021-09-22,0.632762610912323,0.632762610912323,0.632762610912323,0.632762610912323,42
2021-09-23,0.6228756904602051,0.6228756904602051,0.6228756904602051,0.6228756904602051,16645
2021-09-24,0.5932149887084961,0.5932149887084961,0.5932149887084961,0.5932149887084961,64
2021-09-27,0.6199095845222473,0.6199095845222473,0.6199095845222473,0.6199095845222473,34
2021-09-28,0.6120001077651978,0.6120001077651978,0.6120001077651978,0.6120001077651978,228
2021-09-29,0.5932149887084961,0.5932149887084961,0.5932149887084961,0.5932149887084961,52
2021-10-04,0.5932149887084961,0.5932149887084961,0.5932149887084961,0.5932149887084961,0
2021-10-05,0.6031018495559692,0.6031018495559692,0.6031018495559692,0.6031018495559692,20
2021-10-06,0.6031018495559692,0.6031018495559692,0.6031018495559692,0.6031018495559692,0
2021-10-07,0.5932149887084961,0.5932149887084961,0.5932149887084961,0.5932149887084961,170
2021-10-08,0.5932149887084961,0.5932149887084961,0.5932149887084961,0.5932149887084961,30
2021-10-11,0.4943457543849945,0.4943457543849945,0.4943457543849945,0.4943457543849945,10
2021-10-13,0.4943457543849945,0.4943457543849945,0.4943457543849945,0.4943457543849945,0
2021-10-14,0.5437803864479065,0.5437803864479065,0.5437803864479065,0.5437803864479065,10
2021-10-15,0.5427917242050171,0.5427917242050171,0.5427917242050171,0.5427917242050171,290
2021-10-18,0.5427917242050171,0.5427917242050171,0.5427917242050171,0.5427917242050171,0
2021-10-19,0.5427917242050171,0.5427917242050171,0.5427917242050171,0.5427917242050171,0
2021-10-20,0.5378482937812805,0.5378482937812805,0.5378482937812805,0.5378482937812805,1060
2021-10-21,0.4943457543849945,0.4943457543849945,0.4943457543849945,0.4943457543849945,850
2021-10-22,0.4943457543849945,0.4943457543849945,0.4943457543849945,0.4943457543849945,470
2021-10-25,0.48445889353752136,0.48445889353752136,0.48445889353752136,0.48445889353752136,400
2021-10-26,0.4449112117290497,0.4449112117290497,0.4449112117290497,0.4449112117290497,1410
2021-10-27,0.4449112117290497,0.4449112117290497,0.4449112117290497,0.4449112117290497,100
2021-10-28,0.4449112117290497,0.4449112117290497,0.4449112117290497,0.4449112117290497,220
2021-10-29,0.43601301312446594,0.43601301312446594,0.43601301312446594,0.43601301312446594,90
2021-11-02,0.43601301312446594,0.43601301312446594,0.43601301312446594,0.43601301312446594,370
2021-11-03,0.43601301312446594,0.43601301312446594,0.43601301312446594,0.43601301312446594,20
2021-11-04,0.5220292210578918,0.5220292210578918,0.5220292210578918,0.5220292210578918,3140
2021-11-05,0.5230178236961365,0.5230178236961365,0.5230178236961365,0.5230178236961365,270
2021-11-08,0.6258418560028076,0.6258418560028076,0.6258418560028076,0.6258418560028076,390
2021-11-09,0.6129887700080872,0.6129887700080872,0.6129887700080872,0.6129887700080872,10
2021-11-10,0.6129887700080872,0.6129887700080872,0.6129887700080872,0.6129887700080872,50
2021-11-11,0.6129887700080872,0.6129887700080872,0.6129887700080872,0.6129887700080872,560
2021-11-12,0.5922262072563171,0.5922262072563171,0.5922262072563171,0.5922262072563171,1610
2021-11-15,0.5922262072563171,0.5922262072563171,0.5922262072563171,0.5922262072563171,0
2021-11-16,0.5922262072563171,0.5922262072563171,0.5922262072563171,0.5922262072563171,0
2021-11-17,0.6129887700080872,0.6129887700080872,0.6129887700080872,0.6129887700080872,230
2021-11-18,0.5833280086517334,0.5833280086517334,0.5833280086517334,0.5833280086517334,4800
2021-11-19,0.6110114455223083,0.6110114455223083,0.6110114455223083,0.6110114455223083,2520
2021-11-23,0.6100227236747742,0.6100227236747742,0.6100227236747742,0.6100227236747742,16880
2021-11-24,0.6110114455223083,0.6110114455223083,0.6110114455223083,0.6110114455223083,1960
2021-11-25,0.6110114455223083,0.6110114455223083,0.6110114455223083,0.6110114455223083,2400
2021-11-26,0.6110114455223083,0.6110114455223083,0.6110114455223083,0.6110114455223083,1020
2021-11-29,0.6031018495559692,0.6031018495559692,0.6031018495559692,0.6031018495559692,150
2021-11-30,0.6031018495559692,0.6031018495559692,0.6031018495559692,0.6031018495559692,0
2021-12-01,0.6021131873130798,0.6021131873130798,0.6021131873130798,0.6021131873130798,50
2021-12-02,0.5437803864479065,0.5437803864479065,0.5437803864479065,0.5437803864479065,140
2021-12-03,0.6080453395843506,0.6080453395843506,0.6080453395843506,0.6080453395843506,10
2021-12-06,0.6080453395843506,0.6080453395843506,0.6080453395843506,0.6080453395843506,410
2021-12-07,0.5437803864479065,0.5437803864479065,0.5437803864479065,0.5437803864479065,400
2021-12-08,0.5437803864479065,0.5437803864479065,0.5437803864479065,0.5437803864479065,3020
2021-12-09,0.5437803864479065,0.5437803864479065,0.5437803864479065,0.5437803864479065,0
2021-12-10,0.6100227236747742,0.6100227236747742,0.6100227236747742,0.6100227236747742,10
2021-12-14,0.6100227236747742,0.6100227236747742,0.6100227236747742,0.6100227236747742,80
2021-12-15,0.6090340614318848,0.6090340614318848,0.6090340614318848,0.6090340614318848,10
2021-12-16,0.6129887700080872,0.6129887700080872,0.6129887700080872,0.6129887700080872,280
2021-12-17,0.6129887700080872,0.6129887700080872,0.6129887700080872,0.6129887700080872,0
2021-12-20,0.6129887700080872,0.6129887700080872,0.6129887700080872,0.6129887700080872,10
2021-12-21,0.6129887700080872,0.6129887700080872,0.6129887700080872,0.6129887700080872,190
2021-12-22,0.6129887700080872,0.6129887700080872,0.6129887700080872,0.6129887700080872,0
2021-12-23,0.5932149887084961,0.5932149887084961,0.5932149887084961,0.5932149887084961,330
2021-12-27,0.5932149887084961,0.5932149887084961,0.5932149887084961,0.5932149887084961,0
2021-12-28,0.5932149887084961,0.5932149887084961,0.5932149887084961,0.5932149887084961,0
2021-12-29,0.710869312286377,0.710869312286377,0.710869312286377,0.710869312286377,10
2021-12-30,0.710869312286377,0.710869312286377,0.710869312286377,0.710869312286377,10
2022-01-03,0.710869312286377,0.710869312286377,0.710869312286377,0.710869312286377,0
2022-01-04,0.710869312286377,0.710869312286377,0.710869312286377,0.710869312286377,930
2022-01-05,0.710869312286377,0.710869312286377,0.710869312286377,0.710869312286377,0
2022-01-06,0.709880530834198,0.709880530834198,0.709880530834198,0.709880530834198,300
2022-01-07,0.709880530834198,0.709880530834198,0.709880530834198,0.709880530834198,0
2022-01-11,0.6920841336250305,0.6920841336250305,0.6920841336250305,0.6920841336250305,470
2022-01-12,0.6920841336250305,0.6920841336250305,0.6920841336250305,0.6920841336250305,10
2022-01-13,0.6910954117774963,0.6910954117774963,0.6910954117774963,0.6910954117774963,20
2022-01-14,0.6723102927207947,0.6723102927207947,0.6723102927207947,0.6723102927207947,330
2022-01-18,0.6723102927207947,0.6723102927207947,0.6723102927207947,0.6723102927207947,270
2022-01-19,0.6723102927207947,0.6723102927207947,0.6723102927207947,0.6723102927207947,0
2022-01-20,0.6723102927207947,0.6723102927207947,0.6723102927207947,0.6723102927207947,0
2022-01-21,0.6723102927207947,0.6723102927207947,0.6723102927207947,0.6723102927207947,0
2022-01-24,0.6723102927207947,0.6723102927207947,0.6723102927207947,0.6723102927207947,0
2022-01-25,0.6723102927207947,0.6723102927207947,0.6723102927207947,0.6723102927207947,0
2022-01-26,0.5932149887084961,0.5932149887084961,0.5932149887084961,0.5932149887084961,170
2022-01-27,0.5932149887084961,0.5932149887084961,0.5932149887084961,0.5932149887084961,50
2022-01-28,0.5932149887084961,0.5932149887084961,0.5932149887084961,0.5932149887084961,260
2022-01-31,0.5932149887084961,0.5932149887084961,0.5932149887084961,0.5932149887084961,250
2022-02-01,0.5932149887084961,0.5932149887084961,0.5932149887084961,0.5932149887084961,40
2022-02-02,0.5932149887084961,0.5932149887084961,0.5932149887084961,0.5932149887084961,50
2022-02-03,0.5932149887084961,0.5932149887084961,0.5932149887084961,0.5932149887084961,0
2022-02-04,0.5932149887084961,0.5932149887084961,0.5932149887084961,0.5932149887084961,0
2022-02-07,0.5932149887084961,0.5932149887084961,0.5932149887084961,0.5932149887084961,0
2022-02-08,0.582339346408844,0.582339346408844,0.582339346408844,0.582339346408844,60
2022-02-09,0.578384518623352,0.578384518623352,0.578384518623352,0.578384518623352,210
2022-02-10,0.578384518623352,0.578384518623352,0.578384518623352,0.578384518623352,0
2022-02-18,0.578384518623352,0.578384518623352,0.578384518623352,0.578384518623352,0
2022-02-21,0.5951923727989197,0.5951923727989197,0.5951923727989197,0.5951923727989197,2300
2022-02-22,0.5981584191322327,0.5981584191322327,0.5981584191322327,0.5981584191322327,1220
2022-02-23,0.5991470813751221,0.5991470813751221,0.5991470813751221,0.5991470813751221,100
2022-02-24,0.5942035913467407,0.5942035913467407,0.5942035913467407,0.5942035913467407,240
2022-02-25,0.6228756904602051,0.6228756904602051,0.6228756904602051,0.6228756904602051,390
2022-03-02,0.6377060413360596,0.6377060413360596,0.6377060413360596,0.6377060413360596,150
2022-03-03,0.6426495313644409,0.6426495313644409,0.6426495313644409,0.6426495313644409,120
2022-03-04,0.6426495313644409,0.6426495313644409,0.6426495313644409,0.6426495313644409,200
2022-03-07,0.6426495313644409,0.6426495313644409,0.6426495313644409,0.6426495313644409,0
2022-03-08,0.6426495313644409,0.6426495313644409,0.6426495313644409,0.6426495313644409,0
2022-03-09,0.6426495313644409,0.6426495313644409,0.6426495313644409,0.6426495313644409,0
2022-03-10,0.632762610912323,0.632762610912323,0.632762610912323,0.632762610912323,220
2022-03-11,0.632762610912323,0.632762610912323,0.632762610912323,0.632762610912323,0
2022-03-14,0.5932149887084961,0.5932149887084961,0.5932149887084961,0.5932149887084961,200
2022-03-15,0.5932149887084961,0.5932149887084961,0.5932149887084961,0.5932149887084961,0
2022-03-16,0.5932149887084961,0.5932149887084961,0.5932149887084961,0.5932149887084961,1600
2022-03-17,0.6031018495559692,0.6031018495559692,0.6031018495559692,0.6031018495559692,340
2022-03-18,0.6031018495559692,0.6031018495559692,0.6031018495559692,0.6031018495559692,800
2022-03-21,0.6031018495559692,0.6031018495559692,0.6031018495559692,0.6031018495559692,0
2022-03-22,0.6031018495559692,0.6031018495559692,0.6031018495559692,0.6031018495559692,0
2022-03-23,0.6189209222793579,0.6189209222793579,0.6189209222793579,0.6189209222793579,250
2022-03-24,0.632762610912323,0.632762610912323,0.632762610912323,0.632762610912323,1000
2022-03-25,0.6475929021835327,0.6475929021835327,0.6475929021835327,0.6475929021835327,300
2022-03-28,0.6821972131729126,0.6821972131729126,0.6821972131729126,0.6821972131729126,160
2022-03-29,0.6821972131729126,0.6821972131729126,0.6821972131729126,0.6821972131729126,0
2022-03-30,0.6821972131729126,0.6821972131729126,0.6821972131729126,0.6821972131729126,140
2022-03-31,0.6821972131729126,0.6821972131729126,0.6821972131729126,0.6821972131729126,0
2022-04-01,0.6821972131729126,0.6821972131729126,0.6821972131729126,0.6821972131729126,0
2022-04-04,0.6821972131729126,0.6821972131729126,0.6821972131729126,0.6821972131729126,0
2022-04-05,0.7415187358856201,0.7415187358856201,0.7415187358856201,0.7415187358856201,1260
2022-04-06,0.7395413517951965,0.7395413517951965,0.7395413517951965,0.7395413517951965,50
2022-04-07,0.7395413517951965,0.7395413517951965,0.7395413517951965,0.7395413517951965,0
2022-04-08,0.7395413517951965,0.7395413517951965,0.7395413517951965,0.7395413517951965,1310
2022-04-11,0.7395413517951965,0.7395413517951965,0.7395413517951965,0.7395413517951965,0
2022-04-12,0.760303795337677,0.760303795337677,0.760303795337677,0.760303795337677,260
2022-04-13,0.760303795337677,0.760303795337677,0.760303795337677,0.760303795337677,2000
2022-04-18,0.760303795337677,0.760303795337677,0.760303795337677,0.760303795337677,50
2022-04-20,0.8403878808021545,0.8403878808021545,0.8403878808021545,0.8403878808021545,10
2022-04-21,0.8403878808021545,0.8403878808021545,0.8403878808021545,0.8403878808021545,180
2022-04-22,0.8403878808021545,0.8403878808021545,0.8403878808021545,0.8403878808021545,0
2022-04-25,0.8403878808021545,0.8403878808021545,0.8403878808021545,0.8403878808021545,0
2022-04-26,0.8403878808021545,0.8403878808021545,0.8403878808021545,0.8403878808021545,300
2022-04-27,0.8403878808021545,0.8403878808021545,0.8403878808021545,0.8403878808021545,60
2022-04-28,0.8403878808021545,0.8403878808021545,0.8403878808021545,0.8403878808021545,440
2022-04-29,0.8403878808021545,0.8403878808021545,0.8403878808021545,0.8403878808021545,20
2022-05-02,0.7909532785415649,0.7909532785415649,0.7909532785415649,0.7909532785415649,1470
2022-05-03,0.7909532785415649,0.7909532785415649,0.7909532785415649,0.7909532785415649,0
2022-05-04,0.7909532785415649,0.7909532785415649,0.7909532785415649,0.7909532785415649,16380
2022-05-05,0.7909532785415649,0.7909532785415649,0.7909532785415649,0.7909532785415649,380
2022-05-06,0.7909532785415649,0.7909532785415649,0.7909532785415649,0.7909532785415649,0
2022-05-09,0.7909532785415649,0.7909532785415649,0.7909532785415649,0.7909532785415649,0
2022-05-10,0.8156705498695374,0.8156705498695374,0.8156705498695374,0.8156705498695374,10
2022-05-11,0.8156705498695374,0.8156705498695374,0.8156705498695374,0.8156705498695374,0
2022-05-12,0.8156705498695374,0.8156705498695374,0.8156705498695374,0.8156705498695374,0
2022-05-13,0.7721681594848633,0.7721681594848633,0.7721681594848633,0.7721681594848633,50
2022-05-16,0.8393991589546204,0.8393991589546204,0.8393991589546204,0.8393991589546204,110
2022-05-17,0.8393991589546204,0.8393991589546204,0.8393991589546204,0.8393991589546204,100
2022-05-18,0.8255574107170105,0.8255574107170105,0.8255574107170105,0.8255574107170105,120
2022-05-19,0.8255574107170105,0.8255574107170105,0.8255574107170105,0.8255574107170105,0
2022-05-20,0.8255574107170105,0.8255574107170105,0.8255574107170105,0.8255574107170105,0
2022-05-23,0.8403878808021545,0.8403878808021545,0.8403878808021545,0.8403878808021545,140
2022-05-24,0.8403878808021545,0.8403878808021545,0.8403878808021545,0.8403878808021545,0
2022-05-25,0.8403878808021545,0.8403878808021545,0.8403878808021545,0.8403878808021545,0
2022-05-26,0.727677047252655,0.727677047252655,0.727677047252655,0.727677047252655,330
2022-05-27,0.837421715259552,0.837421715259552,0.837421715259552,0.837421715259552,20
2022-05-31,0.837421715259552,0.837421715259552,0.837421715259552,0.837421715259552,0
2022-06-01,0.7909532785415649,0.7909532785415649,0.7909532785415649,0.7909532785415649,620
2022-06-02,0.7909532785415649,0.7909532785415649,0.7909532785415649,0.7909532785415649,0
2022-06-03,0.7899646162986755,0.7899646162986755,0.7899646162986755,0.7899646162986755,70
2022-06-06,0.7899646162986755,0.7899646162986755,0.7899646162986755,0.7899646162986755,0
2022-06-07,0.7899646162986755,0.7899646162986755,0.7899646162986755,0.7899646162986755,0
2022-06-08,0.7810664176940918,0.7810664176940918,0.7810664176940918,0.7810664176940918,50
2022-06-09,0.7415187358856201,0.7415187358856201,0.7415187358856201,0.7415187358856201,400
2022-06-10,0.7899646162986755,0.7899646162986755,0.7899646162986755,0.7899646162986755,30
2022-06-14,0.7899646162986755,0.7899646162986755,0.7899646162986755,0.7899646162986755,0
2022-06-15,0.7415187358856201,0.7415187358856201,0.7415187358856201,0.7415187358856201,1400
2022-06-16,0.7899646162986755,0.7899646162986755,0.7899646162986755,0.7899646162986755,670
2022-06-17,0.7899646162986755,0.7899646162986755,0.7899646162986755,0.7899646162986755,110
2022-06-21,0.7415187358856201,0.7415187358856201,0.7415187358856201,0.7415187358856201,2110
2022-06-22,0.7415187358856201,0.7415187358856201,0.7415187358856201,0.7415187358856201,0
2022-06-23,0.7415187358856201,0.7415187358856201,0.7415187358856201,0.7415187358856201,0
2022-06-27,0.8453312516212463,0.8453312516212463,0.8453312516212463,0.8453312516212463,1010
2022-06-28,0.7425073981285095,0.7425073981285095,0.7425073981285095,0.7425073981285095,1610
2022-06-29,0.8403878808021545,0.8403878808021545,0.8403878808021545,0.8403878808021545,110
2022-06-30,0.7909532785415649,0.7909532785415649,0.7909532785415649,0.7909532785415649,280
2022-07-01,0.7899646162986755,0.7899646162986755,0.7899646162986755,0.7899646162986755,70
2022-07-06,0.7850211262702942,0.7850211262702942,0.7850211262702942,0.7850211262702942,10
2022-07-07,0.7850211262702942,0.7850211262702942,0.7850211262702942,0.7850211262702942,0
2022-07-08,0.7850211262702942,0.7850211262702942,0.7850211262702942,0.7850211262702942,1170
2022-07-11,0.7850211262702942,0.7850211262702942,0.7850211262702942,0.7850211262702942,0
2022-07-12,0.7850211262702942,0.7850211262702942,0.7850211262702942,0.7850211262702942,30
2022-07-13,0.7830437421798706,0.7830437421798706,0.7830437421798706,0.7830437421798706,1500
2022-07-14,0.78403240442276,0.78403240442276,0.78403240442276,0.78403240442276,250
2022-07-15,0.78403240442276,0.78403240442276,0.78403240442276,0.78403240442276,0
2022-07-18,0.7336090803146362,0.7336090803146362,0.7336090803146362,0.7336090803146362,390
2022-07-19,0.7415187358856201,0.7415187358856201,0.7415187358856201,0.7415187358856201,1110
2022-07-20,0.7415187358856201,0.7415187358856201,0.7415187358856201,0.7415187358856201,0
2022-07-21,0.7415187358856201,0.7415187358856201,0.7415187358856201,0.7415187358856201,0
2022-07-22,0.7415187358856201,0.7415187358856201,0.7415187358856201,0.7415187358856201,0
2022-07-25,0.7138353586196899,0.7138353586196899,0.7138353586196899,0.7138353586196899,1060
2022-07-26,0.7138353586196899,0.7138353586196899,0.7138353586196899,0.7138353586196899,0
2022-07-27,0.7138353586196899,0.7138353586196899,0.7138353586196899,0.7138353586196899,0
2022-07-28,0.7138353586196899,0.7138353586196899,0.7138353586196899,0.7138353586196899,0
2022-07-29,0.7138353586196899,0.7138353586196899,0.7138353586196899,0.7138353586196899,0
2022-08-01,0.7148239612579346,0.7148239612579346,0.7148239612579346,0.7148239612579346,1190
2022-08-02,0.7148239612579346,0.7148239612579346,0.7148239612579346,0.7148239612579346,0
2022-08-03,0.7148239612579346,0.7148239612579346,0.7148239612579346,0.7148239612579346,0
2022-08-04,0.7148239612579346,0.7148239612579346,0.7148239612579346,0.7148239612579346,0
2022-08-05,0.7217448949813843,0.7217448949813843,0.7217448949813843,0.7217448949813843,700
2022-08-08,0.78403240442276,0.78403240442276,0.78403240442276,0.78403240442276,20
2022-08-09,0.7415187358856201,0.7415187358856201,0.7415187358856201,0.7415187358856201,450
2022-08-10,0.7415187358856201,0.7415187358856201,0.7415187358856201,0.7415187358856201,550
2022-08-11,0.7909532785415649,0.7909532785415649,0.7909532785415649,0.7909532785415649,16430
2022-08-12,0.7860099077224731,0.7860099077224731,0.7860099077224731,0.7860099077224731,20
2022-08-16,0.7909532785415649,0.7909532785415649,0.7909532785415649,0.7909532785415649,70
2022-08-17,0.7909532785415649,0.7909532785415649,0.7909532785415649,0.7909532785415649,50
2022-08-18,0.7909532785415649,0.7909532785415649,0.7909532785415649,0.7909532785415649,0
2022-08-19,0.7118579745292664,0.7118579745292664,0.7118579745292664,0.7118579745292664,30
2022-08-22,0.7118579745292664,0.7118579745292664,0.7118579745292664,0.7118579745292664,0
2022-08-23,0.7909532785415649,0.7909532785415649,0.7909532785415649,0.7909532785415649,1170
2022-08-24,0.7909532785415649,0.7909532785415649,0.7909532785415649,0.7909532785415649,7070
2022-08-25,0.88883376121521,0.88883376121521,0.88883376121521,0.88883376121521,3300
2022-08-26,0.8878450393676758,0.8878450393676758,0.8878450393676758,0.8878450393676758,2000
2022-08-29,0.88883376121521,0.88883376121521,0.88883376121521,0.88883376121521,20
2022-08-30,0.9392569661140442,0.9392569661140442,0.9392569661140442,0.9392569661140442,70
2022-08-31,0.9392569661140442,0.9392569661140442,0.9392569661140442,0.9392569661140442,150
2022-09-01,0.988691508769989,0.988691508769989,0.988691508769989,0.988691508769989,920
2022-09-02,1.1320518255233765,1.1320518255233765,1.1320518255233765,1.1320518255233765,160
2022-09-05,1.3643944263458252,1.3643944263458252,1.3643944263458252,1.3643944263458252,10
2022-09-06,1.1369954347610474,1.1369954347610474,1.1369954347610474,1.1369954347610474,560
2022-09-07,1.1369954347610474,1.1369954347610474,1.1369954347610474,1.1369954347610474,716
2022-09-08,1.1369954347610474,1.1369954347610474,1.1369954347610474,1.1369954347610474,0
2022-09-09,0.988691508769989,0.988691508769989,0.988691508769989,0.988691508769989,194
2022-09-12,1.087560772895813,1.087560772895813,1.087560772895813,1.087560772895813,142
2022-09-13,1.0974476337432861,1.0974476337432861,1.0974476337432861,1.0974476337432861,540
2022-09-14,1.0974476337432861,1.0974476337432861,1.0974476337432861,1.0974476337432861,0
2022-09-15,1.1172213554382324,1.1172213554382324,1.1172213554382324,1.1172213554382324,25
2022-09-16,1.1073344945907593,1.1073344945907593,1.1073344945907593,1.1073344945907593,5
2022-09-19,1.1073344945907593,1.1073344945907593,1.1073344945907593,1.1073344945907593,600
2022-09-20,1.0974476337432861,1.0974476337432861,1.0974476337432861,1.0974476337432861,94
2022-09-21,1.0974476337432861,1.0974476337432861,1.0974476337432861,1.0974476337432861,0
2022-09-22,0.988691508769989,0.988691508769989,0.988691508769989,0.988691508769989,136
2022-09-23,0.988691508769989,0.988691508769989,0.988691508769989,0.988691508769989,0
2022-09-26,1.0381261110305786,1.0381261110305786,1.0381261110305786,1.0381261110305786,33
2022-09-27,0.9788047075271606,0.9788047075271606,0.9788047075271606,0.9788047075271606,30
2022-09-28,0.8799354434013367,0.8799354434013367,0.8799354434013367,0.8799354434013367,16919
2022-09-29,0.8799354434013367,0.8799354434013367,0.8799354434013367,0.8799354434013367,0
2022-09-30,0.9788047075271606,0.9788047075271606,0.9788047075271606,0.9788047075271606,5
2022-10-03,0.9788047075271606,0.9788047075271606,0.9788047075271606,0.9788047075271606,57
2022-10-04,0.9788047075271606,0.9788047075271606,0.9788047075271606,0.9788047075271606,0
2022-10-05,0.9788047075271606,0.9788047075271606,0.9788047075271606,0.9788047075271606,0
2022-10-06,0.9788047075271606,0.9788047075271606,0.9788047075271606,0.9788047075271606,176
2022-10-07,0.9392569661140442,0.9392569661140442,0.9392569661140442,0.9392569661140442,200
2022-10-10,0.9788047075271606,0.9788047075271606,0.9788047075271606,0.9788047075271606,544
2022-10-11,0.988691508769989,0.988691508769989,0.988691508769989,0.988691508769989,2220
2022-10-13,0.988691508769989,0.988691508769989,0.988691508769989,0.988691508769989,280
2022-10-14,0.9788047075271606,0.9788047075271606,0.9788047075271606,0.9788047075271606,80
2022-10-17,0.9788047075271606,0.9788047075271606,0.9788047075271606,0.9788047075271606,0
2022-10-18,0.9689177870750427,0.9689177870750427,0.9689177870750427,0.9689177870750427,51
2022-10-19,0.9689177870750427,0.9689177870750427,0.9689177870750427,0.9689177870750427,0
2022-10-20,0.9689177870750427,0.9689177870750427,0.9689177870750427,0.9689177870750427,0
2022-10-21,0.9392569661140442,0.9392569661140442,0.9392569661140442,0.9392569661140442,812
2022-10-25,0.9788047075271606,0.9788047075271606,0.9788047075271606,0.9788047075271606,4
2022-10-26,0.9788047075271606,0.9788047075271606,0.9788047075271606,0.9788047075271606,27
2022-10-27,0.9392569661140442,0.9392569661140442,0.9392569661140442,0.9392569661140442,267
2022-10-28,0.9392569661140442,0.9392569661140442,0.9392569661140442,0.9392569661140442,0
2022-11-01,0.929370105266571,0.929370105266571,0.929370105266571,0.929370105266571,10
2022-11-02,0.7909532785415649,0.7909532785415649,0.7909532785415649,0.7909532785415649,3010
2022-11-03,0.8700485825538635,0.8700485825538635,0.8700485825538635,0.8700485825538635,13
2022-11-04,0.8700485825538635,0.8700485825538635,0.8700485825538635,0.8700485825538635,175
2022-11-07,0.988691508769989,0.988691508769989,0.988691508769989,0.988691508769989,2168
2022-11-08,0.988691508769989,0.988691508769989,0.988691508769989,0.988691508769989,8
2022-11-09,0.9392569661140442,0.9392569661140442,0.9392569661140442,0.9392569661140442,460
2022-11-10,0.8898224234580994,0.8898224234580994,0.8898224234580994,0.8898224234580994,16781
2022-11-11,1.0381261110305786,1.0381261110305786,1.0381261110305786,1.0381261110305786,1836
2022-11-14,1.1369954347610474,1.1369954347610474,1.1369954347610474,1.1369954347610474,44
2022-11-15,1.1369954347610474,1.1369954347610474,1.1369954347610474,1.1369954347610474,812
2022-11-16,1.3347337245941162,1.3347337245941162,1.3347337245941162,1.3347337245941162,40
2022-11-17,1.3347337245941162,1.3347337245941162,1.3347337245941162,1.3347337245941162,95
2022-11-18,1.2852990627288818,1.2852990627288818,1.2852990627288818,1.2852990627288818,100
2022-11-22,1.2852990627288818,1.2852990627288818,1.2852990627288818,1.2852990627288818,1019
2022-11-23,1.324846625328064,1.324846625328064,1.324846625328064,1.324846625328064,10
2022-11-24,1.2852990627288818,1.2852990627288818,1.2852990627288818,1.2852990627288818,661
2022-11-25,1.532472014427185,1.532472014427185,1.532472014427185,1.532472014427185,1686
2022-11-28,1.532472014427185,1.532472014427185,1.532472014427185,1.532472014427185,159
2022-11-29,1.532472014427185,1.532472014427185,1.532472014427185,1.532472014427185,0
2022-11-30,1.532472014427185,1.532472014427185,1.532472014427185,1.532472014427185,200
2022-12-01,1.532472014427185,1.532472014427185,1.532472014427185,1.532472014427185,0
2022-12-02,1.532472014427185,1.532472014427185,1.532472014427185,1.532472014427185,0
2022-12-05,2.620032787322998,2.620032787322998,2.620032787322998,2.620032787322998,210
2022-12-06,2.9660749435424805,2.9660749435424805,2.9660749435424805,2.9660749435424805,1835
2022-12-07,2.9660749435424805,2.9660749435424805,2.9660749435424805,2.9660749435424805,253
2022-12-08,3.3417775630950928,3.3417775630950928,3.3417775630950928,3.3417775630950928,16424
2022-12-09,3.3417775630950928,3.3417775630950928,3.3417775630950928,3.3417775630950928,7880
2022-12-13,3.361551523208618,3.361551523208618,3.361551523208618,3.361551523208618,41
2022-12-14,2.9660749435424805,2.9660749435424805,2.9660749435424805,2.9660749435424805,1079
2022-12-15,3.3813250064849854,3.3813250064849854,3.3813250064849854,3.3813250064849854,107
2022-12-16,3.658159017562866,3.658159017562866,3.658159017562866,3.658159017562866,11
2022-12-19,3.658159017562866,3.658159017562866,3.658159017562866,3.658159017562866,5
2022-12-20,3.658159017562866,3.658159017562866,3.658159017562866,3.658159017562866,0
2022-12-21,3.460420608520508,3.460420608520508,3.460420608520508,3.460420608520508,50
2022-12-22,3.3516645431518555,3.3516645431518555,3.3516645431518555,3.3516645431518555,305
2022-12-23,3.2626821994781494,3.2626821994781494,3.2626821994781494,3.2626821994781494,325
2022-12-26,3.2626821994781494,3.2626821994781494,3.2626821994781494,3.2626821994781494,35
2022-12-27,3.242908477783203,3.242908477783203,3.242908477783203,3.242908477783203,10
2022-12-28,3.134152412414551,3.134152412414551,3.134152412414551,3.134152412414551,210
2022-12-29,3.1143786907196045,3.1143786907196045,3.1143786907196045,3.1143786907196045,347
2022-12-30,3.1143786907196045,3.1143786907196045,3.1143786907196045,3.1143786907196045,100
2023-01-02,3.1143786907196045,3.1143786907196045,3.1143786907196045,3.1143786907196045,0
2023-01-03,3.1143786907196045,3.1143786907196045,3.1143786907196045,3.1143786907196045,0
2023-01-04,3.1143786907196045,3.1143786907196045,3.1143786907196045,3.1143786907196045,0
2023-01-05,3.1143786907196045,3.1143786907196045,3.1143786907196045,3.1143786907196045,0
2023-01-06,3.1143786907196045,3.1143786907196045,3.1143786907196045,3.1143786907196045,0
2023-01-10,3.1143786907196045,3.1143786907196045,3.1143786907196045,3.1143786907196045,21
2023-01-11,3.06494402885437,3.06494402885437,3.06494402885437,3.06494402885437,961
2023-01-12,3.06494402885437,3.06494402885437,3.06494402885437,3.06494402885437,0
2023-01-13,3.06494402885437,3.06494402885437,3.06494402885437,3.06494402885437,63
2023-01-16,3.06494402885437,3.06494402885437,3.06494402885437,3.06494402885437,0
2023-01-17,2.9561879634857178,2.9561879634857178,2.9561879634857178,2.9561879634857178,20
2023-01-18,2.9561879634857178,2.9561879634857178,2.9561879634857178,2.9561879634857178,64
2023-01-19,2.8672056198120117,2.8672056198120117,2.8672056198120117,2.8672056198120117,371
2023-01-20,3.06494402885437,3.06494402885437,3.06494402885437,3.06494402885437,10
2023-01-23,3.06494402885437,3.06494402885437,3.06494402885437,3.06494402885437,1009
2023-01-24,3.0451700687408447,3.0451700687408447,3.0451700687408447,3.0451700687408447,154
2023-01-25,3.0451700687408447,3.0451700687408447,3.0451700687408447,3.0451700687408447,0
2023-01-26,3.0155093669891357,3.0155093669891357,3.0155093669891357,3.0155093669891357,10
2023-01-27,2.9858486652374268,2.9858486652374268,2.9858486652374268,2.9858486652374268,26
2023-01-30,2.8177709579467773,2.8177709579467773,2.8177709579467773,2.8177709579467773,349
2023-01-31,2.6694674491882324,2.6694674491882324,2.6694674491882324,2.6694674491882324,491
2023-02-01,2.8078837394714355,2.8078837394714355,2.8078837394714355,2.8078837394714355,131
2023-02-02,2.6694674491882324,2.6694674491882324,2.6694674491882324,2.6694674491882324,5076
2023-02-03,2.6694674491882324,2.6694674491882324,2.6694674491882324,2.6694674491882324,0
2023-02-06,2.9561879634857178,2.9561879634857178,2.9561879634857178,2.9561879634857178,143
2023-02-07,2.9364137649536133,2.9364137649536133,2.9364137649536133,2.9364137649536133,55
2023-02-08,2.9067533016204834,2.9067533016204834,2.9067533016204834,2.9067533016204834,1000
2023-02-09,2.9067533016204834,2.9067533016204834,2.9067533016204834,2.9067533016204834,0
2023-02-10,2.8672056198120117,2.8672056198120117,2.8672056198120117,2.8672056198120117,1278
2023-02-13,2.9364137649536133,2.9364137649536133,2.9364137649536133,2.9364137649536133,8
2023-02-14,2.9364137649536133,2.9364137649536133,2.9364137649536133,2.9364137649536133,45
2023-02-15,2.9364137649536133,2.9364137649536133,2.9364137649536133,2.9364137649536133,0
2023-02-16,2.9364137649536133,2.9364137649536133,2.9364137649536133,2.9364137649536133,0
2023-02-17,2.9364137649536133,2.9364137649536133,2.9364137649536133,2.9364137649536133,0
2023-02-22,2.9561879634857178,2.9561879634857178,2.9561879634857178,2.9561879634857178,3
2023-02-23,2.946300983428955,2.946300983428955,2.946300983428955,2.946300983428955,160
2023-02-24,2.946300983428955,2.946300983428955,2.946300983428955,2.946300983428955,0
2023-02-27,2.946300983428955,2.946300983428955,2.946300983428955,2.946300983428955,0
2023-02-28,2.768336534500122,2.768336534500122,2.768336534500122,2.768336534500122,7
2023-03-01,2.6694674491882324,2.6694674491882324,2.6694674491882324,2.6694674491882324,105
2023-03-02,2.7189016342163086,2.7189016342163086,2.7189016342163086,2.7189016342163086,4491
2023-03-03,2.7189016342163086,2.7189016342163086,2.7189016342163086,2.7189016342163086,0
2023-03-06,2.649693250656128,2.649693250656128,2.649693250656128,2.649693250656128,235
2023-03-07,2.4222943782806396,2.4222943782806396,2.4222943782806396,2.4222943782806396,804
2023-03-08,2.382746696472168,2.382746696472168,2.382746696472168,2.382746696472168,780
2023-03-09,2.6101458072662354,2.6101458072662354,2.6101458072662354,2.6101458072662354,1395
2023-03-10,2.5705981254577637,2.5705981254577637,2.5705981254577637,2.5705981254577637,3580
2023-03-13,3.0783538818359375,3.0783538818359375,3.0783538818359375,3.0783538818359375,84
2023-03-14,2.682424545288086,2.682424545288086,2.682424545288086,2.682424545288086,1835
2023-03-15,2.8209996223449707,2.8209996223449707,2.8209996223449707,2.8209996223449707,930
2023-03-16,3.207031488418579,3.207031488418579,3.207031488418579,3.207031488418579,85
2023-03-17,11.086033821105957,11.086033821105957,11.086033821105957,11.086033821105957,301
2023-03-20,13.065683364868164,13.065683364868164,13.065683364868164,13.065683364868164,36
2023-03-21,13.065683364868164,13.065683364868164,13.065683364868164,13.065683364868164,0
2023-03-22,13.065683364868164,13.065683364868164,13.065683364868164,13.065683364868164,0
2023-03-23,13.065683364868164,13.065683364868164,13.065683364868164,13.065683364868164,0
2023-03-24,13.065683364868164,13.065683364868164,13.065683364868164,13.065683364868164,0
2023-03-27,3.147642135620117,3.147642135620117,3.147642135620117,3.147642135620117,20
2023-03-28,2.969473361968994,2.969473361968994,2.969473361968994,2.969473361968994,1191
2023-03-29,2.969473361968994,2.969473361968994,2.969473361968994,2.969473361968994,461
2023-03-30,2.9496772289276123,2.9496772289276123,2.9496772289276123,2.9496772289276123,124
2023-03-31,2.9496772289276123,2.9496772289276123,2.9496772289276123,2.9496772289276123,0
2023-04-03,2.939779043197632,2.939779043197632,2.939779043197632,2.939779043197632,15
2023-04-04,2.9496772289276123,2.9496772289276123,2.9496772289276123,2.9496772289276123,363
2023-04-05,2.939779043197632,2.939779043197632,2.939779043197632,2.939779043197632,1256
2023-04-10,2.939779043197632,2.939779043197632,2.939779043197632,2.939779043197632,0
2023-04-11,2.939779043197632,2.939779043197632,2.939779043197632,2.939779043197632,22
2023-04-12,2.939779043197632,2.939779043197632,2.939779043197632,2.939779043197632,0
2023-04-13,2.5933401584625244,2.5933401584625244,2.5933401584625244,2.5933401584625244,4
2023-04-14,2.939779043197632,2.939779043197632,2.939779043197632,2.939779043197632,8
2023-04-17,2.939779043197632,2.939779043197632,2.939779043197632,2.939779043197632,0
2023-04-18,2.939779043197632,2.939779043197632,2.939779043197632,2.939779043197632,62
2023-04-20,3.1179473400115967,3.1179473400115967,3.1179473400115967,3.1179473400115967,58
2023-04-21,2.969473361968994,2.969473361968994,2.969473361968994,2.969473361968994,1810
2023-04-24,2.9595751762390137,2.9595751762390137,2.9595751762390137,2.9595751762390137,92
2023-04-25,2.9595751762390137,2.9595751762390137,2.9595751762390137,2.9595751762390137,0
2023-04-26,2.9595751762390137,2.9595751762390137,2.9595751762390137,2.9595751762390137,0
2023-04-27,2.9595751762390137,2.9595751762390137,2.9595751762390137,2.9595751762390137,0
2023-04-28,2.9199821949005127,2.9199821949005127,2.9199821949005127,2.9199821949005127,423
2023-05-02,2.9199821949005127,2.9199821949005127,2.9199821949005127,2.9199821949005127,0
2023-05-03,2.9199821949005127,2.9199821949005127,2.9199821949005127,2.9199821949005127,0
2023-05-04,2.9199821949005127,2.9199821949005127,2.9199821949005127,2.9199821949005127,0
2023-05-05,2.8803892135620117,2.8803892135620117,2.8803892135620117,2.8803892135620117,220
2023-05-08,2.8704912662506104,2.8704912662506104,2.8704912662506104,2.8704912662506104,330
2023-05-09,3.068455934524536,3.068455934524536,3.068455934524536,3.068455934524536,415
2023-05-10,3.108048915863037,3.108048915863037,3.108048915863037,3.108048915863037,238
2023-05-11,3.108048915863037,3.108048915863037,3.108048915863037,3.108048915863037,18
2023-05-12,3.108048915863037,3.108048915863037,3.108048915863037,3.108048915863037,0
2023-05-15,3.108048915863037,3.108048915863037,3.108048915863037,3.108048915863037,0
2023-05-16,2.741813898086548,2.741813898086548,2.741813898086548,2.741813898086548,604
2023-05-17,2.8209996223449707,2.8209996223449707,2.8209996223449707,2.8209996223449707,2675
2023-05-18,2.939779043197632,2.939779043197632,2.939779043197632,2.939779043197632,550
2023-05-19,2.939779043197632,2.939779043197632,2.939779043197632,2.939779043197632,46
2023-05-23,2.939779043197632,2.939779043197632,2.939779043197632,2.939779043197632,0
2023-05-24,2.9199821949005127,2.9199821949005127,2.9199821949005127,2.9199821949005127,5
2023-05-25,2.8704912662506104,2.8704912662506104,2.8704912662506104,2.8704912662506104,260
2023-05-26,2.9595751762390137,2.9595751762390137,2.9595751762390137,2.9595751762390137,463
2023-05-29,2.9595751762390137,2.9595751762390137,2.9595751762390137,2.9595751762390137,159
2023-05-30,3.24662446975708,3.24662446975708,3.24662446975708,3.24662446975708,5
2023-05-31,3.167438268661499,3.167438268661499,3.167438268661499,3.167438268661499,161
2023-06-01,2.969473361968994,2.969473361968994,2.969473361968994,2.969473361968994,820
2023-06-02,3.167438268661499,3.167438268661499,3.167438268661499,3.167438268661499,10
2023-06-05,3.167438268661499,3.167438268661499,3.167438268661499,3.167438268661499,45
2023-06-06,3.167438268661499,3.167438268661499,3.167438268661499,3.167438268661499,248
2023-06-07,3.266420841217041,3.266420841217041,3.266420841217041,3.266420841217041,40
2023-06-08,3.266420841217041,3.266420841217041,3.266420841217041,3.266420841217041,0
2023-06-13,3.365403652191162,3.365403652191162,3.365403652191162,3.365403652191162,10
2023-06-14,3.2169296741485596,3.2169296741485596,3.2169296741485596,3.2169296741485596,36
2023-06-15,3.2169296741485596,3.2169296741485596,3.2169296741485596,3.2169296741485596,0
2023-06-16,3.068455934524536,3.068455934524536,3.068455934524536,3.068455934524536,29
2023-06-20,3.068455934524536,3.068455934524536,3.068455934524536,3.068455934524536,473
2023-06-21,3.5138769149780273,3.5138769149780273,3.5138769149780273,3.5138769149780273,27
2023-06-22,3.306013822555542,3.306013822555542,3.306013822555542,3.306013822555542,10
2023-06-23,3.3159120082855225,3.3159120082855225,3.3159120082855225,3.3159120082855225,109
2023-06-26,3.3159120082855225,3.3159120082855225,3.3159120082855225,3.3159120082855225,44
2023-06-27,3.3159120082855225,3.3159120082855225,3.3159120082855225,3.3159120082855225,0
2023-06-28,3.3159120082855225,3.3159120082855225,3.3159120082855225,3.3159120082855225,0
2023-06-29,3.3159120082855225,3.3159120082855225,3.3159120082855225,3.3159120082855225,0
2023-06-30,3.3159120082855225,3.3159120082855225,3.3159120082855225,3.3159120082855225,0
2023-07-04,3.3159120082855225,3.3159120082855225,3.3159120082855225,3.3159120082855225,0
2023-07-06,3.2169296741485596,3.2169296741485596,3.2169296741485596,3.2169296741485596,1
2023-07-07,3.167438268661499,3.167438268661499,3.167438268661499,3.167438268661499,334
2023-07-10,3.167438268661499,3.167438268661499,3.167438268661499,3.167438268661499,50
2023-07-11,3.167438268661499,3.167438268661499,3.167438268661499,3.167438268661499,0
2023-07-12,3.167438268661499,3.167438268661499,3.167438268661499,3.167438268661499,10
2023-07-13,3.1575403213500977,3.1575403213500977,3.1575403213500977,3.1575403213500977,10
2023-07-14,3.1575403213500977,3.1575403213500977,3.1575403213500977,3.1575403213500977,16430
2023-07-17,3.1575403213500977,3.1575403213500977,3.1575403213500977,3.1575403213500977,62
2023-07-18,3.1575403213500977,3.1575403213500977,3.1575403213500977,3.1575403213500977,714
2023-07-19,3.1575403213500977,3.1575403213500977,3.1575403213500977,3.1575403213500977,10
2023-07-20,2.969473361968994,2.969473361968994,2.969473361968994,2.969473361968994,3825
2023-07-21,2.8704912662506104,2.8704912662506104,2.8704912662506104,2.8704912662506104,1072
2023-07-25,2.8704912662506104,2.8704912662506104,2.8704912662506104,2.8704912662506104,4080
2023-07-26,2.8704912662506104,2.8704912662506104,2.8704912662506104,2.8704912662506104,92
2023-07-27,2.8704912662506104,2.8704912662506104,2.8704912662506104,2.8704912662506104,319
2023-07-28,2.8704912662506104,2.8704912662506104,2.8704912662506104,2.8704912662506104,0
2023-07-31,3.1179473400115967,3.1179473400115967,3.1179473400115967,3.1179473400115967,9
2023-08-01,3.2169296741485596,3.2169296741485596,3.2169296741485596,3.2169296741485596,14
2023-08-02,3.2169296741485596,3.2169296741485596,3.2169296741485596,3.2169296741485596,0
2023-08-03,3.2169296741485596,3.2169296741485596,3.2169296741485596,3.2169296741485596,0
2023-08-04,3.147642135620117,3.147642135620117,3.147642135620117,3.147642135620117,17
2023-08-07,3.147642135620117,3.147642135620117,3.147642135620117,3.147642135620117,160
2023-08-08,3.147642135620117,3.147642135620117,3.147642135620117,3.147642135620117,0
2023-08-09,3.1575403213500977,3.1575403213500977,3.1575403213500977,3.1575403213500977,11
2023-08-10,3.1575403213500977,3.1575403213500977,3.1575403213500977,3.1575403213500977,0
2023-08-11,3.1575403213500977,3.1575403213500977,3.1575403213500977,3.1575403213500977,0
2023-08-15,3.1575403213500977,3.1575403213500977,3.1575403213500977,3.1575403213500977,170
2023-08-16,3.167438268661499,3.167438268661499,3.167438268661499,3.167438268661499,10
2023-08-17,3.167438268661499,3.167438268661499,3.167438268661499,3.167438268661499,179
2023-08-18,3.167438268661499,3.167438268661499,3.167438268661499,3.167438268661499,0
2023-08-21,3.345606803894043,3.345606803894043,3.345606803894043,3.345606803894043,8
2023-08-22,3.345606803894043,3.345606803894043,3.345606803894043,3.345606803894043,33
2023-08-23,3.6128594875335693,3.6128594875335693,3.6128594875335693,3.6128594875335693,65
2023-08-24,3.345606803894043,3.345606803894043,3.345606803894043,3.345606803894043,6826
2023-08-25,3.365403652191162,3.365403652191162,3.365403652191162,3.365403652191162,90
2023-08-28,3.464385747909546,3.464385747909546,3.464385747909546,3.464385747909546,12
2023-08-29,3.4148945808410645,3.4148945808410645,3.4148945808410645,3.4148945808410645,14
2023-08-30,3.3950982093811035,3.3950982093811035,3.3950982093811035,3.3950982093811035,29
2023-08-31,3.3555052280426025,3.3555052280426025,3.3555052280426025,3.3555052280426025,7585
2023-09-01,3.4148945808410645,3.4148945808410645,3.4148945808410645,3.4148945808410645,317
2023-09-04,3.4148945808410645,3.4148945808410645,3.4148945808410645,3.4148945808410645,453
2023-09-05,3.167438268661499,3.167438268661499,3.167438268661499,3.167438268661499,61
2023-09-06,3.167438268661499,3.167438268661499,3.167438268661499,3.167438268661499,20
2023-09-07,3.167438268661499,3.167438268661499,3.167438268661499,3.167438268661499,905
2023-09-08,3.266420841217041,3.266420841217041,3.266420841217041,3.266420841217041,10
2023-09-12,3.266420841217041,3.266420841217041,3.266420841217041,3.266420841217041,0
2023-09-13,3.266420841217041,3.266420841217041,3.266420841217041,3.266420841217041,0
2023-09-14,2.9199821949005127,2.9199821949005127,2.9199821949005127,2.9199821949005127,12
2023-09-15,2.969473361968994,2.969473361968994,2.969473361968994,2.969473361968994,57
2023-09-18,3.167438268661499,3.167438268661499,3.167438268661499,3.167438268661499,120
2023-09-19,3.147642135620117,3.147642135620117,3.147642135620117,3.147642135620117,99
2023-09-20,3.0189645290374756,3.0189645290374756,3.0189645290374756,3.0189645290374756,1059
2023-09-21,3.068455934524536,3.068455934524536,3.068455934524536,3.068455934524536,151
2023-09-22,3.0189645290374756,3.0189645290374756,3.0189645290374756,3.0189645290374756,15
2023-09-25,3.0189645290374756,3.0189645290374756,3.0189645290374756,3.0189645290374756,0
2023-09-26,3.068455934524536,3.068455934524536,3.068455934524536,3.068455934524536,61
2023-09-27,3.068455934524536,3.068455934524536,3.068455934524536,3.068455934524536,1507
2023-09-28,3.068455934524536,3.068455934524536,3.068455934524536,3.068455934524536,6
2023-09-29,3.068455934524536,3.068455934524536,3.068455934524536,3.068455934524536,3400
2023-10-02,3.187842607498169,3.187842607498169,3.187842607498169,3.187842607498169,10
2023-10-03,3.1380326747894287,3.1380326747894287,3.1380326747894287,3.1380326747894287,1070
2023-10-04,3.0882225036621094,3.0882225036621094,3.0882225036621094,3.0882225036621094,124
2023-10-05,3.187842607498169,3.187842607498169,3.187842607498169,3.187842607498169,20
2023-10-06,3.0782604217529297,3.0782604217529297,3.0782604217529297,3.0782604217529297,10
2023-10-09,3.187842607498169,3.187842607498169,3.187842607498169,3.187842607498169,380
2023-10-10,3.1479947566986084,3.1479947566986084,3.1479947566986084,3.1479947566986084,230
2023-10-11,3.03841233253479,3.03841233253479,3.03841233253479,3.03841233253479,1145
2023-10-13,2.98860239982605,2.98860239982605,2.98860239982605,2.98860239982605,234
2023-10-16,2.98860239982605,2.98860239982605,2.98860239982605,2.98860239982605,515
2023-10-17,2.98860239982605,2.98860239982605,2.98860239982605,2.98860239982605,0
2023-10-18,3.1380326747894287,3.1380326747894287,3.1380326747894287,3.1380326747894287,441
2023-10-19,3.2376527786254883,3.2376527786254883,3.2376527786254883,3.2376527786254883,13505
2023-10-20,3.3372726440429688,3.3372726440429688,3.3372726440429688,3.3372726440429688,3
2023-10-23,3.8752214908599854,3.8752214908599854,3.8752214908599854,3.8752214908599854,417
2023-10-24,4.004727840423584,4.004727840423584,4.004727840423584,4.004727840423584,290
2023-10-25,3.885183572769165,3.885183572769165,3.885183572769165,3.885183572769165,130
2023-10-26,3.3970448970794678,3.3970448970794678,3.3970448970794678,3.3970448970794678,16453
2023-10-27,3.3970448970794678,3.3970448970794678,3.3970448970794678,3.3970448970794678,0
2023-10-31,3.3970448970794678,3.3970448970794678,3.3970448970794678,3.3970448970794678,0
2023-11-01,3.8752214908599854,3.8752214908599854,3.8752214908599854,3.8752214908599854,120
2023-11-02,3.8752214908599854,3.8752214908599854,3.8752214908599854,3.8752214908599854,0
2023-11-03,3.8752214908599854,3.8752214908599854,3.8752214908599854,3.8752214908599854,0
2023-11-07,3.8752214908599854,3.8752214908599854,3.8752214908599854,3.8752214908599854,0
2023-11-08,4.4729413986206055,4.4729413986206055,4.4729413986206055,4.4729413986206055,31
2023-11-09,4.4729413986206055,4.4729413986206055,4.4729413986206055,4.4729413986206055,0
2023-11-10,3.9848034381866455,3.9848034381866455,3.9848034381866455,3.9848034381866455,315
2023-11-13,4.233853340148926,4.233853340148926,4.233853340148926,4.233853340148926,2
2023-11-14,4.233853340148926,4.233853340148926,4.233853340148926,4.233853340148926,0
2023-11-15,4.233853340148926,4.233853340148926,4.233853340148926,4.233853340148926,0
2023-11-16,4.233853340148926,4.233853340148926,4.233853340148926,4.233853340148926,0
2023-11-17,4.233853340148926,4.233853340148926,4.233853340148926,4.233853340148926,0
2023-11-20,4.233853340148926,4.233853340148926,4.233853340148926,4.233853340148926,70
2023-11-21,4.223891258239746,4.223891258239746,4.223891258239746,4.223891258239746,18
2023-11-22,4.223891258239746,4.223891258239746,4.223891258239746,4.223891258239746,0
2023-11-23,4.223891258239746,4.223891258239746,4.223891258239746,4.223891258239746,0
2023-11-24,3.7855632305145264,3.7855632305145264,3.7855632305145264,3.7855632305145264,4827
2023-11-27,3.7855632305145264,3.7855632305145264,3.7855632305145264,3.7855632305145264,179
2023-11-28,3.7855632305145264,3.7855632305145264,3.7855632305145264,3.7855632305145264,19
2023-11-29,4.482903957366943,4.482903957366943,4.482903957366943,4.482903957366943,10
2023-11-30,3.7855632305145264,3.7855632305145264,3.7855632305145264,3.7855632305145264,150
2023-12-01,4.482903957366943,4.482903957366943,4.482903957366943,4.482903957366943,171
2023-12-04,5.080624103546143,5.080624103546143,5.080624103546143,5.080624103546143,55
2023-12-05,5.080624103546143,5.080624103546143,5.080624103546143,5.080624103546143,0
2023-12-06,5.080624103546143,5.080624103546143,5.080624103546143,5.080624103546143,0
2023-12-07,5.080624103546143,5.080624103546143,5.080624103546143,5.080624103546143,0
2023-12-08,5.130434513092041,5.130434513092041,5.130434513092041,5.130434513092041,115
2023-12-12,5.130434513092041,5.130434513092041,5.130434513092041,5.130434513092041,2
2023-12-13,5.130434513092041,5.130434513092041,5.130434513092041,5.130434513092041,0
2023-12-14,5.130434513092041,5.130434513092041,5.130434513092041,5.130434513092041,5
2023-12-15,5.130434513092041,5.130434513092041,5.130434513092041,5.130434513092041,0
2023-12-18,5.130434513092041,5.479104718345258,4.98100428940478,5.130434513092041,49
2023-12-19,4.482903957366943,4.981004397074382,4.482903957366943,5.130434623991732,214
2023-12-20,4.482903957366943,4.831574170157031,4.482903957366943,4.482903957366943,83
2023-12-21,4.871421813964844,4.871421813964844,4.871421813964844,4.482903632182823,479
2023-12-22,4.821612358093262,4.821612358093262,4.821612358093262,4.871422116529199,94
2023-12-26,4.821612358093262,4.871422116529199,4.871422116529199,4.821612358093262,4
2023-12-27,5.080624103546143,5.130434334718638,5.080624103546143,4.8216121365156495,2099
2023-12-28,5.080624103546143,5.070662342326985,5.070662342326985,5.080624103546143,10
2023-12-29,5.080624103546143,5.070662342326985,5.070662342326985,5.080624103546143,60
2024-01-02,5.080624103546143,5.080624103546143,5.080624103546143,5.080624103546143,0
2024-01-03,5.080624103546143,4.981004116226722,4.981004116226722,5.080624103546143,4
2024-01-04,5.080624103546143,5.080624103546143,5.080624103546143,5.080624103546143,0
2024-01-05,5.080624103546143,4.981004116226722,4.981004116226722,5.080624103546143,40
2024-01-08,5.080624103546143,5.080624103546143,5.080624103546143,5.080624103546143,0
2024-01-09,5.080624103546143,4.8813841289073014,4.8813841289073014,5.080624103546143,50
2024-01-10,4.084423065185547,4.871421636098288,4.084423065185547,5.080623835963755,1349
2024-01-11,4.084423065185547,4.084423065185547,4.084423065185547,4.084423065185547,1309
2024-01-12,4.831573963165283,4.831573963165283,4.831573963165283,4.08442333561316,330
2024-01-15,4.482903957366943,4.831574170157031,4.482903957366943,4.831574170157031,311
2024-01-16,4.403208255767822,4.403208255767822,4.403208255767822,4.482904255415554,183
2024-01-17,4.2737016677856445,4.2737016677856445,4.233853671234892,4.403207894088383,100
2024-01-18,3.9848034381866455,4.233853653073311,3.9848034381866455,4.27370164945313,714
2024-01-19,3.974841594696045,3.984803594180985,3.974841594696045,3.984803594180985,413
2024-01-22,3.974841594696045,3.974841594696045,3.8851835993315817,3.974841594696045,64
2024-01-23,3.974841594696045,3.974841594696045,3.974841594696045,3.974841594696045,0
2024-01-24,3.7855632305145264,3.8851834592858108,3.7855632305145264,3.9748414514184516,1318
2024-01-25,3.7756011486053467,3.7855631475127702,3.7357531529756525,3.7855631475127702,859
2024-01-26,3.7756011486053467,3.765639149697923,3.765639149697923,3.7756011486053467,16380
2024-01-29,3.7756011486053467,3.7756011486053467,3.7756011486053467,3.7756011486053467,327
2024-01-30,3.7756011486053467,3.7756011486053467,3.7756011486053467,3.7756011486053467,0
2024-01-31,3.7257912158966064,3.7357532149693466,3.7257912158966064,3.7357532149693466,650
2024-02-01,3.7257912158966064,3.7257912158966064,3.7257912158966064,3.7257912158966064,181
2024-02-02,3.7257912158966064,3.7158292168238667,3.7158292168238667,3.7257912158966064,10
2024-02-05,3.7257912158966064,3.7257912158966064,3.7257912158966064,3.7257912158966064,39
2024-02-06,3.7257912158966064,3.7257912158966064,3.7257912158966064,3.7257912158966064,0
2024-02-07,3.7257912158966064,3.626171225169208,3.626171225169208,3.7257912158966064,7
2024-02-08,3.5863230228424072,3.5863230228424072,3.5863230228424072,3.725791248597663,1000
2024-02-09,3.5265510082244873,3.5365130073291353,3.2974247913047905,3.586323002852375,1153
2024-02-14,3.5265510082244873,3.6261712367837604,3.6261712367837604,3.5265510082244873,5
2024-02-15,3.5265510082244873,3.6261712367837604,3.4767410127012477,3.5265510082244873,80
2024-02-16,3.4368929862976074,3.476740982368547,3.4368929862976074,3.5265509774572212,365
2024-02-19,3.387083053588867,3.4667790471985076,3.387083053588867,3.4368930495948926,378
2024-02-20,3.3372726440429688,3.3372726440429688,3.3372726440429688,3.38708287493451,481
2024-02-21,3.3173487186431885,3.3372727164268334,3.2874627219677204,3.3372727164268334,1290
2024-02-22,3.3173487186431885,3.3771209495069128,3.3173487186431885,3.3173487186431885,777
2024-02-23,2.98860239982605,3.377120816309059,2.98860239982605,2.98860239982605,700
2024-02-26,2.98860239982605,3.287462592306099,2.98860239982605,2.98860239982605,115
2024-02-27,3.2276906967163086,3.277500690683131,3.2276906967163086,2.9886024881627753,386
2024-02-28,3.2276906967163086,3.217728697922944,3.217728697922944,3.2276906967163086,19
2024-02-29,3.277500629425049,3.277500629425049,3.277500629425049,3.2276906363891995,470
2024-03-01,3.277500629425049,3.267538630817879,3.267538630817879,3.277500629425049,18
2024-03-04,3.277500629425049,3.277500629425049,3.2376526349963695,3.277500629425049,150
2024-03-05,3.277500629425049,3.2276906363891995,3.2077666391748596,3.277500629425049,46
2024-03-06,3.277500629425049,3.277500629425049,3.18784264196052,3.277500629425049,8494
2024-03-07,3.8752214908599854,3.8752214908599854,3.596285038100853,3.2775008260354404,350
2024-03-08,3.8752214908599854,3.8752214908599854,3.8752214908599854,3.8752214908599854,0
2024-03-11,3.8752214908599854,3.8752214908599854,3.8752214908599854,3.8752214908599854,9
2024-03-12,3.9848034381866455,3.9848034381866455,3.875221448142142,3.875221448142142,7149
2024-03-13,4.682143688201904,4.731953919469708,4.682143688201904,3.98480330060607,449
2024-03-14,4.672182083129883,4.881384301406264,4.672182083129883,4.68214384470107,675
2024-03-15,4.672182083129883,4.662219846533109,4.662219846533109,4.672182083129883,50
2024-03-18,4.672182083129883,4.672182083129883,4.672182083129883,4.672182083129883,0
2024-03-20,4.672182083129883,4.672182083129883,4.672182083129883,4.672182083129883,10
2024-03-21,3.8752214908599854,4.433093683839861,3.8752214908599854,4.672182139779915,7193
2024-03-22,3.8752214908599854,3.695905267661342,3.695905267661342,3.8752214908599854,79
2024-03-25,3.675981283187866,3.8752215055513903,3.675981283187866,3.675981283187866,2500
2024-03-26,3.7756011486053467,3.7756011486053467,3.7756011486053467,3.6759811595311116,305
2024-03-27,3.735753297805786,3.735753297805786,3.735753297805786,3.7756012949803335,2000
2024-04-01,3.735753297805786,3.9748415183658685,3.9748415183658685,3.735753297805786,6
2024-04-02,3.735753297805786,3.187842861630164,3.187842861630164,3.735753297805786,115
2024-04-03,3.7257912158966064,3.7357532149693466,3.7257912158966064,3.7357532149693466,1830
2024-04-04,3.7257912158966064,3.7257912158966064,3.297424780743206,3.7257912158966064,540
2024-04-05,3.7257912158966064,3.7257912158966064,3.7257912158966064,3.7257912158966064,0
2024-04-09,3.3571970462799072,3.3571970462799072,3.3571970462799072,3.9748417512041825,300
2024-04-10,3.536512851715088,3.9748412680578076,3.4867028583835933,3.357196638208924,1910
2024-04-11,4.074461460113525,4.184043207066169,4.074461460113525,3.536512823835824,185
2024-04-12,4.164119243621826,4.184043240958751,4.164119243621826,4.164119243621826,35
2024-04-15,4.164119243621826,4.164119243621826,4.164119243621826,4.164119243621826,0
2024-04-16,4.164119243621826,4.164119243621826,3.745715062033621,4.164119243621826,644
2024-04-17,4.134233474731445,4.164119233148885,4.134233474731445,4.164119233148885,418
2024-04-18,4.124271392822266,4.1342336293510416,4.084423396758328,4.1342336293510416,705
2024-04-22,4.124271392822266,4.124271392822266,4.124271392822266,4.124271392822266,235
2024-04-23,4.124271392822266,4.283663852103602,4.124271392822266,4.124271392822266,61
2024-04-24,3.3372726440429688,4.273701469614752,3.3372726440429688,4.124271251965695,1370
2024-04-25,3.3372726440429688,3.3372726440429688,3.3372726440429688,3.3372726440429688,0
2024-04-26,4.482903957366943,4.781764411201645,4.0047275162467795,3.3372728510347165,720
2024-04-29,4.482903957366943,4.482903957366943,4.482903957366943,4.482903957366943,118
2024-04-30,5.26990270614624,5.279864943126674,5.26990270614624,4.4829040356648955,177
2024-05-02,5.26990270614624,5.26990270614624,5.26990270614624,5.26990270614624,3
2024-05-03,5.26990270614624,5.26990270614624,4.23385381146129,5.26990270614624,130
2024-05-06,5.26990270614624,5.26990270614624,5.26990270614624,5.26990270614624,0
2024-05-07,5.32967472076416,5.32967472076416,5.2798649607723345,5.269902723758605,2055
2024-05-08,5.32967472076416,6.276065860916125,6.276065860916125,5.32967472076416,3
2024-05-09,5.927394866943359,5.927394866943359,5.927394866943359,5.329674452003576,75
2024-05-10,5.877584934234619,5.927394690229698,5.877584934234619,5.927394690229698,125
2024-05-14,5.877584934234619,5.877584934234619,5.877584934234619,5.877584934234619,0
2024-05-15,5.8676228523254395,5.877585088801781,5.8676228523254395,5.8676228523254395,781
2024-05-16,5.8676228523254395,5.8676228523254395,5.8676228523254395,5.8676228523254395,0
2024-05-17,5.8676228523254395,5.827774856471238,5.827774856471238,5.8676228523254395,16599
2024-05-20,5.827775001525879,5.827775001525879,5.827775001525879,5.867622998371907,331
2024-05-21,5.827775001525879,6.7243558806126895,6.47530566281222,5.827775001525879,50
2024-05-22,6.475305557250977,6.475305557250977,5.927394897011814,5.827774906520762,254
2024-05-23,6.475305557250977,6.475305557250977,6.475305557250977,6.475305557250977,0
2024-05-24,6.475305557250977,6.475305557250977,6.475305557250977,6.475305557250977,0
2024-05-27,6.475305557250977,6.973405984731821,6.973405984731821,6.475305557250977,14
2024-05-28,6.475305557250977,6.475305557250977,5.977205129770132,6.475305557250977,480
2024-05-29,6.475305557250977,6.973405984731821,6.475305557250977,6.475305557250977,100
2024-05-30,6.475305557250977,6.475305557250977,6.475305557250977,6.475305557250977,74
2024-05-31,6.973405838012695,6.973405838012695,6.973405838012695,6.475305421011789,250
2024-06-04,6.973405838012695,6.973405838012695,6.973405838012695,6.973405838012695,140
2024-06-05,6.973405838012695,6.973405838012695,5.977205004010882,6.973405838012695,247
2024-06-06,6.973405838012695,6.973405838012695,6.973405838012695,6.973405838012695,0
2024-06-07,5.9772047996521,6.963443363582428,6.963443363582428,5.9772047996521,10
2024-06-10,5.9772047996521,6.973405599594116,5.9772047996521,5.9772047996521,18
2024-06-11,5.9772047996521,7.172645569572296,7.073025584583206,5.9772047996521,53
2024-06-12,5.9772047996521,7.162683808586166,7.162683808586166,5.9772047996521,27
2024-06-13,7.162683963775635,7.162683963775635,5.977204929156523,7.162683963775635,230
2024-06-14,7.162683963775635,8.567327445144805,7.162683963775635,7.162683963775635,601
2024-06-18,7.162683963775635,8.368086520798677,7.162683963775635,7.162683963775635,51
2024-06-19,7.162683963775635,7.162683963775635,7.162683963775635,7.162683963775635,0
2024-06-20,7.162683963775635,8.168846546503687,8.168846546503687,7.162683963775635,110
2024-06-21,7.162683963775635,7.969606572208697,7.162683963775635,7.162683963775635,170
2024-06-25,7.969606876373291,7.969606876373291,7.919796643385723,7.162684237143566,137
2024-06-26,7.969606876373291,7.969606876373291,7.969606876373291,7.969606876373291,55
2024-06-27,7.969606876373291,7.969606876373291,7.969606876373291,7.969606876373291,18
2024-06-28,7.969606876373291,7.969606876373291,7.969606876373291,7.969606876373291,70
2024-07-01,7.969606876373291,7.969606876373291,7.919796643385723,7.969606876373291,420
2024-07-02,9.264668464660645,9.463908452599876,9.264668464660645,7.969607117978843,629
2024-07-03,9.264668464660645,9.264668464660645,9.264668464660645,9.264668464660645,116
2024-07-04,9.463908195495605,9.463908195495605,9.463908195495605,9.264668212969092,100
2024-07-08,9.463908195495605,9.463908195495605,9.463908195495605,9.463908195495605,0
2024-07-09,9.463908195495605,10.958209489521227,9.463908195495605,9.463908195495605,32
2024-07-10,10.808780670166016,10.858589957545034,10.808780670166016,9.463909009804826,199
2024-07-11,10.808780670166016,10.90840019497531,10.808780670166016,10.808780670166016,167
2024-07-12,10.908398628234863,10.908398628234863,10.808779117733618,10.808779117733618,206
2024-07-15,10.908398628234863,12.850990008597051,10.908398628234863,10.908398628234863,303
2024-07-16,12.651751518249512,12.801182226566784,12.601941282143754,10.90839990490663,100
2024-07-17,11.9544095993042,12.601939739246063,11.9544095993042,12.651749969253387,874
2024-07-18,11.9544095993042,11.9544095993042,11.9544095993042,11.9544095993042,120
2024-07-19,11.9544095993042,11.9544095993042,11.9544095993042,11.9544095993042,0
2024-07-22,11.9544095993042,11.9544095993042,11.9544095993042,11.9544095993042,0
2024-07-23,11.9544095993042,12.6417877332417,11.9544095993042,11.9544095993042,380
2024-07-25,11.94444751739502,12.054030214835148,11.94444751739502,11.954409753535236,201
2024-07-26,12.253271102905273,12.382777332250958,12.253271102905273,11.944448409842302,240
2024-07-29,12.253271102905273,12.40270085596888,12.40270085596888,12.253271102905273,15
2024-07-30,12.303080558776855,12.303080558776855,12.303080558776855,12.253270327557088,38
2024-07-31,12.243308067321777,12.253270303556445,12.243308067321777,12.30308053467865,182
2024-08-01,12.342928886413574,12.352890172885097,12.342928886413574,12.243308421289031,80
2024-08-02,12.253271102905273,12.253271102905273,12.253271102905273,12.342929334763918,144
2024-08-05,12.253271102905273,12.352890621597277,12.253271102905273,12.253271102905273,95
2024-08-06,12.223384857177734,12.23334614361575,12.213422620688558,12.253270616594103,60
2024-08-07,12.223384857177734,12.213422620688558,12.203460384199381,12.223384857177734,8215
2024-08-08,11.9544095993042,12.15364956928238,11.9544095993042,12.22338427131308,300
2024-08-09,11.9544095993042,11.9544095993042,11.9544095993042,11.9544095993042,0
2024-08-12,11.9544095993042,11.9544095993042,11.9544095993042,11.9544095993042,0
2024-08-13,11.9544095993042,11.9544095993042,11.9544095993042,11.9544095993042,361
2024-08-14,11.9544095993042,11.9544095993042,10.958208799362183,11.9544095993042,134
2024-08-15,10.958209037780762,10.958209037780762,10.958209037780762,11.954409859397195,80
2024-08-16,10.958209037780762,10.958209037780762,10.958209037780762,10.958209037780762,179
2024-08-20,11.057829856872559,11.944448008695518,10.96817162802503,10.958209391475044,714
2024-08-21,11.456310272216797,11.456310272216797,11.057830294942782,11.057830294942782,46
2024-08-22,10.858589172363281,10.858589172363281,10.858589172363281,11.456310078203046,70
2024-08-23,9.962008476257324,9.962008476257324,9.962008476257324,9.962008476257324,1100
2024-08-26,10.360487937927246,10.360487937927246,9.962007998026628,9.962007998026628,497
2024-08-27,10.260869026184082,10.310679259088364,10.111438327471236,10.360488541941473,773
2024-08-28,10.260869026184082,10.260869026184082,10.260869026184082,10.260869026184082,53
2024-08-29,10.260869026184082,10.260869026184082,10.260869026184082,10.260869026184082,18
2024-08-30,10.260869026184082,10.260869026184082,10.260869026184082,10.260869026184082,0
2024-09-02,12.253271102905273,12.303081337276875,12.253271102905273,10.260869328450797,83
2024-09-03,11.9544095993042,12.22338427131308,10.460108399391174,12.253270029297028,147
2024-09-04,12.103839874267578,12.143687870024504,12.093878587866715,11.954410127691894,52
2024-09-05,11.94444751739502,11.954409753535236,11.94444751739502,12.103839495433975,50
2024-09-06,11.94444751739502,11.94444751739502,11.94444751739502,11.94444751739502,33
2024-09-09,11.705360412597656,11.954410634142288,11.65555017827849,11.944448397268214,90
2024-09-10,10.858589172363281,10.858589172363281,10.858589172363281,11.705360297294417,468
2024-09-11,11.48619556427002,11.954410230998452,11.48619556427002,10.85858891313646,1031
2024-09-12,11.9544095993042,11.9544095993042,11.9544095993042,11.486194957317139,311
2024-09-13,13.448712348937988,13.448712348937988,11.954410976833767,11.954410976833767,4102
2024-09-17,12.930685997009277,14.444911677117899,12.930685997009277,13.448710871799422,115
2024-09-18,11.854789733886719,12.452510623852085,11.854789733886719,12.930686575783445,1549
2024-09-19,11.9544095993042,12.432585527251831,11.85478913928955,11.85478913928955,4780
2024-09-20,11.9544095993042,12.253270029297028,11.9544095993042,11.9544095993042,249
2024-09-23,11.9544095993042,11.964371835315887,11.9544095993042,11.9544095993042,198
2024-09-24,11.9544095993042,11.9544095993042,11.9544095993042,11.9544095993042,0
2024-09-25,11.9544095993042,11.306879459362335,11.306879459362335,11.9544095993042,6
2024-09-26,10.948246955871582,11.446347373700693,10.948246955871582,11.954410027898662,1614
2024-09-27,10.948246955871582,10.948246955871582,10.948246955871582,10.948246955871582,0
2024-09-30,10.948246955871582,10.948246955871582,10.948246955871582,10.948246955871582,149
2024-10-01,10.948246955871582,11.456309610069551,11.157449169361854,10.948246955871582,42
2024-10-02,10.948246955871582,10.948246955871582,10.948246955871582,10.948246955871582,0
2024-10-03,9.942084312438965,9.962008786035607,9.942084312438965,9.952046549237286,275
2024-10-04,9.952045440673828,9.952045440673828,9.952045440673828,9.942083204985204,112
2024-10-07,9.984814643859863,10.983296108245849,9.984814643859863,9.974829600681732,374
2024-10-08,9.97482967376709,9.97482967376709,9.97482967376709,9.98481471701838,10
2024-10-09,9.95486068725586,9.934890600456852,9.934890600456852,9.95486068725586,43
2024-10-10,9.884966850280762,9.974830341102146,9.884966850280762,9.954861205489728,630
2024-10-11,9.884966850280762,9.884966850280762,9.884966850280762,9.884966850280762,513
2024-10-14,9.884966850280762,9.884966850280762,9.874982758587652,9.884966850280762,455
2024-10-15,9.884966850280762,9.884966850280762,9.38572608102969,9.884966850280762,1064
2024-10-16,9.806756019592285,9.806756019592285,9.410524251475112,9.806756019592285,60
2024-10-17,9.806756019592285,9.806756019592285,8.915233351045979,9.806756019592285,591
2024-10-18,9.806756019592285,11.391686900965507,9.806756019592285,9.806756019592285,208
2024-10-21,9.806756019592285,9.806756019592285,9.658169701689678,9.806756019592285,535
2024-10-22,9.806756019592285,9.806756019592285,8.915233351045979,9.806756019592285,16638
2024-10-23,8.915233612060547,9.707699075948462,8.915233612060547,8.915233612060547,937
2024-10-24,9.598734855651855,9.598734855651855,8.915233585527929,9.598734855651855,806
2024-10-25,9.186029434204102,9.675285131330497,9.176044390860426,9.675285131330497,1249
2024-10-28,9.47558879852295,9.835042732472493,9.186029214078106,9.186029214078106,986
2024-10-29,9.835042953491211,9.835042953491211,9.585422583628247,9.42566474704599,680
2024-10-30,9.884966850280762,9.884966850280762,9.835043535136613,9.835043535136613,264
2024-10-31,9.884966850280762,9.884966850280762,9.884966850280762,9.884966850280762,345
2024-11-01,9.835042953491211,9.88496626568289,9.485574054792606,9.88496626568289,487
2024-11-05,9.77513313293457,9.835042437538302,9.77513313293457,9.835042437538302,104
2024-11-06,9.77513313293457,9.785118175739541,9.77513313293457,9.77513313293457,751
2024-11-07,9.77513313293457,9.984814270708492,9.88496574711097,9.77513313293457,40
2024-11-08,9.77513313293457,9.77513313293457,9.77513313293457,9.77513313293457,0
2024-11-11,9.835042953491211,9.835042953491211,8.237472205477788,9.775133645744598,117
2024-11-12,9.835042953491211,9.78511868907339,9.78511868907339,9.835042953491211,100
2024-11-13,9.77513313293457,9.785118175739541,9.77513313293457,9.835042437538302,405
2024-11-14,9.77513313293457,9.77513313293457,9.77513313293457,9.77513313293457,3
2024-11-15,9.77513313293457,9.77513313293457,8.487092130102218,9.77513313293457,575
2024-11-19,9.77513313293457,9.77513313293457,9.77513313293457,9.77513313293457,240
2024-11-20,9.58542251586914,9.755164442354145,8.487092515345712,9.775133576644427,3281
2024-11-21,9.58542251586914,9.575437472610933,9.575437472610933,9.58542251586914,50
2024-11-22,9.58542251586914,9.575437472610933,9.575437472610933,9.58542251586914,13
2024-11-25,9.58542251586914,9.565452429352723,9.565452429352723,9.58542251586914,50
2024-11-26,9.53549861907959,9.565452797781814,9.53549861907959,9.585422885067413,401
2024-11-27,9.5255126953125,9.5255126953125,9.5255126953125,9.535497738032715,145
2024-11-28,8.986332893371582,9.525512828884832,8.986332893371582,9.525512828884832,12
2024-11-29,8.986332893371582,9.505543695390466,8.836561059372494,8.986332893371582,1038
2024-12-02,8.986332893371582,9.136104727370668,8.986332893371582,8.986332893371582,371
2024-12-03,8.986332893371582,9.435649347594941,8.986332893371582,8.986332893371582,629
2024-12-04,9.435650825500488,9.435650825500488,9.4256657810763,8.986334300900703,1000
2024-12-05,8.986332893371582,9.42566430473471,8.986332893371582,9.435649347594941,889
2024-12-06,8.986332893371582,9.42566430473471,8.986332893371582,8.986332893371582,910
2024-12-09,8.986332893371582,8.986332893371582,8.986332893371582,8.986332893371582,1124
2024-12-10,8.986332893371582,8.986332893371582,8.786636797297433,8.986332893371582,1990
2024-12-11,8.736712455749512,8.986332811628069,8.736712455749512,8.736712455749512,16380
2024-12-12,8.487092971801758,8.976348691053692,8.487092971801758,8.736713353325339,1100
2024-12-13,8.487092971801758,8.976348691053692,8.487092971801758,8.736713353325339,230
2024-12-16,8.856531143188477,8.96636376975797,8.856531143188477,8.586941622617463,250
2024-12-17,8.856531143188477,8.856531143188477,8.856531143188477,8.856531143188477,0
2024-12-18,8.856531143188477,8.856531143188477,8.856531143188477,8.856531143188477,103
2024-12-19,8.836562156677246,8.866516336751488,8.836562156677246,8.856531292651335,207
2024-12-20,8.836562156677246,8.926424696899971,8.926424696899971,8.836562156677246,57
2024-12-23,8.926424980163574,8.926424980163574,8.926424980163574,8.836562437089228,160
2024-12-26,8.926424980163574,8.926424980163574,8.916440887972811,8.926424980163574,180
2024-12-27,8.9164400100708,8.926424101278542,8.9164400100708,8.926424101278542,309
2024-12-30,8.9164400100708,9.984814899617504,9.984814899617504,8.9164400100708,46
2025-01-02,8.9164400100708,9.934890634674186,9.934890634674186,8.9164400100708,84
2025-01-03,9.086181640625,9.93489030783596,9.086181640625,8.916439716737584,455
2025-01-07,9.086181640625,9.93489030783596,9.086181640625,9.086181640625,146
2025-01-08,9.53549861907959,9.884966576542004,9.53549861907959,9.08618212964153,224
2025-01-09,9.97482967376709,10.98329618872022,9.735194349092922,9.53549824519778,2726
2025-01-10,9.984814643859863,10.733675742149353,9.984814643859863,9.974829600681732,35
2025-01-14,9.984814643859863,10.683751478484828,9.735194277763366,9.984814643859863,27
2025-01-15,8.986332893371582,9.735193967819214,8.986332893371582,9.984814325968424,35
2025-01-16,9.485574722290039,9.485574722290039,9.43565045435906,9.485574722290039,35
2025-01-17,9.485574722290039,9.485574722290039,9.485574722290039,9.485574722290039,30
2025-01-20,9.485574722290039,9.485574722290039,8.986333947432668,9.485574722290039,244
2025-01-21,9.485574722290039,9.485574722290039,9.485574722290039,9.485574722290039,130
2025-01-22,9.485574722290039,9.485574722290039,9.485574722290039,9.485574722290039,9
2025-01-23,9.485574722290039,9.465604634227164,9.235954334861354,9.485574722290039,1233
2025-01-24,9.28587818145752,9.28587818145752,9.28587818145752,9.48557429189427,776
2025-01-27,8.537016868591309,9.285877980709385,8.537016868591309,9.285877980709385,222
2025-01-28,8.537016868591309,9.984814828241028,9.88496629906816,8.537016868591309,20
2025-01-29,8.986332893371582,8.986332893371582,8.986332893371582,8.537016439148221,202
2025-01-30,9.984814643859863,9.984814643859863,9.186029281905848,8.986333179473876,292
2025-01-31,9.984814643859863,9.984814643859863,9.984814643859863,9.984814643859863,100
2025-02-03,9.984814643859863,9.984814643859863,9.984814643859863,9.984814643859863,854
2025-02-04,9.984814643859863,9.984814643859863,9.984814643859863,9.984814643859863,0
2025-02-05,9.984814643859863,9.984814643859863,9.984814643859863,9.984814643859863,0
2025-02-06,9.97482967376709,9.97482967376709,8.986333245316542,9.98481471701838,199
2025-02-07,8.986332893371582,9.974829283108193,8.986332893371582,9.974829283108193,2448
2025-02-10,9.97482967376709,9.97482967376709,9.97482967376709,8.986333245316542,146
2025-02-11,9.97482967376709,9.98481471701838,9.98481471701838,9.97482967376709,41
2025-02-12,9.97482967376709,9.97482967376709,9.485573981167462,9.97482967376709,5967
2025-02-13,9.97482967376709,9.97482967376709,9.97482967376709,9.97482967376709,818
2025-02-14,9.97482967376709,9.97482967376709,9.97482967376709,9.97482967376709,6516
2025-02-17,10.084663391113281,10.953342169805932,9.984814861606754,9.974829818210871,5450
2025-02-18,10.484055519104004,10.933371993763233,10.484055519104004,10.084663308790498,1032
2025-02-19,10.484055519104004,10.484055519104004,10.464085432475258,10.484055519104004,200
2025-02-20,10.783600807189941,10.903418477553293,10.783600807189941,10.48405615516846,1211
2025-02-21,10.903417587280273,10.933371764368779,10.903417587280273,10.903417587280273,13
2025-02-24,11.432613372802734,11.482537639943379,10.913403470328133,10.903418426454765,224
2025-02-25,10.484055519104004,10.484055519104004,10.484055519104004,11.432612732768186,1000
2025-02-26,10.883447647094727,10.983296175030917,10.883447647094727,10.484055439802239,98
2025-02-27,10.504026412963867,10.983297102171875,10.484056324800427,10.8834485658071,1000
2025-02-28,11.732157707214355,11.732157707214355,11.732157707214355,10.504025910676647,102
2025-03-05,12.471034049987793,12.95030567834722,11.173007873787656,11.73215794816929,251
2025-03-06,12.471034049987793,11.73215794816929,11.73215794816929,12.471034049987793,6
2025-03-07,11.582385063171387,11.582385063171387,11.582385063171387,12.471032933680306,620
2025-03-10,11.582385063171387,11.182991916584658,11.182991916584658,11.582385063171387,90
2025-03-11,11.182992935180664,11.182992935180664,10.983296819811153,11.582386118145873,426
2025-03-12,11.182992935180664,11.182992935180664,10.084663824535262,11.182992935180664,334
2025-03-13,11.17300796508789,11.182993008978807,11.133068741750424,11.182993008978807,665
2025-03-14,11.17300796508789,11.133068741750424,11.133068741750424,11.17300796508789,1567
2025-03-17,11.17300796508789,11.17300796508789,11.17300796508789,11.17300796508789,0
2025-03-18,10.983296394348145,11.073159880839905,10.134586746621691,11.173007458543742,100
2025-03-20,10.184511184692383,10.963326493814874,10.184511184692383,10.983296581030764,813
2025-03-21,10.184511184692383,10.234435450505938,10.234435450505938,10.184511184692383,48
2025-03-24,11.981778144836426,11.981778144836426,10.184511232665727,10.184511232665727,453
2025-03-25,11.981778144836426,11.981778144836426,11.981778144836426,11.981778144836426,1200
2025-03-26,12.980259895324707,12.980259895324707,11.981778364915115,11.981778364915115,1993
2025-03-27,13.479499816894531,13.479499816894531,12.980259082935474,12.980259082935474,1357
2025-03-28,13.978740692138672,14.877373641457131,13.47949995313372,13.47949995313372,120
2025-03-31,13.978740692138672,13.978740692138672,13.968755648824299,13.978740692138672,121
2025-04-01,13.968755722045898,13.978740765412612,12.481018540546975,13.978740765412612,525
2025-04-02,13.968755722045898,13.978740765412612,13.978740765412612,13.968755722045898,5
2025-04-03,13.978740692138672,14.877373641457131,12.980259214128766,13.968755648824299,815
2025-04-04,13.978740692138672,13.868908072358993,13.868908072358993,13.978740692138672,5
2025-04-07,13.978740692138672,13.978740692138672,13.978740692138672,13.978740692138672,532
2025-04-08,13.928816795349121,13.928816795349121,12.730639180564731,13.978741061012254,309
2025-04-09,12.980259895324707,13.968756381895918,12.481019130119911,13.928817158768583,350
2025-04-10,12.980259895324707,14.977222956143892,12.980259895324707,12.980259895324707,700
2025-04-11,14.76754093170166,14.97722207889524,14.477981342932065,12.980259135042541,498
2025-04-14,14.418072700500488,14.428057744214467,12.48101897461912,14.767541612680295,210
2025-04-15,14.477981567382812,14.527905832198329,14.477981567382812,14.477981567382812,7424
2025-04-16,14.477981567382812,14.477981567382812,14.477981567382812,14.477981567382812,4879
2025-04-21,14.477981567382812,14.977222311085669,14.977222311085669,14.477981567382812,90
2025-04-22,14.477981567382812,14.37813303775178,12.980259336274246,14.477981567382812,350
2025-04-23,14.477981567382812,14.458011480566146,13.4795000799771,14.477981567382812,42
2025-04-24,14.477981567382812,14.458011480566146,14.458011480566146,14.477981567382812,46
2025-04-25,13.978740692138672,14.477981431143625,13.978740692138672,14.477981431143625,1179
2025-04-28,13.978740692138672,13.47949995313372,13.47949995313372,13.978740692138672,14
2025-04-29,13.978740692138672,14.378132902452178,13.978740692138672,13.978740692138672,20
2025-04-30,13.978740692138672,14.328209590332596,14.318224547018223,13.978740692138672,160
2025-05-02,13.978740692138672,14.278285325986872,14.278285325986872,13.978740692138672,72
2025-05-05,13.978740692138672,13.978740692138672,13.978740692138672,13.978740692138672,563
2025-05-06,14.967236518859863,14.967236518859863,14.278284745997992,13.978740124317397,617
2025-05-07,14.967236518859863,14.957251475951088,13.479499405591778,14.967236518859863,2150648
2025-05-08,14.967236518859863,14.877373037133076,14.877373037133076,14.967236518859863,10
2025-05-09,14.967236518859863,14.967236518859863,14.967236518859863,14.967236518859863,0
2025-05-12,13.978740692138672,14.977222170148577,13.978740692138672,14.967237126834204,2034
2025-05-13,13.729120254516602,13.97874062278054,13.729120254516602,13.97874062278054,400
2025-05-14,13.729120254516602,14.877373567640262,14.827450255768385,13.729120254516602,150
2025-05-15,13.729120254516602,14.477981359308416,13.479499886252663,13.729120254516602,11
2025-05-16,13.988725662231445,14.957252005228645,13.988725662231445,13.729120250773455,351
2025-05-19,15.965719223022461,15.975704266723445,14.947268571176453,13.988726277084,729
2025-05-20,16.974185943603516,16.974185943603516,15.965719373713965,15.965719373713965,311
2025-05-21,16.974185943603516,17.97266746969784,17.962682425902614,16.974185943603516,25
2025-05-22,16.974185943603516,17.97266746969784,17.97266746969784,16.974185943603516,1420
2025-05-23,17.972665786743164,17.972665786743164,17.972665786743164,17.972665786743164,10
2025-05-26,17.972665786743164,17.972665786743164,17.972665786743164,17.972665786743164,0
2025-05-27,17.972665786743164,18.471906503041584,18.471906503041584,17.972665786743164,1000
2025-05-28,17.972665786743164,19.220767577489216,19.220767577489216,17.972665786743164,350
2025-05-29,19.220767974853516,19.220767974853516,19.210782931786856,17.972666158304587,672
2025-05-30,19.919706344604492,19.969629656965992,19.919706344604492,19.220768544829767,288
2025-06-03,19.919706344604492,20.169326715316565,20.159341671953808,19.919706344604492,53
2025-06-04,20.169326782226562,20.169326782226562,20.15934173883068,19.919706410686395,164
2025-06-05,20.169326782226562,20.149356695434797,20.149356695434797,20.169326782226562,2057
2025-06-06,20.139371871948242,20.149356915453154,20.12938682844333,20.169327002462982,243
2025-06-09,20.468870162963867,20.468870162963867,20.13937135359181,20.13937135359181,476
2025-06-10,20.468870162963867,21.96659237001,20.958125855398,20.468870162963867,102
2025-06-11,20.468870162963867,22.965073841374092,20.96811089864591,20.468870162963867,54
2025-06-12,20.468870162963867,22.965073841374092,20.468870162963867,20.468870162963867,150
2025-06-13,20.468870162963867,20.468870162963867,20.468870162963867,20.468870162963867,78
2025-06-17,20.468870162963867,22.965073841374092,18.022589796340934,20.468870162963867,504
2025-06-18,19.969629287719727,22.415909637246294,19.969629287719727,19.969629287719727,982
2025-06-19,19.969629287719727,21.966592216491698,20.219249653816224,19.969629287719727,96
2025-06-20,22.915151596069336,22.915151596069336,20.219250736136818,22.915151596069336,400
2025-06-25,21.916669845581055,22.915151352815684,20.468870898309905,21.916669845581055,2436
2025-06-26,21.96659278869629,22.46583353389393,21.467352043498646,21.91666947595745,831
2025-06-27,21.96659278869629,22.46583353389393,21.96659278869629,21.96659278869629,100
2025-06-30,21.96659278869629,21.96659278869629,21.96659278869629,21.96659278869629,132
2025-07-01,23.43436050415039,23.46431563524504,21.966593360654933,21.966593360654933,160
2025-07-02,23.43436050415039,23.46431563524504,23.46431563524504,23.43436050415039,56
2025-07-03,23.46431541442871,23.46431541442871,23.46431541442871,23.434360283615963,144
2025-07-04,23.46431541442871,23.46431541442871,23.46431541442871,23.46431541442871,0
2025-07-07,23.46431541442871,23.46431541442871,23.46431541442871,23.46431541442871,69
2025-07-08,23.46431541442871,23.46431541442871,23.46431541442871,23.46431541442871,223
2025-07-09,23.46431541442871,23.46431541442871,23.46431541442871,23.46431541442871,130
2025-07-10,23.46431541442871,23.46431541442871,23.444345327220212,23.46431541442871,34
2025-07-11,21.96659278869629,23.414391711550376,21.96659278869629,23.464315024289217,549
2025-07-14,23.314542770385742,23.314542770385742,21.517274976704034,21.96659240123753,656
2025-07-15,23.943586349487305,23.943586349487305,23.943586349487305,23.943586349487305,5500
2025-07-16,23.314542770385742,23.314542770385742,21.96659240123753,23.94358526028036,269
2025-07-17,23.314542770385742,24.9620368195881,22.116364241264602,23.314542770385742,1750
2025-07-18,25.950532913208008,25.960517956340873,24.962036496481605,23.31454246860427,950
2025-07-21,24.962038040161133,25.96051956176758,23.464315757751464,25.95053451801723,440
2025-07-22,27.957481384277344,27.957481384277344,24.113327313048753,24.96203695024763,266
2025-07-23,26.958999633789062,30.952925505461515,26.958999633789062,27.957481101707177,640
2025-07-25,29.954444885253906,29.954444885253906,29.954444885253906,26.959000396728513,114
2025-07-28,29.954444885253906,29.954444885253906,29.954444885253906,29.954444885253906,227
2025-07-29,29.954444885253906,34.89692905310172,31.951407877604165,29.954444885253906,36
2025-07-30,29.954444885253906,34.34776499198633,29.954444885253906,29.954444885253906,110
2025-07-31,29.954444885253906,33.948370869954424,33.848524243898765,29.954444885253906,55
2025-08-01,30.952924728393555,34.14806610729894,26.45975823556223,30.952924728393555,15
2025-08-04,30.952924728393555,31.951406171244958,30.952924728393555,30.952924728393555,2666
2025-08-05,32.94989013671875,32.94989013671875,30.952927098129734,32.94989013671875,566
2025-08-06,32.94989013671875,33.449130896366,32.94989013671875,32.94989013671875,508
2025-08-07,32.89996337890625,33.44912739525646,32.85004006994792,32.94988668786457,334
2025-08-08,32.94989013671875,32.94989013671875,32.89996682253497,32.89996682253497,37
2025-08-11,32.94989013671875,33.94837165601326,32.94989013671875,32.94989013671875,609
2025-08-12,33.818565368652344,33.848522401962576,33.74867197243585,32.94988758074415,236
2025-08-13,33.77863311767578,33.82855643406418,33.449132373483536,33.81856948544357,4650
2025-08-14,33.77863311767578,33.77863311767578,33.77863311767578,33.77863311767578,8291
2025-08-15,35.92536544799805,35.94533553591991,35.695715150253804,33.77863241661238,265
2025-08-19,33.94837188720703,35.92536485180523,33.77863185604528,35.92536485180523,150
2025-08-20,35.89541244506836,35.89541244506836,28.955964918368135,33.948372662914366,509
2025-08-21,35.92536544799805,35.94533553591991,35.89541222056765,35.92536544799805,3500
2025-08-22,39.909305572509766,39.93925879775863,39.909305572509766,35.92536283151534,269
2025-08-25,39.909305572509766,39.93925879775863,39.93925879775863,39.909305572509766,37
2025-08-26,43.83333969116211,44.93166782555833,38.94077878215055,39.90930706301764,1445
2025-08-27,49.89412307739258,49.92407630432565,38.44153875433075,49.89412307739258,188
2025-08-28,49.89412307739258,49.92407630432565,44.931668673893085,49.89412307739258,523
2025-08-29,49.89412307739258,54.91648393475822,49.89412307739258,49.89412307739258,5242
2025-09-01,49.89412307739258,49.89412307739258,49.89412307739258,49.89412307739258,800
2025-09-02,49.89412307739258,49.89412307739258,49.89412307739258,49.89412307739258,117
2025-09-03,49.90410614013672,54.91648385046601,49.90410614013672,49.894123000809266,822
2025-09-04,54.916481018066406,54.916481018066406,41.93622186834162,49.90410356625798,1358
2025-09-05,53.917999267578125,54.916480735496236,53.917999267578125,54.916480735496236,829
2025-09-08,53.917999267578125,54.916480735496236,43.144383314604596,53.917999267578125,100
2025-09-09,49.924076080322266,54.91648368835449,45.930149993896485,53.918002166748046,1023
2025-09-10,53.318912506103516,53.90801673111325,49.91409081481799,53.318912506103516,100
2025-09-11,52.919517517089844,53.31891162568629,45.43090654769034,53.31891162568629,100
2025-09-12,56.763671875,56.91344562388788,55.81511749505893,52.919519615194,205
2025-09-16,56.913448333740234,56.913448333740234,52.91952213488127,56.76367457772108,926
2025-09-17,56.913448333740234,64.90130073145816,54.91648523431075,56.913448333740234,2942
2025-09-18,56.913448333740234,59.90889298288445,56.903465194161214,56.913448333740234,330
2025-09-19,66.88827514648438,66.89826209470905,56.91344685669277,56.91344685669277,3100
2025-09-22,67.89674377441406,69.89370682660271,66.88827530007214,66.88827530007214,1094
2025-09-23,67.89674377441406,77.88155903535731,69.89370682660271,67.89674377441406,6
2025-09-24,67.89674377441406,77.68186577726225,71.89066987879136,67.89674377441406,150
2025-09-25,64.90129089355469,77.88154907226563,56.91343970665565,67.89673508864183,748
2025-09-26,79.8785171508789,79.8785171508789,74.88610982894897,64.90129518508911,760
2025-09-29,74.73633575439453,79.87851679674691,74.68641625208195,79.87851679674691,1112
2025-09-30,49.89412307739258,49.89412307739258,49.89412307739258,49.89412307739258,800
2025-10-01,72.93907928466797,72.93907928466797,69.893707551377,69.893707551377,1026
2025-10-02,70.8921890258789,73.98748026260185,61.10707073901742,72.93907922093304,450
2025-10-03,74.58656311035156,74.66644345659894,74.58656311035156,70.89218470121472,211
2025-10-06,74.68641662597656,74.68641662597656,74.68641662597656,74.58656238523355,298
2025-10-07,75.08580017089844,75.3853476457534,59.80903892727868,75.08580017089844,250
2025-10-08,75.83466339111328,75.88459051094144,64.90129451593675,75.08580230054478,680
2025-10-09,85.8194808959961,90.86181546042933,75.88459313178713,75.83466601023463,185
2025-10-10,75.88459777832031,88.7650112932024,75.88459777832031,85.81948615085811,1490
2025-10-13,75.88459777832031,79.87852397717927,71.89067157946134,75.88459777832031,220
2025-10-14,89.86333465576172,90.86181615193685,83.87244567871093,75.8845937093099,760
2025-10-15,109.83296203613281,114.82536940141158,107.8359990900213,89.86333257501775,155
2025-10-16,118.81929016113281,129.80258589031317,104.84055014217601,109.83295729180344,134
2025-10-17,118.81929016113281,129.80258589031317,95.1552833190223,118.81929016113281,106
2025-10-21,118.81929016113281,139.78740018956802,99.84814299254859,118.81929016113281,390
2025-10-22,128.75418090820312,129.80258948578887,120.81625636754194,118.81929345237596,216
2025-10-23,128.75418090820312,149.77221863744867,104.89048016621682,128.75418090820312,83
2025-10-24,136.79196166992188,139.78740608605156,104.84055456453866,128.75418277285027,340
2025-10-27,132.69818115234375,162.75247946722598,109.83296160364944,136.79196126999975,146
2025-10-28,131.799560546875,132.7980420661695,109.83296712239583,132.6981878199925,4
2025-10-29,131.799560546875,132.7980420661695,131.69970630069798,131.799560546875,89
2025-10-30,132.79803466796875,149.7722195503407,132.79803466796875,131.79955320429983,107
2025-10-31,159.34765625,159.34765625,139.78740765033382,132.79803726781714,239
2025-11-03,147.76527404785156,189.71147393050575,131.6996960711935,159.3476496306592,384
2025-11-04,149.772216796875,159.75703125,147.77525390625001,147.76527457661928,2059
2025-11-05,152.76766967773438,153.7561718487071,152.76766967773438,149.77222517424937,612
2025-11-06,147.7752685546875,158.7585655418602,139.78741620038008,152.76767627612963,188
2025-11-07,152.7576904296875,153.75617193138606,147.7752622513889,147.7752622513889,511
2025-11-10,163.74099731445312,165.74793977509967,159.75705038563822,152.7577001004405,414
2025-11-11,163.65110778808594,166.69647933637563,159.75703612674386,163.74098269997708,10
2025-11-12,163.2417449951172,163.75096507240994,149.79219804745452,163.65111082872815,545
2025-11-13,164.20028686523438,164.22026076208797,139.78741616132655,163.24175311493207,280
2025-11-14,164.20028686523438,166.6765168284045,165.73795697495575,164.20028686523438,40
2025-11-17,164.20028686523438,179.72667792170557,159.75704704151607,164.20028686523438,64
2025-11-18,164.74945068359375,177.72971043442234,153.76615397135416,164.200282800858,2000
2025-11-19,159.15794372558594,164.2502054288744,153.76614976320158,164.74944617485883,430
2025-11-20,158.65869140625,159.1080202333545,158.45899816954656,159.15793211581735,523
2025-11-21,158.65869140625,158.6487120768809,158.50892528762677,158.65869140625,185
2025-11-25,131.799560546875,172.23806207830256,131.799560546875,158.6587073216497,320
2025-11-26,149.772216796875,157.26082763671874,119.81777343750001,131.79955078125002,521
2025-11-27,149.772216796875,149.772216796875,149.772216796875,149.772216796875,250
2025-11-28,149.772216796875,169.741845703125,149.772216796875,149.772216796875,30
2025-12-01,154.76463317871094,167.7448927356351,129.80259556924142,149.77222565681703,199
2025-12-02,159.7570343017578,167.1957181643098,149.77221965789795,154.76462697982788,244
2025-12-03,159.7570343017578,167.1957181643098,154.76462697982788,159.7570343017578,122
2025-12-04,159.7570343017578,166.74640455245972,166.04747057451314,159.7570343017578,65
2025-12-05,159.7570343017578,166.09739769485603,155.76310844421386,159.7570343017578,88
2025-12-09,159.7570343017578,175.68281061159067,153.76614551544188,159.7570343017578,271
2025-12-10,159.7570343017578,174.62442269704042,171.73881187438965,159.7570343017578,74
2025-12-11,159.7570343017578,177.62984642001973,159.7570343017578,159.7570343017578,878
2025-12-12,154.76463317871094,171.7388187531502,154.76463317871094,159.75704070060485,2240
2025-12-15,154.76463317871094,180.22591154036982,154.76463317871094,154.76463317871094,581
2025-12-16,159.7470703125,179.67675372355222,149.77223404057472,154.7646418419272,1498
2025-12-17,169.7218780517578,169.74185194737183,129.80259266563726,159.74705779694034,214
2025-12-18,169.70191955566406,169.71189888567153,169.70191955566406,169.72187821567903,344
2025-12-19,169.70191955566406,169.71189888567153,164.7494446962737,169.70191955566406,22
2025-12-22,169.70191955566406,169.7418521113123,159.7570372812351,169.70191955566406,638
2025-12-23,159.7570343017578,169.74184894561768,159.7570343017578,169.70191639071416,997
2025-12-26,169.74185180664062,191.70844439338234,159.75703699448528,159.75703699448528,1418
2025-12-29,174.73426818847656,184.71908351353235,169.74186052594865,169.74186052594865,563
2025-12-30,204.68870544433594,204.68870544433594,170.74033478527534,174.73426074516482,532
2026-01-02,219.66592407226562,219.66592407226562,174.73425778475675,204.68870197642934,915
2026-01-05,229.65074157714844,254.61277870509934,220.6644082110861,219.66592672596806,537
2026-01-06,329.4989013671875,329.4989013671875,274.58241780598956,229.65074943773675,2229
2026-01-07,329.4989013671875,394.4002001213305,329.4989013671875,329.4989013671875,269
2026-01-08,374.4305419921875,389.40776367187505,374.4305419921875,329.49887695312503,1312
2026-01-09,449.316650390625,449.316650390625,449.316650390625,374.4305419921875,70
2026-01-13,449.316650390625,494.1484611909092,449.316650390625,449.316650390625,11
2026-01-14,448.31817626953125,449.31665773115606,429.3470284986602,448.31817626953125,41
2026-01-15,448.31817626953125,448.31817626953125,409.3773992661644,448.31817626953125,38
2026-01-16,409.3774108886719,429.34704068811925,404.38500343881003,448.3181889975943,181
2026-01-20,391.40472412109375,404.38498282919124,369.4381324612365,409.37739002461336,10
2026-01-21,354.4609069824219,391.40471982284333,354.4609069824219,391.40471982284333,651
2026-01-22,319.5140686035156,359.4533271789551,319.21453635269427,354.46091985702515,630
2026-01-23,319.5140686035156,329.4988832473755,324.50647592544556,319.5140686035156,28
2026-01-26,319.5140686035156,324.50647592544556,309.51925939421636,319.5140686035156,20
2026-01-27,311.5262145996094,324.50647354125977,288.5611410874587,319.5140662560096,607
2026-01-28,311.5262145996094,319.5140662560096,309.03001095698426,311.5262145996094,379
2026-01-29,319.5240783691406,324.50649136265116,319.51408380322573,311.52623170814513,20083
2026-01-30,319.5240783691406,329.4988989220766,324.50649136265116,319.5240783691406,28
2026-02-02,319.5240783691406,342.4791585765826,342.4791585765826,319.5240783691406,41
2026-02-03,349.4685363769531,349.4685363769531,349.4685363769531,319.524084967907,1500
2026-02-04,349.4685363769531,349.4685363769531,349.4685363769531,349.4685363769531,0
2026-02-05,422.357666015625,422.357666015625,384.4153697778147,349.4685179798316,5442
2026-02-06,463.29541015625,463.29541015625,422.35766917261583,422.35766917261583,1341
2026-02-09,509.2255554199219,519.2103702320771,479.27111098345586,463.29540728400735,1737
2026-02-10,509.2255554199219,518.2118887508617,504.2331480138442,509.2255554199219,188
2026-02-11,558.151123046875,559.1496044834525,544.1723829347886,509.2255326545729,1064
2026-02-12,539.1799926757812,539.1799926757812,509.22554863823785,558.1511405662254,2000
2026-02-13,539.1799926757812,539.1799926757812,519.210363317419,539.1799926757812,5
2026-02-18,539.1799926757812,539.1799926757812,539.1799926757812,539.1799926757812,0
2026-02-19,534.1876220703125,549.1648451190129,534.1876220703125,539.1800297532126,1670
2026-02-20,534.1876220703125,559.1496604848131,549.1648451190129,534.1876220703125,64
2026-02-23,539.1799926757812,564.1420293737341,539.1799926757812,534.1875853361906,2417
2026-02-24,554.1572265625,589.104078688063,539.180004222973,539.180004222973,1318
2026-02-25,569.1344604492188,574.126867997019,539.1800151624178,554.1572378058182,1388
2026-02-26,524.2027587890625,574.1268310546875,524.2027587890625,569.134423828125,2620
2026-02-27,524.2027587890625,599.0888671875,519.2103515625,524.2027587890625,10
2026-03-02,567.1375122070312,624.0509597348496,529.1952138551524,524.2028061772736,582
2026-03-03,567.1275024414062,599.0889052893913,539.1800147604522,567.1374970072904,735
2026-03-04,549.1648559570312,579.1193026455966,539.1800403941761,567.1275294038112,2939
2026-03-05,549.1648559570312,654.00541936701,569.1344870827415,549.1648559570312,199
2026-03-06,599.078857421875,599.0888519868698,599.078857421875,549.164780987964,404
2026-03-09,599.078857421875,698.9369939846815,599.078857421875,599.078857421875,3000
2026-03-10,686.9552612304688,686.9552612304688,678.9674093556958,599.0788960423278,60
2026-03-11,683.9598388671875,686.9552834169708,683.9498443012255,686.9552834169708,2000
2026-03-12,658.997802734375,686.9552852746212,562.1450953628078,683.9598407167376,780
2026-03-13,649.0130004882812,728.8915236253005,649.0030059220928,658.9978158804087,345
2026-03-16,649.0130004882812,718.906708233173,649.0030059220928,649.0130004882812,822
2026-03-17,698.9270629882812,748.8611330937698,649.0129820146005,649.0129820146005,297
2026-03-18,738.8763427734375,798.7852354307432,699.9355625461887,698.9270864356612,210
2026-03-20,699.4947509765625,799.4225725446429,699.4947509765625,739.4658796037946,1822
2026-03-23,739.4658813476562,799.4225744298986,699.4947526261612,699.4947526261612,292
2026-03-24,839.3936767578125,854.3828495570591,719.4802943638392,738.8762571299803,205
2026-03-25,864.3756103515625,899.3503460305275,719.4802768244219,839.393656295159,345
2026-03-26,844.3900756835938,859.3792486247227,699.4947372526813,864.375639605099,196
2026-03-27,799.4225463867188,847.3878991699219,686.5041117095947,844.3900646209717,427
2026-03-30,799.4225463867188,899.3503646850586,839.3936737060546,799.4225463867188,4
2026-03-31,799.4225463867188,882.3626355743409,799.4225463867188,799.4225463867188,110
2026-04-01,789.4297485351562,848.3871601346173,649.5308057567742,799.4225301621835,647
2026-04-06,689.501953125,899.3503736413044,689.4919505844946,789.4297724184783,436
2026-04-07,649.5308227539062,799.4125485412662,629.545258976863,689.5019503079928,503
2026-04-08,649.5308227539062,649.5308227539062,629.545258976863,649.5308227539062,216
2026-04-09,637.5394897460938,719.4803019078174,595.5698054681377,649.5308281112241,448
2026-04-10,649.5308227539062,704.4911231407752,638.5387626765324,637.5394844876803,270
2026-04-13,559.5957641601562,659.5235791887555,549.6029826572964,649.5307976858957,306
2026-04-14,644.534423828125,659.5235964752907,549.6029970627422,559.5957788275194,523
2026-04-15,645.53369140625,710.4567641903741,559.5957696400928,644.5344132461784,1335
2026-04-16,689.501953125,710.4867951766304,659.5236073369565,645.5337126358695,218
2026-04-17,710.48681640625,710.48681640625,684.5055826136164,689.5019737275844,226
2026-04-20,710.48681640625,710.48681640625,654.5272359298084,710.48681640625,126
2026-04-21,710.48681640625,710.48681640625,654.5272359298084,710.48681640625,774
2026-04-22,710.48681640625,710.48681640625,659.5236270437764,710.48681640625,527
2026-04-23,710.48681640625,710.48681640625,671.5149657172996,710.48681640625,210
2026-04-24,710.48681640625,710.48681640625,652.5286794842211,710.48681640625,146
2026-04-27,569.5885620117188,710.4867852461965,568.5892838327508,710.4867852461965,887
2026-04-28,569.5885620117188,679.5091616981907,499.6390894839638,569.5885620117188,646
2026-04-29,597.568359375,679.5091711956521,569.5885699728261,597.568359375,319
2026-04-30,597.568359375,649.5308254076086,524.6210512907609,597.568359375,130
2026-05-04,597.568359375,649.5308254076086,578.5820737092391,597.568359375,14
2026-05-05,578.5820922851562,649.5308462614017,549.6030237596476,597.5683785604896,971
2026-05-06,578.5820922851562,639.5380640112263,539.6102415094722,578.5820922851562,715
2026-05-07,578.5820922851562,694.298498543967,559.595806009823,578.5820922851562,854
2026-05-08,578.5820922851562,679.5091930119279,479.6535480084197,578.5820922851562,310
2026-05-11,578.5820922851562,677.5106365618929,579.5813705101738,578.5820922851562,139
2026-05-12,578.5820922851562,679.5091930119279,608.5604390356825,578.5820922851562,149
2026-05-13,578.5820922851562,688.5026970370858,599.5669350105246,578.5820922851562,238
2026-05-14,578.5820922851562,638.5387857862087,618.553221285858,578.5820922851562,127
2026-05-15,578.5820922851562,669.5164107617525,575.5842576101037,578.5820922851562,106
2026-05-19,605.0629272460938,669.5163687116149,598.5676191914289,578.582055946306,4
2026-05-20,605.0629272460938,629.3453743906982,584.5777249198428,605.0629272460938,708
2026-05-21,605.0629272460938,599.5568948134866,576.5834996217937,605.0629272460938,1675
2026-05-22,605.0629272460938,599.566897353685,504.63547193935153,605.0629272460938,370
2026-05-25,605.0629272460938,719.4802768244219,535.6130949692919,605.0629272460938,62
2026-05-26,590.5734252929688,629.5452756930124,569.5885827698684,605.0629594160619,1161
2026-05-27,574.5849609375,632.5430961277174,574.5849609375,590.5734120244565,500
2026-05-28,574.5849609375,589.5741338315217,559.5957880434783,574.5849609375,226
2026-05-29,574.5849609375,589.5741338315217,549.6130086546359,574.5849609375,171
2026-06-01,582.5791625976562,589.5741096614361,579.5813281417506,574.584937381908,1377
2026-06-02,582.5791625976562,589.5741096614361,569.5885466220653,582.5791625976562,390
2026-06-03,582.5791625976562,575.5842155338765,564.5921558622226,582.5791625976562,193
2026-06-04,582.5791625976562,575.5842155338765,569.5885466220653,582.5791625976562,428
2026-06-05,582.5791625976562,575.5842155338765,569.5885466220653,582.5791625976562,272
2026-06-09,582.5791625976562,589.5741096614361,559.5957651023799,582.5791625976562,1444
2026-06-10,582.5791625976562,574.584937381908,549.6029835826946,582.5791625976562,625
2026-06-11,582.5791625976562,588.5748315094675,569.5885466220653,582.5791625976562,45
2026-06-12,582.5791625976562,579.5813281417506,539.6102020630093,582.5791625976562,479
2026-06-15,582.5791625976562,589.5741096614361,574.584937381908,582.5791625976562,209
2026-06-16,582.5791625976562,589.5741096614361,574.584937381908,582.5791625976562,334
2026-06-17,582.5791625976562,588.5748315094675,569.5885466220653,582.5791625976562,647
2026-06-18,582.5791625976562,588.5748315094675,541.6087583669463,582.5791625976562,418
2026-06-19,582.5791625976562,579.5313764323719,554.5993743425373,582.5791625976562,262
2026-06-22,582.5791625976562,568.5892684700967,554.5993743425373,582.5791625976562,697
2026-06-23,554.599365234375,568.589259132179,554.599365234375,582.5791530299831,5548
2026-06-24,554.599365234375,554.599365234375,554.599365234375,554.599365234375,0
2026-06-25,554.599365234375,554.599365234375,554.599365234375,554.599365234375,0
2026-06-26,554.599365234375,554.599365234375,554.599365234375,554.599365234375,0
2026-06-29,554.599365234375,554.599365234375,554.599365234375,554.599365234375,0
2026-06-30,554.599365234375,582.5791530299831,549.6029745565878,554.599365234375,555
2026-07-01,554.599365234375,559.5957559121622,549.6029745565878,554.599365234375,826
2026-07-02,554.599365234375,558.5964777766047,549.6029745565878,554.599365234375,340
2026-07-03,554.599365234375,559.5957559121622,474.65711438978036,554.599365234375,329
2026-07-06,554.599365234375,554.599365234375,479.65350506756755,554.599365234375,290
2026-07-07,554.599365234375,544.6065838788006,539.6101932010135,554.599365234375,187
2026-07-08,554.599365234375,539.6101932010135,539.6101932010135,554.599365234375,478
2026-07-09,554.599365234375,539.6101932010135,537.6116369298986,554.599365234375,426
2026-07-10,554.599365234375,538.6109150654561,538.6109150654561,554.599365234375,199
2026-07-13,554.599365234375,539.6101932010135,537.0120944450031,554.599365234375,88
2026-07-14,554.599365234375,538.6109150654561,449.6751610008446,554.599365234375,626
2026-07-15,554.599365234375,538.6109150654561,538.6109150654561,554.599365234375,100
2026-07-16,554.599365234375,554.599365234375,554.599365234375,554.599365234375,0
2026-07-17,554.599365234375,534.6138025232264,499.6390677787162,554.599365234375,391
2026-07-20,554.599365234375,539.6101932010135,509.6318491342905,554.599365234375,687
2026-07-21,534.6138305664062,539.6102215062792,499.63909398729555,554.5993943258981,2300
2026-07-22,534.6138305664062,534.6138305664062,499.63909398729555,534.6138305664062,1
2026-07-23,534.6138305664062,534.6138305664062,500.63837217527015,534.6138305664062,348
2026-07-27,534.6138305664062,539.6102215062792,501.63765036324475,534.6138305664062,48
2026-07-28,534.6138305664062,539.6102215062792,479.65353022780374,534.6138305664062,514
2026-07-29,534.6138305664062,533.6145523784317,519.6246577467874,534.6138305664062,843
2026-07-30,534.6138305664062,532.6152741904571,524.6210486866603,534.6138305664062,795
2026-07-31,504.635498046875,531.6160098236386,499.63910697710395,534.6138444655012,1029
2026-08-03,518.9251708984375,539.610242388206,504.63550445563703,504.63550445563703,2513
2026-08-04,518.9251708984375,521.6232343085991,504.63550445563703,518.9251708984375,564
2026-08-05,518.9251708984375,539.610242388206,519.6246778553094,518.9251708984375,389
2026-08-06,539.6102294921875,539.6102294921875,533.6145602756076,518.9251584967667,1709
2026-08-07,539.6102294921875,549.6030115198206,539.6102294921875,539.6102294921875,108
2026-08-10,539.6102294921875,548.6037333170573,546.6051769115306,539.6102294921875,164
2026-08-11,539.6102294921875,548.5937307764534,539.6102294921875,539.6102294921875,745
2026-08-12,539.6102294921875,539.6102294921875,514.6282744231047,539.6102294921875,397
2026-08-13,539.6102294921875,539.6102294921875,514.6282744231047,539.6102294921875,374
2026-08-14,539.6102294921875,548.5937307764534,529.6174474645544,539.6102294921875,1842
2026-08-17,539.6102294921875,634.541658754702,539.6102294921875,539.6102294921875,490
2026-08-18,539.6102294921875,634.541658754702,539.6102294921875,539.6102294921875,782
2026-08-19,539.6102294921875,589.574139630353,539.5602777802695,539.6102294921875,1015
2026-08-20,539.6102294921875,588.5748614275897,582.5791922110099,539.6102294921875,796
2026-08-21,539.6102294921875,589.574139630353,529.6174474645544,539.6102294921875,134
2026-08-24,539.6102294921875,588.5748614275897,586.576305022063,539.6102294921875,94
2026-08-25,539.6102294921875,579.5813576027199,499.63910138165505,539.6102294921875,13
2026-08-26,539.6102294921875,559.5957935474537,539.6102294921875,539.6102294921875,140
2026-08-27,539.6102294921875,579.571355062116,539.6102294921875,539.6102294921875,140
2026-08-28,539.6102294921875,579.571355062116,578.5820793999566,539.6102294921875,86
2026-08-31,539.6102294921875,639.5380497685185,579.571355062116,539.6102294921875,103
2026-09-01,539.6102294921875,614.5560946994358,539.6102294921875,539.6102294921875,132
2026-09-02,539.6102294921875,614.5560946994358,539.6102294921875,539.6102294921875,1101
2026-09-03,540.6094970703125,599.5669098746534,540.6094970703125,539.6102188871881,1245
2026-09-04,578.5820922851562,589.5741527603492,540.6095197344897,540.6095197344897,3654
2026-09-08,664.52001953125,797.4240234375,579.5813704182331,664.52001953125,18
2026-09-09,665.0,750.0,660.0,665.0,140
2026-09-10,665.0,720.0,665.0,665.0,56
2026-09-11,,,,,190
