Date,Close,High,Low,Open,Volume
,DOM.CR,DOM.CR,DOM.CR,DOM.CR,DOM.CR
2011-07-15,-244279.921875,-244279.921875,-244279.921875,-244279.921875,6310
2011-07-18,-244279.921875,-244279.921875,-244279.921875,-244279.921875,0
2011-07-19,-244279.921875,-244279.921875,-244279.921875,-244279.921875,20702
2011-07-20,-244279.921875,-244279.921875,-244279.921875,-244279.921875,5568
2011-07-21,-244279.921875,-244279.921875,-244279.921875,-244279.921875,0
2011-07-22,-244279.921875,-244279.921875,-244279.921875,-244279.921875,0
2011-07-25,-244279.921875,-244279.921875,-244279.921875,-244279.921875,0
2011-07-26,-244279.921875,-244279.921875,-244279.921875,-244279.921875,0
2011-07-27,-244279.921875,-244279.921875,-244279.921875,-244279.921875,0
2011-07-28,-244279.921875,-244279.921875,-244279.921875,-244279.921875,0
2011-07-29,-244279.921875,-244279.921875,-244279.921875,-244279.921875,0
2011-08-01,-244279.921875,-244279.921875,-244279.921875,-244279.921875,0
2011-08-02,-244279.921875,-244279.921875,-244279.921875,-244279.921875,0
2011-08-03,-244279.921875,-244279.921875,-244279.921875,-244279.921875,786
2011-08-04,-244279.921875,-244279.921875,-244279.921875,-244279.921875,0
2011-08-05,-244279.921875,-244279.921875,-244279.921875,-244279.921875,100
2011-08-08,-244279.921875,-244279.921875,-244279.921875,-244279.921875,21838
2011-08-09,-244279.921875,-244279.921875,-244279.921875,-244279.921875,49544
2011-08-10,-244279.921875,-244279.921875,-244279.921875,-244279.921875,30910
2011-08-11,-244279.921875,-244279.921875,-244279.921875,-244279.921875,140
2011-08-12,-244279.921875,-244279.921875,-244279.921875,-244279.921875,0
2011-08-16,-244279.921875,-244279.921875,-244279.921875,-244279.921875,0
2011-08-17,-244279.921875,-244279.921875,-244279.921875,-244279.921875,0
2011-08-18,-244279.921875,-244279.921875,-244279.921875,-244279.921875,0
2011-08-19,-244279.921875,-244279.921875,-244279.921875,-244279.921875,298
2011-08-22,-244279.921875,-244279.921875,-244279.921875,-244279.921875,1702
2011-08-23,-244279.921875,-244279.921875,-244279.921875,-244279.921875,0
2011-08-24,-244279.921875,-244279.921875,-244279.921875,-244279.921875,0
2011-08-25,-244279.921875,-244279.921875,-244279.921875,-244279.921875,0
2011-08-26,-244279.921875,-244279.921875,-244279.921875,-244279.921875,0
2011-08-29,-244279.921875,-244279.921875,-244279.921875,-244279.921875,0
2011-08-30,-244279.921875,-244279.921875,-244279.921875,-244279.921875,2080
2011-08-31,-244279.921875,-244279.921875,-244279.921875,-244279.921875,0
2011-09-01,-244279.921875,-244279.921875,-244279.921875,-244279.921875,0
2011-09-02,-244279.921875,-244279.921875,-244279.921875,-244279.921875,0
2011-09-05,-244279.921875,-244279.921875,-244279.921875,-244279.921875,2974
2011-09-06,-244279.921875,-244279.921875,-244279.921875,-244279.921875,0
2011-09-07,-244279.921875,-244279.921875,-244279.921875,-244279.921875,0
2011-09-08,-244279.921875,-244279.921875,-244279.921875,-244279.921875,0
2011-09-09,-244279.921875,-244279.921875,-244279.921875,-244279.921875,2896
2011-09-12,-244279.921875,-244279.921875,-244279.921875,-244279.921875,10000
2011-09-13,-244279.921875,-244279.921875,-244279.921875,-244279.921875,8000
2011-09-14,-244279.921875,-244279.921875,-244279.921875,-244279.921875,11104
2011-09-15,-244279.921875,-244279.921875,-244279.921875,-244279.921875,0
2011-09-16,-244279.921875,-244279.921875,-244279.921875,-244279.921875,26204
2011-09-19,-244279.921875,-244279.921875,-244279.921875,-244279.921875,0
2011-09-20,-244279.921875,-244279.921875,-244279.921875,-244279.921875,0
2011-09-21,-244279.921875,-244279.921875,-244279.921875,-244279.921875,2700
2011-09-22,-244279.921875,-244279.921875,-244279.921875,-244279.921875,0
2011-09-23,-244279.921875,-244279.921875,-244279.921875,-244279.921875,0
2011-09-26,-244279.921875,-244279.921875,-244279.921875,-244279.921875,0
2011-09-27,-244279.921875,-244279.921875,-244279.921875,-244279.921875,34852
2011-09-28,-244279.921875,-244279.921875,-244279.921875,-244279.921875,0
2011-09-29,-244279.921875,-244279.921875,-244279.921875,-244279.921875,24722
2011-09-30,-244279.921875,-244279.921875,-244279.921875,-244279.921875,17288
2011-10-03,-244279.921875,-244279.921875,-244279.921875,-244279.921875,16400
2011-10-04,-244279.921875,-244279.921875,-244279.921875,-244279.921875,0
2011-10-05,-244279.921875,-244279.921875,-244279.921875,-244279.921875,0
2011-10-06,-244279.921875,-244279.921875,-244279.921875,-244279.921875,6312
2011-10-07,-244279.921875,-244279.921875,-244279.921875,-244279.921875,0
2011-10-10,-244279.921875,-244279.921875,-244279.921875,-244279.921875,0
2011-10-11,-244279.921875,-244279.921875,-244279.921875,-244279.921875,0
2011-10-13,-244279.921875,-244279.921875,-244279.921875,-244279.921875,0
2011-10-14,-244279.921875,-244279.921875,-244279.921875,-244279.921875,10000
2011-10-17,-244279.921875,-244279.921875,-244279.921875,-244279.921875,0
2011-10-18,-244279.921875,-244279.921875,-244279.921875,-244279.921875,116
2011-10-19,-244279.921875,-244279.921875,-244279.921875,-244279.921875,0
2011-10-20,-244279.921875,-244279.921875,-244279.921875,-244279.921875,0
2011-10-21,-244279.921875,-244279.921875,-244279.921875,-244279.921875,0
2011-10-24,-244279.921875,-244279.921875,-244279.921875,-244279.921875,0
2011-10-25,-244279.921875,-244279.921875,-244279.921875,-244279.921875,0
2011-10-26,-244279.921875,-244279.921875,-244279.921875,-244279.921875,4000
2011-10-27,-244279.921875,-244279.921875,-244279.921875,-244279.921875,0
2011-10-28,-244279.921875,-244279.921875,-244279.921875,-244279.921875,0
2011-11-01,-244279.921875,-244279.921875,-244279.921875,-244279.921875,0
2011-11-02,-244279.921875,-244279.921875,-244279.921875,-244279.921875,2000
2011-11-03,-244279.921875,-244279.921875,-244279.921875,-244279.921875,0
2011-11-04,-244279.921875,-244279.921875,-244279.921875,-244279.921875,13000
2011-11-07,-244279.921875,-244279.921875,-244279.921875,-244279.921875,4650
2011-11-08,-244279.921875,-244279.921875,-244279.921875,-244279.921875,0
2011-11-09,-244279.921875,-244279.921875,-244279.921875,-244279.921875,5916
2011-11-10,-244279.921875,-244279.921875,-244279.921875,-244279.921875,22944
2011-11-11,-244279.921875,-244279.921875,-244279.921875,-244279.921875,0
2011-11-14,-244279.921875,-244279.921875,-244279.921875,-244279.921875,10160
2011-11-15,-244279.921875,-244279.921875,-244279.921875,-244279.921875,0
2011-11-16,-244279.921875,-244279.921875,-244279.921875,-244279.921875,14000
2011-11-17,-244279.921875,-244279.921875,-244279.921875,-244279.921875,24774
2011-11-18,-244279.921875,-244279.921875,-244279.921875,-244279.921875,0
2011-11-21,-244279.921875,-244279.921875,-244279.921875,-244279.921875,40000
2011-11-22,-244279.921875,-244279.921875,-244279.921875,-244279.921875,56448
2011-11-23,-244279.921875,-244279.921875,-244279.921875,-244279.921875,32400
2011-11-24,-244279.921875,-244279.921875,-244279.921875,-244279.921875,0
2011-11-25,-244279.921875,-244279.921875,-244279.921875,-244279.921875,0
2011-11-28,-244279.921875,-244279.921875,-244279.921875,-244279.921875,4000
2011-11-29,-244279.921875,-244279.921875,-244279.921875,-244279.921875,0
2011-11-30,-244279.921875,-244279.921875,-244279.921875,-244279.921875,8000
2011-12-01,-244279.921875,-244279.921875,-244279.921875,-244279.921875,0
2011-12-02,-244279.921875,-244279.921875,-244279.921875,-244279.921875,6216
2011-12-05,-244279.921875,-244279.921875,-244279.921875,-244279.921875,0
2011-12-06,-244279.921875,-244279.921875,-244279.921875,-244279.921875,3080
2011-12-07,-244279.921875,-244279.921875,-244279.921875,-244279.921875,2000
2011-12-08,-244279.921875,-244279.921875,-244279.921875,-244279.921875,0
2011-12-09,-244279.921875,-244279.921875,-244279.921875,-244279.921875,0
2011-12-13,-244279.921875,-244279.921875,-244279.921875,-244279.921875,71990
2011-12-14,-244279.921875,-244279.921875,-244279.921875,-244279.921875,0
2011-12-15,-244279.921875,-244279.921875,-244279.921875,-244279.921875,0
2011-12-16,-244279.921875,-244279.921875,-244279.921875,-244279.921875,1000
2011-12-19,-244279.921875,-244279.921875,-244279.921875,-244279.921875,450
2011-12-20,-244279.921875,-244279.921875,-244279.921875,-244279.921875,10000
2011-12-21,-244279.921875,-244279.921875,-244279.921875,-244279.921875,0
2011-12-22,-244279.921875,-244279.921875,-244279.921875,-244279.921875,10000
2011-12-23,-244279.921875,-244279.921875,-244279.921875,-244279.921875,0
2011-12-26,-244279.921875,-244279.921875,-244279.921875,-244279.921875,0
2011-12-27,-244279.921875,-244279.921875,-244279.921875,-244279.921875,0
2011-12-28,-244279.921875,-244279.921875,-244279.921875,-244279.921875,0
2011-12-29,-244279.921875,-244279.921875,-244279.921875,-244279.921875,0
2011-12-30,-244279.921875,-244279.921875,-244279.921875,-244279.921875,10550
2012-01-02,-244279.921875,-244279.921875,-244279.921875,-244279.921875,0
2012-01-03,-244279.921875,-244279.921875,-244279.921875,-244279.921875,0
2012-01-04,-244279.921875,-244279.921875,-244279.921875,-244279.921875,0
2012-01-05,-244279.921875,-244279.921875,-244279.921875,-244279.921875,0
2012-01-10,-244279.921875,-244279.921875,-244279.921875,-244279.921875,10000
2012-01-11,-244279.921875,-244279.921875,-244279.921875,-244279.921875,0
2012-01-12,-244279.921875,-244279.921875,-244279.921875,-244279.921875,0
2012-01-13,-244279.921875,-244279.921875,-244279.921875,-244279.921875,0
2012-01-16,-244279.921875,-244279.921875,-244279.921875,-244279.921875,0
2012-01-17,-244279.921875,-244279.921875,-244279.921875,-244279.921875,0
2012-01-18,-244279.921875,-244279.921875,-244279.921875,-244279.921875,0
2012-01-19,-244279.921875,-244279.921875,-244279.921875,-244279.921875,0
2012-01-20,-244279.921875,-244279.921875,-244279.921875,-244279.921875,688
2012-01-23,-244279.921875,-244279.921875,-244279.921875,-244279.921875,132
2012-01-24,-244279.921875,-244279.921875,-244279.921875,-244279.921875,0
2012-01-25,-244279.921875,-244279.921875,-244279.921875,-244279.921875,0
2012-01-26,-244279.921875,-244279.921875,-244279.921875,-244279.921875,13994
2012-01-27,-244279.921875,-244279.921875,-244279.921875,-244279.921875,0
2012-01-30,-244279.921875,-244279.921875,-244279.921875,-244279.921875,0
2012-01-31,-244279.921875,-244279.921875,-244279.921875,-244279.921875,0
2012-02-01,-244279.921875,-244279.921875,-244279.921875,-244279.921875,0
2012-02-02,-244279.921875,-244279.921875,-244279.921875,-244279.921875,0
2012-02-03,-244279.921875,-244279.921875,-244279.921875,-244279.921875,0
2012-02-06,-244279.921875,-244279.921875,-244279.921875,-244279.921875,232
2012-02-07,-244279.921875,-244279.921875,-244279.921875,-244279.921875,0
2012-02-08,-244279.921875,-244279.921875,-244279.921875,-244279.921875,0
2012-02-09,-244279.921875,-244279.921875,-244279.921875,-244279.921875,58000
2012-02-10,-244279.921875,-244279.921875,-244279.921875,-244279.921875,12000
2012-02-13,-244279.921875,-244279.921875,-244279.921875,-244279.921875,0
2012-02-14,-244279.921875,-244279.921875,-244279.921875,-244279.921875,0
2012-02-15,-244279.921875,-244279.921875,-244279.921875,-244279.921875,0
2012-02-16,-244279.921875,-244279.921875,-244279.921875,-244279.921875,0
2012-02-17,-244279.921875,-244279.921875,-244279.921875,-244279.921875,760
2012-02-22,-244279.921875,-244279.921875,-244279.921875,-244279.921875,206
2012-02-23,-244279.921875,-244279.921875,-244279.921875,-244279.921875,0
2012-02-24,-244279.921875,-244279.921875,-244279.921875,-244279.921875,0
2012-02-27,-244279.921875,-244279.921875,-244279.921875,-244279.921875,0
2012-02-28,-244279.921875,-244279.921875,-244279.921875,-244279.921875,663194
2012-02-29,-244279.921875,-244279.921875,-244279.921875,-244279.921875,53000
2012-03-01,-244279.921875,-244279.921875,-244279.921875,-244279.921875,15100
2012-03-02,-244279.921875,-244279.921875,-244279.921875,-244279.921875,0
2012-03-05,-244279.921875,-244279.921875,-244279.921875,-244279.921875,0
2012-03-06,-244279.921875,-244279.921875,-244279.921875,-244279.921875,0
2012-03-07,-244279.921875,-244279.921875,-244279.921875,-244279.921875,0
2012-03-08,-244279.921875,-244279.921875,-244279.921875,-244279.921875,32400
2012-03-09,-244279.921875,-244279.921875,-244279.921875,-244279.921875,5000
2012-03-12,-244279.921875,-244279.921875,-244279.921875,-244279.921875,8200
2012-03-13,-244279.921875,-244279.921875,-244279.921875,-244279.921875,1000
2012-03-14,-244279.921875,-244279.921875,-244279.921875,-244279.921875,0
2012-03-15,-244279.921875,-244279.921875,-244279.921875,-244279.921875,0
2012-03-16,-244279.921875,-244279.921875,-244279.921875,-244279.921875,0
2012-03-20,-244279.921875,-244279.921875,-244279.921875,-244279.921875,0
2012-03-21,-244279.921875,-244279.921875,-244279.921875,-244279.921875,3740
2012-03-22,-244279.921875,-244279.921875,-244279.921875,-244279.921875,0
2012-03-23,-244279.921875,-244279.921875,-244279.921875,-244279.921875,0
2012-03-26,-244279.921875,-244279.921875,-244279.921875,-244279.921875,20100
2012-03-27,-244279.921875,-244279.921875,-244279.921875,-244279.921875,7976
2012-03-28,-244279.921875,-244279.921875,-244279.921875,-244279.921875,0
2012-03-29,-244279.921875,-244279.921875,-244279.921875,-244279.921875,0
2012-03-30,-244279.921875,-244279.921875,-244279.921875,-244279.921875,0
2012-04-02,-244279.921875,-244279.921875,-244279.921875,-244279.921875,0
2012-04-03,-244279.921875,-244279.921875,-244279.921875,-244279.921875,0
2012-04-04,-244279.921875,-244279.921875,-244279.921875,-244279.921875,2024
2012-04-09,-244279.921875,-244279.921875,-244279.921875,-244279.921875,0
2012-04-10,-244279.921875,-244279.921875,-244279.921875,-244279.921875,172
2012-04-11,-244279.921875,-244279.921875,-244279.921875,-244279.921875,0
2012-04-12,-244279.921875,-244279.921875,-244279.921875,-244279.921875,10000
2012-04-13,-244279.921875,-244279.921875,-244279.921875,-244279.921875,10000
2012-04-16,-244279.921875,-244279.921875,-244279.921875,-244279.921875,10000
2012-04-17,-244279.921875,-244279.921875,-244279.921875,-244279.921875,10000
2012-04-18,-244279.921875,-244279.921875,-244279.921875,-244279.921875,0
2012-04-20,-244279.921875,-244279.921875,-244279.921875,-244279.921875,0
2012-04-23,-244279.921875,-244279.921875,-244279.921875,-244279.921875,2000
2012-04-24,-244279.921875,-244279.921875,-244279.921875,-244279.921875,32086
2012-04-25,-244279.921875,-244279.921875,-244279.921875,-244279.921875,39000
2012-04-26,-244279.921875,-244279.921875,-244279.921875,-244279.921875,11000
2012-04-27,-244279.921875,-244279.921875,-244279.921875,-244279.921875,0
2012-04-30,-244279.921875,-244279.921875,-244279.921875,-244279.921875,0
2012-05-02,-244279.921875,-244279.921875,-244279.921875,-244279.921875,0
2012-05-03,-244279.921875,-244279.921875,-244279.921875,-244279.921875,0
2012-05-04,-244279.921875,-244279.921875,-244279.921875,-244279.921875,1160
2012-05-07,-244279.921875,-244279.921875,-244279.921875,-244279.921875,0
2012-05-08,-244279.921875,-244279.921875,-244279.921875,-244279.921875,200
2012-05-09,-244279.921875,-244279.921875,-244279.921875,-244279.921875,0
2012-05-10,-244279.921875,-244279.921875,-244279.921875,-244279.921875,0
2012-05-11,-244279.921875,-244279.921875,-244279.921875,-244279.921875,86
2012-05-14,-244279.921875,-244279.921875,-244279.921875,-244279.921875,1906
2012-05-15,-244279.921875,-244279.921875,-244279.921875,-244279.921875,4100
2012-05-16,-244279.921875,-244279.921875,-244279.921875,-244279.921875,0
2012-05-17,-244279.921875,-244279.921875,-244279.921875,-244279.921875,0
2012-05-22,-244279.921875,-244279.921875,-244279.921875,-244279.921875,1440
2012-05-23,-244279.921875,-244279.921875,-244279.921875,-244279.921875,3140
2012-05-24,-244279.921875,-244279.921875,-244279.921875,-244279.921875,1000
2012-05-25,-244279.921875,-244279.921875,-244279.921875,-244279.921875,3000
2012-05-28,-244279.921875,-244279.921875,-244279.921875,-244279.921875,0
2012-05-29,-244279.921875,-244279.921875,-244279.921875,-244279.921875,10800
2012-05-30,-244279.921875,-244279.921875,-244279.921875,-244279.921875,0
2012-05-31,-244279.921875,-244279.921875,-244279.921875,-244279.921875,0
2012-06-01,-244279.921875,-244279.921875,-244279.921875,-244279.921875,0
2012-06-04,-244279.921875,-244279.921875,-244279.921875,-244279.921875,0
2012-06-05,-244279.921875,-244279.921875,-244279.921875,-244279.921875,0
2012-06-06,-244279.921875,-244279.921875,-244279.921875,-244279.921875,0
2012-06-08,-244279.921875,-244279.921875,-244279.921875,-244279.921875,6434
2012-06-12,-244279.921875,-244279.921875,-244279.921875,-244279.921875,0
2012-06-13,-244279.921875,-244279.921875,-244279.921875,-244279.921875,0
2012-06-14,-244279.921875,-244279.921875,-244279.921875,-244279.921875,0
2012-06-15,-244279.921875,-244279.921875,-244279.921875,-244279.921875,0
2012-06-18,-244279.921875,-244279.921875,-244279.921875,-244279.921875,0
2012-06-19,-244279.921875,-244279.921875,-244279.921875,-244279.921875,200
2012-06-20,-244279.921875,-244279.921875,-244279.921875,-244279.921875,0
2012-06-21,-244279.921875,-244279.921875,-244279.921875,-244279.921875,0
2012-06-22,-244279.921875,-244279.921875,-244279.921875,-244279.921875,3020
2012-06-25,-244279.921875,-244279.921875,-244279.921875,-244279.921875,0
2012-06-26,-244279.921875,-244279.921875,-244279.921875,-244279.921875,24860
2012-06-27,-244279.921875,-244279.921875,-244279.921875,-244279.921875,0
2012-06-28,-244279.921875,-244279.921875,-244279.921875,-244279.921875,688
2012-06-29,-244279.921875,-244279.921875,-244279.921875,-244279.921875,4700
2012-07-03,-244279.921875,-244279.921875,-244279.921875,-244279.921875,17000
2012-07-04,-244279.921875,-244279.921875,-244279.921875,-244279.921875,6970
2012-07-06,-244279.921875,-244279.921875,-244279.921875,-244279.921875,0
2012-07-09,-244279.921875,-244279.921875,-244279.921875,-244279.921875,0
2012-07-10,-244279.921875,-244279.921875,-244279.921875,-244279.921875,0
2012-07-11,-244279.921875,-244279.921875,-244279.921875,-244279.921875,0
2012-07-12,-244279.921875,-244279.921875,-244279.921875,-244279.921875,0
2012-07-13,-244279.921875,-244279.921875,-244279.921875,-244279.921875,0
2012-07-16,-244279.921875,-244279.921875,-244279.921875,-244279.921875,0
2012-07-17,-244279.921875,-244279.921875,-244279.921875,-244279.921875,0
2012-07-18,-244279.921875,-244279.921875,-244279.921875,-244279.921875,0
2012-07-19,-244279.921875,-244279.921875,-244279.921875,-244279.921875,0
2012-07-20,-244279.921875,-244279.921875,-244279.921875,-244279.921875,340
2012-07-23,-244279.921875,-244279.921875,-244279.921875,-244279.921875,5660
2012-07-25,-244279.921875,-244279.921875,-244279.921875,-244279.921875,0
2012-07-26,-244279.921875,-244279.921875,-244279.921875,-244279.921875,0
2012-07-27,-244279.921875,-244279.921875,-244279.921875,-244279.921875,0
2012-07-30,-244279.921875,-244279.921875,-244279.921875,-244279.921875,0
2012-07-31,-244279.921875,-244279.921875,-244279.921875,-244279.921875,0
2012-08-01,-244279.921875,-244279.921875,-244279.921875,-244279.921875,7472
2012-08-02,-244279.921875,-244279.921875,-244279.921875,-244279.921875,6620
2012-08-03,-244279.921875,-244279.921875,-244279.921875,-244279.921875,0
2012-08-06,-244279.921875,-244279.921875,-244279.921875,-244279.921875,0
2012-08-07,-244279.921875,-244279.921875,-244279.921875,-244279.921875,1336
2012-08-08,-244279.921875,-244279.921875,-244279.921875,-244279.921875,0
2012-08-09,-244279.921875,-244279.921875,-244279.921875,-244279.921875,0
2012-08-10,-244279.921875,-244279.921875,-244279.921875,-244279.921875,0
2012-08-14,-244279.921875,-244279.921875,-244279.921875,-244279.921875,4000
2012-08-16,-244279.921875,-244279.921875,-244279.921875,-244279.921875,0
2012-08-17,-244279.921875,-244279.921875,-244279.921875,-244279.921875,2000
2012-08-20,-244279.921875,-244279.921875,-244279.921875,-244279.921875,0
2012-08-21,-244279.921875,-244279.921875,-244279.921875,-244279.921875,0
2012-08-22,-244279.921875,-244279.921875,-244279.921875,-244279.921875,20000
2012-08-23,-244279.921875,-244279.921875,-244279.921875,-244279.921875,0
2012-08-24,-244279.921875,-244279.921875,-244279.921875,-244279.921875,0
2012-08-27,-244279.921875,-244279.921875,-244279.921875,-244279.921875,0
2012-08-28,-244279.921875,-244279.921875,-244279.921875,-244279.921875,0
2012-08-29,-244279.921875,-244279.921875,-244279.921875,-244279.921875,1724
2012-08-30,-244279.921875,-244279.921875,-244279.921875,-244279.921875,0
2012-08-31,-244279.921875,-244279.921875,-244279.921875,-244279.921875,20980
2012-09-03,-244279.921875,-244279.921875,-244279.921875,-244279.921875,30950
2012-09-04,-244279.921875,-244279.921875,-244279.921875,-244279.921875,20
2012-09-05,-244279.921875,-244279.921875,-244279.921875,-244279.921875,0
2012-09-06,-244279.921875,-244279.921875,-244279.921875,-244279.921875,0
2012-09-07,-244279.921875,-244279.921875,-244279.921875,-244279.921875,5880
2012-09-10,-244279.921875,-244279.921875,-244279.921875,-244279.921875,34100
2012-09-11,-244279.921875,-244279.921875,-244279.921875,-244279.921875,39800
2012-09-12,-244279.921875,-244279.921875,-244279.921875,-244279.921875,0
2012-09-13,-244279.921875,-244279.921875,-244279.921875,-244279.921875,0
2012-09-14,-244279.921875,-244279.921875,-244279.921875,-244279.921875,0
2012-09-17,-244279.921875,-244279.921875,-244279.921875,-244279.921875,910
2012-09-18,-244279.921875,-244279.921875,-244279.921875,-244279.921875,5112
2012-09-19,-244279.921875,-244279.921875,-244279.921875,-244279.921875,0
2012-09-20,-244279.921875,-244279.921875,-244279.921875,-244279.921875,14702
2012-09-21,-244279.921875,-244279.921875,-244279.921875,-244279.921875,18160
2012-09-24,-244279.921875,-244279.921875,-244279.921875,-244279.921875,2400
2012-09-25,-244279.921875,-244279.921875,-244279.921875,-244279.921875,0
2012-09-26,-244279.921875,-244279.921875,-244279.921875,-244279.921875,0
2012-09-27,-244279.921875,-244279.921875,-244279.921875,-244279.921875,0
2012-09-28,-244279.921875,-244279.921875,-244279.921875,-244279.921875,39446
2012-10-01,-244279.921875,-244279.921875,-244279.921875,-244279.921875,0
2012-10-02,-244279.921875,-244279.921875,-244279.921875,-244279.921875,20000
2012-10-03,-244279.921875,-244279.921875,-244279.921875,-244279.921875,30790
2012-10-04,-244279.921875,-244279.921875,-244279.921875,-244279.921875,6300
2012-10-05,-244279.921875,-244279.921875,-244279.921875,-244279.921875,0
2012-10-08,-244279.921875,-244279.921875,-244279.921875,-244279.921875,12468
2012-10-09,-244279.921875,-244279.921875,-244279.921875,-244279.921875,0
2012-10-10,-244279.921875,-244279.921875,-244279.921875,-244279.921875,0
2012-10-11,-244279.921875,-244279.921875,-244279.921875,-244279.921875,30000
2012-10-15,-244279.921875,-244279.921875,-244279.921875,-244279.921875,0
2012-10-16,-244279.921875,-244279.921875,-244279.921875,-244279.921875,120
2012-10-17,-244279.921875,-244279.921875,-244279.921875,-244279.921875,0
2012-10-18,-244279.921875,-244279.921875,-244279.921875,-244279.921875,10000
2012-10-19,-244279.921875,-244279.921875,-244279.921875,-244279.921875,0
2012-10-22,-244279.921875,-244279.921875,-244279.921875,-244279.921875,0
2012-10-23,-244279.921875,-244279.921875,-244279.921875,-244279.921875,24696
2012-10-24,-244279.921875,-244279.921875,-244279.921875,-244279.921875,1800
2012-10-25,-488559.84375,-488559.84375,-488559.84375,-488559.84375,400
2012-10-26,-488559.84375,-488559.84375,-488559.84375,-488559.84375,1502
2012-10-29,-488559.84375,-488559.84375,-488559.84375,-488559.84375,1098
2012-10-30,-488559.84375,-488559.84375,-488559.84375,-488559.84375,0
2012-10-31,-244279.921875,-244279.921875,-244279.921875,-244279.921875,3600
2012-11-02,-244279.921875,-244279.921875,-244279.921875,-244279.921875,2180
2012-11-06,-244279.921875,-244279.921875,-244279.921875,-244279.921875,0
2012-11-07,-244279.921875,-244279.921875,-244279.921875,-244279.921875,80000
2012-11-08,-244279.921875,-244279.921875,-244279.921875,-244279.921875,440
2012-11-09,-244279.921875,-244279.921875,-244279.921875,-244279.921875,0
2012-11-12,-244279.921875,-488559.84375,-244279.921875,-244279.921875,15700
2012-11-13,-488559.84375,-488559.84375,-488559.84375,-488559.84375,10392
2012-11-14,-488559.84375,-488559.84375,-488559.84375,-488559.84375,0
2012-11-15,-488559.84375,-488559.84375,-488559.84375,-488559.84375,27568
2012-11-16,-488559.84375,-488559.84375,-488559.84375,-488559.84375,0
2012-11-19,-488559.84375,-488559.84375,-488559.84375,-488559.84375,412
2012-11-20,-488559.84375,-488559.84375,-488559.84375,-488559.84375,0
2012-11-21,-488559.84375,-488559.84375,-488559.84375,-488559.84375,0
2012-11-22,-488559.84375,-488559.84375,-488559.84375,-488559.84375,5426
2012-11-23,-488559.84375,-488559.84375,-488559.84375,-488559.84375,2200
2012-11-26,-488559.84375,-488559.84375,-488559.84375,-488559.84375,0
2012-11-27,-488559.84375,-488559.84375,-488559.84375,-488559.84375,1200
2012-11-28,-488559.84375,-488559.84375,-488559.84375,-488559.84375,2540
2012-11-29,-488559.84375,-488559.84375,-488559.84375,-488559.84375,0
2012-11-30,-488559.84375,-488559.84375,-488559.84375,-488559.84375,0
2012-12-03,-488559.84375,-488559.84375,-488559.84375,-488559.84375,72
2012-12-04,-488559.84375,-488559.84375,-488559.84375,-488559.84375,5000
2012-12-05,-488559.84375,-488559.84375,-488559.84375,-488559.84375,4000
2012-12-06,-488559.84375,-488559.84375,-488559.84375,-488559.84375,10000
2012-12-07,-488559.84375,-488559.84375,-488559.84375,-488559.84375,19190
2012-12-10,-488559.84375,-488559.84375,-488559.84375,-488559.84375,486
2012-12-11,-488559.84375,-488559.84375,-488559.84375,-488559.84375,24832
2012-12-12,-488559.84375,-488559.84375,-488559.84375,-488559.84375,4000
2012-12-13,-488559.84375,-488559.84375,-488559.84375,-488559.84375,0
2012-12-14,-488559.84375,-488559.84375,-488559.84375,-488559.84375,228
2012-12-17,-488559.84375,-488559.84375,-488559.84375,-488559.84375,107160
2012-12-18,-488559.84375,-488559.84375,-488559.84375,-488559.84375,1116
2012-12-19,-488559.84375,-488559.84375,-488559.84375,-488559.84375,51600
2012-12-20,-488559.84375,-488559.84375,-488559.84375,-488559.84375,6400
2012-12-21,-488559.84375,-488559.84375,-488559.84375,-488559.84375,25600
2012-12-26,-488559.84375,-488559.84375,-488559.84375,-488559.84375,0
2012-12-27,-488559.84375,-488559.84375,-488559.84375,-488559.84375,1506
2012-12-28,-488559.84375,-488559.84375,-488559.84375,-488559.84375,17330
2013-01-02,-488559.84375,-488559.84375,-488559.84375,-488559.84375,2200
2013-01-03,-488559.84375,-488559.84375,-488559.84375,-488559.84375,0
2013-01-04,-488559.84375,-488559.84375,-488559.84375,-488559.84375,0
2013-01-07,-488559.84375,-488559.84375,-488559.84375,-488559.84375,4646
2013-01-08,-488559.84375,-488559.84375,-488559.84375,-488559.84375,0
2013-01-09,-488559.84375,-488559.84375,-488559.84375,-488559.84375,0
2013-01-10,-488559.84375,-488559.84375,-488559.84375,-488559.84375,300
2013-01-11,-488559.84375,-488559.84375,-488559.84375,-488559.84375,7222
2013-01-14,-488559.84375,-488559.84375,-488559.84375,-488559.84375,6136
2013-01-15,-488559.84375,-488559.84375,-488559.84375,-488559.84375,11170
2013-01-16,-488559.84375,-488559.84375,-488559.84375,-488559.84375,4676
2013-01-17,-488559.84375,-488559.84375,-488559.84375,-488559.84375,8000
2013-01-18,-488559.84375,-488559.84375,-488559.84375,-488559.84375,3574
2013-01-21,-488559.84375,-488559.84375,-488559.84375,-488559.84375,15232
2013-01-22,-488559.84375,-488559.84375,-488559.84375,-488559.84375,2400
2013-01-23,-488559.84375,-488559.84375,-488559.84375,-488559.84375,7820
2013-01-24,-488559.84375,-488559.84375,-488559.84375,-488559.84375,28638
2013-01-25,-488559.84375,-488559.84375,-488559.84375,-488559.84375,13300
2013-01-28,-488559.84375,-488559.84375,-488559.84375,-488559.84375,0
2013-01-29,-488559.84375,-488559.84375,-488559.84375,-488559.84375,93702
2013-01-30,-488559.84375,-488559.84375,-244279.921875,-488559.84375,102000
2013-01-31,-488559.84375,-488559.84375,-488559.84375,-488559.84375,0
2013-02-01,-244279.921875,-244279.921875,-244279.921875,-244279.921875,3800
2013-02-04,-244279.921875,-244279.921875,-244279.921875,-244279.921875,0
2013-02-05,-244279.921875,-244279.921875,-244279.921875,-244279.921875,1900
2013-02-06,-244279.921875,-244279.921875,-244279.921875,-244279.921875,2000
2013-02-07,-244279.921875,-244279.921875,-244279.921875,-244279.921875,4346
2013-02-08,-244279.921875,-244279.921875,-244279.921875,-244279.921875,224
2013-02-13,-244279.921875,-244279.921875,-244279.921875,-244279.921875,8096
2013-02-14,-244279.921875,-244279.921875,-244279.921875,-244279.921875,5112
2013-02-15,-244279.921875,-244279.921875,-244279.921875,-244279.921875,5578
2013-02-18,-244279.921875,-244279.921875,-244279.921875,-244279.921875,21772
2013-02-19,-244279.921875,-244279.921875,-244279.921875,-244279.921875,0
2013-02-20,-244279.921875,-244279.921875,-244279.921875,-244279.921875,1478
2013-02-21,-244279.921875,-244279.921875,-244279.921875,-244279.921875,21464
2013-02-22,-244279.921875,-244279.921875,-244279.921875,-244279.921875,0
2013-02-25,-244279.921875,-244279.921875,-244279.921875,-244279.921875,0
2013-02-26,-244279.921875,-244279.921875,-244279.921875,-244279.921875,0
2013-02-27,-244279.921875,-244279.921875,-244279.921875,-244279.921875,0
2013-02-28,-244279.921875,-244279.921875,-244279.921875,-244279.921875,0
2013-03-01,-244279.921875,-244279.921875,-244279.921875,-244279.921875,0
2013-03-04,-244279.921875,-244279.921875,-244279.921875,-244279.921875,0
2013-03-05,-244279.921875,-244279.921875,-244279.921875,-244279.921875,0
2013-03-06,-244279.921875,-244279.921875,-244279.921875,-244279.921875,0
2013-03-07,-244279.921875,-244279.921875,-244279.921875,-244279.921875,0
2013-03-11,-244279.921875,-244279.921875,-244279.921875,-244279.921875,0
2013-03-12,-244279.921875,-244279.921875,-244279.921875,-244279.921875,6000
2013-03-13,-244279.921875,-244279.921875,-244279.921875,-244279.921875,450
2013-03-14,-244279.921875,-244279.921875,-244279.921875,-244279.921875,2000
2013-03-18,-244279.921875,-244279.921875,-244279.921875,-244279.921875,0
2013-03-20,-244279.921875,-244279.921875,-244279.921875,-244279.921875,0
2013-03-21,-244279.921875,-244279.921875,-244279.921875,-244279.921875,10032
2013-03-22,-244279.921875,-244279.921875,-244279.921875,-244279.921875,15646
2013-03-25,-244279.921875,-244279.921875,-244279.921875,-244279.921875,0
2013-03-26,-244279.921875,-244279.921875,-244279.921875,-244279.921875,10478
2013-03-27,-244279.921875,-244279.921875,-244279.921875,-244279.921875,3000
2013-04-01,-244279.921875,-244279.921875,-244279.921875,-244279.921875,0
2013-04-02,-244279.921875,-244279.921875,-244279.921875,-244279.921875,0
2013-04-03,-244279.921875,-244279.921875,-244279.921875,-244279.921875,0
2013-04-04,-244279.921875,-244279.921875,-244279.921875,-244279.921875,0
2013-04-05,-244279.921875,-244279.921875,-244279.921875,-244279.921875,0
2013-04-08,-244279.921875,-244279.921875,-244279.921875,-244279.921875,0
2013-04-09,-244279.921875,-244279.921875,-244279.921875,-244279.921875,0
2013-04-10,-244279.921875,-244279.921875,-244279.921875,-244279.921875,0
2013-04-11,-244279.921875,-244279.921875,-244279.921875,-244279.921875,0
2013-04-12,-244279.921875,-244279.921875,-244279.921875,-244279.921875,0
2013-04-15,-244279.921875,-244279.921875,-244279.921875,-244279.921875,0
2013-04-16,-244279.921875,-244279.921875,-244279.921875,-244279.921875,0
2013-04-17,-244279.921875,-244279.921875,-244279.921875,-244279.921875,0
2013-04-18,-244279.921875,-244279.921875,-244279.921875,-244279.921875,0
2013-04-22,-244279.921875,-244279.921875,-244279.921875,-244279.921875,0
2013-04-23,-244279.921875,-244279.921875,-244279.921875,-244279.921875,0
2013-04-24,-244279.921875,-244279.921875,-244279.921875,-244279.921875,0
2013-04-25,-244279.921875,-244279.921875,-244279.921875,-244279.921875,0
2013-04-26,-244279.921875,-244279.921875,-244279.921875,-244279.921875,0
2013-04-29,-244279.921875,-244279.921875,-244279.921875,-244279.921875,0
2013-04-30,-244279.921875,-244279.921875,-244279.921875,-244279.921875,0
2013-05-02,-244279.921875,-244279.921875,-244279.921875,-244279.921875,0
2013-05-03,-244279.921875,-244279.921875,-244279.921875,-244279.921875,0
2013-05-06,-244279.921875,-244279.921875,-244279.921875,-244279.921875,0
2013-05-07,-244279.921875,-244279.921875,-244279.921875,-244279.921875,0
2013-05-08,-244279.921875,-244279.921875,-244279.921875,-244279.921875,0
2013-05-09,-244279.921875,-244279.921875,-244279.921875,-244279.921875,0
2013-05-10,-244279.921875,-244279.921875,-244279.921875,-244279.921875,0
2013-05-14,-244279.921875,-244279.921875,-244279.921875,-244279.921875,0
2013-05-15,-244279.921875,-244279.921875,-244279.921875,-244279.921875,0
2013-05-16,-244279.921875,-244279.921875,-244279.921875,-244279.921875,0
2013-05-17,-244279.921875,-244279.921875,-244279.921875,-244279.921875,0
2013-05-20,-244279.921875,-244279.921875,-244279.921875,-244279.921875,0
2013-05-21,-244279.921875,-244279.921875,-244279.921875,-244279.921875,0
2013-05-22,-244279.921875,-244279.921875,-244279.921875,-244279.921875,0
2013-05-23,-244279.921875,-244279.921875,-244279.921875,-244279.921875,0
2013-05-24,-244279.921875,-244279.921875,-244279.921875,-244279.921875,0
2013-05-27,-244279.921875,-244279.921875,-244279.921875,-244279.921875,0
2013-05-28,-244279.921875,-244279.921875,-244279.921875,-244279.921875,0
2013-05-29,-244279.921875,-244279.921875,-244279.921875,-244279.921875,0
2013-05-30,-244279.921875,-244279.921875,-244279.921875,-244279.921875,0
2013-05-31,-244279.921875,-244279.921875,-244279.921875,-244279.921875,0
2013-06-04,-244279.921875,-244279.921875,-244279.921875,-244279.921875,0
2013-06-05,-244279.921875,-244279.921875,-244279.921875,-244279.921875,0
2013-06-06,-244279.921875,-244279.921875,-244279.921875,-244279.921875,0
2013-06-07,-244279.921875,-244279.921875,-244279.921875,-244279.921875,0
2013-06-10,-244279.921875,-244279.921875,-244279.921875,-244279.921875,0
2013-06-11,-244279.921875,-244279.921875,-244279.921875,-244279.921875,0
2013-06-12,-244279.921875,-244279.921875,-244279.921875,-244279.921875,0
2013-06-13,-244279.921875,-244279.921875,-244279.921875,-244279.921875,0
2013-06-14,-244279.921875,-244279.921875,-244279.921875,-244279.921875,0
2013-06-17,-244279.921875,-244279.921875,-244279.921875,-244279.921875,0
2013-06-18,-488559.84375,-488559.84375,-488559.84375,-488559.84375,252160
2013-06-19,-488559.84375,-488559.84375,-488559.84375,-488559.84375,53356
2013-06-20,-488559.84375,-488559.84375,-488559.84375,-488559.84375,3436
2013-06-21,-488559.84375,-488559.84375,-488559.84375,-488559.84375,9964
2013-06-25,-488559.84375,-488559.84375,-488559.84375,-488559.84375,0
2013-06-26,-488559.84375,-488559.84375,-488559.84375,-488559.84375,9964
2013-06-27,-488559.84375,-488559.84375,-488559.84375,-488559.84375,2000
2013-06-28,-488559.84375,-488559.84375,-488559.84375,-488559.84375,40
2013-07-01,-488559.84375,-488559.84375,-488559.84375,-488559.84375,0
2013-07-02,-488559.84375,-488559.84375,-488559.84375,-488559.84375,132118
2013-07-03,-488559.84375,-488559.84375,-488559.84375,-488559.84375,10000
2013-07-04,-488559.84375,-488559.84375,-488559.84375,-488559.84375,10000
2013-07-08,-488559.84375,-488559.84375,-488559.84375,-488559.84375,0
2013-07-09,-488559.84375,-488559.84375,-488559.84375,-488559.84375,20
2013-07-10,-488559.84375,-488559.84375,-488559.84375,-488559.84375,80
2013-07-11,-488559.84375,-488559.84375,-488559.84375,-488559.84375,80
2013-07-12,-488559.84375,-488559.84375,-488559.84375,-488559.84375,80
2013-07-15,-488559.84375,-488559.84375,-488559.84375,-488559.84375,0
2013-07-16,-488559.84375,-488559.84375,-488559.84375,-488559.84375,100
2013-07-17,-488559.84375,-488559.84375,-488559.84375,-488559.84375,19900
2013-07-18,-488559.84375,-488559.84375,-488559.84375,-488559.84375,200
2013-07-19,-488559.84375,-488559.84375,-488559.84375,-488559.84375,200
2013-07-22,-488559.84375,-488559.84375,-488559.84375,-488559.84375,0
2013-07-23,-488559.84375,-488559.84375,-488559.84375,-488559.84375,200
2013-07-25,-488559.84375,-488559.84375,-488559.84375,-488559.84375,0
2013-07-26,-488559.84375,-488559.84375,-488559.84375,-488559.84375,200
2013-07-29,-488559.84375,-488559.84375,-488559.84375,-488559.84375,0
2013-07-30,-488559.84375,-488559.84375,-488559.84375,-488559.84375,100
2013-07-31,-488559.84375,-488559.84375,-488559.84375,-488559.84375,100
2013-08-01,-488559.84375,-488559.84375,-488559.84375,-488559.84375,100
2013-08-02,-488559.84375,-488559.84375,-488559.84375,-488559.84375,100
2013-08-05,-488559.84375,-488559.84375,-488559.84375,-488559.84375,0
2013-08-06,-488559.84375,-488559.84375,-488559.84375,-488559.84375,124
2013-08-07,-488559.84375,-488559.84375,-488559.84375,-488559.84375,140
2013-08-08,-488559.84375,-488559.84375,-488559.84375,-488559.84375,140
2013-08-09,-488559.84375,-488559.84375,-488559.84375,-488559.84375,140
2013-08-12,-488559.84375,-488559.84375,-488559.84375,-488559.84375,0
2013-08-13,-488559.84375,-488559.84375,-488559.84375,-488559.84375,2000
2013-08-14,-488559.84375,-488559.84375,-488559.84375,-488559.84375,2000
2013-08-15,-488559.84375,-488559.84375,-488559.84375,-488559.84375,2000
2013-08-16,-488559.84375,-488559.84375,-488559.84375,-488559.84375,1184
2013-08-20,-488559.84375,-488559.84375,-488559.84375,-488559.84375,0
2013-08-21,-488559.84375,-488559.84375,-488559.84375,-488559.84375,1184
2013-08-22,-488559.84375,-488559.84375,-488559.84375,-488559.84375,1184
2013-08-23,-488559.84375,-488559.84375,-488559.84375,-488559.84375,1184
2013-08-26,-488559.84375,-488559.84375,-488559.84375,-488559.84375,0
2013-08-27,-488559.84375,-488559.84375,-488559.84375,-488559.84375,2464
2013-08-28,-488559.84375,-488559.84375,-488559.84375,-488559.84375,2464
2013-08-29,-488559.84375,-488559.84375,-488559.84375,-488559.84375,2464
2013-08-30,-488559.84375,-488559.84375,-488559.84375,-488559.84375,820
2013-09-02,-488559.84375,-488559.84375,-488559.84375,-488559.84375,0
2013-09-03,-488559.84375,-488559.84375,-488559.84375,-488559.84375,8000
2013-09-04,-488559.84375,-488559.84375,-488559.84375,-488559.84375,100
2013-09-05,-488559.84375,-488559.84375,-488559.84375,-488559.84375,10000
2013-09-06,-488559.84375,-488559.84375,-488559.84375,-488559.84375,10000
2013-09-09,-488559.84375,-488559.84375,-488559.84375,-488559.84375,0
2013-09-10,-488559.84375,-488559.84375,-488559.84375,-488559.84375,5300
2013-09-11,-488559.84375,-488559.84375,-488559.84375,-488559.84375,5300
2013-09-12,-488559.84375,-488559.84375,-488559.84375,-488559.84375,800
2013-09-13,-732839.8125,-732839.8125,-732839.8125,-732839.8125,5424
2013-09-16,-732839.8125,-732839.8125,-732839.8125,-732839.8125,0
2013-09-17,-732839.8125,-732839.8125,-732839.8125,-732839.8125,2120
2013-09-18,-732839.8125,-732839.8125,-732839.8125,-732839.8125,2400
2013-09-19,-732839.8125,-732839.8125,-732839.8125,-732839.8125,0
2013-09-20,-732839.8125,-732839.8125,-732839.8125,-732839.8125,160
2013-09-23,-732839.8125,-732839.8125,-732839.8125,-732839.8125,0
2013-09-24,-732839.8125,-732839.8125,-732839.8125,-732839.8125,49400
2013-09-25,-732839.8125,-732839.8125,-732839.8125,-732839.8125,209288
2013-09-26,-732839.8125,-732839.8125,-732839.8125,-732839.8125,209288
2013-09-27,-732839.8125,-732839.8125,-732839.8125,-732839.8125,40000
2013-09-30,-732839.8125,-732839.8125,-732839.8125,-732839.8125,0
2013-10-01,-732839.8125,-732839.8125,-732839.8125,-732839.8125,40000
2013-10-02,-732839.8125,-732839.8125,-732839.8125,-732839.8125,16888
2013-10-03,-732839.8125,-732839.8125,-732839.8125,-732839.8125,16888
2013-10-04,-732839.8125,-732839.8125,-732839.8125,-732839.8125,16888
2013-10-07,-732839.8125,-732839.8125,-732839.8125,-732839.8125,0
2013-10-08,-732839.8125,-732839.8125,-732839.8125,-732839.8125,16888
2013-10-09,-732839.8125,-732839.8125,-732839.8125,-732839.8125,16888
2013-10-10,-732839.8125,-732839.8125,-732839.8125,-732839.8125,16888
2013-10-11,-732839.8125,-732839.8125,-732839.8125,-732839.8125,16888
2013-10-14,-732839.8125,-732839.8125,-732839.8125,-732839.8125,0
2013-10-15,-732839.8125,-732839.8125,-732839.8125,-732839.8125,16888
2013-10-16,-732839.8125,-732839.8125,-732839.8125,-732839.8125,16888
2013-10-17,-732839.8125,-732839.8125,-732839.8125,-732839.8125,16888
2013-10-18,-732839.8125,-732839.8125,-732839.8125,-732839.8125,16888
2013-10-21,-732839.8125,-732839.8125,-732839.8125,-732839.8125,0
2013-10-22,-732839.8125,-732839.8125,-732839.8125,-732839.8125,20000
2013-10-23,-732839.8125,-732839.8125,-732839.8125,-732839.8125,4000
2013-10-24,-732839.8125,-732839.8125,-732839.8125,-732839.8125,166
2013-10-25,-732839.8125,-732839.8125,-732839.8125,-732839.8125,166
2013-10-28,-732839.8125,-732839.8125,-732839.8125,-732839.8125,0
2013-10-29,-732839.8125,-732839.8125,-732839.8125,-732839.8125,2446
2013-10-30,-732839.8125,-732839.8125,-732839.8125,-732839.8125,12000
2013-10-31,-977119.6875,-977119.6875,-977119.6875,-977119.6875,19924
2013-11-01,-977119.6875,-977119.6875,-977119.6875,-977119.6875,8996
2013-11-05,-977119.6875,-977119.6875,-977119.6875,-977119.6875,440
2013-11-06,-977119.6875,-977119.6875,-977119.6875,-977119.6875,18288
2013-11-07,-977119.6875,-977119.6875,-977119.6875,-977119.6875,18288
2013-11-08,-977119.6875,-977119.6875,-977119.6875,-977119.6875,4000
2013-11-11,-732839.8125,-732839.8125,-732839.8125,-732839.8125,8996
2013-11-12,-732839.8125,-732839.8125,-732839.8125,-732839.8125,8996
2013-11-13,-732839.8125,-732839.8125,-732839.8125,-732839.8125,0
2013-11-14,-732839.8125,-732839.8125,-732839.8125,-732839.8125,3000
2013-11-15,-732839.8125,-732839.8125,-732839.8125,-732839.8125,0
2013-11-18,-732839.8125,-732839.8125,-732839.8125,-732839.8125,0
2013-11-19,-977119.6875,-977119.6875,-977119.6875,-977119.6875,172
2013-11-20,-977119.6875,-977119.6875,-977119.6875,-977119.6875,172
2013-11-21,-977119.6875,-977119.6875,-977119.6875,-977119.6875,8436
2013-11-22,-977119.6875,-977119.6875,-977119.6875,-977119.6875,8436
2013-11-25,-977119.6875,-977119.6875,-977119.6875,-977119.6875,0
2013-11-26,-977119.6875,-977119.6875,-977119.6875,-977119.6875,18
2013-11-27,-977119.6875,-977119.6875,-977119.6875,-977119.6875,18
2013-11-28,-977119.6875,-977119.6875,-977119.6875,-977119.6875,14744
2013-11-29,-977119.6875,-977119.6875,-977119.6875,-977119.6875,14744
2013-12-02,-977119.6875,-977119.6875,-977119.6875,-977119.6875,0
2013-12-03,-977119.6875,-977119.6875,-977119.6875,-977119.6875,120
2013-12-04,-977119.6875,-1221399.609375,-977119.6875,-977119.6875,120
2013-12-05,-977119.6875,-977119.6875,-977119.6875,-977119.6875,218464
2013-12-06,-977119.6875,-977119.6875,-977119.6875,-977119.6875,80
2013-12-09,-977119.6875,-977119.6875,-977119.6875,-977119.6875,0
2013-12-10,-1221399.625,-1221399.625,-1221399.625,-1221399.625,116160
2013-12-11,-1221399.625,-1221399.625,-1221399.625,-1221399.625,10600
2013-12-12,-1221399.625,-1221399.625,-1221399.625,-1221399.625,13404
2013-12-13,-1221399.625,-1221399.625,-1221399.625,-1221399.625,1600
2013-12-16,-1221399.625,-1221399.625,-1221399.625,-1221399.625,0
2013-12-17,-1221399.625,-1221399.625,-1221399.625,-1221399.625,5556
2013-12-18,-1221399.625,-1221399.625,-1221399.625,-1221399.625,53050
2013-12-19,-1221399.625,-1221399.625,-1221399.625,-1221399.625,53050
2013-12-20,-1221399.625,-1221399.625,-1221399.625,-1221399.625,53050
2013-12-23,-1221399.625,-1221399.625,-1221399.625,-1221399.625,0
2013-12-26,-1221399.625,-1221399.625,-1221399.625,-1221399.625,0
2013-12-27,-1221399.625,-1221399.625,-1221399.625,-1221399.625,20
2013-12-30,-1221399.625,-1221399.625,-1221399.625,-1221399.625,0
2014-01-02,-1221399.625,-1221399.625,-1221399.625,-1221399.625,0
2014-01-03,-1221399.625,-1221399.625,-1221399.625,-1221399.625,2000
2014-01-07,-1221399.625,-1221399.625,-1221399.625,-1221399.625,0
2014-01-08,-1221399.625,-1221399.625,-1221399.625,-1221399.625,2000
2014-01-09,-1221399.625,-1221399.625,-1221399.625,-1221399.625,10
2014-01-10,-1221399.625,-1221399.625,-1221399.625,-1221399.625,10
2014-01-13,-1221399.625,-1221399.625,-1221399.625,-1221399.625,0
2014-01-14,-977119.6875,-977119.6875,-977119.6875,-977119.6875,160
2014-01-15,-977119.6875,-977119.6875,-977119.6875,-977119.6875,160
2014-01-16,-977119.6875,-977119.6875,-977119.6875,-977119.6875,160
2014-01-17,-977119.6875,-977119.6875,-977119.6875,-977119.6875,160
2014-01-20,-977119.6875,-977119.6875,-977119.6875,-977119.6875,0
2014-01-21,-977119.6875,-977119.6875,-977119.6875,-977119.6875,160
2014-01-22,-977119.6875,-977119.6875,-977119.6875,-977119.6875,160
2014-01-23,-977119.6875,-977119.6875,-977119.6875,-977119.6875,27560
2014-01-24,-977119.6875,-977119.6875,-977119.6875,-977119.6875,640
2014-01-27,-977119.6875,-977119.6875,-977119.6875,-977119.6875,0
2014-01-28,-977119.6875,-977119.6875,-977119.6875,-977119.6875,44000
2014-01-29,-977119.6875,-977119.6875,-977119.6875,-977119.6875,900
2014-01-30,-977119.6875,-977119.6875,-977119.6875,-977119.6875,2160
2014-01-31,-977119.6875,-977119.6875,-977119.6875,-977119.6875,2160
2014-02-03,-977119.6875,-977119.6875,-977119.6875,-977119.6875,0
2014-02-04,-977119.6875,-977119.6875,-977119.6875,-977119.6875,40000
2014-02-05,-977119.6875,-977119.6875,-977119.6875,-977119.6875,44106
2014-02-06,-977119.6875,-977119.6875,-977119.6875,-977119.6875,18082
2014-02-07,-977119.6875,-977119.6875,-977119.6875,-977119.6875,8600
2014-02-10,-977119.6875,-977119.6875,-977119.6875,-977119.6875,0
2014-02-11,-977119.6875,-977119.6875,-977119.6875,-977119.6875,36800
2014-02-12,-977119.6875,-977119.6875,-977119.6875,-977119.6875,19380
2014-02-13,-732839.8125,-732839.8125,-732839.8125,-732839.8125,15124
2014-02-14,-732839.8125,-732839.8125,-732839.8125,-732839.8125,15124
2014-02-17,-732839.8125,-732839.8125,-732839.8125,-732839.8125,0
2014-02-18,-732839.8125,-732839.8125,-732839.8125,-732839.8125,3000
2014-02-19,-732839.8125,-732839.8125,-732839.8125,-732839.8125,0
2014-02-20,-732839.8125,-732839.8125,-732839.8125,-732839.8125,20000
2014-02-21,-732839.8125,-732839.8125,-732839.8125,-732839.8125,20000
2014-02-24,-732839.8125,-732839.8125,-732839.8125,-732839.8125,0
2014-02-25,-732839.8125,-732839.8125,-732839.8125,-732839.8125,20000
2014-02-26,-732839.8125,-732839.8125,-732839.8125,-732839.8125,29876
2014-02-27,-488559.84375,-488559.84375,-488559.84375,-488559.84375,4000
2014-02-28,-488559.84375,-488559.84375,-488559.84375,-488559.84375,0
2014-03-05,-488559.84375,-488559.84375,-488559.84375,-488559.84375,0
2014-03-06,-488559.84375,-488559.84375,-488559.84375,-488559.84375,4040
2014-03-07,-488559.84375,-488559.84375,-488559.84375,-488559.84375,6470
2014-03-10,-488559.84375,-488559.84375,-488559.84375,-488559.84375,0
2014-03-11,-732839.8125,-732839.8125,-732839.8125,-732839.8125,32670
2014-03-12,-488559.84375,-488559.84375,-488559.84375,-488559.84375,22940
2014-03-13,-488559.84375,-488559.84375,-488559.84375,-488559.84375,140
2014-03-14,-488559.84375,-488559.84375,-488559.84375,-488559.84375,140
2014-03-17,-488559.84375,-488559.84375,-488559.84375,-488559.84375,0
2014-03-18,-488559.84375,-488559.84375,-488559.84375,-488559.84375,140
2014-03-20,-488559.84375,-488559.84375,-488559.84375,-488559.84375,0
2014-03-21,-488559.84375,-488559.84375,-488559.84375,-488559.84375,140
2014-03-24,-488559.84375,-488559.84375,-488559.84375,-488559.84375,0
2014-03-25,-488559.84375,-488559.84375,-488559.84375,-488559.84375,2000
2014-03-26,-488559.84375,-488559.84375,-488559.84375,-488559.84375,2000
2014-03-27,-488559.84375,-488559.84375,-488559.84375,-488559.84375,2000
2014-03-28,-488559.84375,-488559.84375,-488559.84375,-488559.84375,2000
2014-03-31,-488559.84375,-488559.84375,-488559.84375,-488559.84375,0
2014-04-01,-488559.84375,-488559.84375,-488559.84375,-488559.84375,17960
2014-04-02,-488559.84375,-488559.84375,-488559.84375,-488559.84375,17960
2014-04-03,-488559.84375,-488559.84375,-488559.84375,-488559.84375,28000
2014-04-04,-488559.84375,-488559.84375,-488559.84375,-488559.84375,28000
2014-04-07,-488559.84375,-488559.84375,-488559.84375,-488559.84375,0
2014-04-08,-488559.84375,-488559.84375,-488559.84375,-488559.84375,372
2014-04-09,-488559.84375,-488559.84375,-488559.84375,-488559.84375,7628
2014-04-10,-488559.84375,-488559.84375,-488559.84375,-488559.84375,39800
2014-04-11,-488559.84375,-488559.84375,-488559.84375,-488559.84375,11306
2014-04-14,-488559.84375,-488559.84375,-488559.84375,-488559.84375,0
2014-04-15,-488559.84375,-488559.84375,-488559.84375,-488559.84375,10000
2014-04-16,-488559.84375,-488559.84375,-488559.84375,-488559.84375,10000
2014-04-21,-488559.84375,-488559.84375,-488559.84375,-488559.84375,0
2014-04-22,-488559.84375,-488559.84375,-488559.84375,-488559.84375,10000
2014-04-23,-488559.84375,-488559.84375,-488559.84375,-488559.84375,10000
2014-04-24,-488559.84375,-488559.84375,-488559.84375,-488559.84375,10000
2014-04-25,-488559.84375,-488559.84375,-488559.84375,-488559.84375,10000
2014-04-28,-488559.84375,-488559.84375,-488559.84375,-488559.84375,0
2014-04-29,-488559.84375,-488559.84375,-488559.84375,-488559.84375,10000
2014-04-30,-488559.84375,-488559.84375,-488559.84375,-488559.84375,10000
2014-05-02,-732839.8125,-732839.8125,-732839.8125,-732839.8125,0
2014-05-05,-732839.8125,-732839.8125,-732839.8125,-732839.8125,0
2014-05-06,-732839.8125,-732839.8125,-732839.8125,-732839.8125,19958
2014-05-07,-732839.8125,-732839.8125,-732839.8125,-732839.8125,19958
2014-05-08,-732839.8125,-732839.8125,-732839.8125,-732839.8125,19958
2014-05-09,-732839.8125,-732839.8125,-732839.8125,-732839.8125,19958
2014-05-12,-732839.8125,-732839.8125,-732839.8125,-732839.8125,0
2014-05-13,-732839.8125,-732839.8125,-732839.8125,-732839.8125,12630
2014-05-14,-732839.8125,-732839.8125,-732839.8125,-732839.8125,12630
2014-05-15,-732839.8125,-732839.8125,-732839.8125,-732839.8125,12630
2014-05-16,-732839.8125,-732839.8125,-732839.8125,-732839.8125,10000
2014-05-19,-732839.8125,-732839.8125,-732839.8125,-732839.8125,0
2014-05-20,-488559.84375,-488559.84375,-488559.84375,-488559.84375,10052
2014-05-21,-488559.84375,-488559.84375,-488559.84375,-488559.84375,2426
2014-05-22,-488559.84375,-488559.84375,-488559.84375,-488559.84375,50000
2014-05-23,-488559.84375,-488559.84375,-488559.84375,-488559.84375,50000
2014-05-26,-488559.84375,-488559.84375,-488559.84375,-488559.84375,0
2014-05-27,-488559.84375,-488559.84375,-488559.84375,-488559.84375,50400
2014-05-28,-488559.84375,-488559.84375,-488559.84375,-488559.84375,0
2014-05-29,-488559.84375,-488559.84375,-488559.84375,-488559.84375,764
2014-05-30,-488559.84375,-488559.84375,-488559.84375,-488559.84375,1960
2014-06-03,-488559.84375,-488559.84375,-488559.84375,-488559.84375,0
2014-06-04,-488559.84375,-488559.84375,-488559.84375,-488559.84375,4620
2014-06-05,-488559.84375,-488559.84375,-488559.84375,-488559.84375,4620
2014-06-06,-488559.84375,-488559.84375,-488559.84375,-488559.84375,4620
2014-06-09,-488559.84375,-488559.84375,-488559.84375,-488559.84375,0
2014-06-10,-488559.84375,-488559.84375,-488559.84375,-488559.84375,4620
2014-06-11,-488559.84375,-488559.84375,-488559.84375,-488559.84375,4620
2014-06-12,-488559.84375,-488559.84375,-488559.84375,-488559.84375,1000
2014-06-13,-488559.84375,-488559.84375,-488559.84375,-488559.84375,1000
2014-06-16,-488559.84375,-488559.84375,-488559.84375,-488559.84375,0
2014-06-17,-488559.84375,-488559.84375,-488559.84375,-488559.84375,1000
2014-06-18,-488559.84375,-488559.84375,-488559.84375,-488559.84375,1000
2014-06-19,-488559.84375,-488559.84375,-488559.84375,-488559.84375,1000
2014-06-20,-488559.84375,-488559.84375,-488559.84375,-488559.84375,1000
2014-06-25,-488559.84375,-488559.84375,-488559.84375,-488559.84375,0
2014-06-26,-732839.8125,-732839.8125,-732839.8125,-732839.8125,7400
2014-06-27,-732839.8125,-732839.8125,-732839.8125,-732839.8125,0
2014-06-30,-732839.8125,-732839.8125,-732839.8125,-732839.8125,0
2014-07-01,-488559.84375,-488559.84375,-488559.84375,-488559.84375,76212
2014-07-02,-732839.8125,-732839.8125,-732839.8125,-732839.8125,50192
2014-07-03,-488559.84375,-732839.765625,-488559.84375,-488559.84375,50192
2014-07-04,-488559.84375,-732839.765625,-488559.84375,-488559.84375,50192
2014-07-07,-488559.84375,-488559.84375,-488559.84375,-488559.84375,0
2014-07-08,-488559.84375,-488559.84375,-488559.84375,-488559.84375,8000
2014-07-09,-732839.8125,-732839.8125,-732839.8125,-732839.8125,15600
2014-07-10,-732839.8125,-732839.8125,-732839.8125,-732839.8125,15600
2014-07-11,-732839.8125,-732839.8125,-732839.8125,-732839.8125,15600
2014-07-14,-732839.8125,-732839.8125,-732839.8125,-732839.8125,0
2014-07-15,-488559.84375,-488559.84375,-488559.84375,-488559.84375,6864
2014-07-16,-488559.84375,-488559.84375,-488559.84375,-488559.84375,6864
2014-07-17,-488559.84375,-488559.84375,-488559.84375,-488559.84375,6864
2014-07-18,-732839.8125,-732839.8125,-732839.8125,-732839.8125,8000
2014-07-21,-732839.8125,-732839.8125,-732839.8125,-732839.8125,0
2014-07-22,-488559.84375,-488559.84375,-488559.84375,-488559.84375,418
2014-07-23,-488559.84375,-488559.84375,-488559.84375,-488559.84375,172
2014-07-25,-732839.8125,-732839.8125,-732839.8125,-732839.8125,0
2014-07-28,-732839.8125,-732839.8125,-732839.8125,-732839.8125,0
2014-07-29,-732839.8125,-732839.8125,-732839.8125,-732839.8125,10000
2014-07-30,-732839.8125,-732839.8125,-732839.8125,-732839.8125,10000
2014-07-31,-732839.8125,-732839.8125,-732839.8125,-732839.8125,10000
2014-08-01,-732839.8125,-732839.8125,-732839.8125,-732839.8125,10000
2014-08-04,-732839.8125,-732839.8125,-732839.8125,-732839.8125,0
2014-08-05,-732839.8125,-732839.8125,-732839.8125,-732839.8125,7484
2014-08-06,-732839.8125,-732839.8125,-732839.8125,-732839.8125,1000
2014-08-07,-732839.8125,-732839.8125,-732839.8125,-732839.8125,1000
2014-08-08,-732839.8125,-732839.8125,-732839.8125,-732839.8125,11400
2014-08-11,-732839.8125,-732839.8125,-732839.8125,-732839.8125,0
2014-08-12,-732839.8125,-732839.8125,-732839.8125,-732839.8125,6000
2014-08-13,-732839.8125,-732839.8125,-732839.8125,-732839.8125,1340
2014-08-14,-732839.8125,-732839.8125,-732839.8125,-732839.8125,1340
2014-08-15,-732839.8125,-732839.8125,-732839.8125,-732839.8125,1340
2014-08-19,-732839.8125,-732839.8125,-732839.8125,-732839.8125,0
2014-08-20,-732839.8125,-732839.8125,-732839.8125,-732839.8125,1340
2014-08-21,-732839.8125,-732839.8125,-732839.8125,-732839.8125,1340
2014-08-22,-732839.8125,-732839.8125,-732839.8125,-732839.8125,1340
2014-08-25,-732839.8125,-732839.8125,-732839.8125,-732839.8125,0
2014-08-26,-732839.8125,-732839.8125,-732839.8125,-732839.8125,2000
2014-08-27,-732839.8125,-732839.8125,-732839.8125,-732839.8125,2000
2014-08-28,-732839.8125,-732839.8125,-732839.8125,-732839.8125,2000
2014-08-29,-732839.8125,-732839.8125,-732839.8125,-732839.8125,2000
2014-09-01,-732839.8125,-732839.8125,-732839.8125,-732839.8125,0
2014-09-02,-732839.8125,-732839.8125,-732839.8125,-732839.8125,2000
2014-09-03,-732839.8125,-732839.8125,-732839.8125,-732839.8125,2000
2014-09-04,-732839.8125,-732839.8125,-732839.8125,-732839.8125,2000
2014-09-05,-732839.8125,-732839.8125,-732839.8125,-732839.8125,23738
2014-09-08,-732839.8125,-732839.8125,-732839.8125,-732839.8125,0
2014-09-09,-732839.8125,-732839.8125,-732839.8125,-732839.8125,2680
2014-09-10,-732839.8125,-732839.8125,-732839.8125,-732839.8125,756
2014-09-11,-732839.8125,-732839.8125,-732839.8125,-732839.8125,756
2014-09-12,-732839.8125,-732839.8125,-732839.8125,-732839.8125,756
2014-09-15,-732839.8125,-732839.8125,-732839.8125,-732839.8125,0
2014-09-16,-732839.8125,-732839.8125,-732839.8125,-732839.8125,25800
2014-09-17,-732839.8125,-732839.8125,-732839.8125,-732839.8125,5326
2014-09-18,-732839.8125,-732839.8125,-732839.8125,-732839.8125,5326
2014-09-19,-732839.8125,-732839.8125,-732839.8125,-732839.8125,5326
2014-09-22,-732839.8125,-732839.8125,-732839.8125,-732839.8125,0
2014-09-23,-977119.6875,-977119.6875,-977119.6875,-977119.6875,71074
2014-09-24,-977119.6875,-977119.6875,-977119.6875,-977119.6875,71074
2014-09-25,-977119.6875,-977119.6875,-977119.6875,-977119.6875,71074
2014-09-26,-977119.6875,-977119.6875,-977119.6875,-977119.6875,123160
2014-09-29,-977119.6875,-977119.6875,-977119.6875,-977119.6875,0
2014-09-30,-977119.6875,-977119.6875,-977119.6875,-977119.6875,1636
2014-10-01,-977119.6875,-977119.6875,-977119.6875,-977119.6875,1636
2014-10-02,-977119.6875,-977119.6875,-977119.6875,-977119.6875,1636
2014-10-03,-977119.6875,-977119.6875,-977119.6875,-977119.6875,1636
2014-10-06,-977119.6875,-977119.6875,-977119.6875,-977119.6875,0
2014-10-07,-977119.6875,-977119.6875,-977119.6875,-977119.6875,1636
2014-10-08,-977119.6875,-977119.6875,-977119.6875,-977119.6875,3500
2014-10-09,-977119.6875,-977119.6875,-977119.6875,-977119.6875,3500
2014-10-10,-977119.6875,-977119.6875,-977119.6875,-977119.6875,6000
2014-10-13,-977119.6875,-977119.6875,-977119.6875,-977119.6875,0
2014-10-14,-977119.6875,-977119.6875,-977119.6875,-977119.6875,7408
2014-10-15,-977119.6875,-977119.6875,-977119.6875,-977119.6875,6000
2014-10-16,-977119.6875,-977119.6875,-977119.6875,-977119.6875,3500
2014-10-17,-977119.6875,-977119.6875,-977119.6875,-977119.6875,3500
2014-10-20,-977119.6875,-977119.6875,-977119.6875,-977119.6875,0
2014-10-21,-977119.6875,-977119.6875,-977119.6875,-977119.6875,1000
2014-10-22,-977119.6875,-977119.6875,-977119.6875,-977119.6875,300
2014-10-23,-977119.6875,-977119.6875,-977119.6875,-977119.6875,1400
2014-10-24,-977119.6875,-977119.6875,-977119.6875,-977119.6875,1400
2014-10-27,-977119.6875,-977119.6875,-977119.6875,-977119.6875,0
2014-10-28,-977119.6875,-977119.6875,-977119.6875,-977119.6875,2060
2014-10-29,-1221399.625,-1221399.625,-1221399.625,-1221399.625,68440
2014-10-30,-977119.6875,-1221399.609375,-977119.6875,-977119.6875,68440
2014-10-31,-1221399.625,-1221399.625,-1221399.625,-1221399.625,8000
2014-11-03,-1221399.625,-1221399.625,-1221399.625,-1221399.625,0
2014-11-04,-1221399.625,-1221399.625,-1221399.625,-1221399.625,1500
2014-11-05,-1221399.625,-1221399.625,-1221399.625,-1221399.625,17500
2014-11-06,-1221399.625,-1221399.625,-1221399.625,-1221399.625,58924
2014-11-07,-1221399.625,-1221399.625,-1221399.625,-1221399.625,58924
2014-11-10,-1221399.625,-1221399.625,-1221399.625,-1221399.625,0
2014-11-11,-1221399.625,-1221399.625,-1221399.625,-1221399.625,22126
2014-11-12,-1221399.625,-1221399.625,-1221399.625,-1221399.625,15830
2014-11-13,-1221399.625,-1221399.625,-1221399.625,-1221399.625,21290
2014-11-14,-1221399.625,-1221399.625,-1221399.625,-1221399.625,42400
2014-11-17,-1221399.625,-1221399.625,-1221399.625,-1221399.625,0
2014-11-18,-1221399.625,-1221399.625,-1221399.625,-1221399.625,20
2014-11-19,-1221399.625,-1221399.625,-1221399.625,-1221399.625,20
2014-11-20,-1221399.625,-1221399.625,-1221399.625,-1221399.625,1200
2014-11-21,-1221399.625,-1221399.625,-1221399.625,-1221399.625,2000
2014-11-24,-1221399.625,-1221399.625,-1221399.625,-1221399.625,0
2014-11-25,-1221399.625,-1221399.625,-1221399.625,-1221399.625,2274
2014-11-26,-1221399.625,-1221399.625,-1221399.625,-1221399.625,2274
2014-11-27,-1221399.625,-1221399.625,-1221399.625,-1221399.625,1000
2014-11-28,-1221399.625,-1221399.625,-1221399.625,-1221399.625,1000
2014-12-01,-1221399.625,-1221399.625,-1221399.625,-1221399.625,0
2014-12-02,-1221399.625,-1221399.625,-1221399.625,-1221399.625,40
2014-12-03,-1221399.625,-1221399.625,-1221399.625,-1221399.625,2344
2014-12-04,-1221399.625,-1221399.625,-1221399.625,-1221399.625,5252
2014-12-05,-1221399.625,-1221399.625,-1221399.625,-1221399.625,5252
2014-12-09,-1221399.625,-1221399.625,-1221399.625,-1221399.625,0
2014-12-10,-1221399.625,-1221399.625,-1221399.625,-1221399.625,160
2014-12-11,-1221399.625,-1221399.625,-1221399.625,-1221399.625,160
2014-12-12,-1221399.625,-1221399.625,-1221399.625,-1221399.625,160
2014-12-15,-1221399.625,-1221399.625,-1221399.625,-1221399.625,0
2014-12-16,-1221399.625,-1221399.625,-1221399.625,-1221399.625,6000
2014-12-17,-1221399.625,-1221399.625,-1221399.625,-1221399.625,2000
2014-12-18,-1221399.625,-1221399.625,-1221399.625,-1221399.625,2000
2014-12-19,-1221399.625,-1221399.625,-1221399.625,-1221399.625,1400
2014-12-22,-1221399.625,-1221399.625,-1221399.625,-1221399.625,0
2014-12-23,-1221399.625,-1221399.625,-1221399.625,-1221399.625,600
2014-12-26,-1221399.625,-1221399.625,-1221399.625,-1221399.625,0
2014-12-29,-1221399.625,-1221399.625,-1221399.625,-1221399.625,0
2014-12-30,-1221399.625,-1221399.625,-1221399.625,-1221399.625,1400
2015-01-02,-1221399.625,-1221399.625,-1221399.625,-1221399.625,0
2015-01-06,-1221399.625,-1221399.625,-1221399.625,-1221399.625,2600
2015-01-07,-1221399.625,-1221399.625,-1221399.625,-1221399.625,2600
2015-01-08,-1221399.625,-1221399.625,-1221399.625,-1221399.625,2600
2015-01-09,-1221399.625,-1221399.625,-1221399.625,-1221399.625,0
2015-01-12,-1221399.625,-1221399.625,-1221399.625,-1221399.625,2600
2015-01-13,-1221399.625,-1221399.625,-1221399.625,-1221399.625,2000
2015-01-14,-1221399.625,-1221399.625,-1221399.625,-1221399.625,2000
2015-01-15,-1221399.625,-1221399.625,-1221399.625,-1221399.625,4000
2015-01-16,-1221399.625,-1221399.625,-1221399.625,-1221399.625,0
2015-01-19,-1465679.625,-1465679.625,-1221399.6875,-1221399.6875,27000
2015-01-20,-1465679.625,-1465679.625,-1221399.6875,-1221399.6875,27000
2015-01-21,-1465679.625,-1465679.625,-1221399.6875,-1221399.6875,27000
2015-01-22,-1465679.625,-1465679.625,-1465679.625,-1465679.625,0
2015-01-23,-1465679.625,-1465679.625,-1465679.625,-1465679.625,100
2015-01-26,-1465679.625,-1465679.625,-1465679.625,-1465679.625,45264
2015-01-27,-1465679.625,-1465679.625,-1465679.625,-1465679.625,45264
2015-01-28,-1465679.625,-1465679.625,-1465679.625,-1465679.625,45264
2015-01-29,-1465679.625,-1465679.625,-1465679.625,-1465679.625,45264
2015-01-30,-1465679.625,-1465679.625,-1465679.625,-1465679.625,0
2015-02-02,-1465679.625,-1465679.625,-1465679.625,-1465679.625,30
2015-02-03,-1221399.625,-1221399.625,-1221399.625,-1221399.625,6600
2015-02-04,-1221399.625,-1221399.625,-1221399.625,-1221399.625,6600
2015-02-05,-1221399.625,-1221399.625,-1221399.625,-1221399.625,6600
2015-02-06,-1221399.625,-1221399.625,-1221399.625,-1221399.625,0
2015-02-09,-1221399.625,-1221399.625,-1221399.625,-1221399.625,11120
2015-02-10,-1221399.625,-1221399.625,-1221399.625,-1221399.625,11120
2015-02-11,-1221399.625,-1221399.625,-1221399.625,-1221399.625,6000
2015-02-12,-1221399.625,-1221399.625,-1221399.625,-1221399.625,6000
2015-02-13,-1221399.625,-1221399.625,-1221399.625,-1221399.625,0
2015-02-18,-1221399.625,-1221399.625,-1221399.625,-1221399.625,178
2015-02-19,-1221399.625,-1221399.625,-1221399.625,-1221399.625,70
2015-02-20,-1221399.625,-1221399.625,-1221399.625,-1221399.625,0
2015-02-23,-1221399.625,-1221399.625,-1221399.625,-1221399.625,1134
2015-02-24,-1221399.625,-1221399.625,-1221399.625,-1221399.625,1134
2015-02-25,-1221399.625,-1221399.625,-1221399.625,-1221399.625,1134
2015-02-26,-1465679.625,-1465679.625,-1465679.625,-1465679.625,36460
2015-02-27,-1465679.625,-1465679.625,-1465679.625,-1465679.625,0
2015-03-02,-1954239.375,-1954239.375,-1954239.375,-1954239.375,30000
2015-03-03,-1954239.375,-1954239.375,-1954239.375,-1954239.375,99820
2015-03-04,-1954239.375,-1954239.375,-1954239.375,-1954239.375,15800
2015-03-05,-2198519.25,-2198519.25,-2198519.25,-2198519.25,84200
2015-03-06,-2198519.25,-2198519.25,-2198519.25,-2198519.25,0
2015-03-09,-2198519.25,-2198519.25,-2198519.25,-2198519.25,39200
2015-03-10,-2198519.25,-2198519.25,-2198519.25,-2198519.25,39200
2015-03-11,-2198519.25,-2198519.25,-2198519.25,-2198519.25,60
2015-03-12,-1954239.375,-1954239.375,-1954239.375,-1954239.375,200
2015-03-13,-1954239.375,-1954239.375,-1954239.375,-1954239.375,0
2015-03-16,-1954239.375,-1954239.375,-1954239.375,-1954239.375,177662
2015-03-17,-1954239.375,-1954239.375,-1954239.375,-1954239.375,800
2015-03-18,-1954239.375,-1954239.375,-1954239.375,-1954239.375,800
2015-03-20,-1954239.375,-1954239.375,-1954239.375,-1954239.375,950
2015-03-23,-1954239.375,-1954239.375,-1954239.375,-1954239.375,950
2015-03-24,-1954239.375,-1954239.375,-1954239.375,-1954239.375,400
2015-03-25,-1954239.375,-1954239.375,-1954239.375,-1954239.375,8386
2015-03-26,-1954239.375,-1954239.375,-1954239.375,-1954239.375,8386
2015-03-27,-1954239.375,-1954239.375,-1954239.375,-1954239.375,0
2015-03-30,-1954239.375,-1954239.375,-1954239.375,-1954239.375,1000
2015-03-31,-1954239.375,-1954239.375,-1954239.375,-1954239.375,1000
2015-04-01,-1954239.375,-1954239.375,-1954239.375,-1954239.375,1000
2015-04-06,-1954239.375,-1954239.375,-1954239.375,-1954239.375,48
2015-04-07,-1954239.375,-1954239.375,-1954239.375,-1954239.375,8000
2015-04-08,-1954239.375,-1954239.375,-1954239.375,-1954239.375,6546
2015-04-09,-1954239.375,-1954239.375,-1954239.375,-1954239.375,7306
2015-04-10,-1954239.375,-1954239.375,-1954239.375,-1954239.375,0
2015-04-13,-1954239.375,-1954239.375,-1954239.375,-1954239.375,7306
2015-04-14,-1954239.375,-1954239.375,-1954239.375,-1954239.375,7306
2015-04-15,-1954239.375,-1954239.375,-1954239.375,-1954239.375,3720
2015-04-16,-1954239.375,-1954239.375,-1954239.375,-1954239.375,3720
2015-04-17,-1954239.375,-1954239.375,-1954239.375,-1954239.375,0
2015-04-20,-1954239.375,-1954239.375,-1954239.375,-1954239.375,6
2015-04-21,-1954239.375,-1954239.375,-1954239.375,-1954239.375,48
2015-04-22,-1954239.375,-1954239.375,-1954239.375,-1954239.375,48
2015-04-23,-1954239.375,-1954239.375,-1954239.375,-1954239.375,48
2015-04-24,-1954239.375,-1954239.375,-1954239.375,-1954239.375,0
2015-04-27,-1954239.375,-1954239.375,-1954239.375,-1954239.375,32
2015-04-28,-1954239.375,-1954239.375,-1954239.375,-1954239.375,32
2015-04-29,-1954239.375,-1954239.375,-1954239.375,-1954239.375,180
2015-04-30,-1954239.375,-1954239.375,-1954239.375,-1954239.375,4100
2015-05-04,-1954239.375,-1954239.375,-1954239.375,-1954239.375,4100
2015-05-05,-1954239.375,-1954239.375,-1954239.375,-1954239.375,4100
2015-05-06,-1954239.375,-1954239.375,-1954239.375,-1954239.375,19000
2015-05-07,-1954239.375,-1954239.375,-1954239.375,-1954239.375,1276
2015-05-08,-1954239.375,-1954239.375,-1954239.375,-1954239.375,0
2015-05-11,-2198519.25,-2198519.25,-2198519.25,-2198519.25,34
2015-05-12,-1954239.375,-2198519.38574352,-2198519.38574352,-1954239.375,34
2015-05-13,-1954239.375,-2198519.38574352,-2198519.38574352,-1954239.375,34
2015-05-14,-2198519.25,-2198519.25,-2198519.25,-2198519.25,30294
2015-05-15,-2198519.25,-2198519.25,-2198519.25,-2198519.25,0
2015-05-19,-2198519.25,-2198519.25,-2198519.25,-2198519.25,6580
2015-05-20,-2442799.25,-2442799.25,-2442799.25,-2442799.25,15400
2015-05-21,-2442799.25,-2442799.25,-2442799.25,-2442799.25,9400
2015-05-22,-2442799.25,-2442799.25,-2442799.25,-2442799.25,0
2015-05-25,-3175639.25,-3175639.25,-3175639.25,-3175639.25,4000
2015-05-26,-3664199.25,-3664199.25,-3664199.25,-3664199.25,4510
2015-05-27,-3664199.25,-3664199.25,-3664199.25,-3664199.25,2200
2015-05-28,-3664199.25,-3664199.25,-3664199.25,-3664199.25,2200
2015-05-29,-3664199.25,-3664199.25,-3664199.25,-3664199.25,0
2015-06-01,-4152758.5,-4152758.5,-4152758.5,-4152758.5,8600
2015-06-02,-4152758.5,-4152758.5,-4152758.5,-3664198.8646627367,8600
2015-06-03,-4152758.5,-4152758.5,-4152758.5,-3664198.8646627367,8600
2015-06-04,-4152758.5,-4152758.5,-4152758.5,-3664198.8646627367,8600
2015-06-05,-4152758.5,-4152758.5,-4152758.5,-4152758.5,0
2015-06-09,-4152758.5,-4152758.5,-4152758.5,-3664198.8646627367,8600
2015-06-10,-4152758.5,-4152758.5,-4152758.5,-3664198.8646627367,8600
2015-06-11,-4152758.5,-4152758.5,-4152758.5,-4152758.5,8342
2015-06-12,-4152758.5,-4152758.5,-4152758.5,-4152758.5,0
2015-06-15,-4397038.5,-4397038.5,-4397038.5,-4397038.5,3500
2015-06-16,-4397038.5,-4397038.5,-4152758.504339098,-4152758.504339098,3500
2015-06-17,-4397038.5,-4397038.5,-4152758.504339098,-4152758.504339098,3500
2015-06-18,-4397038.5,-4397038.5,-4152758.504339098,-4152758.504339098,3500
2015-06-19,-4397038.5,-4397038.5,-4397038.5,-4397038.5,0
2015-06-22,-4397038.5,-4397038.5,-4152758.504339098,-4152758.504339098,3500
2015-06-23,-4397038.5,-4397038.5,-4152758.504339098,-4152758.504339098,3500
2015-06-25,-4397038.5,-4397038.5,-4152758.504339098,-4152758.504339098,3500
2015-06-26,-4397038.5,-4397038.5,-4397038.5,-4397038.5,0
2015-06-30,-4397038.5,-4397038.5,-4152758.504339098,-4152758.504339098,3500
2015-07-01,-4397038.5,-4397038.5,-4152758.504339098,-4152758.504339098,3500
2015-07-02,-4397038.5,-4397038.5,-4152758.504339098,-4152758.504339098,3500
2015-07-03,-4397038.5,-4397038.5,-4397038.5,-4397038.5,0
2015-07-06,-4397038.5,-4397038.5,-4152758.504339098,-4152758.504339098,3500
2015-07-07,-4885598.5,-4885598.5,-4885598.5,-4885598.5,760
2015-07-08,-5862718.5,-5862718.5,-5862718.5,-5862718.5,10000
2015-07-09,-6839838.5,-6839838.5,-6839838.5,-6839838.5,10720
2015-07-10,-6839838.5,-6839838.5,-6839838.5,-6839838.5,0
2015-07-13,-6839838.5,-6839838.5,-5862718.409593631,-5862718.409593631,10720
2015-07-14,-6839838.5,-6839838.5,-5862718.409593631,-5862718.409593631,10720
2015-07-15,-7328398.5,-7328398.5,-7328398.5,-7328398.5,600
2015-07-16,-7328398.5,-7328398.5,-7328398.5,-6839838.457810362,600
2015-07-17,-7328398.5,-7328398.5,-7328398.5,-7328398.5,0
2015-07-20,-7328398.5,-7328398.5,-7328398.5,-7328398.5,2000
2015-07-21,-7328398.5,-7328398.5,-7328398.5,-7328398.5,2000
2015-07-22,-7328398.5,-7328398.5,-7328398.5,-7328398.5,2000
2015-07-23,-7328398.5,-7328398.5,-7328398.5,-7328398.5,2000
2015-07-27,-8794077.0,-8794077.0,-8794077.0,-8794077.0,32
2015-07-28,-10259757.0,-10259757.0,-8794077.631699476,-7328398.263398954,32
2015-07-29,-10259757.0,-10259757.0,-8794077.631699476,-7328398.263398954,32
2015-07-30,-10259757.0,-10259757.0,-10259757.0,-10259757.0,1800
2015-07-31,-10259757.0,-10259757.0,-10259757.0,-10259757.0,0
2015-08-03,-12213995.0,-12213995.0,-12213995.0,-12213995.0,200
2015-08-04,-12213995.0,-12213995.0,-12213995.0,-12213995.0,570
2015-08-05,-12213995.0,-12213995.0,-12213995.0,-12213995.0,570
2015-08-06,-12213995.0,-12213995.0,-12213995.0,-12213995.0,358
2015-08-07,-12213995.0,-12213995.0,-12213995.0,-12213995.0,0
2015-08-10,-12213995.0,-12213995.0,-12213995.0,-12213995.0,358
2015-08-11,-12213995.0,-12213995.0,-12213995.0,-12213995.0,358
2015-08-12,-12213995.0,-12213995.0,-12213995.0,-12213995.0,158
2015-08-13,-12213995.0,-12213995.0,-12213995.0,-12213995.0,158
2015-08-14,-12213995.0,-12213995.0,-12213995.0,-12213995.0,0
2015-08-17,-12213995.0,-12213995.0,-12213995.0,-12213995.0,158
2015-08-18,-12213995.0,-12213995.0,-12213995.0,-12213995.0,158
2015-08-19,-12213995.0,-12213995.0,-12213995.0,-12213995.0,158
2015-08-20,-12213995.0,-12213995.0,-12213995.0,-12213995.0,158
2015-08-21,-12213995.0,-12213995.0,-12213995.0,-12213995.0,0
2015-08-24,-11969716.0,-11969716.0,-11969716.0,-12213996.35364171,104
2015-08-25,-11969716.0,-11969716.0,-11969716.0,-12213996.35364171,104
2015-08-26,-11969716.0,-11969716.0,-11969716.0,-12213996.35364171,104
2015-08-27,-11969716.0,-11969716.0,-11969716.0,-11969716.0,1230
2015-08-28,-11969716.0,-11969716.0,-11969716.0,-11969716.0,0
2015-08-31,-11969716.0,-11969716.0,-11969716.0,-11969716.0,1230
2015-09-01,-11969716.0,-11969716.0,-11969716.0,-11969716.0,1230
2015-09-02,-11969716.0,-11969716.0,-11969716.0,-11969716.0,100
2015-09-03,-11969716.0,-11969716.0,-11969716.0,-11969716.0,100
2015-09-04,-11969716.0,-11969716.0,-11969716.0,-11969716.0,0
2015-09-07,-11969716.0,-11969716.0,-11969716.0,-11969716.0,100
2015-09-08,-11969716.0,-11969716.0,-11969716.0,-11969716.0,100
2015-09-09,-11969716.0,-11969716.0,-11969716.0,-11969716.0,100
2015-09-10,-11969716.0,-11969716.0,-11969716.0,-11969716.0,100
2015-09-11,-11969716.0,-11969716.0,-11969716.0,-11969716.0,0
2015-09-14,-9771197.0,-9771197.0,-9771197.0,-9771197.0,344
2015-09-15,-9771197.0,-9771197.0,-9771197.0,-9771197.0,0
2015-09-16,-9771197.0,-9771197.0,-9771197.0,-9771197.0,0
2015-09-17,-9771197.0,-9771197.0,-9771197.0,-9771197.0,0
2015-09-18,-9771197.0,-9771197.0,-9771197.0,-9771197.0,0
2015-09-21,-10015478.0,-10015478.0,-10015478.0,-10015478.0,176
2015-09-22,-10015478.0,-10015478.0,-10015478.0,-10015478.0,0
2015-09-23,-10015478.0,-10015478.0,-10015478.0,-10015478.0,0
2015-09-24,-10015478.0,-10015478.0,-10015478.0,-10015478.0,0
2015-09-25,-10015478.0,-10015478.0,-10015478.0,-10015478.0,0
2015-09-28,-9771197.0,-9771197.0,-9771197.0,-9771197.0,506
2015-09-29,-9771197.0,-9771197.0,-9771197.0,-9771197.0,0
2015-09-30,-9771197.0,-9771197.0,-9771197.0,-9771197.0,0
2015-10-01,-9771197.0,-9771197.0,-9771197.0,-9771197.0,0
2015-10-02,-9771197.0,-9771197.0,-9771197.0,-9771197.0,0
2015-10-05,-9771197.0,-9771197.0,-9771197.0,-9771197.0,0
2015-10-06,-9771197.0,-9771197.0,-9771197.0,-9771197.0,0
2015-10-07,-9771197.0,-9771197.0,-9771197.0,-9771197.0,0
2015-10-08,-9771197.0,-9771197.0,-9771197.0,-9771197.0,0
2015-10-09,-9771197.0,-9771197.0,-9771197.0,-9771197.0,0
2015-10-13,-9526918.0,-9526918.0,-9526918.0,-9526918.0,50
2015-10-14,-9526918.0,-9526918.0,-9526918.0,-9526918.0,0
2015-10-15,-9526918.0,-9526918.0,-9526918.0,-9526918.0,0
2015-10-16,-9526918.0,-9526918.0,-9526918.0,-9526918.0,0
2015-10-19,-9526918.0,-9526918.0,-9526918.0,-9526918.0,0
2015-10-20,-8549797.0,-8549797.0,-8549797.0,-8549797.0,3000
2015-10-21,-8549797.0,-8549797.0,-8549797.0,-8549797.0,0
2015-10-22,-8549797.0,-8549797.0,-8549797.0,-8549797.0,0
2015-10-23,-8549797.0,-8549797.0,-8549797.0,-8549797.0,0
2015-10-26,-8549797.0,-8549797.0,-8549797.0,-8549797.0,0
2015-10-27,-8549797.0,-8549797.0,-8549797.0,-8549797.0,0
2015-10-28,-8549797.0,-8549797.0,-8549797.0,-8549797.0,0
2015-10-29,-8549797.0,-8549797.0,-8549797.0,-8549797.0,4514
2015-10-30,-7572678.5,-7572678.5,-7572678.5,-7572678.5,172
2015-11-02,-7572678.5,-7572678.5,-7572678.5,-7572678.5,0
2015-11-03,-8061238.0,-8061237.999999999,-8061237.999999999,-8061237.999999999,22
2015-11-04,-8061238.0,-8061237.999999999,-8061237.999999999,-8061237.999999999,0
2015-11-05,-8061238.0,-8061237.999999999,-8061237.999999999,-8061237.999999999,0
2015-11-06,-8061238.0,-8061237.999999999,-8061237.999999999,-8061237.999999999,1578
2015-11-09,-8061238.0,-8061237.999999999,-8061237.999999999,-8061237.999999999,0
2015-11-10,-8061238.0,-8061237.999999999,-8061237.999999999,-8061237.999999999,0
2015-11-11,-8061238.0,-8061237.999999999,-8061237.999999999,-8061237.999999999,0
2015-11-12,-8061238.0,-8061237.999999999,-8061237.999999999,-8061237.999999999,688
2015-11-13,-8061238.0,-8061237.999999999,-8061237.999999999,-8061237.999999999,0
2015-11-16,-8061238.0,-8061237.999999999,-8061237.999999999,-8061237.999999999,0
2015-11-17,-8061238.0,-8061237.999999999,-8061237.999999999,-8061237.999999999,0
2015-11-18,-8061238.0,-8061237.999999999,-8061237.999999999,-8061237.999999999,0
2015-11-19,-8061238.0,-8061237.999999999,-8061237.999999999,-8061237.999999999,0
2015-11-20,-8061238.0,-8061237.999999999,-8061237.999999999,-8061237.999999999,0
2015-11-23,-8061238.0,-8061237.999999999,-8061237.999999999,-8061237.999999999,0
2015-11-24,-8061238.0,-8061237.999999999,-8061237.999999999,-8061237.999999999,0
2015-11-25,-8061238.0,-8061237.999999999,-8061237.999999999,-8061237.999999999,0
2015-11-26,-9771197.0,-9771197.0,-9771197.0,-9771197.0,38
2015-11-27,-9771197.0,-9771197.0,-9771197.0,-9771197.0,32
2015-11-30,-9771197.0,-9771197.0,-9771197.0,-9771197.0,0
2015-12-01,-9771197.0,-9771197.0,-9771197.0,-9771197.0,0
2015-12-02,-9771197.0,-9771197.0,-9771197.0,-9771197.0,0
2015-12-03,-9771197.0,-9771197.0,-9771197.0,-9771197.0,966
2015-12-04,-9771197.0,-9771197.0,-9771197.0,-9771197.0,0
2015-12-08,-9771197.0,-9771197.0,-9771197.0,-9771197.0,0
2015-12-09,-9771197.0,-9771197.0,-9771197.0,-9771197.0,0
2015-12-10,-9771197.0,-9771197.0,-9771197.0,-9771197.0,0
2015-12-11,-9771197.0,-9771197.0,-9771197.0,-9771197.0,10
2015-12-14,-9771197.0,-9771197.0,-9771197.0,-9771197.0,0
2015-12-15,-9282638.0,-9282638.0,-9282638.0,-9282638.0,120
2015-12-16,-9282638.0,-9282638.0,-9282638.0,-9282638.0,44
2015-12-17,-9282638.0,-9282638.0,-9282638.0,-9282638.0,0
2015-12-18,-9282638.0,-9282638.0,-9282638.0,-9282638.0,0
2015-12-21,-9282638.0,-9282638.0,-9282638.0,-9282638.0,0
2015-12-22,-9771197.0,-9771197.0,-9771197.0,-9771197.0,20
2015-12-23,-9771197.0,-9771197.0,-9771197.0,-9771197.0,0
2015-12-28,-9771197.0,-9771197.0,-9771197.0,-9771197.0,0
2015-12-29,-9771197.0,-9771197.0,-9771197.0,-9771197.0,0
2015-12-30,-9771197.0,-9771197.0,-9771197.0,-9771197.0,0
2016-01-04,-9771197.0,-9771197.0,-9771197.0,-9771197.0,0
2016-01-05,-9771197.0,-9771197.0,-9771197.0,-9771197.0,0
2016-01-06,-9771197.0,-9771197.0,-9771197.0,-9771197.0,0
2016-01-07,-9771197.0,-9771197.0,-9771197.0,-9771197.0,0
2016-01-08,-9771197.0,-9771197.0,-9771197.0,-9771197.0,10
2016-01-12,-9771197.0,-9771197.0,-9771197.0,-9771197.0,0
2016-01-13,-9771197.0,-9771197.0,-9771197.0,-9771197.0,5700
2016-01-14,-9771197.0,-9771197.0,-9771197.0,-9771197.0,60
2016-01-15,-9771197.0,-9771197.0,-9771197.0,-9771197.0,0
2016-01-18,-9771197.0,-9771197.0,-9771197.0,-9771197.0,0
2016-01-19,-9771197.0,-9771197.0,-9771197.0,-9771197.0,30
2016-01-20,-9771197.0,-9771197.0,-9771197.0,-9771197.0,0
2016-01-21,-8549797.0,-8549797.0,-8549797.0,-8549797.0,616
2016-01-22,-8549797.0,-8549797.0,-8549797.0,-8549797.0,0
2016-01-25,-8549797.0,-8549797.0,-8549797.0,-8549797.0,0
2016-01-26,-8549797.0,-8549797.0,-8549797.0,-8549797.0,0
2016-01-27,-8549797.0,-8549797.0,-8549797.0,-8549797.0,18
2016-01-28,-8549797.0,-8549797.0,-8549797.0,-8549797.0,0
2016-01-29,-8549797.0,-8549797.0,-8549797.0,-8549797.0,0
2016-02-01,-8549797.0,-8549797.0,-8549797.0,-8549797.0,0
2016-02-02,-8549797.0,-8549797.0,-8549797.0,-8549797.0,0
2016-02-03,-9771197.0,-9771197.0,-9771197.0,-9771197.0,6000
2016-02-04,-9771197.0,-9771197.0,-9771197.0,-9771197.0,0
2016-02-05,-9771197.0,-9771197.0,-9771197.0,-9771197.0,0
2016-02-10,-9771197.0,-9771197.0,-9771197.0,-9771197.0,0
2016-02-11,-9771197.0,-9771197.0,-9771197.0,-9771197.0,0
2016-02-12,-9771197.0,-9771197.0,-9771197.0,-9771197.0,0
2016-02-15,-9771197.0,-9771197.0,-9771197.0,-9771197.0,0
2016-02-16,-10259757.0,-10259757.0,-10259757.0,-10259757.0,4
2016-02-17,-10015478.0,-10015478.0,-10015478.0,-10015478.0,10078
2016-02-18,-10015478.0,-10015478.0,-10015478.0,-10015478.0,0
2016-02-19,-10259757.0,-10259757.0,-10259757.0,-10259757.0,6610
2016-02-22,-10259757.0,-10259757.0,-10259757.0,-10259757.0,0
2016-02-23,-10504036.0,-10504036.0,-10504036.0,-10504036.0,3900
2016-02-24,-10504036.0,-10504036.0,-10504036.0,-10504036.0,0
2016-02-25,-10504036.0,-10504036.0,-10504036.0,-10504036.0,4172
2016-02-26,-10504036.0,-10504036.0,-10504036.0,-10504036.0,7610
2016-02-29,-10504036.0,-10504036.0,-10504036.0,-10504036.0,0
2016-03-01,-10015478.0,-10015478.0,-10015478.0,-10015478.0,22
2016-03-02,-9771197.0,-9771197.0,-9771197.0,-9771197.0,30
2016-03-03,-9771197.0,-9771197.0,-9771197.0,-9771197.0,40
2016-03-04,-8549797.0,-8549797.0,-8549797.0,-8549797.0,5432
2016-03-07,-8549797.0,-8549797.0,-8549797.0,-8549797.0,0
2016-03-08,-8549797.0,-8549797.0,-8549797.0,-8549797.0,60
2016-03-09,-7328398.5,-7328398.5,-7328398.5,-7328398.5,2050
2016-03-10,-7572678.5,-7572678.5,-7572678.5,-7572678.5,3666
2016-03-11,-7572678.5,-7572678.5,-7572678.5,-7572678.5,0
2016-03-14,-7572678.5,-7572678.5,-7572678.5,-7572678.5,0
2016-03-15,-8549797.0,-8549797.0,-8549797.0,-8549797.0,154
2016-03-16,-7816957.5,-7816957.5,-7816957.5,-7816957.5,1476
2016-03-17,-7816957.5,-7816957.5,-7816957.5,-7816957.5,0
2016-03-18,-7816957.5,-7816957.5,-7816957.5,-7816957.5,70
2016-03-21,-7816957.5,-7816957.5,-7816957.5,-7816957.5,0
2016-03-22,-6839838.5,-6839838.5,-6839838.5,-6839838.5,120
2016-03-23,-6839838.5,-6839838.5,-6839838.5,-6839838.5,0
2016-03-28,-6839838.5,-6839838.5,-6839838.5,-6839838.5,0
2016-03-29,-6839838.5,-6839838.5,-6839838.5,-6839838.5,0
2016-03-30,-6839838.5,-6839838.5,-6839838.5,-6839838.5,0
2016-03-31,-7328398.5,-7328398.5,-7328398.5,-7328398.5,150
2016-04-01,-7328398.5,-7328398.5,-7328398.5,-7328398.5,0
2016-04-04,-7328398.5,-7328398.5,-7328398.5,-7328398.5,0
2016-04-05,-7328398.5,-7328398.5,-7328398.5,-7328398.5,0
2016-04-06,-7328398.5,-7328398.5,-7328398.5,-7328398.5,0
2016-04-07,-7328398.5,-7328398.5,-7328398.5,-7328398.5,32
2016-04-08,-7328398.5,-7328398.5,-7328398.5,-7328398.5,100
2016-04-11,-7328398.5,-7328398.5,-7328398.5,-7328398.5,0
2016-04-12,-7328398.5,-7328398.5,-7328398.5,-7328398.5,0
2016-04-13,-7328398.5,-7328398.5,-7328398.5,-7328398.5,0
2016-04-14,-8794077.0,-8794077.0,-8794077.0,-8794077.0,190
2016-04-15,-8794077.0,-8794077.0,-8794077.0,-8794077.0,2000
2016-04-18,-8794077.0,-8794077.0,-8794077.0,-8794077.0,0
2016-04-20,-8794077.0,-8794077.0,-8794077.0,-8794077.0,0
2016-04-21,-8794077.0,-8794077.0,-8794077.0,-8794077.0,0
2016-04-22,-8794077.0,-8794077.0,-8794077.0,-8794077.0,0
2016-04-25,-8794077.0,-8794077.0,-8794077.0,-8794077.0,0
2016-04-26,-8794077.0,-8794077.0,-8794077.0,-8794077.0,0
2016-04-27,-8794077.0,-8794077.0,-8794077.0,-8794077.0,0
2016-04-28,-8794077.0,-8794077.0,-8794077.0,-8794077.0,0
2016-04-29,-8794077.0,-8794077.0,-8794077.0,-8794077.0,0
2016-05-02,-8794077.0,-8794077.0,-8794077.0,-8794077.0,0
2016-05-03,-9038358.0,-9038358.0,-9038358.0,-9038358.0,236
2016-05-04,-8549797.0,-8549797.0,-8549797.0,-8549797.0,60
2016-05-05,-8549797.0,-8549797.0,-8549797.0,-8549797.0,0
2016-05-06,-8549797.0,-8549797.0,-8549797.0,-8549797.0,0
2016-05-10,-8549797.0,-8549797.0,-8549797.0,-8549797.0,0
2016-05-11,-8061238.0,-8061237.999999999,-8061237.999999999,-8061237.999999999,6340
2016-05-12,-8061238.0,-8061237.999999999,-8061237.999999999,-8061237.999999999,0
2016-05-13,-8061238.0,-8061237.999999999,-8061237.999999999,-8061237.999999999,0
2016-05-16,-8061238.0,-8061237.999999999,-8061237.999999999,-8061237.999999999,0
2016-05-17,-8061238.0,-8061237.999999999,-8061237.999999999,-8061237.999999999,0
2016-05-18,-8061238.0,-8061237.999999999,-8061237.999999999,-8061237.999999999,0
2016-05-19,-8061238.0,-8061237.999999999,-8061237.999999999,-8061237.999999999,5748
2016-05-20,-8061238.0,-8061237.999999999,-8061237.999999999,-8061237.999999999,0
2016-05-23,-8061238.0,-8061237.999999999,-8061237.999999999,-8061237.999999999,0
2016-05-24,-8061238.0,-8061237.999999999,-8061237.999999999,-8061237.999999999,3000
2016-05-25,-8061238.0,-8061237.999999999,-8061237.999999999,-8061237.999999999,3960
2016-05-26,-8061238.0,-8061237.999999999,-8061237.999999999,-8061237.999999999,7180
2016-05-27,-8061238.0,-8061237.999999999,-8061237.999999999,-8061237.999999999,0
2016-05-31,-8061238.0,-8061237.999999999,-8061237.999999999,-8061237.999999999,0
2016-06-01,-8061238.0,-8061237.999999999,-8061237.999999999,-8061237.999999999,6258
2016-06-02,-8305517.0,-8305517.0,-8305517.0,-8305517.0,60
2016-06-03,-8305517.0,-8305517.0,-8305517.0,-8305517.0,0
2016-06-06,-8305517.0,-8305517.0,-8305517.0,-8305517.0,0
2016-06-07,-8305517.0,-8305517.0,-8305517.0,-8305517.0,0
2016-06-08,-8305517.0,-8305517.0,-8305517.0,-8305517.0,3374
2016-06-09,-7328398.5,-7328398.5,-7328398.5,-7328398.5,86
2016-06-10,-8794077.0,-8794077.0,-8794077.0,-8794077.0,5536
2016-06-13,-8305517.0,-8305517.0,-8305517.0,-8305517.0,2000
2016-06-14,-8305517.0,-8305517.0,-8305517.0,-8305517.0,0
2016-06-15,-7328398.5,-7328398.5,-7328398.5,-7328398.5,600
2016-06-16,-7328398.5,-7328398.5,-7328398.5,-7328398.5,80
2016-06-17,-7328398.5,-7328398.5,-7328398.5,-7328398.5,0
2016-06-20,-7328398.5,-7328398.5,-7328398.5,-7328398.5,0
2016-06-21,-6839838.5,-6839838.5,-6839838.5,-6839838.5,8110
2016-06-22,-6839838.5,-6839838.5,-6839838.5,-6839838.5,0
2016-06-23,-6839838.5,-6839838.5,-6839838.5,-6839838.5,0
2016-06-27,-6839838.5,-6839838.5,-6839838.5,-6839838.5,0
2016-06-28,-6839838.5,-6839838.5,-6839838.5,-6839838.5,1900
2016-06-29,-6839838.5,-6839838.5,-6839838.5,-6839838.5,0
2016-06-30,-6839838.5,-6839838.5,-6839838.5,-6839838.5,0
2016-07-01,-6595557.0,-6595557.0,-6595557.0,-6595557.0,348
2016-07-06,-6595557.0,-6595557.0,-6595557.0,-6595557.0,20
2016-07-07,-6595557.0,-6595557.0,-6595557.0,-6595557.0,0
2016-07-08,-6839838.5,-6839838.5,-6839838.5,-6839838.5,6768
2016-07-11,-6839838.5,-6839838.5,-6839838.5,-6839838.5,0
2016-07-12,-7084118.0,-7084118.000000001,-7084118.000000001,-7084118.000000001,60
2016-07-13,-6839838.5,-6839838.5,-6839838.5,-6839838.5,678
2016-07-14,-6839838.5,-6839838.5,-6839838.5,-6839838.5,100
2016-07-15,-6839838.5,-6839838.5,-6839838.5,-6839838.5,0
2016-07-18,-6839838.5,-6839838.5,-6839838.5,-6839838.5,0
2016-07-19,-6839838.5,-6839838.5,-6839838.5,-6839838.5,0
2016-07-20,-7328398.5,-7328398.5,-7328398.5,-7328398.5,138
2016-07-21,-7328398.5,-7328398.5,-7328398.5,-7328398.5,0
2016-07-22,-7328398.5,-7328398.5,-7328398.5,-7328398.5,0
2016-07-25,-7328398.5,-7328398.5,-7328398.5,-7328398.5,0
2016-07-26,-7328398.5,-7328398.5,-7328398.5,-7328398.5,0
2016-07-27,-6106997.5,-6106997.5,-6106997.5,-6106997.5,86
2016-07-28,-6106997.5,-6106997.5,-6106997.5,-6106997.5,2780
2016-07-29,-6839838.5,-6839838.5,-6839838.5,-6839838.5,226
2016-08-01,-7084118.0,-7084118.000000001,-7084118.000000001,-7084118.000000001,9906
2016-08-02,-7084118.0,-7084118.000000001,-7084118.000000001,-7084118.000000001,1122
2016-08-03,-7084118.0,-7084118.000000001,-7084118.000000001,-7084118.000000001,0
2016-08-04,-7084118.0,-7084118.000000001,-7084118.000000001,-7084118.000000001,5364
2016-08-05,-7084118.0,-7084118.000000001,-7084118.000000001,-7084118.000000001,0
2016-08-08,-7084118.0,-7084118.000000001,-7084118.000000001,-7084118.000000001,0
2016-08-09,-7084118.0,-7084118.000000001,-7084118.000000001,-7084118.000000001,0
2016-08-10,-7084118.0,-7084118.000000001,-7084118.000000001,-7084118.000000001,0
2016-08-11,-7084118.0,-7084118.000000001,-7084118.000000001,-7084118.000000001,0
2016-08-12,-7084118.0,-7084118.000000001,-7084118.000000001,-7084118.000000001,0
2016-08-16,-7084118.0,-7084118.000000001,-7084118.000000001,-7084118.000000001,0
2016-08-17,-7084118.0,-7084118.000000001,-7084118.000000001,-7084118.000000001,0
2016-08-18,-7084118.0,-7084118.000000001,-7084118.000000001,-7084118.000000001,0
2016-08-19,-7084118.0,-7084118.000000001,-7084118.000000001,-7084118.000000001,0
2016-08-22,-7084118.0,-7084118.000000001,-7084118.000000001,-7084118.000000001,0
2016-08-23,-5862718.5,-5862718.5,-5862718.5,-5862718.5,166
2016-08-24,-5862718.5,-5862718.5,-5862718.5,-5862718.5,3752
2016-08-25,-5862718.5,-5862718.5,-5862718.5,-5862718.5,5888
2016-08-26,-5862718.5,-5862718.5,-5862718.5,-5862718.5,8470
2016-08-29,-5862718.5,-5862718.5,-5862718.5,-5862718.5,0
2016-08-30,-5862718.5,-5862718.5,-5862718.5,-5862718.5,0
2016-08-31,-5862718.5,-5862718.5,-5862718.5,-5862718.5,0
2016-09-01,-5862718.5,-5862718.5,-5862718.5,-5862718.5,3576
2016-09-02,-5862718.5,-5862718.5,-5862718.5,-5862718.5,0
2016-09-05,-5862718.5,-5862718.5,-5862718.5,-5862718.5,0
2016-09-06,-5862718.5,-5862718.5,-5862718.5,-5862718.5,0
2016-09-07,-5862718.5,-5862718.5,-5862718.5,-5862718.5,0
2016-09-08,-5862718.5,-5862718.5,-5862718.5,-5862718.5,0
2016-09-09,-5862718.5,-5862718.5,-5862718.5,-5862718.5,0
2016-09-12,-5862718.5,-5862718.5,-5862718.5,-5862718.5,200
2016-09-13,-5862718.5,-5862718.5,-5862718.5,-5862718.5,0
2016-09-14,-5862718.5,-5862718.5,-5862718.5,-5862718.5,0
2016-09-15,-7328398.5,-7328398.5,-7328398.5,-7328398.5,548
2016-09-16,-8061238.0,-8061237.999999999,-8061237.999999999,-8061237.999999999,326
2016-09-19,-8061238.0,-8061237.999999999,-8061237.999999999,-8061237.999999999,0
2016-09-20,-8061238.0,-8061237.999999999,-8061237.999999999,-8061237.999999999,6020
2016-09-21,-8061238.0,-8061237.999999999,-8061237.999999999,-8061237.999999999,600
2016-09-22,-8305517.0,-8305517.0,-8305517.0,-8305517.0,200
2016-09-23,-8305517.0,-8305517.0,-8305517.0,-8305517.0,0
2016-09-26,-8061238.0,-8061237.999999999,-8061237.999999999,-8061237.999999999,2082
2016-09-27,-8061238.0,-8061237.999999999,-8061237.999999999,-8061237.999999999,3404
2016-09-28,-8061238.0,-8061237.999999999,-8061237.999999999,-8061237.999999999,0
2016-09-29,-8305517.0,-8305517.0,-8305517.0,-8305517.0,74
2016-09-30,-8549797.0,-8549797.0,-8549797.0,-8549797.0,116
2016-10-03,-8549797.0,-8549797.0,-8549797.0,-8549797.0,0
2016-10-04,-8549797.0,-8549797.0,-8549797.0,-8549797.0,0
2016-10-05,-8061238.0,-8061237.999999999,-8061237.999999999,-8061237.999999999,600
2016-10-06,-8061238.0,-8061237.999999999,-8061237.999999999,-8061237.999999999,0
2016-10-07,-8549797.0,-8549797.0,-8549797.0,-8549797.0,260
2016-10-10,-8549797.0,-8549797.0,-8549797.0,-8549797.0,0
2016-10-11,-8549797.0,-8549797.0,-8549797.0,-8549797.0,2000
2016-10-13,-8794077.0,-8794077.0,-8794077.0,-8794077.0,5422
2016-10-14,-8794077.0,-8794077.0,-8794077.0,-8794077.0,0
2016-10-17,-9526918.0,-9526918.0,-9526918.0,-9526918.0,6374
2016-10-18,-10015478.0,-10015478.0,-10015478.0,-10015478.0,1400
2016-10-19,-10748319.0,-10748319.0,-10748319.0,-10748319.0,2000
2016-10-20,-11481158.0,-11481158.0,-11481158.0,-11481158.0,750
2016-10-21,-11481158.0,-11481158.0,-11481158.0,-11481158.0,100
2016-10-24,-11481158.0,-11481158.0,-11481158.0,-11481158.0,0
2016-10-25,-12213995.0,-12213995.0,-12213995.0,-12213995.0,1200
2016-10-26,-12458277.0,-12458277.0,-12458277.0,-12458277.0,310
2016-10-27,-12458277.0,-12458277.0,-12458277.0,-12458277.0,800
2016-10-28,-12458277.0,-12458277.0,-12458277.0,-12458277.0,0
2016-10-31,-12458277.0,-12458277.0,-12458277.0,-12458277.0,100
2016-11-01,-12213995.0,-12213995.0,-12213995.0,-12213995.0,490
2016-11-02,-12458277.0,-12458277.0,-12458277.0,-12458277.0,250
2016-11-03,-12458277.0,-12458277.0,-12458277.0,-12458277.0,215000
2016-11-04,-12458277.0,-12458277.0,-12458277.0,-12458277.0,8278
2016-11-08,-12702557.0,-12702557.0,-12702557.0,-12702557.0,800
2016-11-09,-12702557.0,-12702557.0,-12702557.0,-12702557.0,0
2016-11-10,-14168236.0,-14168236.000000002,-14168236.000000002,-14168236.000000002,24742
2016-11-11,-16122476.0,-16122475.999999998,-16122475.999999998,-16122475.999999998,5502
2016-11-14,-17099594.0,-17099594.0,-17099594.0,-17099594.0,9986
2016-11-15,-17099594.0,-17099594.0,-17099594.0,-17099594.0,0
2016-11-16,-17099594.0,-17099594.0,-17099594.0,-17099594.0,5476
2016-11-17,-19542394.0,-19542394.0,-19542394.0,-19542394.0,38
2016-11-18,-17099594.0,-17099594.0,-17099594.0,-17099594.0,600
2016-11-21,-17099594.0,-17099594.0,-17099594.0,-17099594.0,4222
2016-11-22,-16855316.0,-16855316.0,-16855316.0,-16855316.0,908
2016-11-23,-16855316.0,-16855316.0,-16855316.0,-16855316.0,2000
2016-11-24,-17099594.0,-17099594.0,-17099594.0,-17099594.0,1534
2016-11-25,-17099594.0,-17099594.0,-17099594.0,-17099594.0,0
2016-11-28,-19053836.0,-19053836.0,-19053836.0,-19053836.0,54
2016-11-29,-19542394.0,-19542394.0,-19542394.0,-19542394.0,13064
2016-11-30,-20519514.0,-20519514.0,-20519514.0,-20519514.0,1020
2016-12-01,-24427990.0,-24427990.0,-24427990.0,-24427990.0,1270
2016-12-02,-22229472.0,-22229472.0,-22229472.0,-22229472.0,9140
2016-12-05,-22229472.0,-22229472.0,-22229472.0,-22229472.0,14488
2016-12-06,-23206596.0,-23206596.0,-23206596.0,-23206596.0,690
2016-12-07,-24427990.0,-24427990.0,-24427990.0,-24427990.0,44
2016-12-08,-24427990.0,-24427990.0,-24427990.0,-24427990.0,0
2016-12-09,-24427990.0,-24427990.0,-24427990.0,-24427990.0,1170
2016-12-13,-24427990.0,-24427990.0,-24427990.0,-24427990.0,80
2016-12-14,-19542394.0,-19542394.0,-19542394.0,-19542394.0,1208
2016-12-15,-19542394.0,-19542394.0,-19542394.0,-19542394.0,7914
2016-12-16,-19542394.0,-19542394.0,-19542394.0,-19542394.0,0
2016-12-19,-19542394.0,-19542394.0,-19542394.0,-19542394.0,0
2016-12-20,-19542394.0,-19542394.0,-19542394.0,-19542394.0,0
2016-12-21,-19542394.0,-19542394.0,-19542394.0,-19542394.0,0
2016-12-22,-19542394.0,-19542394.0,-19542394.0,-19542394.0,0
2016-12-23,-19542394.0,-19542394.0,-19542394.0,-19542394.0,0
2016-12-26,-19542394.0,-19542394.0,-19542394.0,-19542394.0,0
2016-12-27,-21985198.0,-21985198.0,-21985198.0,-21985198.0,3288
2016-12-28,-22962316.0,-22962316.0,-22962316.0,-22962316.0,2
2016-12-29,-22962316.0,-22962316.0,-22962316.0,-22962316.0,30
2016-12-30,-22962316.0,-22962316.0,-22962316.0,-22962316.0,60
2017-01-02,-22962316.0,-22962316.0,-22962316.0,-22962316.0,0
2017-01-03,-22962316.0,-22962316.0,-22962316.0,-22962316.0,0
2017-01-04,-22962316.0,-22962316.0,-22962316.0,-22962316.0,0
2017-01-05,-22962316.0,-22962316.0,-22962316.0,-22962316.0,0
2017-01-09,-18565276.0,-18565276.0,-18565276.0,-18565276.0,0
2017-01-10,-18565276.0,-18565276.0,-18565276.0,-18565276.0,0
2017-01-11,-19542394.0,-19542394.0,-19542394.0,-19542394.0,100
2017-01-12,-15633915.0,-15633915.0,-15633915.0,-15633915.0,7796
2017-01-13,-15633915.0,-15633915.0,-15633915.0,-15633915.0,316
2017-01-16,-15633915.0,-15633915.0,-15633915.0,-15633915.0,0
2017-01-17,-15633915.0,-15633915.0,-15633915.0,-15633915.0,0
2017-01-18,-15878196.0,-15878196.0,-15878196.0,-15878196.0,120
2017-01-19,-15878196.0,-15878196.0,-15878196.0,-15878196.0,0
2017-01-20,-15878196.0,-15878196.0,-15878196.0,-15878196.0,184
2017-01-23,-15633915.0,-15633915.0,-15633915.0,-15633915.0,1724
2017-01-24,-15633915.0,-15633915.0,-15633915.0,-15633915.0,0
2017-01-25,-15633915.0,-15633915.0,-15633915.0,-15633915.0,400
2017-01-26,-16122476.0,-16122475.999999998,-16122475.999999998,-16122475.999999998,10200
2017-01-27,-17099594.0,-17099594.0,-17099594.0,-17099594.0,56
2017-01-30,-17099594.0,-17099594.0,-17099594.0,-17099594.0,0
2017-01-31,-18320996.0,-18320996.0,-18320996.0,-18320996.0,400
2017-02-01,-18320996.0,-18320996.0,-18320996.0,-18320996.0,0
2017-02-02,-19542394.0,-19542394.0,-19542394.0,-19542394.0,10300
2017-02-03,-19542394.0,-19542394.0,-19542394.0,-19542394.0,4200
2017-02-06,-21496638.0,-21496638.0,-21496638.0,-21496638.0,440
2017-02-07,-21496638.0,-21496638.0,-21496638.0,-21496638.0,0
2017-02-08,-21496638.0,-21496638.0,-21496638.0,-21496638.0,200
2017-02-09,-21496638.0,-21496638.0,-21496638.0,-21496638.0,100
2017-02-10,-21496638.0,-21496638.0,-21496638.0,-21496638.0,2200
2017-02-13,-22473756.0,-22473756.0,-22473756.0,-22473756.0,410
2017-02-14,-22473756.0,-22473756.0,-22473756.0,-22473756.0,104
2017-02-15,-22473756.0,-22473756.0,-22473756.0,-22473756.0,1000
2017-02-16,-23450874.0,-23450874.0,-23450874.0,-23450874.0,980
2017-02-17,-40306184.0,-40306184.0,-40306184.0,-40306184.0,3768
2017-02-20,-40306184.0,-40306184.0,-40306184.0,-40306184.0,3912
2017-02-21,-40306184.0,-40306184.0,-40306184.0,-40306184.0,0
2017-02-22,-36641992.0,-36641992.0,-36641992.0,-36641992.0,230
2017-02-23,-30534990.0,-30534990.0,-30534990.0,-30534990.0,1860
2017-02-24,-30534990.0,-30534990.0,-30534990.0,-30534990.0,0
2017-03-01,-30534990.0,-30534990.0,-30534990.0,-30534990.0,150
2017-03-02,-30534990.0,-30534990.0,-30534990.0,-30534990.0,584
2017-03-03,-30534990.0,-30534990.0,-30534990.0,-30534990.0,1280
2017-03-06,-36641992.0,-36641992.0,-36641992.0,-36641992.0,5086
2017-03-07,-36641992.0,-36641992.0,-36641992.0,-36641992.0,0
2017-03-08,-38840512.0,-38840512.0,-38840512.0,-38840512.0,7256
2017-03-09,-38840512.0,-38840512.0,-38840512.0,-38840512.0,0
2017-03-10,-38840512.0,-38840512.0,-38840512.0,-38840512.0,0
2017-03-13,-38840512.0,-38840512.0,-38840512.0,-38840512.0,0
2017-03-14,-39084788.0,-39084788.0,-39084788.0,-39084788.0,2440
2017-03-15,-39084788.0,-39084788.0,-39084788.0,-39084788.0,0
2017-03-16,-39084788.0,-39084788.0,-39084788.0,-39084788.0,4202
2017-03-17,-39084788.0,-39084788.0,-39084788.0,-39084788.0,5650
2017-03-20,-39084788.0,-39084788.0,-39084788.0,-39084788.0,0
2017-03-21,-39084788.0,-39084788.0,-39084788.0,-39084788.0,6000
2017-03-22,-39084788.0,-39084788.0,-39084788.0,-39084788.0,4916
2017-03-23,-41527588.0,-41527588.0,-41527588.0,-41527588.0,10490
2017-03-24,-40306184.0,-40306184.0,-40306184.0,-40306184.0,1600
2017-03-27,-40306184.0,-40306184.0,-40306184.0,-40306184.0,17704
2017-03-28,-41527588.0,-41527588.0,-41527588.0,-41527588.0,8428
2017-03-29,-40306184.0,-40306184.0,-40306184.0,-40306184.0,3040
2017-03-30,-41527588.0,-41527588.0,-41527588.0,-41527588.0,13064
2017-03-31,-41527588.0,-41527588.0,-41527588.0,-41527588.0,0
2017-04-03,-41527588.0,-41527588.0,-41527588.0,-41527588.0,12408
2017-04-04,-43970396.0,-43970396.0,-43970396.0,-43970396.0,9800
2017-04-05,-42748988.0,-42748988.0,-42748988.0,-42748988.0,600
2017-04-06,-43970396.0,-43970396.0,-43970396.0,-43970396.0,2200
2017-04-07,-45191788.0,-45191788.0,-45191788.0,-45191788.0,400
2017-04-10,-45191788.0,-45191788.0,-45191788.0,-45191788.0,5082
2017-04-11,-45191788.0,-45191788.0,-45191788.0,-45191788.0,2750
2017-04-12,-46413192.0,-46413192.0,-46413192.0,-46413192.0,400
2017-04-17,-46413192.0,-46413192.0,-46413192.0,-46413192.0,18
2017-04-18,-46413192.0,-46413192.0,-46413192.0,-46413192.0,2782
2017-04-20,-47634580.0,-47634580.0,-47634580.0,-47634580.0,2518
2017-04-21,-48855980.0,-48855980.0,-48855980.0,-48855980.0,2200
2017-04-24,-48855980.0,-48855980.0,-48855980.0,-48855980.0,6780
2017-04-25,-51298780.0,-51298779.99999999,-51298779.99999999,-51298779.99999999,3400
2017-04-26,-58627188.0,-58627188.0,-58627188.0,-58627188.0,4260
2017-04-27,-51298780.0,-51298779.99999999,-51298779.99999999,-51298779.99999999,1000
2017-04-28,-57405780.0,-57405780.0,-57405780.0,-57405780.0,10
2017-05-02,-58627188.0,-58627188.0,-58627188.0,-58627188.0,1090
2017-05-03,-58627188.0,-58627188.0,-58627188.0,-58627188.0,2100
2017-05-04,-60825712.0,-60825712.0,-60825712.0,-60825712.0,5452
2017-05-05,-65955584.0,-65955584.0,-65955584.0,-65955584.0,96
2017-05-08,-65955584.0,-65955584.0,-65955584.0,-65955584.0,0
2017-05-09,-68398376.0,-68398376.0,-68398376.0,-68398376.0,5684
2017-05-10,-73283984.0,-73283984.0,-73283984.0,-73283984.0,1362
2017-05-11,-73283984.0,-73283984.0,-73283984.0,-73283984.0,60
2017-05-12,-73283984.0,-73283984.0,-73283984.0,-73283984.0,0
2017-05-15,-75726784.0,-75726784.0,-75726784.0,-75726784.0,26
2017-05-16,-73283984.0,-73283984.0,-73283984.0,-73283984.0,1656
2017-05-17,-73283984.0,-73283984.0,-73283984.0,-73283984.0,160
2017-05-18,-73283984.0,-73283984.0,-73283984.0,-73283984.0,62014
2017-05-19,-73283984.0,-73283984.0,-73283984.0,-73283984.0,3800
2017-05-22,-73283984.0,-73283984.0,-73283984.0,-73283984.0,1186
2017-05-23,-73283984.0,-73283984.0,-73283984.0,-73283984.0,0
2017-05-24,-72062576.0,-72062576.0,-72062576.0,-72062576.0,3328
2017-05-26,-73283984.0,-73283984.0,-73283984.0,-73283984.0,3470
2017-05-29,-73283984.0,-73283984.0,-73283984.0,-73283984.0,0
2017-05-30,-73283984.0,-73283984.0,-73283984.0,-73283984.0,2890
2017-05-31,-73283984.0,-73283984.0,-73283984.0,-73283984.0,1600
2017-06-01,-73283984.0,-73283984.0,-73283984.0,-73283984.0,1400
2017-06-02,-73283984.0,-73283984.0,-73283984.0,-73283984.0,4996
2017-06-05,-73283984.0,-73283984.0,-73283984.0,-73283984.0,0
2017-06-06,-73283984.0,-73283984.0,-73283984.0,-73283984.0,2000
2017-06-07,-74505384.0,-74505384.0,-74505384.0,-74505384.0,14200
2017-06-08,-78169576.0,-78169576.0,-78169576.0,-78169576.0,2100
2017-06-09,-75726784.0,-75726784.0,-75726784.0,-75726784.0,13092
2017-06-12,-76948176.0,-76948176.0,-76948176.0,-76948176.0,988
2017-06-13,-87940792.0,-87940792.0,-87940792.0,-87940792.0,21780
2017-06-14,-90383576.0,-90383576.0,-90383576.0,-90383576.0,4024
2017-06-16,-97711960.0,-97711960.0,-97711960.0,-97711960.0,3248
2017-06-20,-107483152.0,-107483152.0,-107483152.0,-107483152.0,8386
2017-06-21,-112368784.0,-112368784.0,-112368784.0,-112368784.0,1016
2017-06-22,-112368784.0,-112368784.0,-112368784.0,-112368784.0,36
2017-06-23,-105040376.0,-105040376.0,-105040376.0,-105040376.0,1136
2017-06-26,-106261784.0,-106261784.00000001,-106261784.00000001,-106261784.00000001,2598
2017-06-27,-106261784.0,-106261784.00000001,-106261784.00000001,-106261784.00000001,200
2017-06-28,-105040376.0,-105040376.0,-105040376.0,-105040376.0,2496
2017-06-30,-105040376.0,-105040376.0,-105040376.0,-105040376.0,0
2017-07-03,-105040376.0,-105040376.0,-105040376.0,-105040376.0,0
2017-07-04,-107483152.0,-107483152.0,-107483152.0,-107483152.0,200
2017-07-06,-105040376.0,-105040376.0,-105040376.0,-105040376.0,2056
2017-07-07,-87940792.0,-87940792.0,-87940792.0,-87940792.0,36
2017-07-10,-87940792.0,-87940792.0,-87940792.0,-87940792.0,0
2017-07-11,-87940792.0,-87940792.0,-87940792.0,-87940792.0,696
2017-07-12,-87940792.0,-87940792.0,-87940792.0,-87940792.0,0
2017-07-13,-103818984.0,-103818984.0,-103818984.0,-103818984.0,2526
2017-07-14,-103818984.0,-103818984.0,-103818984.0,-103818984.0,10
2017-07-17,-106261784.0,-106261784.00000001,-106261784.00000001,-106261784.00000001,96
2017-07-18,-104063240.0,-104063240.0,-104063240.0,-104063240.0,100
2017-07-19,-106261784.0,-106261784.00000001,-106261784.00000001,-106261784.00000001,36
2017-07-20,-106261784.0,-106261784.00000001,-106261784.00000001,-106261784.00000001,0
2017-07-21,-105040376.0,-105040376.0,-105040376.0,-105040376.0,260
2017-07-25,-105040376.0,-105040376.0,-105040376.0,-105040376.0,35094
2017-07-26,-105040376.0,-105040376.0,-105040376.0,-105040376.0,0
2017-07-27,-105040376.0,-105040376.0,-105040376.0,-105040376.0,0
2017-07-28,-106261784.0,-106261784.00000001,-106261784.00000001,-106261784.00000001,3700
2017-07-31,-105040376.0,-105040376.0,-105040376.0,-105040376.0,15774
2017-08-01,-105040376.0,-105040376.0,-105040376.0,-105040376.0,0
2017-08-02,-105040376.0,-105040376.0,-105040376.0,-105040376.0,840
2017-08-03,-122139960.0,-122139960.0,-122139960.0,-122139960.0,2190
2017-08-04,-146567968.0,-146567968.0,-146567968.0,-146567968.0,120
2017-08-07,-153896352.0,-153896352.0,-153896352.0,-153896352.0,2374
2017-08-08,-141682368.0,-141682368.0,-141682368.0,-141682368.0,7352
2017-08-09,-141682368.0,-141682368.0,-141682368.0,-141682368.0,340
2017-08-10,-141682368.0,-141682368.0,-141682368.0,-141682368.0,0
2017-08-11,-156339152.0,-156339152.0,-156339152.0,-156339152.0,3898
2017-08-14,-156339152.0,-156339152.0,-156339152.0,-156339152.0,0
2017-08-16,-134353984.0,-134353984.0,-134353984.0,-134353984.0,80
2017-08-17,-134353984.0,-134353984.0,-134353984.0,-134353984.0,0
2017-08-18,-134353984.0,-134353984.0,-134353984.0,-134353984.0,0
2017-08-21,-146567968.0,-146567968.0,-146567968.0,-146567968.0,280
2017-08-22,-153896352.0,-153896352.0,-153896352.0,-153896352.0,2400
2017-08-23,-153896352.0,-153896352.0,-153896352.0,-153896352.0,640
2017-08-24,-153896352.0,-153896352.0,-153896352.0,-153896352.0,1710
2017-08-25,-153896352.0,-153896352.0,-153896352.0,-153896352.0,0
2017-08-28,-151453568.0,-151453568.0,-151453568.0,-151453568.0,8960
2017-08-29,-151453568.0,-151453568.0,-151453568.0,-151453568.0,0
2017-08-30,-156339152.0,-156339152.0,-156339152.0,-156339152.0,2200
2017-08-31,-156339152.0,-156339152.0,-156339152.0,-156339152.0,50
2017-09-01,-268707968.0,-268707968.0,-268707968.0,-268707968.0,290
2017-09-04,-160003360.0,-160003360.0,-160003360.0,-160003360.0,588
2017-09-05,-166110352.0,-166110352.0,-166110352.0,-166110352.0,4044
2017-09-06,-170995952.0,-170995952.0,-170995952.0,-170995952.0,40
2017-09-07,-175881584.0,-175881584.0,-175881584.0,-175881584.0,1082
2017-09-08,-175881584.0,-175881584.0,-175881584.0,-175881584.0,0
2017-09-12,-180767152.0,-180767152.0,-180767152.0,-180767152.0,5206
2017-09-13,-190538320.0,-190538320.0,-190538320.0,-190538320.0,7926
2017-09-14,-205195120.0,-205195119.99999997,-205195119.99999997,-205195119.99999997,72
2017-09-15,-207637968.0,-207637968.0,-207637968.0,-207637968.0,60
2017-09-18,-244279920.0,-244279920.0,-244279920.0,-244279920.0,14
2017-09-19,-256493920.0,-256493920.00000003,-256493920.00000003,-256493920.00000003,586
2017-09-20,-256493920.0,-256493920.00000003,-256493920.00000003,-256493920.00000003,64
2017-09-21,-244279920.0,-244279920.0,-244279920.0,-244279920.0,2046
2017-09-22,-244279920.0,-244279920.0,-244279920.0,-244279920.0,23892
2017-09-25,-244279920.0,-244279920.0,-244279920.0,-244279920.0,0
2017-09-26,-268707968.0,-268707968.0,-268707968.0,-268707968.0,290
2017-09-27,-256493920.0,-256493920.00000003,-256493920.00000003,-256493920.00000003,4024
2017-09-28,-249165536.0,-249165536.0,-249165536.0,-249165536.0,3000
2017-09-29,-249165536.0,-249165536.0,-249165536.0,-249165536.0,0
2017-10-02,-268707968.0,-268707968.0,-268707968.0,-268707968.0,250
2017-10-03,-268707968.0,-268707968.0,-268707968.0,-268707968.0,212
2017-10-04,-268952160.0,-268952160.0,-268952160.0,-268952160.0,1372
2017-10-05,-268952160.0,-268952160.0,-268952160.0,-268952160.0,130152
2017-10-06,-271395008.0,-271395008.0,-271395008.0,-271395008.0,260
2017-10-09,-268707968.0,-268707968.0,-268707968.0,-268707968.0,340
2017-10-10,-268707968.0,-268707968.0,-268707968.0,-268707968.0,0
2017-10-11,-268707968.0,-268707968.0,-268707968.0,-268707968.0,20496
2017-10-13,-282143328.0,-282143328.0,-282143328.0,-282143328.0,116
2017-10-16,-317563936.0,-317563936.0,-317563936.0,-317563936.0,7812
2017-10-17,-341991904.0,-341991904.0,-341991904.0,-341991904.0,1900
2017-10-18,-378633888.0,-378633888.0,-378633888.0,-378633888.0,1730
2017-10-19,-390847840.0,-390847840.0,-390847840.0,-390847840.0,10950
2017-10-20,-392069248.0,-392069248.0,-392069248.0,-392069248.0,1494
2017-10-23,-439703872.0,-439703872.0,-439703872.0,-439703872.0,6116
2017-10-24,-476345856.0,-476345856.0,-476345856.0,-476345856.0,1622
2017-10-25,-500773920.0,-500773920.0,-500773920.0,-500773920.0,34270
2017-10-26,-512987840.0,-512987840.00000006,-512987840.00000006,-512987840.00000006,1550
2017-10-27,-610699840.0,-610699840.0,-610699840.0,-610699840.0,336
2017-10-30,-635127872.0,-635127872.0,-635127872.0,-635127872.0,13024
2017-10-31,-538148672.0,-538148672.0,-538148672.0,-538148672.0,2906
2017-11-02,-635127872.0,-635127872.0,-635127872.0,-635127872.0,8
2017-11-03,-635127872.0,-635127872.0,-635127872.0,-635127872.0,1470
2017-11-06,-635127872.0,-635127872.0,-635127872.0,-635127872.0,0
2017-11-07,-635127872.0,-635127872.0,-635127872.0,-635127872.0,2902
2017-11-08,-610699840.0,-610699840.0,-610699840.0,-610699840.0,574
2017-11-09,-610699840.0,-610699840.0,-610699840.0,-610699840.0,400
2017-11-10,-604592832.0,-604592832.0,-604592832.0,-604592832.0,57460
2017-11-13,-604104384.0,-604104384.0,-604104384.0,-604104384.0,4424
2017-11-14,-525201856.0,-525201856.0,-525201856.0,-525201856.0,36696
2017-11-15,-525201856.0,-525201856.0,-525201856.0,-525201856.0,222
2017-11-16,-500773920.0,-500773920.0,-500773920.0,-500773920.0,9932
2017-11-17,-500773920.0,-500773920.0,-500773920.0,-500773920.0,0
2017-11-20,-586271872.0,-586271872.0,-586271872.0,-586271872.0,6180
2017-11-21,-561843776.0,-561843776.0,-561843776.0,-561843776.0,9694
2017-11-22,-561843776.0,-561843776.0,-561843776.0,-561843776.0,640
2017-11-23,-561843776.0,-561843776.0,-561843776.0,-561843776.0,10
2017-11-24,-564286656.0,-564286656.0,-564286656.0,-564286656.0,26
2017-11-27,-561843776.0,-561843776.0,-561843776.0,-561843776.0,190
2017-11-28,-488559840.0,-488559840.0,-488559840.0,-488559840.0,3492
2017-11-29,-512987840.0,-512987840.00000006,-512987840.00000006,-512987840.00000006,6440
2017-11-30,-525201856.0,-525201856.0,-525201856.0,-525201856.0,2202
2017-12-01,-610699840.0,-610699840.0,-610699840.0,-610699840.0,19298
2017-12-04,-635127872.0,-635127872.0,-635127872.0,-635127872.0,8484
2017-12-05,-635127872.0,-635127872.0,-635127872.0,-635127872.0,13820
2017-12-06,-622913728.0,-622913728.0,-622913728.0,-622913728.0,6008
2017-12-07,-635127872.0,-635127872.0,-635127872.0,-635127872.0,420
2017-12-11,-635127872.0,-635127872.0,-635127872.0,-635127872.0,0
2017-12-12,-635127872.0,-635127872.0,-635127872.0,-635127872.0,0
2017-12-13,-635127872.0,-635127872.0,-635127872.0,-635127872.0,6600
2017-12-14,-659555840.0,-659555840.0,-659555840.0,-659555840.0,6
2017-12-15,-659555840.0,-659555840.0,-659555840.0,-659555840.0,830
2017-12-18,-610699840.0,-610699840.0,-610699840.0,-610699840.0,3020
2017-12-19,-610699840.0,-610699840.0,-610699840.0,-610699840.0,0
2017-12-20,-610699840.0,-610699840.0,-610699840.0,-610699840.0,0
2017-12-21,-527644672.0,-527644672.0,-527644672.0,-527644672.0,12
2017-12-22,-527644672.0,-527644672.0,-527644672.0,-527644672.0,0
2017-12-26,-527644672.0,-527644672.0,-527644672.0,-527644672.0,600
2017-12-27,-527644672.0,-527644672.0,-527644672.0,-527644672.0,0
2017-12-28,-527644672.0,-527644672.0,-527644672.0,-527644672.0,1000
2017-12-29,-683983808.0,-683983808.0,-683983808.0,-683983808.0,108
2018-01-01,-683983808.0,-683983808.0,-683983808.0,-683983808.0,0
2018-01-02,-683983808.0,-683983808.0,-683983808.0,-683983808.0,0
2018-01-03,-683983808.0,-683983808.0,-683983808.0,-683983808.0,0
2018-01-04,-683983808.0,-683983808.0,-683983808.0,-683983808.0,0
2018-01-05,-683983808.0,-683983808.0,-683983808.0,-683983808.0,0
2018-01-08,-683983808.0,-683983808.0,-683983808.0,-683983808.0,1792
2018-01-09,-683983808.0,-683983808.0,-683983808.0,-683983808.0,0
2018-01-10,-683983808.0,-683983808.0,-683983808.0,-683983808.0,0
2018-01-11,-708411776.0,-708411776.0,-708411776.0,-708411776.0,594
2018-01-12,-708411776.0,-708411776.0,-708411776.0,-708411776.0,6066
2018-01-15,-757267776.0,-757267776.0,-757267776.0,-757267776.0,6116
2018-01-16,-769481792.0,-769481792.0,-769481792.0,-769481792.0,1120
2018-01-17,-769481792.0,-769481792.0,-769481792.0,-769481792.0,0
2018-01-18,-769481792.0,-769481792.0,-769481792.0,-769481792.0,7096
2018-01-19,-854979776.0,-854979776.0,-854979776.0,-854979776.0,4068
2018-01-22,-1013761728.0,-1013761728.0,-1013761728.0,-1013761728.0,13418
2018-01-23,-1172543744.0,-1172543744.0,-1172543744.0,-1172543744.0,246
2018-01-24,-1221399680.0,-1221399680.0,-1221399680.0,-1221399680.0,21262
2018-01-25,-1221399680.0,-1221399680.0,-1221399680.0,-1221399680.0,23012
2018-01-26,-1465679488.0,-1465679488.0,-1465679488.0,-1465679488.0,28790
2018-01-29,-1758815488.0,-1758815488.0,-1758815488.0,-1758815488.0,10538
2018-01-30,-1832099584.0,-1832099584.0,-1832099584.0,-1832099584.0,8118
2018-01-31,-1758815488.0,-1758815488.0,-1758815488.0,-1758815488.0,20416
2018-02-01,-1587819648.0,-1587819648.0,-1587819648.0,-1587819648.0,1308
2018-02-02,-1661103744.0,-1661103744.0,-1661103744.0,-1661103744.0,6142
2018-02-05,-1587819648.0,-1587819648.0,-1587819648.0,-1587819648.0,54
2018-02-06,-1587819648.0,-1587819648.0,-1587819648.0,-1587819648.0,1930
2018-02-07,-1587819648.0,-1587819648.0,-1587819648.0,-1587819648.0,440
2018-02-08,-1587819648.0,-1587819648.0,-1587819648.0,-1587819648.0,10000
2018-02-09,-1587819648.0,-1587819648.0,-1587819648.0,-1587819648.0,0
2018-02-12,-1587819648.0,-1587819648.0,-1587819648.0,-1587819648.0,0
2018-02-13,-1587819648.0,-1587819648.0,-1587819648.0,-1587819648.0,0
2018-02-14,-1856527488.0,-1856527488.0,-1856527488.0,-1856527488.0,776
2018-02-15,-1587819648.0,-1587819648.0,-1587819648.0,-1587819648.0,130
2018-02-16,-1709959552.0,-1709959552.0,-1709959552.0,-1709959552.0,1000
2018-02-19,-1709959552.0,-1709959552.0,-1709959552.0,-1709959552.0,2588
2018-02-20,-1709959552.0,-1709959552.0,-1709959552.0,-1709959552.0,1322
2018-02-21,-1709959552.0,-1709959552.0,-1709959552.0,-1709959552.0,228
2018-02-22,-1832099584.0,-1832099584.0,-1832099584.0,-1832099584.0,4656
2018-02-23,-1807671552.0,-1807671552.0000002,-1807671552.0000002,-1807671552.0000002,176
2018-02-26,-1832099584.0,-1832099584.0,-1832099584.0,-1832099584.0,272
2018-02-27,-1807671552.0,-1807671552.0000002,-1807671552.0000002,-1807671552.0000002,2040
2018-02-28,-1709959552.0,-1709959552.0,-1709959552.0,-1709959552.0,2364
2018-03-01,-1661103744.0,-1661103744.0,-1661103744.0,-1661103744.0,362
2018-03-02,-1612247552.0,-1612247552.0,-1612247552.0,-1612247552.0,1834
2018-03-05,-1612247552.0,-1612247552.0,-1612247552.0,-1612247552.0,6634
2018-03-06,-1709959552.0,-1709959552.0,-1709959552.0,-1709959552.0,5046
2018-03-07,-1709959552.0,-1709959552.0,-1709959552.0,-1709959552.0,0
2018-03-08,-1709959552.0,-1709959552.0,-1709959552.0,-1709959552.0,0
2018-03-09,-1709959552.0,-1709959552.0,-1709959552.0,-1709959552.0,52
2018-03-12,-1709959552.0,-1709959552.0,-1709959552.0,-1709959552.0,0
2018-03-13,-1758815488.0,-1758815488.0,-1758815488.0,-1758815488.0,174
2018-03-14,-1832099584.0,-1832099584.0,-1832099584.0,-1832099584.0,80
2018-03-15,-1832099584.0,-1832099584.0,-1832099584.0,-1832099584.0,2920
2018-03-16,-2198519552.0,-2198519552.0,-2198519552.0,-2198519552.0,8204
2018-03-19,-2198519552.0,-2198519552.0,-2198519552.0,-2198519552.0,0
2018-03-20,-2198519552.0,-2198519552.0,-2198519552.0,-2198519552.0,0
2018-03-21,-2198519552.0,-2198519552.0,-2198519552.0,-2198519552.0,74000
2018-03-22,-2247375104.0,-2247375104.0,-2247375104.0,-2247375104.0,4000
2018-03-23,-2369515520.0,-2369515520.0,-2369515520.0,-2369515520.0,1594
2018-03-26,-2564939520.0,-2564939520.0,-2564939520.0,-2564939520.0,204
2018-03-27,-2564939520.0,-2564939520.0,-2564939520.0,-2564939520.0,15822
2018-03-28,-2687079168.0,-2687079168.0,-2687079168.0,-2687079168.0,344
2018-03-29,-2687079168.0,-2687079168.0,-2687079168.0,-2687079168.0,0
2018-03-30,-2687079168.0,-2687079168.0,-2687079168.0,-2687079168.0,0
2018-04-02,-3175639296.0,-3175639296.0,-3175639296.0,-3175639296.0,900
2018-04-03,-3175639296.0,-3175639296.0,-3175639296.0,-3175639296.0,2022
2018-04-04,-3664199168.0,-3664199168.0,-3664199168.0,-3664199168.0,3164
2018-04-05,-3908478720.0,-3908478720.0,-3908478720.0,-3908478720.0,2340
2018-04-06,-3908478720.0,-3908478720.0,-3908478720.0,-3908478720.0,0
2018-04-09,-4690174976.0,-4690174976.0,-4690174976.0,-4690174976.0,1018
2018-04-10,-7035261952.0,-7035261952.0,-7035261952.0,-7035261952.0,6580
2018-04-11,-7572677632.0,-7572677632.0,-7572677632.0,-7572677632.0,5862
2018-04-12,-8794078208.0,-8794078208.0,-8794078208.0,-8794078208.0,2910
2018-04-13,-9771197440.0,-9771197440.0,-9771197440.0,-9771197440.0,1812
2018-04-16,-9771197440.0,-9771197440.0,-9771197440.0,-9771197440.0,2288
2018-04-17,-11725435904.0,-11725435904.0,-11725435904.0,-11725435904.0,6
2018-04-18,-11725435904.0,-11725435904.0,-11725435904.0,-11725435904.0,72
2018-04-19,-11725435904.0,-11725435904.0,-11725435904.0,-11725435904.0,72
2018-04-20,-11725435904.0,-11725435904.0,-11725435904.0,-11725435904.0,408
2018-04-23,-11725435904.0,-11725435904.0,-11725435904.0,-11725435904.0,0
2018-04-24,-11481155584.0,-11481155584.0,-11481155584.0,-11481155584.0,88
2018-04-25,-9771197440.0,-9771197440.0,-9771197440.0,-9771197440.0,2272
2018-04-26,-9771197440.0,-9771197440.0,-9771197440.0,-9771197440.0,570
2018-04-27,-9771197440.0,-9771197440.0,-9771197440.0,-9771197440.0,134
2018-04-30,-11236877312.0,-11236877312.0,-11236877312.0,-11236877312.0,132
2018-05-01,-11236877312.0,-11236877312.0,-11236877312.0,-11236877312.0,0
2018-05-02,-11236877312.0,-11236877312.0,-11236877312.0,-11236877312.0,0
2018-05-03,-10992598016.0,-10992598016.0,-10992598016.0,-10992598016.0,6
2018-05-04,-10748316672.0,-10748316672.0,-10748316672.0,-10748316672.0,48
2018-05-07,-10381896704.0,-10381896704.0,-10381896704.0,-10381896704.0,250
2018-05-08,-8549796864.0,-8549796864.0,-8549796864.0,-8549796864.0,1000
2018-05-09,-10015476736.0,-10015476736.0,-10015476736.0,-10015476736.0,3726
2018-05-10,-10015476736.0,-10015476736.0,-10015476736.0,-10015476736.0,0
2018-05-11,-11481155584.0,-11481155584.0,-11481155584.0,-11481155584.0,6740
2018-05-14,-11481155584.0,-11481155584.0,-11481155584.0,-11481155584.0,0
2018-05-15,-9771197440.0,-9771197440.0,-9771197440.0,-9771197440.0,3262
2018-05-16,-10259758080.0,-10259758080.0,-10259758080.0,-10259758080.0,8400
2018-05-17,-11236877312.0,-11236877312.0,-11236877312.0,-11236877312.0,118
2018-05-18,-11114737664.0,-11114737664.0,-11114737664.0,-11114737664.0,22112
2018-05-21,-10992598016.0,-10992598016.0,-10992598016.0,-10992598016.0,1062
2018-05-22,-11236877312.0,-11236877312.0,-11236877312.0,-11236877312.0,9026
2018-05-23,-11481155584.0,-11481155584.0,-11481155584.0,-11481155584.0,16
2018-05-24,-11481155584.0,-11481155584.0,-11481155584.0,-11481155584.0,50
2018-05-25,-13435398144.0,-13435398144.0,-13435398144.0,-13435398144.0,330
2018-05-28,-13435398144.0,-13435398144.0,-13435398144.0,-13435398144.0,0
2018-05-29,-15878195200.0,-15878195200.000002,-15878195200.000002,-15878195200.000002,1072
2018-05-30,-15878195200.0,-15878195200.000002,-15878195200.000002,-15878195200.000002,0
2018-05-31,-15878195200.0,-15878195200.000002,-15878195200.000002,-15878195200.000002,0
2018-06-01,-19053834240.0,-19053834240.0,-19053834240.0,-19053834240.0,1020
2018-06-04,-19053834240.0,-19053834240.0,-19053834240.0,-19053834240.0,1020
2018-06-05,-19053834240.0,-19053834240.0,-19053834240.0,-19053834240.0,1156
2018-06-06,-20030953472.0,-20030953472.0,-20030953472.0,-20030953472.0,1658
2018-06-07,-20030953472.0,-20030953472.0,-20030953472.0,-20030953472.0,2868
2018-06-08,-20519516160.0,-20519516160.0,-20519516160.0,-20519516160.0,1340
2018-06-11,-19542394880.0,-19542394880.0,-19542394880.0,-19542394880.0,250
2018-06-12,-20030953472.0,-20030953472.0,-20030953472.0,-20030953472.0,1040
2018-06-13,-19542394880.0,-19542394880.0,-19542394880.0,-19542394880.0,20
2018-06-14,-23939438592.0,-23939438592.0,-23939438592.0,-23939438592.0,5620
2018-06-15,-24427995136.0,-24427995136.0,-24427995136.0,-24427995136.0,2406
2018-06-18,-24427995136.0,-24427995136.0,-24427995136.0,-24427995136.0,2682
2018-06-19,-24427995136.0,-24427995136.0,-24427995136.0,-24427995136.0,456
2018-06-20,-24427995136.0,-24427995136.0,-24427995136.0,-24427995136.0,4046
2018-06-21,-24427995136.0,-24427995136.0,-24427995136.0,-24427995136.0,2824
2018-06-22,-24427995136.0,-24427995136.0,-24427995136.0,-24427995136.0,2770
2018-06-25,-24427995136.0,-24427995136.0,-24427995136.0,-24427995136.0,7508
2018-06-26,-48855990272.0,-48855990272.0,-48855990272.0,-48855990272.0,1724
2018-06-27,-48855990272.0,-48855990272.0,-48855990272.0,-48855990272.0,2610
2018-06-28,-48855990272.0,-48855990272.0,-48855990272.0,-48855990272.0,490
2018-06-29,-48855990272.0,-48855990272.0,-48855990272.0,-48855990272.0,0
2018-07-02,-48855990272.0,-48855990272.0,-48855990272.0,-48855990272.0,0
2018-07-03,-48855990272.0,-48855990272.0,-48855990272.0,-48855990272.0,1214
2018-07-04,-48855990272.0,-48855990272.0,-48855990272.0,-48855990272.0,2630
2018-07-05,-48855990272.0,-48855990272.0,-48855990272.0,-48855990272.0,0
2018-07-06,-48855990272.0,-48855990272.0,-48855990272.0,-48855990272.0,34120
2018-07-09,-48855990272.0,-48855990272.0,-48855990272.0,-48855990272.0,660
2018-07-10,-48855990272.0,-48855990272.0,-48855990272.0,-48855990272.0,68
2018-07-11,-48855990272.0,-48855990272.0,-48855990272.0,-48855990272.0,5024
2018-07-12,-48855990272.0,-48855990272.0,-48855990272.0,-48855990272.0,86
2018-07-13,-48855990272.0,-48855990272.0,-48855990272.0,-48855990272.0,56
2018-07-16,-48855990272.0,-48855990272.0,-48855990272.0,-48855990272.0,982
2018-07-17,-48855990272.0,-48855990272.0,-48855990272.0,-48855990272.0,1014
2018-07-18,-48855990272.0,-48855990272.0,-48855990272.0,-48855990272.0,1030
2018-07-19,-48855990272.0,-48855990272.0,-48855990272.0,-48855990272.0,5230
2018-07-20,-48855990272.0,-48855990272.0,-48855990272.0,-48855990272.0,2132
2018-07-23,-48855990272.0,-48855990272.0,-48855990272.0,-48855990272.0,2612
2018-07-24,-48855990272.0,-48855990272.0,-48855990272.0,-48855990272.0,0
2018-07-25,-48855990272.0,-48855990272.0,-48855990272.0,-48855990272.0,8
2018-07-26,-48855990272.0,-48855990272.0,-48855990272.0,-48855990272.0,40
2018-07-27,-48855990272.0,-48855990272.0,-48855990272.0,-48855990272.0,2150
2018-07-30,-48855990272.0,-48855990272.0,-48855990272.0,-48855990272.0,0
2018-07-31,-48855990272.0,-48855990272.0,-48855990272.0,-48855990272.0,0
2018-08-01,-48855990272.0,-48855990272.0,-48855990272.0,-48855990272.0,14
2018-08-02,-48855990272.0,-48855990272.0,-48855990272.0,-48855990272.0,1330
2018-08-03,-48855990272.0,-48855990272.0,-48855990272.0,-48855990272.0,98
2018-08-06,-48855990272.0,-48855990272.0,-48855990272.0,-48855990272.0,2354
2018-08-07,-48855990272.0,-48855990272.0,-48855990272.0,-48855990272.0,486
2018-08-08,-48855990272.0,-48855990272.0,-48855990272.0,-48855990272.0,100
2018-08-09,-48855990272.0,-48855990272.0,-48855990272.0,-48855990272.0,1984
2018-08-10,-48855990272.0,-48855990272.0,-48855990272.0,-48855990272.0,1022
2018-08-13,-48855990272.0,-48855990272.0,-48855990272.0,-48855990272.0,3674
2018-08-14,-48855990272.0,-48855990272.0,-48855990272.0,-48855990272.0,574418
2018-08-15,-48855990272.0,-48855990272.0,-48855990272.0,-48855990272.0,0
2018-08-16,-73283977216.0,-73283977216.0,-73283977216.0,-73283977216.0,16
2018-08-17,-73283977216.0,-73283977216.0,-73283977216.0,-73283977216.0,0
2018-08-20,-73283977216.0,-73283977216.0,-73283977216.0,-73283977216.0,0
2018-08-21,-1221399.625,-1221399.625,-1221399.625,-1221399.625,144
2018-08-22,-1465679.625,-1465679.625,-1465679.625,-1465679.625,672
2018-08-23,-1221399.625,-1221399.625,-1221399.625,-1221399.625,194
2018-08-24,-1465679.625,-1465679.625,-1465679.625,-1465679.625,3370
2018-08-27,-1465679.625,-1465679.625,-1465679.625,-1465679.625,2866
2018-08-28,-1465679.625,-1465679.625,-1465679.625,-1465679.625,4302
2018-08-29,-1465679.625,-1465679.625,-1465679.625,-1465679.625,162
2018-08-30,-1465679.625,-1465679.625,-1465679.625,-1465679.625,10
2018-08-31,-1465679.625,-1465679.625,-1465679.625,-1465679.625,0
2018-09-03,-1465679.625,-1465679.625,-1465679.625,-1465679.625,0
2018-09-04,-977119.6875,-977119.6875,-977119.6875,-977119.6875,1200
2018-09-05,-1221399.625,-1221399.625,-1221399.625,-1221399.625,5834
2018-09-06,-1221399.625,-1221399.625,-1221399.625,-1221399.625,2044
2018-09-07,-1221399.625,-1221399.625,-1221399.625,-1221399.625,314
2018-09-10,-1221399.625,-1221399.625,-1221399.625,-1221399.625,0
2018-09-11,-1221399.625,-1221399.625,-1221399.625,-1221399.625,0
2018-09-12,-1709959.625,-1709959.625,-1709959.625,-1709959.625,970
2018-09-13,-1709959.625,-1709959.625,-1709959.625,-1709959.625,1500
2018-09-14,-1709959.625,-1709959.625,-1709959.625,-1709959.625,200
2018-09-17,-1954239.375,-1954239.375,-1954239.375,-1954239.375,1438
2018-09-18,-1954239.375,-1954239.375,-1954239.375,-1954239.375,0
2018-09-19,-1954239.375,-1954239.375,-1954239.375,-1954239.375,0
2018-09-20,-1954239.375,-1954239.375,-1954239.375,-1954239.375,670
2018-09-21,-1709959.625,-1709959.625,-1709959.625,-1709959.625,140
2018-09-24,-1709959.625,-1709959.625,-1709959.625,-1709959.625,372
2018-09-25,-1709959.625,-1709959.625,-1709959.625,-1709959.625,140288
2018-09-26,-1709959.625,-1709959.625,-1709959.625,-1709959.625,1008
2018-09-27,-1709959.625,-1709959.625,-1709959.625,-1709959.625,590
2018-09-28,-1954239.375,-1954239.375,-1954239.375,-1954239.375,6510
2018-10-01,-2198519.25,-2198519.25,-2198519.25,-2198519.25,3844
2018-10-02,-2198519.25,-2198519.25,-2198519.25,-2198519.25,0
2018-10-03,-1954239.375,-1954239.375,-1954239.375,-1954239.375,614
2018-10-04,-1954239.375,-1954239.375,-1954239.375,-1954239.375,200
2018-10-05,-1954239.375,-1954239.375,-1954239.375,-1954239.375,56
2018-10-08,-1954239.375,-1954239.375,-1954239.375,-1954239.375,2
2018-10-09,-1709959.625,-1709959.625,-1709959.625,-1709959.625,820
2018-10-10,-1709959.625,-1709959.625,-1709959.625,-1709959.625,0
2018-10-11,-1709959.625,-1709959.625,-1709959.625,-1709959.625,160
2018-10-12,-1709959.625,-1709959.625,-1709959.625,-1709959.625,0
2018-10-15,-1954239.375,-1954239.375,-1954239.375,-1954239.375,567208
2018-10-16,-1709959.625,-1709959.625,-1709959.625,-1709959.625,8
2018-10-17,-1709959.625,-1709959.625,-1709959.625,-1709959.625,0
2018-10-18,-1709959.625,-1709959.625,-1709959.625,-1709959.625,0
2018-10-19,-1709959.625,-1709959.625,-1709959.625,-1709959.625,0
2018-10-22,-1954239.375,-1954239.375,-1954239.375,-1954239.375,610
2018-10-23,-1954239.375,-1954239.375,-1954239.375,-1954239.375,4104
2018-10-24,-1954239.375,-1954239.375,-1954239.375,-1954239.375,2142
2018-10-25,-1954239.375,-1954239.375,-1954239.375,-1954239.375,6700
2018-10-26,-2198519.25,-2198519.25,-2198519.25,-2198519.25,1610
2018-10-29,-2198519.25,-2198519.25,-2198519.25,-2198519.25,200
2018-10-30,-1954239.375,-1954239.375,-1954239.375,-1954239.375,680
2018-10-31,-2198519.25,-2198519.25,-2198519.25,-2198519.25,1978
2018-11-01,-2442799.25,-2442799.25,-2442799.25,-2442799.25,1550
2018-11-02,-2442799.25,-2442799.25,-2442799.25,-2442799.25,3412
2018-11-05,-2442799.25,-2442799.25,-2442799.25,-2442799.25,0
2018-11-06,-2442799.25,-2442799.25,-2442799.25,-2442799.25,400
2018-11-07,-2687079.75,-2687079.75,-2687079.75,-2687079.75,712
2018-11-08,-2687079.75,-2687079.75,-2687079.75,-2687079.75,10048
2018-11-09,-2931359.25,-2931359.25,-2931359.25,-2931359.25,4704
2018-11-12,-2931359.25,-2931359.25,-2931359.25,-2931359.25,200
2018-11-13,-2931359.25,-2931359.25,-2931359.25,-2931359.25,139734
2018-11-14,-2931359.25,-2931359.25,-2931359.25,-2931359.25,6198
2018-11-15,-2687079.75,-2687079.75,-2687079.75,-2687079.75,164
2018-11-16,-2687079.75,-2687079.75,-2687079.75,-2687079.75,10
2018-11-19,-2931359.25,-2931359.25,-2931359.25,-2931359.25,44
2018-11-20,-2687079.75,-2687079.75,-2687079.75,-2687079.75,4450
2018-11-21,-2687079.75,-2687079.75,-2687079.75,-2687079.75,4258
2018-11-22,-2687079.75,-2687079.75,-2687079.75,-2687079.75,500
2018-11-23,-2687079.75,-2687079.75,-2687079.75,-2687079.75,8404
2018-11-26,-2931359.25,-2931359.25,-2931359.25,-2931359.25,5572
2018-11-27,-3664199.25,-3664199.25,-3664199.25,-3664199.25,1514
2018-11-28,-4152758.5,-4152758.5,-4152758.5,-4152758.5,1514
2018-11-29,-4152758.5,-4152758.5,-4152758.5,-4152758.5,0
2018-11-30,-3664199.25,-3664199.25,-3664199.25,-3664199.25,1020
2018-12-03,-3664199.25,-3664199.25,-3664199.25,-3664199.25,8
2018-12-04,-4397038.5,-4397038.5,-4397038.5,-4397038.5,200
2018-12-05,-4152758.5,-4152758.5,-4152758.5,-4152758.5,260
2018-12-06,-4397038.5,-4397038.5,-4397038.5,-4397038.5,72
2018-12-07,-4152758.5,-4152758.5,-4152758.5,-4152758.5,126
2018-12-10,-4152758.5,-4152758.5,-4152758.5,-4152758.5,2
2018-12-11,-3664199.25,-3664199.25,-3664199.25,-3664199.25,672
2018-12-12,-3664199.25,-3664199.25,-3664199.25,-3664199.25,526
2018-12-13,-3664199.25,-3664199.25,-3664199.25,-3664199.25,1004
2018-12-14,-3908478.75,-3908478.75,-3908478.75,-3908478.75,1870
2018-12-17,-3908478.75,-3908478.75,-3908478.75,-3908478.75,0
2018-12-18,-4397038.5,-4397038.5,-4397038.5,-4397038.5,140132
2018-12-19,-4641319.0,-4641319.0,-4641319.0,-4641319.0,4224
2018-12-20,-4641319.0,-4641319.0,-4641319.0,-4641319.0,5580
2018-12-21,-4641319.0,-4641319.0,-4641319.0,-4641319.0,3600
2018-12-24,-4641319.0,-4641319.0,-4641319.0,-4641319.0,0
2018-12-25,-4641319.0,-4641319.0,-4641319.0,-4641319.0,0
2018-12-26,-4885598.5,-4885598.5,-4885598.5,-4885598.5,2050
2018-12-27,-5618439.0,-5618439.0,-5618439.0,-5618439.0,3126
2018-12-28,-6595557.0,-6595557.0,-6595557.0,-6595557.0,7484
2018-12-31,-6595557.0,-6595557.0,-6595557.0,-6595557.0,0
2019-01-01,-6595557.0,-6595557.0,-6595557.0,-6595557.0,0
2019-01-02,-6595557.0,-6595557.0,-6595557.0,-6595557.0,0
2019-01-03,-6595557.0,-6595557.0,-6595557.0,-6595557.0,0
2019-01-04,-6595557.0,-6595557.0,-6595557.0,-6595557.0,12
2019-01-07,-7816957.5,-7816957.5,-7816957.5,-7816957.5,816
2019-01-08,-11725437.0,-11725437.0,-11725437.0,-11725437.0,2130
2019-01-09,-16855316.0,-16855316.0,-16855316.0,-16855316.0,734
2019-01-10,-16122476.0,-16122475.999999998,-16122475.999999998,-16122475.999999998,5484
2019-01-11,-16122476.0,-16122475.999999998,-16122475.999999998,-16122475.999999998,0
2019-01-14,-17343874.0,-17343874.0,-17343874.0,-17343874.0,40
2019-01-15,-18076716.0,-18076716.0,-18076716.0,-18076716.0,140828
2019-01-16,-18076716.0,-18076716.0,-18076716.0,-18076716.0,0
2019-01-17,-18076716.0,-18076716.0,-18076716.0,-18076716.0,0
2019-01-18,-18076716.0,-18076716.0,-18076716.0,-18076716.0,600
2019-01-21,-22718032.0,-22718032.0,-22718032.0,-22718032.0,1512
2019-01-22,-26870788.0,-26870788.0,-26870788.0,-26870788.0,10
2019-01-23,-26870788.0,-26870788.0,-26870788.0,-26870788.0,20
2019-01-24,-23450874.0,-23450874.0,-23450874.0,-23450874.0,2166
2019-01-25,-24427990.0,-24427990.0,-24427990.0,-24427990.0,4684
2019-01-28,-29313594.0,-29313594.0,-29313594.0,-29313594.0,3420
2019-01-29,-29313594.0,-29313594.0,-29313594.0,-29313594.0,644
2019-01-30,-29313594.0,-29313594.0,-29313594.0,-29313594.0,0
2019-01-31,-24427990.0,-24427990.0,-24427990.0,-24427990.0,560
2019-02-01,-25893674.0,-25893674.0,-25893674.0,-25893674.0,2650
2019-02-04,-25893674.0,-25893674.0,-25893674.0,-25893674.0,2586
2019-02-05,-27115072.0,-27115072.0,-27115072.0,-27115072.0,2830
2019-02-06,-30534990.0,-30534990.0,-30534990.0,-30534990.0,3528
2019-02-07,-26870788.0,-26870788.0,-26870788.0,-26870788.0,1600
2019-02-08,-28092196.0,-28092196.0,-28092196.0,-28092196.0,1012
2019-02-11,-29069308.0,-29069308.0,-29069308.0,-29069308.0,1994
2019-02-12,-29069308.0,-29069308.0,-29069308.0,-29069308.0,0
2019-02-13,-26870788.0,-26870788.0,-26870788.0,-26870788.0,20
2019-02-14,-25649390.0,-25649389.999999996,-25649389.999999996,-25649389.999999996,2200
2019-02-15,-26870788.0,-26870788.0,-26870788.0,-26870788.0,1264
2019-02-18,-29313594.0,-29313594.0,-29313594.0,-29313594.0,580
2019-02-19,-32244952.0,-32244951.999999996,-32244951.999999996,-32244951.999999996,79200
2019-02-20,-30779272.0,-30779272.0,-30779272.0,-30779272.0,13836
2019-02-21,-33710632.0,-33710632.0,-33710632.0,-33710632.0,11708
2019-02-22,-41527588.0,-41527588.0,-41527588.0,-41527588.0,2650
2019-02-25,-41527588.0,-41527588.0,-41527588.0,-41527588.0,40
2019-02-26,-46413192.0,-46413192.0,-46413192.0,-46413192.0,2580
2019-02-27,-46413192.0,-46413192.0,-46413192.0,-46413192.0,90
2019-02-28,-46413192.0,-46413192.0,-46413192.0,-46413192.0,0
2019-03-01,-46413192.0,-46413192.0,-46413192.0,-46413192.0,0
2019-03-04,-46413192.0,-46413192.0,-46413192.0,-46413192.0,0
2019-03-05,-46413192.0,-46413192.0,-46413192.0,-46413192.0,0
2019-03-06,-58138616.0,-58138616.0,-58138616.0,-58138616.0,340
2019-03-07,-56184392.0,-56184392.0,-56184392.0,-56184392.0,2090
2019-03-08,-56184392.0,-56184392.0,-56184392.0,-56184392.0,0
2019-03-11,-56184392.0,-56184392.0,-56184392.0,-56184392.0,0
2019-03-12,-56184392.0,-56184392.0,-56184392.0,-56184392.0,0
2019-03-13,-56184392.0,-56184392.0,-56184392.0,-56184392.0,0
2019-03-14,-48855980.0,-48855980.0,-48855980.0,-48855980.0,25970
2019-03-15,-42748988.0,-42748988.0,-42748988.0,-42748988.0,30
2019-03-18,-56184392.0,-56184392.0,-56184392.0,-56184392.0,32
2019-03-19,-56184392.0,-56184392.0,-56184392.0,-56184392.0,0
2019-03-20,-56184392.0,-56184392.0,-56184392.0,-56184392.0,140044
2019-03-21,-54962984.0,-54962984.0,-54962984.0,-54962984.0,1174
2019-03-22,-54962984.0,-54962984.0,-54962984.0,-54962984.0,2990
2019-03-25,-44458944.0,-44458944.0,-44458944.0,-44458944.0,5582
2019-03-26,-44458944.0,-44458944.0,-44458944.0,-44458944.0,0
2019-03-27,-44458944.0,-44458944.0,-44458944.0,-44458944.0,5582
2019-03-28,-44458944.0,-44458944.0,-44458944.0,-44458944.0,5582
2019-03-29,-44458944.0,-44458944.0,-44458944.0,-44458944.0,5582
2019-04-01,-44458944.0,-44458944.0,-44458944.0,-44458944.0,0
2019-04-02,38440.51171875,38440.51171875,38440.51171875,38440.51171875,120
2019-04-03,35593.06640625,35593.06640625,35593.06640625,35593.06640625,2576
2019-04-04,39152.37109375,39152.37109375,39152.37109375,39152.37109375,104
2019-04-05,37372.72265625,37372.72265625,37372.72265625,37372.72265625,53822
2019-04-08,37372.72265625,37372.72265625,37372.72265625,37372.72265625,786
2019-04-09,37372.72265625,37372.72265625,37372.72265625,37372.72265625,620
2019-04-10,37372.72265625,37372.72265625,37372.72265625,37372.72265625,13388
2019-04-11,37372.72265625,37372.72265625,37372.72265625,37372.72265625,200
2019-04-12,40932.03515625,40932.03515625,40932.03515625,40932.03515625,5650
2019-04-15,40932.03515625,40932.03515625,40932.03515625,40932.03515625,0
2019-04-16,40932.03515625,40932.03515625,40932.03515625,40932.03515625,0
2019-04-17,40932.03515625,40932.03515625,40932.03515625,40932.03515625,0
2019-04-18,40932.03515625,40932.03515625,40932.03515625,40932.03515625,0
2019-04-19,40932.03515625,40932.03515625,40932.03515625,40932.03515625,0
2019-04-22,42711.69140625,42711.69140625,42711.69140625,42711.69140625,6
2019-04-23,58728.5625,58728.5625,58728.5625,58728.5625,9956
2019-04-24,76881.0234375,76881.0234375,76881.0234375,76881.0234375,20832
2019-04-25,67626.8359375,67626.8359375,67626.8359375,67626.8359375,314
2019-04-26,69406.484375,69406.484375,69406.484375,69406.484375,1584
2019-04-29,69406.484375,69406.484375,69406.484375,69406.484375,1058
2019-04-30,69406.484375,69406.484375,69406.484375,69406.484375,0
2019-05-01,69406.484375,69406.484375,69406.484375,69406.484375,0
2019-05-02,69406.484375,69406.484375,69406.484375,69406.484375,3692
2019-05-03,67626.8359375,67626.8359375,67626.8359375,67626.8359375,3410
2019-05-06,48940.4765625,48940.47656250001,48940.47656250001,48940.47656250001,354
2019-05-07,48940.4765625,48940.47656250001,48940.47656250001,48940.47656250001,0
2019-05-08,48940.4765625,48940.47656250001,48940.47656250001,48940.47656250001,0
2019-05-09,58728.5625,58728.5625,58728.5625,58728.5625,460
2019-05-10,58728.5625,58728.5625,58728.5625,58728.5625,0
2019-05-13,61931.94140625,61931.94140625001,61931.94140625001,61931.94140625001,38
2019-05-14,62287.875,62287.875,62287.875,62287.875,4834
2019-05-15,58728.5625,58728.5625,58728.5625,58728.5625,306
2019-05-16,58728.5625,58728.5625,58728.5625,58728.5625,4000
2019-05-17,58728.5625,58728.5625,58728.5625,58728.5625,0
2019-05-20,58728.5625,58728.5625,58728.5625,58728.5625,0
2019-05-21,58728.5625,58728.5625,58728.5625,58728.5625,0
2019-05-22,53389.609375,53389.609375,53389.609375,53389.609375,9002
2019-05-23,53389.609375,53389.609375,53389.609375,53389.609375,0
2019-05-24,53389.609375,53389.609375,53389.609375,53389.609375,0
2019-05-27,55169.2578125,55169.2578125,55169.2578125,55169.2578125,100
2019-05-28,55169.2578125,55169.2578125,55169.2578125,55169.2578125,314
2019-05-29,55169.2578125,55169.2578125,55169.2578125,55169.2578125,344
2019-05-30,55169.2578125,55169.2578125,55169.2578125,55169.2578125,104
2019-05-31,56948.91015625,56948.91015625,56948.91015625,56948.91015625,66
2019-06-03,56948.91015625,56948.91015625,56948.91015625,56948.91015625,0
2019-06-04,58728.5625,58728.5625,58728.5625,58728.5625,198
2019-06-05,56948.91015625,56948.91015625,56948.91015625,56948.91015625,3206
2019-06-06,56948.91015625,56948.91015625,56948.91015625,56948.91015625,4908
2019-06-07,53389.609375,53389.609375,53389.609375,53389.609375,128
2019-06-10,49830.30078125,49830.30078125,49830.30078125,49830.30078125,380
2019-06-11,48940.4765625,48940.47656250001,48940.47656250001,48940.47656250001,4582
2019-06-12,48940.4765625,48940.47656250001,48940.47656250001,48940.47656250001,354
2019-06-13,56948.91015625,56948.91015625,56948.91015625,56948.91015625,1076
2019-06-14,64423.45703125,64423.45703125,64423.45703125,64423.45703125,141544
2019-06-17,64423.45703125,64423.45703125,64423.45703125,64423.45703125,0
2019-06-18,64957.3515625,64957.3515625,64957.3515625,64957.3515625,15346
2019-06-19,69406.484375,69406.484375,69406.484375,69406.484375,10
2019-06-20,71186.1328125,71186.1328125,71186.1328125,71186.1328125,1242
2019-06-21,73855.625,73855.625,73855.625,73855.625,1450
2019-06-24,73855.625,73855.625,73855.625,73855.625,0
2019-06-25,73855.625,73855.625,73855.625,73855.625,2360
2019-06-26,76525.1015625,76525.1015625,76525.1015625,76525.1015625,3354
2019-06-27,76525.1015625,76525.1015625,76525.1015625,76525.1015625,6276
2019-06-28,87203.03125,87203.03125,87203.03125,87203.03125,7012
2019-07-01,81864.0703125,81864.0703125,81864.0703125,81864.0703125,33820
2019-07-02,82575.921875,82575.921875,82575.921875,82575.921875,318
2019-07-03,86313.203125,86313.203125,86313.203125,86313.203125,4
2019-07-04,85423.3828125,85423.3828125,85423.3828125,85423.3828125,330
2019-07-05,85423.3828125,85423.3828125,85423.3828125,85423.3828125,0
2019-07-08,85423.3828125,85423.3828125,85423.3828125,85423.3828125,72
2019-07-09,85423.3828125,85423.3828125,85423.3828125,85423.3828125,20454
2019-07-10,87203.03125,87203.03125,87203.03125,87203.03125,20198
2019-07-11,87558.953125,87558.95312499999,87558.95312499999,87558.95312499999,3010
2019-07-12,87203.03125,87203.03125,87203.03125,87203.03125,600
2019-07-15,88092.84375,88092.84375,88092.84375,88092.84375,374
2019-07-16,88092.84375,88092.84375,88092.84375,88092.84375,140668
2019-07-17,88982.6796875,88982.6796875,88982.6796875,88982.6796875,644
2019-07-18,88982.6796875,88982.6796875,88982.6796875,88982.6796875,134
2019-07-19,88982.6796875,88982.6796875,88982.6796875,88982.6796875,0
2019-07-22,88982.6796875,88982.6796875,88982.6796875,88982.6796875,228
2019-07-23,88982.6796875,88982.6796875,88982.6796875,88982.6796875,0
2019-07-24,88982.6796875,88982.6796875,88982.6796875,88982.6796875,0
2019-07-25,88982.6796875,88982.6796875,88982.6796875,88982.6796875,1728
2019-07-26,88982.6796875,88982.6796875,88982.6796875,88982.6796875,102
2019-07-29,90762.328125,90762.32812499999,90762.32812499999,90762.32812499999,18190
2019-07-30,90940.2890625,90940.2890625,90940.2890625,90940.2890625,18
2019-07-31,90940.2890625,90940.2890625,90940.2890625,90940.2890625,4
2019-08-01,91652.1484375,91652.1484375,91652.1484375,91652.1484375,738
2019-08-02,91652.1484375,91652.1484375,91652.1484375,91652.1484375,140226
2019-08-05,91652.1484375,91652.1484375,91652.1484375,91652.1484375,20
2019-08-06,91652.1484375,91652.1484375,91652.1484375,91652.1484375,6862
2019-08-07,102330.0703125,102330.0703125,102330.0703125,102330.0703125,306
2019-08-08,102330.0703125,102330.0703125,102330.0703125,102330.0703125,0
2019-08-09,145931.59375,145931.59375,145931.59375,145931.59375,2052
2019-08-12,175117.90625,175117.90624999997,175117.90624999997,175117.90624999997,1708
2019-08-13,175117.90625,175117.90624999997,175117.90624999997,175117.90624999997,10378
2019-08-14,175295.875,175295.87500000003,175295.87500000003,175295.87500000003,300
2019-08-15,177965.359375,177965.359375,177965.359375,177965.359375,72
2019-08-16,192024.609375,192024.609375,192024.609375,192024.609375,50
2019-08-19,192024.609375,192024.609375,192024.609375,192024.609375,0
2019-08-20,186863.609375,186863.609375,186863.609375,186863.609375,556
2019-08-21,186863.609375,186863.609375,186863.609375,186863.609375,1138
2019-08-22,186863.609375,186863.609375,186863.609375,186863.609375,0
2019-08-23,195761.90625,195761.90625000003,195761.90625000003,195761.90625000003,1400
2019-08-26,195761.90625,195761.90625000003,195761.90625000003,195761.90625000003,6
2019-08-27,196829.703125,196829.703125,196829.703125,196829.703125,140226
2019-08-28,196829.703125,196829.703125,196829.703125,196829.703125,2464
2019-08-29,196829.703125,196829.703125,196829.703125,196829.703125,1466
2019-08-30,196829.703125,196829.703125,196829.703125,196829.703125,0
2019-09-02,215338.09375,215338.09374999997,215338.09374999997,215338.09374999997,2822
2019-09-03,231354.984375,231354.984375,231354.984375,231354.984375,5184
2019-09-04,231354.984375,231354.984375,231354.984375,231354.984375,0
2019-09-05,266948.0,266948.0,266948.0,266948.0,750
2019-09-06,320337.625,320337.625,320337.625,320337.625,7586
2019-09-09,320337.625,320337.625,320337.625,320337.625,18822
2019-09-10,320337.625,320337.625,320337.625,320337.625,342
2019-09-11,320337.625,320337.625,320337.625,320337.625,400
2019-09-12,302541.15625,302541.15625,302541.15625,302541.15625,202
2019-09-13,275846.28125,275846.28125,275846.28125,275846.28125,14506
2019-09-17,275846.28125,275846.28125,275846.28125,275846.28125,14506
2019-09-18,266948.0,266948.0,266948.0,266948.0,7654
2019-09-19,258049.75,258049.74999999997,258049.74999999997,258049.74999999997,22040
2019-09-20,240253.21875,240253.21875000003,240253.21875000003,240253.21875000003,140
2019-09-23,231354.984375,231354.984375,231354.984375,231354.984375,1750
2019-09-24,231354.984375,231354.984375,231354.984375,231354.984375,20
2019-09-25,230999.046875,230999.046875,230999.046875,230999.046875,142102
2019-09-26,231354.984375,231354.984375,231354.984375,231354.984375,26950
2019-09-27,231354.984375,231354.984375,231354.984375,231354.984375,12
2019-09-30,229575.3125,229575.3125,229575.3125,229575.3125,8
2019-10-01,229575.3125,229575.3125,229575.3125,229575.3125,0
2019-10-02,227795.640625,227795.640625,227795.640625,227795.640625,8012
2019-10-03,227795.640625,227795.640625,227795.640625,227795.640625,0
2019-10-04,229575.3125,229575.3125,229575.3125,229575.3125,298
2019-10-07,228685.453125,228685.453125,228685.453125,228685.453125,292
2019-10-08,229219.359375,229219.35937499997,229219.35937499997,229219.35937499997,410
2019-10-09,236693.9375,236693.93749999997,236693.93749999997,236693.93749999997,8634
2019-10-10,236693.9375,236693.93749999997,236693.93749999997,236693.93749999997,4146
2019-10-11,242032.875,242032.87499999997,242032.87499999997,242032.87499999997,182
2019-10-14,242032.875,242032.87499999997,242032.87499999997,242032.87499999997,0
2019-10-15,249151.5,249151.5,249151.5,249151.5,5300
2019-10-16,249151.5,249151.5,249151.5,249151.5,5862
2019-10-17,249151.5,249151.5,249151.5,249151.5,540
2019-10-18,249151.5,249151.5,249151.5,249151.5,80
2019-10-21,249151.5,249151.5,249151.5,249151.5,0
2019-10-22,245592.1875,245592.1875,245592.1875,245592.1875,86
2019-10-23,244702.34375,244702.34375,244702.34375,244702.34375,8540
2019-10-24,240253.21875,240253.21875000003,240253.21875000003,240253.21875000003,82
2019-10-25,231354.984375,231354.984375,231354.984375,231354.984375,502
2019-10-28,245592.1875,245592.1875,245592.1875,245592.1875,22
2019-10-29,240253.21875,240253.21875000003,240253.21875000003,240253.21875000003,158
2019-10-30,240253.21875,240253.21875000003,240253.21875000003,240253.21875000003,16
2019-10-31,227795.640625,227795.640625,227795.640625,227795.640625,10
2019-11-01,227795.640625,227795.640625,227795.640625,227795.640625,1784
2019-11-05,227795.640625,227795.640625,227795.640625,227795.640625,400
2019-11-06,227795.640625,227795.640625,227795.640625,227795.640625,252
2019-11-07,227795.640625,227795.640625,227795.640625,227795.640625,554
2019-11-08,231354.984375,231354.984375,231354.984375,231354.984375,82
2019-11-11,240253.21875,240253.21875000003,240253.21875000003,240253.21875000003,1868
2019-11-12,249151.5,249151.5,249151.5,249151.5,15296
2019-11-13,261609.046875,261609.04687500003,261609.04687500003,261609.04687500003,11132
2019-11-14,263388.75,263388.75,263388.75,263388.75,5258
2019-11-15,256270.15625,256270.15625,256270.15625,256270.15625,88
2019-11-18,263388.75,263388.75,263388.75,263388.75,346
2019-11-19,266948.0,266948.0,266948.0,266948.0,140
2019-11-20,266948.0,266948.0,266948.0,266948.0,304
2019-11-21,265168.375,265168.375,265168.375,265168.375,16816
2019-11-22,266948.0,266948.0,266948.0,266948.0,18
2019-11-25,266058.1875,266058.1875,266058.1875,266058.1875,141256
2019-11-26,266058.1875,266058.1875,266058.1875,266058.1875,0
2019-11-27,249151.5,249151.5,249151.5,249151.5,1582
2019-11-28,264278.5625,264278.5625,264278.5625,264278.5625,8678
2019-11-29,264278.5625,264278.5625,264278.5625,264278.5625,9464
2019-12-02,264278.5625,264278.5625,264278.5625,264278.5625,2078
2019-12-03,266948.0,266948.0,266948.0,266948.0,332
2019-12-04,266948.0,266948.0,266948.0,266948.0,8720
2019-12-05,275846.28125,275846.28125,275846.28125,275846.28125,60
2019-12-06,275846.28125,275846.28125,275846.28125,275846.28125,0
2019-12-09,284744.53125,284744.53125,284744.53125,284744.53125,8120
2019-12-10,284744.53125,284744.53125,284744.53125,284744.53125,2144
2019-12-11,266948.0,266948.0,266948.0,266948.0,342
2019-12-12,266948.0,266948.0,266948.0,266948.0,0
2019-12-13,279405.59375,279405.59375,279405.59375,279405.59375,340
2019-12-16,279405.59375,279405.59375,279405.59375,279405.59375,560
2019-12-17,231354.984375,231354.984375,231354.984375,231354.984375,30
2019-12-18,231354.984375,231354.984375,231354.984375,231354.984375,0
2019-12-19,231354.984375,231354.984375,231354.984375,231354.984375,0
2019-12-20,329235.90625,329235.90624999994,329235.90624999994,329235.90624999994,6480
2019-12-23,329235.90625,329235.90624999994,329235.90624999994,329235.90624999994,6062
2019-12-26,329235.90625,329235.90624999994,329235.90624999994,329235.90624999994,0
2019-12-27,329235.90625,329235.90624999994,329235.90624999994,329235.90624999994,100
2019-12-30,338134.15625,338134.15625,338134.15625,338134.15625,40
2020-01-02,346142.59375,346142.59375000006,346142.59375000006,346142.59375000006,24
2020-01-03,379066.25,379066.25,379066.25,379066.25,19820
2020-01-07,400422.0625,400422.0625,400422.0625,400422.0625,5900
2020-01-08,480506.4375,480506.43750000006,480506.43750000006,480506.43750000006,14
2020-01-09,559701.0625,559701.0625,559701.0625,559701.0625,149350
2020-01-10,560590.875,560590.875,560590.875,560590.875,36
2020-01-13,551692.5625,551692.5625,551692.5625,551692.5625,10420
2020-01-14,576607.8125,576607.8125,576607.8125,576607.8125,4256
2020-01-15,576607.8125,576607.8125,576607.8125,576607.8125,630
2020-01-16,578387.4375,578387.4375,578387.4375,578387.4375,114
2020-01-17,533896.0,533896.0,533896.0,533896.0,92
2020-01-21,533896.0,533896.0,533896.0,533896.0,19570
2020-01-22,533896.0,533896.0,533896.0,533896.0,0
2020-01-23,533896.0,533896.0,533896.0,533896.0,0
2020-01-24,533896.0,533896.0,533896.0,533896.0,0
2020-01-27,533896.0,533896.0,533896.0,533896.0,442
2020-01-28,444913.375,444913.375,444913.375,444913.375,600
2020-01-29,462709.96875,462709.96875,462709.96875,462709.96875,100
2020-01-30,548133.3125,548133.3125,548133.3125,548133.3125,2372
2020-01-31,578387.4375,578387.4375,578387.4375,578387.4375,2076
2020-02-03,569489.0625,569489.0625,569489.0625,569489.0625,36
2020-02-04,587285.6875,587285.6875,587285.6875,587285.6875,302
2020-02-05,569489.0625,569489.0625,569489.0625,569489.0625,5012
2020-02-06,587285.6875,587285.6875,587285.6875,587285.6875,838
2020-02-07,587285.6875,587285.6875,587285.6875,587285.6875,0
2020-02-10,551692.5625,551692.5625,551692.5625,551692.5625,52
2020-02-11,533896.0,533896.0,533896.0,533896.0,402
2020-02-12,533896.0,533896.0,533896.0,533896.0,824
2020-02-13,533896.0,533896.0,533896.0,533896.0,0
2020-02-14,533896.0,533896.0,533896.0,533896.0,0
2020-02-17,551692.5625,551692.5625,551692.5625,551692.5625,26
2020-02-18,587285.6875,587285.6875,587285.6875,587285.6875,1736
2020-02-19,587285.6875,587285.6875,587285.6875,587285.6875,145238
2020-02-20,587285.6875,587285.6875,587285.6875,587285.6875,145238
2020-02-21,587285.6875,587285.6875,587285.6875,587285.6875,0
2020-02-26,587285.6875,587285.6875,587285.6875,587285.6875,3076
2020-02-27,551692.5625,551692.5625,551692.5625,551692.5625,216
2020-02-28,598853.375,598853.375,598853.375,598853.375,710
2020-03-02,598853.375,598853.375,598853.375,598853.375,16
2020-03-03,587285.6875,587285.6875,587285.6875,587285.6875,7868
2020-03-04,587285.6875,587285.6875,587285.6875,587285.6875,4010
2020-03-05,587285.6875,587285.6875,587285.6875,587285.6875,860
2020-03-06,587285.6875,587285.6875,587285.6875,587285.6875,0
2020-03-09,587285.6875,587285.6875,587285.6875,587285.6875,24006
2020-03-10,-193.8682403564453,-193.8682403564453,-193.8682403564453,-193.8682403564453,0
2020-03-11,-193.8682403564453,-193.8682403564453,-193.8682403564453,-193.8682403564453,0
2020-03-12,-190.9308319091797,-190.9308319091797,-190.9308319091797,-190.9308319091797,172
2020-03-13,-193.8682403564453,-193.8682403564453,-193.8682403564453,-193.8682403564453,1106
2020-03-16,-193.8682403564453,-193.8682403564453,-193.8682403564453,-193.8682403564453,0
2020-03-17,-193.8682403564453,-193.8682403564453,-193.8682403564453,-193.8682403564453,0
2020-03-18,-193.8682403564453,-193.8682403564453,-193.8682403564453,-193.8682403564453,0
2020-03-20,-193.8682403564453,-193.8682403564453,-193.8682403564453,-193.8682403564453,30
2020-03-23,-193.8682403564453,-193.8682403564453,-193.8682403564453,-193.8682403564453,0
2020-03-24,-155.0946044921875,-155.0946044921875,-155.0946044921875,-155.0946044921875,300
2020-03-25,-146.86988830566406,-146.86988830566406,-146.86988830566406,-146.86988830566406,2036
2020-03-26,-146.86988830566406,-146.86988830566406,-146.86988830566406,-146.86988830566406,0
2020-03-27,-173.01271057128906,-173.01271057128906,-173.01271057128906,-173.01271057128906,10
2020-03-30,-176.24386596679688,-176.24386596679688,-176.24386596679688,-176.24386596679688,560
2020-03-31,-182.11865234375,-182.11865234375,-182.11865234375,-182.11865234375,20
2020-04-01,-187.99346923828125,-187.99346923828125,-187.99346923828125,-187.99346923828125,294
2020-04-02,-211.4926300048828,-211.4926300048828,-211.4926300048828,-211.4926300048828,14320
2020-04-03,-223.24221801757812,-223.24221801757812,-223.24221801757812,-223.24221801757812,3600
2020-04-06,-258.49102783203125,-258.49102783203125,-258.49102783203125,-258.49102783203125,13998
2020-04-07,-290.8023376464844,-290.8023376464844,-290.8023376464844,-290.8023376464844,4474
2020-04-08,-346.6129455566406,-346.6129455566406,-346.6129455566406,-346.6129455566406,12340
2020-04-13,-346.6129455566406,-346.6129455566406,-346.6129455566406,-346.6129455566406,324
2020-04-14,-469.98358154296875,-469.9835815429687,-469.9835815429687,-469.9835815429687,145076
2020-04-15,-458.2340393066406,-458.2340393066406,-458.2340393066406,-458.2340393066406,602
2020-04-16,-487.6080017089844,-487.6080017089844,-487.6080017089844,-487.6080017089844,1096
2020-04-17,-469.9248962402344,-469.9248962402343,-469.9248962402343,-469.9248962402343,2198
2020-04-20,-489.95794677734375,-489.9579467773437,-489.9579467773437,-489.9579467773437,1460
2020-04-21,-487.6080017089844,-487.6080017089844,-487.6080017089844,-487.6080017089844,6308
2020-04-22,-493.4827575683594,-493.4827575683594,-493.4827575683594,-493.4827575683594,402
2020-04-23,-493.4827575683594,-493.4827575683594,-493.4827575683594,-493.4827575683594,52
2020-04-24,-493.4827575683594,-493.4827575683594,-493.4827575683594,-493.4827575683594,100
2020-04-27,-469.98358154296875,-469.9835815429687,-469.9835815429687,-469.9835815429687,60
2020-04-28,-469.98358154296875,-469.9835815429687,-469.9835815429687,-469.9835815429687,210
2020-04-29,-469.98358154296875,-469.9835815429687,-469.9835815429687,-469.9835815429687,0
2020-04-30,-469.98358154296875,-469.9835815429687,-469.9835815429687,-469.9835815429687,0
2020-05-04,-469.98358154296875,-469.9835815429687,-469.9835815429687,-469.9835815429687,0
2020-05-05,-493.4827575683594,-493.4827575683594,-493.4827575683594,-493.4827575683594,562
2020-05-06,-490.5453796386719,-490.5453796386718,-490.5453796386718,-490.5453796386718,234
2020-05-07,-491.1329040527344,-491.1329040527344,-491.1329040527344,-491.1329040527344,370
2020-05-08,-491.1329040527344,-491.1329040527344,-491.1329040527344,-491.1329040527344,0
2020-05-11,-491.01544189453125,-491.01544189453125,-491.01544189453125,-491.01544189453125,112
2020-05-12,-491.01544189453125,-491.01544189453125,-491.01544189453125,-491.01544189453125,2036
2020-05-13,-471.1585998535156,-471.1585998535156,-471.1585998535156,-471.1585998535156,1394
2020-05-14,-469.98358154296875,-469.9835815429687,-469.9835815429687,-469.9835815429687,514
2020-05-15,-481.7332458496094,-481.7332458496094,-481.7332458496094,-481.7332458496094,124
2020-05-18,-496.4201354980469,-496.4201354980469,-496.4201354980469,-496.4201354980469,12902
2020-05-19,-496.4201354980469,-496.4201354980469,-496.4201354980469,-496.4201354980469,2928
2020-05-20,-506.99481201171875,-506.99481201171875,-506.99481201171875,-506.99481201171875,80
2020-05-21,-506.99481201171875,-506.99481201171875,-506.99481201171875,-506.99481201171875,0
2020-05-22,-506.99481201171875,-506.99481201171875,-506.99481201171875,-506.99481201171875,604
2020-05-26,-499.35760498046875,-499.35760498046875,-499.35760498046875,-499.35760498046875,56
2020-05-27,-499.35760498046875,-499.35760498046875,-499.35760498046875,-499.35760498046875,394
2020-05-28,-499.35760498046875,-499.35760498046875,-499.35760498046875,-499.35760498046875,146660
2020-05-29,-499.35760498046875,-499.35760498046875,-499.35760498046875,-499.35760498046875,0
2020-06-01,-487.6080017089844,-487.6080017089844,-487.6080017089844,-487.6080017089844,324
2020-06-02,-487.6080017089844,-487.6080017089844,-487.6080017089844,-487.6080017089844,0
2020-06-03,-487.6080017089844,-487.6080017089844,-487.6080017089844,-487.6080017089844,0
2020-06-04,-487.6080017089844,-487.6080017089844,-487.6080017089844,-487.6080017089844,0
2020-06-05,-487.6080017089844,-487.6080017089844,-487.6080017089844,-487.6080017089844,0
2020-06-08,-507.58233642578125,-507.58233642578125,-507.58233642578125,-507.58233642578125,20
2020-06-09,-507.58233642578125,-507.58233642578125,-507.58233642578125,-507.58233642578125,0
2020-06-10,-507.58233642578125,-507.58233642578125,-507.58233642578125,-507.58233642578125,740
2020-06-11,-540.4812622070312,-540.4812622070312,-540.4812622070312,-540.4812622070312,36
2020-06-12,-540.4812622070312,-540.4812622070312,-540.4812622070312,-540.4812622070312,384
2020-06-16,-546.3558959960938,-546.3558959960938,-546.3558959960938,-546.3558959960938,11510
2020-06-17,-546.3558959960938,-546.3558959960938,-546.3558959960938,-546.3558959960938,760
2020-06-18,-546.3558959960938,-546.3558959960938,-546.3558959960938,-546.3558959960938,6000
2020-06-19,-549.2933349609375,-549.2933349609375,-549.2933349609375,-549.2933349609375,20
2020-06-22,-549.2933349609375,-549.2933349609375,-549.2933349609375,-549.2933349609375,0
2020-06-23,-546.3558959960938,-546.3558959960938,-546.3558959960938,-546.3558959960938,58
2020-06-25,-546.3558959960938,-546.3558959960938,-546.3558959960938,-546.3558959960938,2000
2020-06-26,-546.3558959960938,-546.3558959960938,-546.3558959960938,-546.3558959960938,20
2020-06-30,-545.1810302734375,-545.1810302734375,-545.1810302734375,-545.1810302734375,10060
2020-07-01,-543.4185180664062,-543.4185180664062,-543.4185180664062,-543.4185180664062,118
2020-07-02,-543.4185180664062,-543.4185180664062,-543.4185180664062,-543.4185180664062,12624
2020-07-03,-543.4185180664062,-543.4185180664062,-543.4185180664062,-543.4185180664062,0
2020-07-06,-543.4185180664062,-543.4185180664062,-543.4185180664062,-543.4185180664062,40
2020-07-07,-528.7315673828125,-528.7315673828125,-528.7315673828125,-528.7315673828125,2866
2020-07-08,-528.7315673828125,-528.7315673828125,-528.7315673828125,-528.7315673828125,300
2020-07-09,-537.5438232421875,-537.5438232421875,-537.5438232421875,-537.5438232421875,18
2020-07-10,-537.5438232421875,-537.5438232421875,-537.5438232421875,-537.5438232421875,4710
2020-07-13,-528.7315673828125,-528.7315673828125,-528.7315673828125,-528.7315673828125,44
2020-07-14,-538.13134765625,-538.13134765625,-538.13134765625,-538.13134765625,206
2020-07-15,-538.13134765625,-538.13134765625,-538.13134765625,-538.13134765625,20
2020-07-16,-535.19384765625,-535.19384765625,-535.19384765625,-535.19384765625,308
2020-07-17,-535.19384765625,-535.19384765625,-535.19384765625,-535.19384765625,0
2020-07-20,-538.71875,-538.71875,-538.71875,-538.71875,102
2020-07-21,-538.71875,-538.71875,-538.71875,-538.71875,1220
2020-07-22,-541.0687255859375,-541.0687255859375,-541.0687255859375,-541.0687255859375,930
2020-07-23,-541.0687255859375,-541.0687255859375,-541.0687255859375,-541.0687255859375,0
2020-07-27,-558.1056518554688,-558.1056518554688,-558.1056518554688,-558.1056518554688,1498
2020-07-28,-558.1056518554688,-558.1056518554688,-558.1056518554688,-558.1056518554688,388
2020-07-29,-556.9306640625,-556.9306640625,-556.9306640625,-556.9306640625,520
2020-07-30,-556.3431396484375,-556.3431396484375,-556.3431396484375,-556.3431396484375,384
2020-07-31,-556.3431396484375,-556.3431396484375,-556.3431396484375,-556.3431396484375,0
2020-08-03,-581.6046752929688,-581.6046752929688,-581.6046752929688,-581.6046752929688,5528
2020-08-04,-593.3543090820312,-593.3543090820312,-593.3543090820312,-593.3543090820312,2870
2020-08-05,-608.0413818359375,-608.0413818359375,-608.0413818359375,-608.0413818359375,376
2020-08-06,-622.7283325195312,-622.7283325195312,-622.7283325195312,-622.7283325195312,500
2020-08-07,-646.2274780273438,-646.2274780273438,-646.2274780273438,-646.2274780273438,316
2020-08-10,-757.8485717773438,-757.8485717773438,-757.8485717773438,-757.8485717773438,2716
2020-08-11,-763.7233276367188,-763.7233276367188,-763.7233276367188,-763.7233276367188,10060
2020-08-12,-769.5982055664062,-769.5982055664062,-769.5982055664062,-769.5982055664062,78
2020-08-13,-828.3461303710938,-828.3461303710938,-828.3461303710938,-828.3461303710938,64
2020-08-14,-857.7201538085938,-857.7201538085938,-857.7201538085938,-857.7201538085938,40070
2020-08-17,-857.7201538085938,-857.7201538085938,-857.7201538085938,-857.7201538085938,1366
2020-08-18,-857.7201538085938,-857.7201538085938,-857.7201538085938,-857.7201538085938,94
2020-08-19,-881.2193603515625,-881.2193603515625,-881.2193603515625,-881.2193603515625,146714
2020-08-20,-881.2193603515625,-881.2193603515625,-881.2193603515625,-881.2193603515625,0
2020-08-21,-881.2193603515625,-881.2193603515625,-881.2193603515625,-881.2193603515625,34
2020-08-24,-881.2193603515625,-881.2193603515625,-881.2193603515625,-881.2193603515625,3156
2020-08-25,-881.2193603515625,-881.2193603515625,-881.2193603515625,-881.2193603515625,24
2020-08-26,-822.4713134765625,-822.4713134765625,-822.4713134765625,-822.4713134765625,210
2020-08-27,-793.097412109375,-793.097412109375,-793.097412109375,-793.097412109375,22
2020-08-28,-710.8502807617188,-710.8502807617188,-710.8502807617188,-710.8502807617188,1978
2020-08-31,-710.8502807617188,-710.8502807617188,-710.8502807617188,-710.8502807617188,0
2020-09-01,-710.8502807617188,-710.8502807617188,-710.8502807617188,-710.8502807617188,406
2020-09-02,-710.8502807617188,-710.8502807617188,-710.8502807617188,-710.8502807617188,1156
2020-09-03,-710.8502807617188,-710.8502807617188,-710.8502807617188,-710.8502807617188,150
2020-09-04,-734.349365234375,-734.349365234375,-734.349365234375,-734.349365234375,562
2020-09-07,-734.349365234375,-734.349365234375,-734.349365234375,-734.349365234375,598
2020-09-08,-734.349365234375,-734.349365234375,-734.349365234375,-734.349365234375,46
2020-09-09,-734.349365234375,-734.349365234375,-734.349365234375,-734.349365234375,276
2020-09-10,-734.349365234375,-734.349365234375,-734.349365234375,-734.349365234375,160
2020-09-11,-734.349365234375,-734.349365234375,-734.349365234375,-734.349365234375,0
2020-09-15,-781.3478393554688,-781.3478393554688,-781.3478393554688,-781.3478393554688,1146
2020-09-16,-822.4713134765625,-822.4713134765625,-822.4713134765625,-822.4713134765625,4
2020-09-17,-822.4713134765625,-822.4713134765625,-822.4713134765625,-822.4713134765625,26
2020-09-18,-822.4713134765625,-822.4713134765625,-822.4713134765625,-822.4713134765625,18
2020-09-21,-828.3461303710938,-828.3461303710938,-828.3461303710938,-828.3461303710938,272
2020-09-22,-831.2835083007812,-831.2835083007812,-831.2835083007812,-831.2835083007812,100
2020-09-23,-831.2835083007812,-831.2835083007812,-831.2835083007812,-831.2835083007812,0
2020-09-24,-851.8453369140625,-851.8453369140625,-851.8453369140625,-851.8453369140625,68
2020-09-25,-939.9671630859375,-939.9671630859374,-939.9671630859374,-939.9671630859374,72
2020-09-28,-939.9671630859375,-939.9671630859374,-939.9671630859374,-939.9671630859374,0
2020-09-29,-951.716796875,-951.7167968750001,-951.7167968750001,-951.7167968750001,146768
2020-09-30,-954.6543579101562,-954.6543579101562,-954.6543579101562,-954.6543579101562,832
2020-10-01,-957.5916748046875,-957.5916748046875,-957.5916748046875,-957.5916748046875,2790
2020-10-02,-969.3412475585938,-969.3412475585938,-969.3412475585938,-969.3412475585938,40158
2020-10-05,-975.2160034179688,-975.2160034179688,-975.2160034179688,-975.2160034179688,532
2020-10-06,-981.0907592773438,-981.0907592773436,-981.0907592773436,-981.0907592773436,2746
2020-10-07,-978.1535034179688,-978.1535034179688,-978.1535034179688,-978.1535034179688,20
2020-10-08,-978.1535034179688,-978.1535034179688,-978.1535034179688,-978.1535034179688,234
2020-10-09,-978.1535034179688,-978.1535034179688,-978.1535034179688,-978.1535034179688,0
2020-10-13,-981.0907592773438,-981.0907592773436,-981.0907592773436,-981.0907592773436,3010
2020-10-14,-963.4664916992188,-963.4664916992188,-963.4664916992188,-963.4664916992188,11708
2020-10-15,-981.0907592773438,-981.0907592773436,-981.0907592773436,-981.0907592773436,220
2020-10-16,-981.0907592773438,-981.0907592773436,-981.0907592773436,-981.0907592773436,30
2020-10-19,-981.0907592773438,-981.0907592773436,-981.0907592773436,-981.0907592773436,380
2020-10-20,-984.0283203125,-984.0283203125,-984.0283203125,-984.0283203125,1684
2020-10-21,-984.0283203125,-984.0283203125,-984.0283203125,-984.0283203125,0
2020-10-22,-986.9655151367188,-986.9655151367188,-986.9655151367188,-986.9655151367188,2
2020-10-23,-986.9655151367188,-986.9655151367188,-986.9655151367188,-986.9655151367188,0
2020-10-26,-986.9655151367188,-986.9655151367188,-986.9655151367188,-986.9655151367188,2602
2020-10-27,-981.0907592773438,-981.0907592773436,-981.0907592773436,-981.0907592773436,8
2020-10-28,-981.0907592773438,-981.0907592773436,-981.0907592773436,-981.0907592773436,24
2020-10-29,-986.9655151367188,-986.9655151367188,-986.9655151367188,-986.9655151367188,600
2020-10-30,-986.9655151367188,-986.9655151367188,-986.9655151367188,-986.9655151367188,0
2020-11-02,-984.0283203125,-984.0283203125,-984.0283203125,-984.0283203125,20
2020-11-03,-986.9655151367188,-986.9655151367188,-986.9655151367188,-986.9655151367188,4
2020-11-04,-986.9655151367188,-986.9655151367188,-986.9655151367188,-986.9655151367188,146678
2020-11-05,-981.0907592773438,-981.0907592773436,-981.0907592773436,-981.0907592773436,584
2020-11-06,-981.0907592773438,-981.0907592773436,-981.0907592773436,-981.0907592773436,30
2020-11-09,-981.0907592773438,-981.0907592773436,-981.0907592773436,-981.0907592773436,152
2020-11-10,-981.0907592773438,-981.0907592773436,-981.0907592773436,-981.0907592773436,16
2020-11-11,-986.9655151367188,-986.9655151367188,-986.9655151367188,-986.9655151367188,32
2020-11-12,-986.9655151367188,-986.9655151367188,-986.9655151367188,-986.9655151367188,70
2020-11-13,-986.9655151367188,-986.9655151367188,-986.9655151367188,-986.9655151367188,0
2020-11-16,-986.9655151367188,-986.9655151367188,-986.9655151367188,-986.9655151367188,80
2020-11-17,-986.9655151367188,-986.9655151367188,-986.9655151367188,-986.9655151367188,340
2020-11-18,-986.9655151367188,-986.9655151367188,-986.9655151367188,-986.9655151367188,8
2020-11-19,-986.9655151367188,-986.9655151367188,-986.9655151367188,-986.9655151367188,6
2020-11-20,-992.8402709960938,-992.8402709960938,-992.8402709960938,-992.8402709960938,602
2020-11-24,-1045.7137451171875,-1045.7137451171875,-1045.7137451171875,-1045.7137451171875,3998
2020-11-25,-1045.7137451171875,-1045.7137451171875,-1045.7137451171875,-1045.7137451171875,2554
2020-11-26,-1092.7117919921875,-1092.7117919921875,-1092.7117919921875,-1092.7117919921875,216
2020-11-27,-1092.7117919921875,-1092.7117919921875,-1092.7117919921875,-1092.7117919921875,0
2020-11-30,-1092.7117919921875,-1092.7117919921875,-1092.7117919921875,-1092.7117919921875,0
2020-12-01,-1092.7117919921875,-1092.7117919921875,-1092.7117919921875,-1092.7117919921875,0
2020-12-02,-1227.8321533203125,-1227.8321533203125,-1227.8321533203125,-1227.8321533203125,150344
2020-12-03,-1227.8321533203125,-1227.8321533203125,-1227.8321533203125,-1227.8321533203125,0
2020-12-04,-1227.8321533203125,-1227.8321533203125,-1227.8321533203125,-1227.8321533203125,0
2020-12-07,-1473.39892578125,-1473.39892578125,-1473.39892578125,-1473.39892578125,400
2020-12-08,-1473.39892578125,-1473.39892578125,-1473.39892578125,-1473.39892578125,0
2020-12-09,-1762.438720703125,-1762.438720703125,-1762.438720703125,-1762.438720703125,176
2020-12-10,-1762.438720703125,-1762.438720703125,-1762.438720703125,-1762.438720703125,8
2020-12-11,-1762.438720703125,-1762.438720703125,-1762.438720703125,-1762.438720703125,22
2020-12-15,-1762.438720703125,-1762.438720703125,-1762.438720703125,-1762.438720703125,424
2020-12-16,-1762.438720703125,-1762.438720703125,-1762.438720703125,-1762.438720703125,0
2020-12-17,-1762.438720703125,-1762.438720703125,-1762.438720703125,-1762.438720703125,2646
2020-12-18,-1879.8758544921875,-1879.8758544921875,-1879.8758544921875,-1879.8758544921875,774
2020-12-21,-1909.3087158203125,-1909.3087158203125,-1909.3087158203125,-1909.3087158203125,146908
2020-12-22,-1909.3087158203125,-1909.3087158203125,-1909.3087158203125,-1909.3087158203125,0
2020-12-23,-1909.3087158203125,-1909.3087158203125,-1909.3087158203125,-1909.3087158203125,0
2020-12-28,-1909.3087158203125,-1909.3087158203125,-1909.3087158203125,-1909.3087158203125,0
2020-12-29,-1909.3087158203125,-1909.3087158203125,-1909.3087158203125,-1909.3087158203125,0
2020-12-30,-1909.3087158203125,-1909.3087158203125,-1909.3087158203125,-1909.3087158203125,0
2021-01-04,-1909.3087158203125,-1909.3087158203125,-1909.3087158203125,-1909.3087158203125,0
2021-01-05,-1909.3087158203125,-1909.3087158203125,-1909.3087158203125,-1909.3087158203125,0
2021-01-06,-1909.3087158203125,-1909.3087158203125,-1909.3087158203125,-1909.3087158203125,0
2021-01-07,-1909.3087158203125,-1909.3087158203125,-1909.3087158203125,-1909.3087158203125,0
2021-01-08,-1909.3087158203125,-1909.3087158203125,-1909.3087158203125,-1909.3087158203125,0
2021-01-12,-1909.3087158203125,-1909.3087158203125,-1909.3087158203125,-1909.3087158203125,0
2021-01-13,-1909.3087158203125,-1909.3087158203125,-1909.3087158203125,-1909.3087158203125,0
2021-01-14,-1909.3087158203125,-1909.3087158203125,-1909.3087158203125,-1909.3087158203125,0
2021-01-15,-1909.3087158203125,-1909.3087158203125,-1909.3087158203125,-1909.3087158203125,0
2021-01-19,-1909.3087158203125,-1909.3087158203125,-1909.3087158203125,-1909.3087158203125,0
2021-01-20,-1909.3087158203125,-1909.3087158203125,-1909.3087158203125,-1909.3087158203125,0
2021-01-21,-1909.3087158203125,-1909.3087158203125,-1909.3087158203125,-1909.3087158203125,0
2021-01-22,-1909.3087158203125,-1909.3087158203125,-1909.3087158203125,-1909.3087158203125,0
2021-01-25,-1909.3087158203125,-1909.3087158203125,-1909.3087158203125,-1909.3087158203125,0
2021-01-26,-1909.3087158203125,-1909.3087158203125,-1909.3087158203125,-1909.3087158203125,0
2021-01-27,-1909.3087158203125,-1909.3087158203125,-1909.3087158203125,-1909.3087158203125,0
2021-01-28,-1909.3087158203125,-1909.3087158203125,-1909.3087158203125,-1909.3087158203125,0
2021-01-29,-1909.3087158203125,-1909.3087158203125,-1909.3087158203125,-1909.3087158203125,0
2021-02-01,-1909.3087158203125,-1909.3087158203125,-1909.3087158203125,-1909.3087158203125,0
2021-02-02,-1909.3087158203125,-1909.3087158203125,-1909.3087158203125,-1909.3087158203125,0
2021-02-03,-1909.3087158203125,-1909.3087158203125,-1909.3087158203125,-1909.3087158203125,0
2021-02-04,-1909.3087158203125,-1909.3087158203125,-1909.3087158203125,-1909.3087158203125,0
2021-02-05,-1909.3087158203125,-1909.3087158203125,-1909.3087158203125,-1909.3087158203125,0
2021-02-08,-1909.3087158203125,-1909.3087158203125,-1909.3087158203125,-1909.3087158203125,0
2021-02-09,-1909.3087158203125,-1909.3087158203125,-1909.3087158203125,-1909.3087158203125,0
2021-02-10,-1909.3087158203125,-1909.3087158203125,-1909.3087158203125,-1909.3087158203125,0
2021-02-11,-1909.3087158203125,-1909.3087158203125,-1909.3087158203125,-1909.3087158203125,0
2021-02-12,-1909.3087158203125,-1909.3087158203125,-1909.3087158203125,-1909.3087158203125,0
2021-02-17,-1909.3087158203125,-1909.3087158203125,-1909.3087158203125,-1909.3087158203125,0
2021-02-18,-1909.3087158203125,-1909.3087158203125,-1909.3087158203125,-1909.3087158203125,0
2021-02-19,-1909.3087158203125,-1909.3087158203125,-1909.3087158203125,-1909.3087158203125,0
2021-02-22,-1909.3087158203125,-1909.3087158203125,-1909.3087158203125,-1909.3087158203125,0
2021-02-23,-1909.3087158203125,-1909.3087158203125,-1909.3087158203125,-1909.3087158203125,0
2021-02-24,-1909.3087158203125,-1909.3087158203125,-1909.3087158203125,-1909.3087158203125,0
2021-02-25,-1909.3087158203125,-1909.3087158203125,-1909.3087158203125,-1909.3087158203125,0
2021-02-26,-3519.00244140625,-3519.00244140625,-3519.00244140625,-3519.00244140625,1992
2021-03-01,-3519.00244140625,-3519.00244140625,-3519.00244140625,-3519.00244140625,946
2021-03-02,-3436.755615234375,-3436.755615234375,-3436.755615234375,-3436.755615234375,2076
2021-03-03,-3436.755615234375,-3436.755615234375,-3436.755615234375,-3436.755615234375,146660
2021-03-04,-3877.364990234375,-3877.364990234375,-3877.364990234375,-3877.364990234375,540
2021-03-05,-4259.22705078125,-4259.22705078125,-4259.22705078125,-4259.22705078125,62
2021-03-08,0.3194608986377716,0.3194608986377716,0.3194608986377716,0.3194608986377716,2032
2021-03-09,0.3186090290546417,0.3186090290546417,0.3186090290546417,0.3186090290546417,120
2021-03-10,0.309242308139801,0.309242308139801,0.309242308139801,0.309242308139801,434
2021-03-11,0.3024270236492157,0.3024270236492157,0.3024270236492157,0.3024270236492157,638
2021-03-12,0.3024270236492157,0.3024270236492157,0.3024270236492157,0.3024270236492157,0
2021-03-15,0.3024270236492157,0.3024270236492157,0.3024270236492157,0.3024270236492157,2
2021-03-16,0.3028530180454254,0.3028530180454254,0.3028530180454254,0.3028530180454254,10946
2021-03-17,0.3024270236492157,0.3024270236492157,0.3024270236492157,0.3024270236492157,86
2021-03-18,0.29816752672195435,0.29816752672195435,0.29816752672195435,0.29816752672195435,180
2021-03-22,0.29816752672195435,0.29816752672195435,0.29816752672195435,0.29816752672195435,8
2021-03-23,0.29816752672195435,0.29816752672195435,0.29816752672195435,0.29816752672195435,0
2021-03-24,0.3194608986377716,0.3194608986377716,0.3194608986377716,0.3194608986377716,4
2021-03-25,0.3194608986377716,0.3194608986377716,0.3194608986377716,0.3194608986377716,0
2021-03-26,0.29816752672195435,0.29816752672195435,0.29816752672195435,0.29816752672195435,146
2021-03-29,0.3152056336402893,0.3152056336402893,0.3152056336402893,0.3152056336402893,954
2021-03-30,0.31818732619285583,0.31818732619285583,0.31818732619285583,0.31818732619285583,30
2021-03-31,0.31818732619285583,0.31818732619285583,0.31818732619285583,0.31818732619285583,552
2021-04-05,0.31818732619285583,0.31818732619285583,0.31818732619285583,0.31818732619285583,18
2021-04-06,0.31818732619285583,0.31818732619285583,0.31818732619285583,0.31818732619285583,0
2021-04-07,0.31818732619285583,0.31818732619285583,0.31818732619285583,0.31818732619285583,18
2021-04-08,0.31818732619285583,0.31818732619285583,0.31818732619285583,0.31818732619285583,2272
2021-04-09,0.34075865149497986,0.34075865149497986,0.34075865149497986,0.34075865149497986,388
2021-04-12,0.3194652199745178,0.3194652199745178,0.3194652199745178,0.3194652199745178,646
2021-04-13,0.34075865149497986,0.34075865149497986,0.34075865149497986,0.34075865149497986,30
2021-04-14,0.3365033268928528,0.3365033268928528,0.3365033268928528,0.3365033268928528,922
2021-04-15,0.3365033268928528,0.3365033268928528,0.3365033268928528,0.3365033268928528,166
2021-04-16,0.3365033268928528,0.3365033268928528,0.3365033268928528,0.3365033268928528,0
2021-04-20,0.3365033268928528,0.3365033268928528,0.3365033268928528,0.3365033268928528,0
2021-04-21,0.3365033268928528,0.3365033268928528,0.3365033268928528,0.3365033268928528,0
2021-04-22,0.362060546875,0.362060546875,0.362060546875,0.362060546875,40
2021-04-23,0.3833540081977844,0.3833540081977844,0.3833540081977844,0.3833540081977844,74
2021-04-26,0.3833540081977844,0.3833540081977844,0.3833540081977844,0.3833540081977844,2
2021-04-27,0.4366024136543274,0.4366024136543274,0.4366024136543274,0.4366024136543274,388
2021-04-28,0.4366024136543274,0.4366024136543274,0.4366024136543274,0.4366024136543274,2
2021-04-29,0.4366024136543274,0.4366024136543274,0.4366024136543274,0.4366024136543274,0
2021-04-30,0.5107183456420898,0.5107183456420898,0.5107183456420898,0.5107183456420898,82
2021-05-03,0.5107183456420898,0.5107183456420898,0.5107183456420898,0.5107183456420898,0
2021-05-04,0.5750373601913452,0.5750373601913452,0.5750373601913452,0.5750373601913452,1002
2021-05-05,0.5750415325164795,0.5750415325164795,0.5750415325164795,0.5750415325164795,1240
2021-05-06,0.6896188259124756,0.6896188259124756,0.6896188259124756,0.6896188259124756,198
2021-05-07,0.7028234004974365,0.7028234004974365,0.7028234004974365,0.7028234004974365,14042
2021-05-10,0.7028234004974365,0.7028234004974365,0.7028234004974365,0.7028234004974365,616
2021-05-11,0.7028148174285889,0.7028148174285889,0.7028148174285889,0.7028148174285889,140
2021-05-12,0.7023974657058716,0.7023974657058716,0.7023974657058716,0.7023974657058716,132
2021-05-13,0.72412109375,0.72412109375,0.72412109375,0.72412109375,84
2021-05-14,0.72412109375,0.72412109375,0.72412109375,0.72412109375,24
2021-05-17,0.7283806800842285,0.7283806800842285,0.7283806800842285,0.7283806800842285,700
2021-05-18,0.7454187273979187,0.7454187273979187,0.7454187273979187,0.7454187273979187,8
2021-05-19,0.7454187273979187,0.7454187273979187,0.7454187273979187,0.7454187273979187,296
2021-05-20,0.7454187273979187,0.7454187273979187,0.7454187273979187,0.7454187273979187,101000
2021-05-21,0.7454187273979187,0.7454187273979187,0.7454187273979187,0.7454187273979187,968
2021-05-25,0.72412109375,0.72412109375,0.72412109375,0.72412109375,448
2021-05-26,0.7581973671913147,0.7581973671913147,0.7581973671913147,0.7581973671913147,576
2021-05-27,0.7581973671913147,0.7581973671913147,0.7581973671913147,0.7581973671913147,0
2021-05-28,0.72412109375,0.72412109375,0.72412109375,0.72412109375,4
2021-05-31,0.72412109375,0.72412109375,0.72412109375,0.72412109375,0
2021-06-01,0.72412109375,0.72412109375,0.72412109375,0.72412109375,0
2021-06-02,0.6815257668495178,0.6815257668495178,0.6815257668495178,0.6815257668495178,2032
2021-06-03,0.7070829272270203,0.7070829272270203,0.7070829272270203,0.7070829272270203,1402
2021-06-04,0.7062309980392456,0.7062309980392456,0.7062309980392456,0.7062309980392456,52
2021-06-07,0.7062309980392456,0.7062309980392456,0.7062309980392456,0.7062309980392456,8
2021-06-08,0.7058008909225464,0.7058008909225464,0.7058008909225464,0.7058008909225464,3106
2021-06-09,0.705762505531311,0.705762505531311,0.705762505531311,0.705762505531311,354
2021-06-10,0.7028234004974365,0.7028234004974365,0.7028234004974365,0.7028234004974365,146968
2021-06-11,0.7028234004974365,0.7028234004974365,0.7028234004974365,0.7028234004974365,88
2021-06-15,0.7028234004974365,0.7028234004974365,0.7028234004974365,0.7028234004974365,960
2021-06-16,0.694304347038269,0.694304347038269,0.694304347038269,0.694304347038269,4
2021-06-17,0.6815257668495178,0.6815257668495178,0.6815257668495178,0.6815257668495178,4
2021-06-18,0.6810998320579529,0.6810998320579529,0.6810998320579529,0.6810998320579529,1040
2021-06-21,0.6815257668495178,0.6815257668495178,0.6815257668495178,0.6815257668495178,246
2021-06-22,0.6815257668495178,0.6815257668495178,0.6815257668495178,0.6815257668495178,264
2021-06-23,0.6815257668495178,0.6815257668495178,0.6815257668495178,0.6815257668495178,0
2021-06-25,0.6772662401199341,0.6772662401199341,0.6772662401199341,0.6772662401199341,390
2021-06-29,0.6772662401199341,0.6772662401199341,0.6772662401199341,0.6772662401199341,16
2021-06-30,0.6772662401199341,0.6772662401199341,0.6772662401199341,0.6772662401199341,2994
2021-07-01,0.6772662401199341,0.6772662401199341,0.6772662401199341,0.6772662401199341,980
2021-07-02,0.6772662401199341,0.6772662401199341,0.6772662401199341,0.6772662401199341,706
2021-07-06,0.6772662401199341,0.6772662401199341,0.6772662401199341,0.6772662401199341,796
2021-07-07,0.6389304399490356,0.6389304399490356,0.6389304399490356,0.6389304399490356,404
2021-07-08,0.6389304399490356,0.6389304399490356,0.6389304399490356,0.6389304399490356,6
2021-07-09,0.6559684872627258,0.6559684872627258,0.6559684872627258,0.6559684872627258,1830
2021-07-12,0.6644875407218933,0.6644875407218933,0.6644875407218933,0.6644875407218933,3394
2021-07-13,0.6730066537857056,0.6730066537857056,0.6730066537857056,0.6730066537857056,3934
2021-07-14,0.6730066537857056,0.6730066537857056,0.6730066537857056,0.6730066537857056,794
2021-07-15,0.6815257668495178,0.6815257668495178,0.6815257668495178,0.6815257668495178,1008
2021-07-16,0.6900448203086853,0.6900448203086853,0.6900448203086853,0.6900448203086853,742272
2021-07-19,0.7368996739387512,0.7368996739387512,0.7368996739387512,0.7368996739387512,122
2021-07-20,0.7411592602729797,0.7411592602729797,0.7411592602729797,0.7411592602729797,710
2021-07-21,0.7411592602729797,0.7411592602729797,0.7411592602729797,0.7411592602729797,0
2021-07-22,0.7411592602729797,0.7411592602729797,0.7411592602729797,0.7411592602729797,2104
2021-07-23,0.7411592602729797,0.7411592602729797,0.7411592602729797,0.7411592602729797,70
2021-07-26,0.7454187273979187,0.7454187273979187,0.7454187273979187,0.7454187273979187,1262
2021-07-27,0.7454187273979187,0.7454187273979187,0.7454187273979187,0.7454187273979187,926
2021-07-28,0.7454187273979187,0.7454187273979187,0.7454187273979187,0.7454187273979187,0
2021-07-29,0.7454187273979187,0.7454187273979187,0.7454187273979187,0.7454187273979187,132026
2021-07-30,0.7454187273979187,0.7454187273979187,0.7454187273979187,0.7454187273979187,0
2021-08-02,0.7454187273979187,0.7454187273979187,0.7454187273979187,0.7454187273979187,460
2021-08-03,0.7411592602729797,0.7411592602729797,0.7411592602729797,0.7411592602729797,200
2021-08-04,0.8093118667602539,0.8093118667602539,0.8093118667602539,0.8093118667602539,376
2021-08-05,0.8263499736785889,0.8263499736785889,0.8263499736785889,0.8263499736785889,2340
2021-08-06,0.8327392339706421,0.8327392339706421,0.8327392339706421,0.8327392339706421,20
2021-08-09,0.8348690867424011,0.8348690867424011,0.8348690867424011,0.8348690867424011,38
2021-08-10,0.8348690867424011,0.8348690867424011,0.8348690867424011,0.8348690867424011,748
2021-08-11,0.8433880805969238,0.8433880805969238,0.8433880805969238,0.8433880805969238,1030
2021-08-12,0.8433880805969238,0.8433880805969238,0.8433880805969238,0.8433880805969238,702
2021-08-13,0.8433880805969238,0.8433880805969238,0.8433880805969238,0.8433880805969238,0
2021-08-16,0.8433880805969238,0.8433880805969238,0.8433880805969238,0.8433880805969238,0
2021-08-17,0.8433880805969238,0.8433880805969238,0.8433880805969238,0.8433880805969238,0
2021-08-18,0.8433880805969238,0.8433880805969238,0.8433880805969238,0.8433880805969238,104
2021-08-19,0.8433880805969238,0.8433880805969238,0.8433880805969238,0.8433880805969238,0
2021-08-20,0.8433880805969238,0.8433880805969238,0.8433880805969238,0.8433880805969238,24
2021-08-23,0.8433880805969238,0.8433880805969238,0.8433880805969238,0.8433880805969238,24
2021-08-24,0.8433880805969238,0.8433880805969238,0.8433880805969238,0.8433880805969238,0
2021-08-25,0.8519071340560913,0.8519071340560913,0.8519071340560913,0.8519071340560913,20
2021-08-26,0.8519071340560913,0.8519071340560913,0.8519071340560913,0.8519071340560913,800
2021-08-27,0.8945024609565735,0.8945024609565735,0.8945024609565735,0.8945024609565735,410
2021-08-30,0.8945024609565735,0.8945024609565735,0.8945024609565735,0.8945024609565735,1924
2021-08-31,0.8945024609565735,0.8945024609565735,0.8945024609565735,0.8945024609565735,340
2021-09-01,0.8940765857696533,0.8940765857696533,0.8940765857696533,0.8940765857696533,12
2021-09-02,0.8945024609565735,0.8945024609565735,0.8945024609565735,0.8945024609565735,972
2021-09-03,0.8945024609565735,0.8945024609565735,0.8945024609565735,0.8945024609565735,228
2021-09-06,0.8945024609565735,0.8945024609565735,0.8945024609565735,0.8945024609565735,0
2021-09-07,0.8945024609565735,0.8945024609565735,0.8945024609565735,0.8945024609565735,80
2021-09-08,0.8732048273086548,0.8732048273086548,0.8732048273086548,0.8732048273086548,8
2021-09-09,0.8732048273086548,0.8732048273086548,0.8732048273086548,0.8732048273086548,0
2021-09-10,0.8732048273086548,0.8732048273086548,0.8732048273086548,0.8732048273086548,20002
2021-09-13,0.8732048273086548,0.8732048273086548,0.8732048273086548,0.8732048273086548,4
2021-09-14,0.8732048273086548,0.8732048273086548,0.8732048273086548,0.8732048273086548,0
2021-09-15,0.8732048273086548,0.8732048273086548,0.8732048273086548,0.8732048273086548,2
2021-09-16,0.8732048273086548,0.8732048273086548,0.8732048273086548,0.8732048273086548,22
2021-09-17,0.8732048273086548,0.8732048273086548,0.8732048273086548,0.8732048273086548,96
2021-09-20,0.8732048273086548,0.8732048273086548,0.8732048273086548,0.8732048273086548,120
2021-09-21,0.8732048273086548,0.8732048273086548,0.8732048273086548,0.8732048273086548,60
2021-09-22,0.8732048273086548,0.8732048273086548,0.8732048273086548,0.8732048273086548,0
2021-09-23,0.8732048273086548,0.8732048273086548,0.8732048273086548,0.8732048273086548,0
2021-09-24,0.8732004761695862,0.8732004761695862,0.8732004761695862,0.8732004761695862,136
2021-09-27,0.8732004761695862,0.8732004761695862,0.8732004761695862,0.8732004761695862,0
2021-09-28,0.8732048273086548,0.8732048273086548,0.8732048273086548,0.8732048273086548,10
2021-09-29,0.8306095004081726,0.8306095004081726,0.8306095004081726,0.8306095004081726,142
2021-10-04,0.8306095004081726,0.8306095004081726,0.8306095004081726,0.8306095004081726,0
2021-10-05,0.8306095004081726,0.8306095004081726,0.8306095004081726,0.8306095004081726,0
2021-10-06,0.8306095004081726,0.8306095004081726,0.8306095004081726,0.8306095004081726,0
2021-10-07,0.8306095004081726,0.8306095004081726,0.8306095004081726,0.8306095004081726,0
2021-10-08,0.8093118667602539,0.8093118667602539,0.8093118667602539,0.8093118667602539,10
2021-10-11,0.8093118667602539,0.8093118667602539,0.8093118667602539,0.8093118667602539,160
2021-10-13,0.7880141139030457,0.7880141139030457,0.7880141139030457,0.7880141139030457,20
2021-10-14,0.7837545275688171,0.7837545275688171,0.7837545275688171,0.7837545275688171,640
2021-10-15,0.7837545275688171,0.7837545275688171,0.7837545275688171,0.7837545275688171,4884
2021-10-18,0.7794950008392334,0.7794950008392334,0.7794950008392334,0.7794950008392334,40
2021-10-19,0.7794950008392334,0.7794950008392334,0.7794950008392334,0.7794950008392334,0
2021-10-20,0.7667164206504822,0.7667164206504822,0.7667164206504822,0.7667164206504822,550
2021-10-21,0.7667164206504822,0.7667164206504822,0.7667164206504822,0.7667164206504822,0
2021-10-22,0.7667164206504822,0.7667164206504822,0.7667164206504822,0.7667164206504822,0
2021-10-25,0.6815257668495178,0.6815257668495178,0.6815257668495178,0.6815257668495178,370
2021-10-26,0.7667164206504822,0.7667164206504822,0.7667164206504822,0.7667164206504822,22
2021-10-27,0.7667164206504822,0.7667164206504822,0.7667164206504822,0.7667164206504822,1540
2021-10-28,0.7667164206504822,0.7667164206504822,0.7667164206504822,0.7667164206504822,800
2021-10-29,0.7667164206504822,0.7667164206504822,0.7667164206504822,0.7667164206504822,6890
2021-11-02,0.7752355933189392,0.7752355933189392,0.7752355933189392,0.7752355933189392,400
2021-11-03,0.7667164206504822,0.7667164206504822,0.7667164206504822,0.7667164206504822,7072
2021-11-04,0.7667164206504822,0.7667164206504822,0.7667164206504822,0.7667164206504822,682
2021-11-05,0.7667164206504822,0.7667164206504822,0.7667164206504822,0.7667164206504822,10000
2021-11-08,0.7667164206504822,0.7667164206504822,0.7667164206504822,0.7667164206504822,0
2021-11-09,0.7667164206504822,0.7667164206504822,0.7667164206504822,0.7667164206504822,0
2021-11-10,0.7752355933189392,0.7752355933189392,0.7752355933189392,0.7752355933189392,270
2021-11-11,0.7794950008392334,0.7794950008392334,0.7794950008392334,0.7794950008392334,18
2021-11-12,0.7794950008392334,0.7794950008392334,0.7794950008392334,0.7794950008392334,15858
2021-11-15,0.7880141139030457,0.7880141139030457,0.7880141139030457,0.7880141139030457,1116
2021-11-16,0.7880141139030457,0.7880141139030457,0.7880141139030457,0.7880141139030457,0
2021-11-17,0.7880141139030457,0.7880141139030457,0.7880141139030457,0.7880141139030457,186
2021-11-18,0.7880141139030457,0.7880141139030457,0.7880141139030457,0.7880141139030457,256
2021-11-19,0.7965331673622131,0.7965331673622131,0.7965331673622131,0.7965331673622131,3170
2021-11-23,0.8433880805969238,0.8433880805969238,0.8433880805969238,0.8433880805969238,2378
2021-11-24,0.8519071340560913,0.8519071340560913,0.8519071340560913,0.8519071340560913,636
2021-11-25,0.8519071340560913,0.8519071340560913,0.8519071340560913,0.8519071340560913,782
2021-11-26,0.8859834671020508,0.8859834671020508,0.8859834671020508,0.8859834671020508,3372
2021-11-29,0.8859834671020508,0.8859834671020508,0.8859834671020508,0.8859834671020508,0
2021-11-30,0.8859834671020508,0.8859834671020508,0.8859834671020508,0.8859834671020508,0
2021-12-01,0.8945024609565735,0.8945024609565735,0.8945024609565735,0.8945024609565735,550
2021-12-02,0.9030215740203857,0.9030215740203857,0.9030215740203857,0.9030215740203857,564
2021-12-03,0.9030215740203857,0.9030215740203857,0.9030215740203857,0.9030215740203857,4
2021-12-06,0.898762047290802,0.898762047290802,0.898762047290802,0.898762047290802,30
2021-12-07,0.8945024609565735,0.8945024609565735,0.8945024609565735,0.8945024609565735,5566
2021-12-08,0.9115405678749084,0.9115405678749084,0.9115405678749084,0.9115405678749084,50
2021-12-09,0.9115405678749084,0.9115405678749084,0.9115405678749084,0.9115405678749084,0
2021-12-10,0.9115405678749084,0.9115405678749084,0.9115405678749084,0.9115405678749084,4
2021-12-14,0.8519071340560913,0.8519071340560913,0.8519071340560913,0.8519071340560913,712
2021-12-15,0.9072811603546143,0.9072811603546143,0.9072811603546143,0.9072811603546143,14978
2021-12-16,0.8945024609565735,0.8945024609565735,0.8945024609565735,0.8945024609565735,796
2021-12-17,0.8561667203903198,0.8561667203903198,0.8561667203903198,0.8561667203903198,300
2021-12-20,0.8604262471199036,0.8604262471199036,0.8604262471199036,0.8604262471199036,258
2021-12-21,0.8774642944335938,0.8774642944335938,0.8774642944335938,0.8774642944335938,172
2021-12-22,0.9115405678749084,0.9115405678749084,0.9115405678749084,0.9115405678749084,2084
2021-12-23,0.9072811603546143,0.9072811603546143,0.9072811603546143,0.9072811603546143,90
2021-12-27,0.8902429342269897,0.8902429342269897,0.8902429342269897,0.8902429342269897,54
2021-12-28,0.8902429342269897,0.8902429342269897,0.8902429342269897,0.8902429342269897,0
2021-12-29,0.8945024609565735,0.8945024609565735,0.8945024609565735,0.8945024609565735,200
2021-12-30,0.9370977282524109,0.9370977282524109,0.9370977282524109,0.9370977282524109,1942
2022-01-03,0.9370977282524109,0.9370977282524109,0.9370977282524109,0.9370977282524109,0
2022-01-04,0.9370977282524109,0.9370977282524109,0.9370977282524109,0.9370977282524109,0
2022-01-05,0.9370977282524109,0.9370977282524109,0.9370977282524109,0.9370977282524109,0
2022-01-06,0.9456169605255127,0.9456169605255127,0.9456169605255127,0.9456169605255127,38
2022-01-07,0.8093118667602539,0.8093118667602539,0.8093118667602539,0.8093118667602539,2944
2022-01-11,0.8093118667602539,0.8093118667602539,0.8093118667602539,0.8093118667602539,0
2022-01-12,0.8093118667602539,0.8093118667602539,0.8093118667602539,0.8093118667602539,4
2022-01-13,0.9200597405433655,0.9200597405433655,0.9200597405433655,0.9200597405433655,92
2022-01-14,0.924319326877594,0.924319326877594,0.924319326877594,0.924319326877594,286
2022-01-18,0.924319326877594,0.924319326877594,0.924319326877594,0.924319326877594,0
2022-01-19,0.924319326877594,0.924319326877594,0.924319326877594,0.924319326877594,0
2022-01-20,0.9200597405433655,0.9200597405433655,0.9200597405433655,0.9200597405433655,6972
2022-01-21,0.9200597405433655,0.9200597405433655,0.9200597405433655,0.9200597405433655,2848
2022-01-24,0.9200597405433655,0.9200597405433655,0.9200597405433655,0.9200597405433655,10128
2022-01-25,0.8945024609565735,0.8945024609565735,0.8945024609565735,0.8945024609565735,1938
2022-01-26,0.8945024609565735,0.8945024609565735,0.8945024609565735,0.8945024609565735,420
2022-01-27,0.8945024609565735,0.8945024609565735,0.8945024609565735,0.8945024609565735,200
2022-01-28,0.8519071340560913,0.8519071340560913,0.8519071340560913,0.8519071340560913,606
2022-01-31,0.9030215740203857,0.9030215740203857,0.9030215740203857,0.9030215740203857,220
2022-02-01,0.9030215740203857,0.9030215740203857,0.9030215740203857,0.9030215740203857,690
2022-02-02,0.9030215740203857,0.9030215740203857,0.9030215740203857,0.9030215740203857,590
2022-02-03,0.9030215740203857,0.9030215740203857,0.9030215740203857,0.9030215740203857,380
2022-02-04,0.9030215740203857,0.9030215740203857,0.9030215740203857,0.9030215740203857,4
2022-02-07,0.9030215740203857,0.9030215740203857,0.9030215740203857,0.9030215740203857,700
2022-02-08,0.8689452409744263,0.8689452409744263,0.8689452409744263,0.8689452409744263,556
2022-02-09,0.8689452409744263,0.8689452409744263,0.8689452409744263,0.8689452409744263,0
2022-02-10,0.8689452409744263,0.8689452409744263,0.8689452409744263,0.8689452409744263,0
2022-02-11,0.8689452409744263,0.8689452409744263,0.8689452409744263,0.8689452409744263,34
2022-02-14,0.8689452409744263,0.8689452409744263,0.8689452409744263,0.8689452409744263,110
2022-02-15,0.8689452409744263,0.8689452409744263,0.8689452409744263,0.8689452409744263,812
2022-02-16,0.8689452409744263,0.8689452409744263,0.8689452409744263,0.8689452409744263,300
2022-02-17,0.8689452409744263,0.8689452409744263,0.8689452409744263,0.8689452409744263,1340
2022-02-18,0.8689452409744263,0.8689452409744263,0.8689452409744263,0.8689452409744263,94
2022-02-21,0.8689452409744263,0.8689452409744263,0.8689452409744263,0.8689452409744263,62
2022-02-22,0.8732048273086548,0.8732048273086548,0.8732048273086548,0.8732048273086548,796
2022-02-23,0.8732048273086548,0.8732048273086548,0.8732048273086548,0.8732048273086548,0
2022-02-24,0.8732048273086548,0.8732048273086548,0.8732048273086548,0.8732048273086548,0
2022-02-25,0.8732048273086548,0.8732048273086548,0.8732048273086548,0.8732048273086548,344
2022-03-02,0.8859834671020508,0.8859834671020508,0.8859834671020508,0.8859834671020508,2030
2022-03-03,0.8945024609565735,0.8945024609565735,0.8945024609565735,0.8945024609565735,856
2022-03-04,0.8604262471199036,0.8604262471199036,0.8604262471199036,0.8604262471199036,6000
2022-03-07,0.9115405678749084,0.9115405678749084,0.9115405678749084,0.9115405678749084,760
2022-03-08,0.9200597405433655,0.9200597405433655,0.9200597405433655,0.9200597405433655,868
2022-03-09,1.0435863733291626,1.0435863733291626,1.0435863733291626,1.0435863733291626,2592
2022-03-10,1.0521053075790405,1.0521053075790405,1.0521053075790405,1.0521053075790405,2946
2022-03-11,1.0478459596633911,1.0478459596633911,1.0478459596633911,1.0478459596633911,322
2022-03-14,1.0478459596633911,1.0478459596633911,1.0478459596633911,1.0478459596633911,1866
2022-03-15,1.0966861248016357,1.0966861248016357,1.0966861248016357,1.0966861248016357,3090
2022-03-16,1.0966861248016357,1.0966861248016357,1.0966861248016357,1.0966861248016357,600
2022-03-17,1.0966861248016357,1.0966861248016357,1.0966861248016357,1.0966861248016357,6440
2022-03-18,1.092246174812317,1.092246174812317,1.092246174812317,1.092246174812317,54
2022-03-21,1.092246174812317,1.092246174812317,1.092246174812317,1.092246174812317,8
2022-03-22,1.092246174812317,1.092246174812317,1.092246174812317,1.092246174812317,0
2022-03-23,1.092246174812317,1.092246174812317,1.092246174812317,1.092246174812317,0
2022-03-24,1.092246174812317,1.092246174812317,1.092246174812317,1.092246174812317,0
2022-03-25,1.1011260747909546,1.1011260747909546,1.1011260747909546,1.1011260747909546,2574
2022-03-28,1.1188862323760986,1.1188862323760986,1.1188862323760986,1.1188862323760986,2174
2022-03-29,1.1455261707305908,1.1455261707305908,1.1455261707305908,1.1455261707305908,4408
2022-03-30,1.1544064283370972,1.1544064283370972,1.1544064283370972,1.1544064283370972,2440
2022-03-31,1.1544064283370972,1.1544064283370972,1.1544064283370972,1.1544064283370972,0
2022-04-01,1.2432069778442383,1.2432069778442383,1.2432069778442383,1.2432069778442383,1504
2022-04-04,1.287607192993164,1.287607192993164,1.287607192993164,1.287607192993164,37938
2022-04-05,1.309807300567627,1.309807300567627,1.309807300567627,1.309807300567627,31614
2022-04-06,1.3142472505569458,1.3142472505569458,1.3142472505569458,1.3142472505569458,66200
2022-04-07,1.3142472505569458,1.3142472505569458,1.3142472505569458,1.3142472505569458,0
2022-04-08,1.3320075273513794,1.3320075273513794,1.3320075273513794,1.3320075273513794,20548
2022-04-11,1.3320075273513794,1.3320075273513794,1.3320075273513794,1.3320075273513794,2060
2022-04-12,1.420807957649231,1.420807957649231,1.420807957649231,1.420807957649231,276
2022-04-13,1.4430080652236938,1.4430080652236938,1.4430080652236938,1.4430080652236938,488
2022-04-18,1.4652081727981567,1.4652081727981567,1.4652081727981567,1.4652081727981567,1394
2022-04-20,1.5096083879470825,1.5096083879470825,1.5096083879470825,1.5096083879470825,844
2022-04-21,1.5540086030960083,1.5540086030960083,1.5540086030960083,1.5540086030960083,670
2022-04-22,1.5540086030960083,1.5540086030960083,1.5540086030960083,1.5540086030960083,2620
2022-04-25,1.5895287990570068,1.5895287990570068,1.5895287990570068,1.5895287990570068,21952
2022-04-26,1.5939687490463257,1.5939687490463257,1.5939687490463257,1.5939687490463257,260
2022-04-27,1.5762087106704712,1.5762087106704712,1.5762087106704712,1.5762087106704712,640
2022-04-28,1.4474480152130127,1.4474480152130127,1.4474480152130127,1.4474480152130127,16
2022-04-29,1.5540086030960083,1.5540086030960083,1.5540086030960083,1.5540086030960083,36
2022-05-02,1.5850887298583984,1.5850887298583984,1.5850887298583984,1.5850887298583984,1044
2022-05-03,1.598408818244934,1.598408818244934,1.598408818244934,1.598408818244934,65126
2022-05-04,1.6028488874435425,1.6028488874435425,1.6028488874435425,1.6028488874435425,61176
2022-05-05,1.6428091526031494,1.6428091526031494,1.6428091526031494,1.6428091526031494,68
2022-05-06,3.3300187587738037,3.3300187587738037,3.3300187587738037,3.3300187587738037,42953
2022-05-09,3.356658458709717,3.356658458709717,3.356658458709717,3.356658458709717,323
2022-05-10,1.6872094869613647,1.6872094869613647,1.6872094869613647,1.6872094869613647,13
2022-05-11,1.6872094869613647,1.6872094869613647,1.6872094869613647,1.6872094869613647,0
2022-05-12,1.6872094869613647,1.6872094869613647,1.6872094869613647,1.6872094869613647,79
2022-05-13,1.6872094869613647,1.6872094869613647,1.6872094869613647,1.6872094869613647,516
2022-05-16,1.6783292293548584,1.6783292293548584,1.6783292293548584,1.6783292293548584,318
2022-05-17,1.6783292293548584,1.6783292293548584,1.6783292293548584,1.6783292293548584,1792
2022-05-18,1.6783292293548584,1.6783292293548584,1.6783292293548584,1.6783292293548584,52
2022-05-19,1.6783292293548584,1.6783292293548584,1.6783292293548584,1.6783292293548584,0
2022-05-20,1.6783292293548584,1.6783292293548584,1.6783292293548584,1.6783292293548584,0
2022-05-23,1.6694492101669312,1.6694492101669312,1.6694492101669312,1.6694492101669312,154
2022-05-24,1.6694492101669312,1.6694492101669312,1.6694492101669312,1.6694492101669312,482
2022-05-25,1.6428091526031494,1.6428091526031494,1.6428091526031494,1.6428091526031494,272
2022-05-26,1.6428091526031494,1.6428091526031494,1.6428091526031494,1.6428091526031494,185
2022-05-27,1.6428091526031494,1.6428091526031494,1.6428091526031494,1.6428091526031494,59
2022-05-31,1.6428091526031494,1.6428091526031494,1.6428091526031494,1.6428091526031494,0
2022-06-01,1.6339290142059326,1.6339290142059326,1.6339290142059326,1.6339290142059326,193163
2022-06-02,1.6339290142059326,1.6339290142059326,1.6339290142059326,1.6339290142059326,75
2022-06-03,1.6250488758087158,1.6250488758087158,1.6250488758087158,1.6250488758087158,96
2022-06-06,1.6250488758087158,1.6250488758087158,1.6250488758087158,1.6250488758087158,800
2022-06-07,1.598408818244934,1.598408818244934,1.598408818244934,1.598408818244934,30284
2022-06-08,1.598408818244934,1.598408818244934,1.598408818244934,1.598408818244934,71
2022-06-09,1.598408818244934,1.598408818244934,1.598408818244934,1.598408818244934,876
2022-06-10,1.6339290142059326,1.6339290142059326,1.6339290142059326,1.6339290142059326,2610
2022-06-14,1.6339290142059326,1.6339290142059326,1.6339290142059326,1.6339290142059326,1277
2022-06-15,1.6250488758087158,1.6250488758087158,1.6250488758087158,1.6250488758087158,456
2022-06-16,1.6516891717910767,1.6516891717910767,1.6516891717910767,1.6516891717910767,316
2022-06-17,1.7316097021102905,1.7316097021102905,1.7316097021102905,1.7316097021102905,548
2022-06-21,1.7227296829223633,1.7227296829223633,1.7227296829223633,1.7227296829223633,760
2022-06-22,1.7227296829223633,1.7227296829223633,1.7227296829223633,1.7227296829223633,479
2022-06-23,1.7227296829223633,1.7227296829223633,1.7227296829223633,1.7227296829223633,0
2022-06-27,1.820410132408142,1.820410132408142,1.820410132408142,1.820410132408142,2376
2022-06-28,1.820410132408142,1.820410132408142,1.820410132408142,1.820410132408142,828
2022-06-29,1.820410132408142,1.820410132408142,1.820410132408142,1.820410132408142,12098
2022-06-30,1.820410132408142,1.820410132408142,1.820410132408142,1.820410132408142,560
2022-07-01,1.820410132408142,1.820410132408142,1.820410132408142,1.820410132408142,25
2022-07-06,1.8115299940109253,1.8115299940109253,1.8115299940109253,1.8115299940109253,1102
2022-07-07,1.802649974822998,1.802649974822998,1.802649974822998,1.802649974822998,38
2022-07-08,1.802649974822998,1.802649974822998,1.802649974822998,1.802649974822998,440
2022-07-11,1.7760097980499268,1.7760097980499268,1.7760097980499268,1.7760097980499268,8
2022-07-12,1.7582497596740723,1.7582497596740723,1.7582497596740723,1.7582497596740723,317
2022-07-13,1.7582497596740723,1.7582497596740723,1.7582497596740723,1.7582497596740723,102
2022-07-14,1.7582497596740723,1.7582497596740723,1.7582497596740723,1.7582497596740723,0
2022-07-15,1.7671297788619995,1.7671297788619995,1.7671297788619995,1.7671297788619995,1125
2022-07-18,1.7760097980499268,1.7760097980499268,1.7760097980499268,1.7760097980499268,230
2022-07-19,1.7760097980499268,1.7760097980499268,1.7760097980499268,1.7760097980499268,20
2022-07-20,1.6872094869613647,1.6872094869613647,1.6872094869613647,1.6872094869613647,1202
2022-07-21,1.598408818244934,1.598408818244934,1.598408818244934,1.598408818244934,5573
2022-07-22,1.598408818244934,1.598408818244934,1.598408818244934,1.598408818244934,2171
2022-07-25,1.598408818244934,1.598408818244934,1.598408818244934,1.598408818244934,784
2022-07-26,1.598408818244934,1.598408818244934,1.598408818244934,1.598408818244934,0
2022-07-27,1.5451287031173706,1.5451287031173706,1.5451287031173706,1.5451287031173706,14113
2022-07-28,1.598408818244934,1.598408818244934,1.598408818244934,1.598408818244934,799
2022-07-29,1.6516891717910767,1.6516891717910767,1.6516891717910767,1.6516891717910767,10
2022-08-01,1.6516891717910767,1.6516891717910767,1.6516891717910767,1.6516891717910767,348
2022-08-02,1.6783292293548584,1.6783292293548584,1.6783292293548584,1.6783292293548584,30494
2022-08-03,1.7316097021102905,1.7316097021102905,1.7316097021102905,1.7316097021102905,1094
2022-08-04,1.7316097021102905,1.7316097021102905,1.7316097021102905,1.7316097021102905,0
2022-08-05,1.7671297788619995,1.7671297788619995,1.7671297788619995,1.7671297788619995,17
2022-08-08,1.7671297788619995,1.7671297788619995,1.7671297788619995,1.7671297788619995,700
2022-08-09,1.7760097980499268,1.7760097980499268,1.7760097980499268,1.7760097980499268,4905
2022-08-10,1.7760097980499268,1.7760097980499268,1.7760097980499268,1.7760097980499268,0
2022-08-11,1.820410132408142,1.820410132408142,1.820410132408142,1.820410132408142,136786
2022-08-12,1.820410132408142,1.820410132408142,1.820410132408142,1.820410132408142,48
2022-08-16,1.820410132408142,1.820410132408142,1.820410132408142,1.820410132408142,466
2022-08-17,1.820410132408142,1.820410132408142,1.820410132408142,1.820410132408142,44
2022-08-18,1.820410132408142,1.820410132408142,1.820410132408142,1.820410132408142,0
2022-08-19,1.820410132408142,1.820410132408142,1.820410132408142,1.820410132408142,0
2022-08-22,1.820410132408142,1.820410132408142,1.820410132408142,1.820410132408142,0
2022-08-23,1.820410132408142,1.820410132408142,1.820410132408142,1.820410132408142,136
2022-08-24,1.820410132408142,1.820410132408142,1.820410132408142,1.820410132408142,651
2022-08-25,1.9802511930465698,1.9802511930465698,1.9802511930465698,1.9802511930465698,15181
2022-08-26,1.9802511930465698,1.9802511930465698,1.9802511930465698,1.9802511930465698,0
2022-08-29,2.1312122344970703,2.1312122344970703,2.1312122344970703,2.1312122344970703,64
2022-08-30,2.3088128566741943,2.3088128566741943,2.3088128566741943,2.3088128566741943,82
2022-08-31,2.3088128566741943,2.3088128566741943,2.3088128566741943,2.3088128566741943,499
2022-09-01,2.35321307182312,2.35321307182312,2.35321307182312,2.35321307182312,698
2022-09-02,2.433133602142334,2.433133602142334,2.433133602142334,2.433133602142334,613
2022-09-05,2.4775338172912598,2.4775338172912598,2.4775338172912598,2.4775338172912598,102
2022-09-06,2.4775338172912598,2.4775338172912598,2.4775338172912598,2.4775338172912598,0
2022-09-07,2.4775338172912598,2.4775338172912598,2.4775338172912598,2.4775338172912598,0
2022-09-08,2.468653678894043,2.468653678894043,2.468653678894043,2.468653678894043,800
2022-09-09,2.468653678894043,2.468653678894043,2.468653678894043,2.468653678894043,0
2022-09-12,2.655134677886963,2.655134677886963,2.655134677886963,2.655134677886963,10
2022-09-13,2.646254539489746,2.646254539489746,2.646254539489746,2.646254539489746,10
2022-09-14,2.646254539489746,2.646254539489746,2.646254539489746,2.646254539489746,0
2022-09-15,2.575214385986328,2.575214385986328,2.575214385986328,2.575214385986328,4
2022-09-16,2.5574543476104736,2.5574543476104736,2.5574543476104736,2.5574543476104736,4
2022-09-19,2.5574543476104736,2.5574543476104736,2.5574543476104736,2.5574543476104736,400
2022-09-20,2.5574543476104736,2.5574543476104736,2.5574543476104736,2.5574543476104736,25
2022-09-21,2.3088128566741943,2.3088128566741943,2.3088128566741943,2.3088128566741943,498
2022-09-22,2.3088128566741943,2.3088128566741943,2.3088128566741943,2.3088128566741943,1000
2022-09-23,2.3088128566741943,2.3088128566741943,2.3088128566741943,2.3088128566741943,500
2022-09-26,2.3088128566741943,2.3088128566741943,2.3088128566741943,2.3088128566741943,0
2022-09-27,2.3088128566741943,2.3088128566741943,2.3088128566741943,2.3088128566741943,36
2022-09-28,2.3088128566741943,2.3088128566741943,2.3088128566741943,2.3088128566741943,143117
2022-09-29,2.3798534870147705,2.3798534870147705,2.3798534870147705,2.3798534870147705,62
2022-09-30,2.3798534870147705,2.3798534870147705,2.3798534870147705,2.3798534870147705,0
2022-10-03,2.3798534870147705,2.3798534870147705,2.3798534870147705,2.3798534870147705,0
2022-10-04,2.5663344860076904,2.5663344860076904,2.5663344860076904,2.5663344860076904,860
2022-10-05,2.3088128566741943,2.3088128566741943,2.3088128566741943,2.3088128566741943,294
2022-10-06,2.3088128566741943,2.3088128566741943,2.3088128566741943,2.3088128566741943,429
2022-10-07,2.326573133468628,2.326573133468628,2.326573133468628,2.326573133468628,201
2022-10-10,2.326573133468628,2.326573133468628,2.326573133468628,2.326573133468628,0
2022-10-11,2.575214385986328,2.575214385986328,2.575214385986328,2.575214385986328,2072
2022-10-13,2.575214385986328,2.575214385986328,2.575214385986328,2.575214385986328,316
2022-10-14,2.575214385986328,2.575214385986328,2.575214385986328,2.575214385986328,0
2022-10-17,2.575214385986328,2.575214385986328,2.575214385986328,2.575214385986328,0
2022-10-18,2.575214385986328,2.575214385986328,2.575214385986328,2.575214385986328,0
2022-10-19,2.5219337940216064,2.5219337940216064,2.5219337940216064,2.5219337940216064,100
2022-10-20,2.5219337940216064,2.5219337940216064,2.5219337940216064,2.5219337940216064,1
2022-10-21,2.5219337940216064,2.5219337940216064,2.5219337940216064,2.5219337940216064,0
2022-10-25,2.397613525390625,2.397613525390625,2.397613525390625,2.397613525390625,14
2022-10-26,2.35321307182312,2.35321307182312,2.35321307182312,2.35321307182312,112
2022-10-27,2.362093210220337,2.362093210220337,2.362093210220337,2.362093210220337,7
2022-10-28,2.3088128566741943,2.3088128566741943,2.3088128566741943,2.3088128566741943,825
2022-11-01,2.3088128566741943,2.3088128566741943,2.3088128566741943,2.3088128566741943,1094
2022-11-02,2.4864139556884766,2.4864139556884766,2.4864139556884766,2.4864139556884766,112
2022-11-03,2.4864139556884766,2.4864139556884766,2.4864139556884766,2.4864139556884766,43
2022-11-04,2.5130538940429688,2.5130538940429688,2.5130538940429688,2.5130538940429688,187
2022-11-07,2.5130538940429688,2.5130538940429688,2.5130538940429688,2.5130538940429688,0
2022-11-08,2.5574543476104736,2.5574543476104736,2.5574543476104736,2.5574543476104736,1394
2022-11-09,2.5574543476104736,2.5574543476104736,2.5574543476104736,2.5574543476104736,20
2022-11-10,2.5308141708374023,2.5308141708374023,2.5308141708374023,2.5308141708374023,132126
2022-11-11,2.664015054702759,2.664015054702759,2.664015054702759,2.664015054702759,3564
2022-11-14,2.7528152465820312,2.7528152465820312,2.7528152465820312,2.7528152465820312,1320
2022-11-15,2.8860161304473877,2.8860161304473877,2.8860161304473877,2.8860161304473877,712
2022-11-16,2.8860161304473877,2.8860161304473877,2.8860161304473877,2.8860161304473877,7
2022-11-17,2.9304163455963135,2.9304163455963135,2.9304163455963135,2.9304163455963135,4313
2022-11-18,2.97481632232666,2.97481632232666,2.97481632232666,2.97481632232666,136
2022-11-22,3.1080172061920166,3.1080172061920166,3.1080172061920166,3.1080172061920166,1189
2022-11-23,3.285618305206299,3.285618305206299,3.285618305206299,3.285618305206299,1367
2022-11-24,3.418818950653076,3.418818950653076,3.418818950653076,3.418818950653076,1083
2022-11-25,3.9960222244262695,3.9960222244262695,3.9960222244262695,3.9960222244262695,448
2022-11-28,4.075942516326904,4.075942516326904,4.075942516326904,4.075942516326904,401
2022-11-29,4.084822654724121,4.084822654724121,4.084822654724121,4.084822654724121,1356
2022-11-30,4.164743423461914,4.164743423461914,4.164743423461914,4.164743423461914,580
2022-12-01,4.262424468994141,4.262424468994141,4.262424468994141,4.262424468994141,670
2022-12-02,4.262424468994141,4.262424468994141,4.262424468994141,4.262424468994141,259
2022-12-05,4.262424468994141,4.262424468994141,4.262424468994141,4.262424468994141,16000
2022-12-06,4.262424468994141,4.262424468994141,4.262424468994141,4.262424468994141,253
2022-12-07,4.262424468994141,4.262424468994141,4.262424468994141,4.262424468994141,359
2022-12-08,4.253543853759766,4.253543853759766,4.253543853759766,4.253543853759766,132000
2022-12-09,4.253543853759766,4.253543853759766,4.253543853759766,4.253543853759766,0
2022-12-13,4.253543853759766,4.253543853759766,4.253543853759766,4.253543853759766,549
2022-12-14,4.688666343688965,4.688666343688965,4.688666343688965,4.688666343688965,22
2022-12-15,4.608745574951172,4.608745574951172,4.608745574951172,4.608745574951172,1000
2022-12-16,4.608745574951172,4.608745574951172,4.608745574951172,4.608745574951172,6
2022-12-19,4.564345836639404,4.564345836639404,4.564345836639404,4.564345836639404,50
2022-12-20,4.511064529418945,4.511064529418945,4.511064529418945,4.511064529418945,120
2022-12-21,4.440024375915527,4.440024375915527,4.440024375915527,4.440024375915527,15
2022-12-22,4.440024375915527,4.440024375915527,4.440024375915527,4.440024375915527,0
2022-12-23,4.440024375915527,4.440024375915527,4.440024375915527,4.440024375915527,0
2022-12-26,4.324583530426025,4.324583530426025,4.324583530426025,4.324583530426025,35
2022-12-27,4.297943592071533,4.297943592071533,4.297943592071533,4.297943592071533,10379
2022-12-28,4.30682373046875,4.30682373046875,4.30682373046875,4.30682373046875,5130
2022-12-29,4.30682373046875,4.30682373046875,4.30682373046875,4.30682373046875,40
2022-12-30,4.30682373046875,4.30682373046875,4.30682373046875,4.30682373046875,44
2023-01-02,4.30682373046875,4.30682373046875,4.30682373046875,4.30682373046875,0
2023-01-03,4.30682373046875,4.30682373046875,4.30682373046875,4.30682373046875,0
2023-01-04,4.30682373046875,4.30682373046875,4.30682373046875,4.30682373046875,16
2023-01-05,4.30682373046875,4.30682373046875,4.30682373046875,4.30682373046875,5068
2023-01-06,4.30682373046875,4.30682373046875,4.30682373046875,4.30682373046875,5313
2023-01-10,4.297943592071533,4.297943592071533,4.297943592071533,4.297943592071533,1800
2023-01-11,4.30682373046875,4.30682373046875,4.30682373046875,4.30682373046875,60
2023-01-12,4.30682373046875,4.30682373046875,4.30682373046875,4.30682373046875,800
2023-01-13,4.30682373046875,4.30682373046875,4.30682373046875,4.30682373046875,0
2023-01-16,4.395623683929443,4.395623683929443,4.395623683929443,4.395623683929443,83
2023-01-17,4.440024375915527,4.440024375915527,4.440024375915527,4.440024375915527,132600
2023-01-18,5.283629417419434,5.283629417419434,5.283629417419434,5.283629417419434,749
2023-01-19,5.283629417419434,5.283629417419434,5.283629417419434,5.283629417419434,0
2023-01-20,5.328030109405518,5.328030109405518,5.328030109405518,5.328030109405518,1089
2023-01-23,5.35467004776001,5.35467004776001,5.35467004776001,5.35467004776001,283
2023-01-24,6.384755611419678,6.384755611419678,6.384755611419678,6.384755611419678,1120
2023-01-25,6.384755611419678,6.384755611419678,6.384755611419678,6.384755611419678,2200
2023-01-26,6.3492350578308105,6.3492350578308105,6.3492350578308105,6.3492350578308105,16
2023-01-27,6.660037517547607,6.660037517547607,6.660037517547607,6.660037517547607,1574
2023-01-30,6.660037517547607,6.660037517547607,6.660037517547607,6.660037517547607,290
2023-01-31,7.015239238739014,7.015239238739014,7.015239238739014,7.015239238739014,424
2023-02-01,7.104039192199707,7.104039192199707,7.104039192199707,7.104039192199707,438
2023-02-02,7.459240913391113,7.459240913391113,7.459240913391113,7.459240913391113,88
2023-02-03,7.814442157745361,7.81444215774536,7.81444215774536,7.81444215774536,356
2023-02-06,8.036445617675781,8.036445617675781,8.036445617675781,8.036445617675781,235
2023-02-07,8.151885032653809,8.151885032653809,8.151885032653809,8.151885032653809,1564
2023-02-08,8.151885032653809,8.151885032653809,8.151885032653809,8.151885032653809,0
2023-02-09,8.151885032653809,8.151885032653809,8.151885032653809,8.151885032653809,0
2023-02-10,8.347245216369629,8.347245216369629,8.347245216369629,8.347245216369629,1087
2023-02-13,8.524848937988281,8.524848937988281,8.524848937988281,8.524848937988281,13
2023-02-14,8.524848937988281,8.524848937988281,8.524848937988281,8.524848937988281,807
2023-02-15,8.871169090270996,8.871169090270996,8.871169090270996,8.871169090270996,236
2023-02-16,8.871169090270996,8.871169090270996,8.871169090270996,8.871169090270996,69
2023-02-17,8.835649490356445,8.835649490356445,8.835649490356445,8.835649490356445,127
2023-02-22,8.835649490356445,8.835649490356445,8.835649490356445,8.835649490356445,27
2023-02-23,8.835649490356445,8.835649490356445,8.835649490356445,8.835649490356445,249
2023-02-24,8.791247367858887,8.791247367858887,8.791247367858887,8.791247367858887,36
2023-02-27,8.835649490356445,8.835649490356445,8.835649490356445,8.835649490356445,12
2023-02-28,8.835649490356445,8.835649490356445,8.835649490356445,8.835649490356445,3
2023-03-01,8.82676887512207,8.82676887512207,8.82676887512207,8.82676887512207,110
2023-03-02,9.101461410522461,9.101461410522461,9.101461410522461,9.101461410522461,0
2023-03-03,8.698579788208008,8.698579788208008,8.698579788208008,8.698579788208008,576
2023-03-06,9.00989818572998,9.00989818572998,9.00989818572998,9.00989818572998,25
2023-03-07,8.909175872802734,8.909175872802734,8.909175872802734,8.909175872802734,300
2023-03-08,8.826769828796387,8.826769828796387,8.826769828796387,8.826769828796387,20
2023-03-09,8.698579788208008,8.698579788208008,8.698579788208008,8.698579788208008,133300
2023-03-10,8.698579788208008,8.698579788208008,8.698579788208008,8.698579788208008,1019
2023-03-13,8.689422607421875,8.689422607421875,8.689422607421875,8.689422607421875,670
2023-03-14,8.671111106872559,8.671111106872559,8.671111106872559,8.671111106872559,76
2023-03-15,8.671111106872559,8.671111106872559,8.671111106872559,8.671111106872559,40
2023-03-16,8.24075984954834,8.24075984954834,8.24075984954834,8.24075984954834,502
2023-03-17,8.24075984954834,8.24075984954834,8.24075984954834,8.24075984954834,106
2023-03-20,7.782939434051514,7.782939434051514,7.782939434051514,7.782939434051514,679
2023-03-21,7.7737836837768555,7.773783683776856,7.773783683776856,7.773783683776856,8300
2023-03-22,7.325119495391846,7.325119495391846,7.325119495391846,7.325119495391846,342
2023-03-23,7.7737836837768555,7.773783683776856,7.773783683776856,7.773783683776856,43
2023-03-24,7.7737836837768555,7.773783683776856,7.773783683776856,7.773783683776856,0
2023-03-27,7.6822190284729,7.6822190284729,7.6822190284729,7.6822190284729,58
2023-03-28,7.6822190284729,7.6822190284729,7.6822190284729,7.6822190284729,29
2023-03-29,7.6822190284729,7.6822190284729,7.6822190284729,7.6822190284729,0
2023-03-30,7.6822190284729,7.6822190284729,7.6822190284729,7.6822190284729,0
2023-03-31,7.6822190284729,7.6822190284729,7.6822190284729,7.6822190284729,376
2023-04-03,7.6822190284729,7.6822190284729,7.6822190284729,7.6822190284729,6
2023-04-04,7.782939434051514,7.782939434051514,7.782939434051514,7.782939434051514,226
2023-04-05,7.782939434051514,7.782939434051514,7.782939434051514,7.782939434051514,0
2023-04-10,7.782939434051514,7.782939434051514,7.782939434051514,7.782939434051514,0
2023-04-11,7.782939434051514,7.782939434051514,7.782939434051514,7.782939434051514,0
2023-04-12,7.782939434051514,7.782939434051514,7.782939434051514,7.782939434051514,0
2023-04-13,7.782939434051514,7.782939434051514,7.782939434051514,7.782939434051514,0
2023-04-14,7.325119495391846,7.325119495391846,7.325119495391846,7.325119495391846,231
2023-04-17,7.544872760772705,7.544872760772705,7.544872760772705,7.544872760772705,10
2023-04-18,7.544872760772705,7.544872760772705,7.544872760772705,7.544872760772705,0
2023-04-20,7.572343349456787,7.572343349456787,7.572343349456787,7.572343349456787,913
2023-04-21,7.572343349456787,7.572343349456787,7.572343349456787,7.572343349456787,3837
2023-04-24,7.572343349456787,7.572343349456787,7.572343349456787,7.572343349456787,1360
2023-04-25,7.572343349456787,7.572343349456787,7.572343349456787,7.572343349456787,30
2023-04-26,7.572343349456787,7.572343349456787,7.572343349456787,7.572343349456787,274
2023-04-27,7.572343349456787,7.572343349456787,7.572343349456787,7.572343349456787,2
2023-04-28,7.572343349456787,7.572343349456787,7.572343349456787,7.572343349456787,1036
2023-05-02,7.572343349456787,7.572343349456787,7.572343349456787,7.572343349456787,0
2023-05-03,7.572343349456787,7.572343349456787,7.572343349456787,7.572343349456787,263
2023-05-04,8.149195671081543,8.149195671081543,8.149195671081543,8.149195671081543,538
2023-05-05,8.149195671081543,8.149195671081543,8.149195671081543,8.149195671081543,135034
2023-05-08,8.13088321685791,8.13088321685791,8.13088321685791,8.13088321685791,143
2023-05-09,8.121726989746094,8.121726989746094,8.121726989746094,8.121726989746094,1103
2023-05-10,8.121726989746094,8.121726989746094,8.121726989746094,8.121726989746094,147
2023-05-11,8.121726989746094,8.121726989746094,8.121726989746094,8.121726989746094,70
2023-05-12,8.13088321685791,8.13088321685791,8.13088321685791,8.13088321685791,511
2023-05-15,8.13088321685791,8.13088321685791,8.13088321685791,8.13088321685791,49
2023-05-16,7.691375255584717,7.691375255584717,7.691375255584717,7.691375255584717,599
2023-05-17,7.691375255584717,7.691375255584717,7.691375255584717,7.691375255584717,17
2023-05-18,7.691375255584717,7.691375255584717,7.691375255584717,7.691375255584717,932
2023-05-19,8.149195671081543,8.149195671081543,8.149195671081543,8.149195671081543,60
2023-05-23,8.140039443969727,8.140039443969727,8.140039443969727,8.140039443969727,11
2023-05-24,8.103414535522461,8.103414535522461,8.103414535522461,8.103414535522461,270
2023-05-25,7.938599109649658,7.938599109649658,7.938599109649658,7.938599109649658,22
2023-05-26,8.05763053894043,8.05763053894043,8.05763053894043,8.05763053894043,1973
2023-05-29,8.05763053894043,8.05763053894043,8.05763053894043,8.05763053894043,1257
2023-05-30,8.05763053894043,8.05763053894043,8.05763053894043,8.05763053894043,72
2023-05-31,8.002693176269531,8.002693176269531,8.002693176269531,8.002693176269531,2
2023-06-01,8.05763053894043,8.05763053894043,8.05763053894043,8.05763053894043,15
2023-06-02,8.05763053894043,8.05763053894043,8.05763053894043,8.05763053894043,0
2023-06-05,8.05763053894043,8.05763053894043,8.05763053894043,8.05763053894043,0
2023-06-06,8.011849403381348,8.011849403381348,8.011849403381348,8.011849403381348,30
2023-06-07,8.011849403381348,8.011849403381348,8.011849403381348,8.011849403381348,0
2023-06-08,8.011849403381348,8.011849403381348,8.011849403381348,8.011849403381348,2939
2023-06-13,7.782939434051514,7.782939434051514,7.782939434051514,7.782939434051514,1578
2023-06-14,7.782939434051514,7.782939434051514,7.782939434051514,7.782939434051514,11
2023-06-15,7.782939434051514,7.782939434051514,7.782939434051514,7.782939434051514,2445
2023-06-16,7.782939434051514,7.782939434051514,7.782939434051514,7.782939434051514,6
2023-06-20,7.782939434051514,7.782939434051514,7.782939434051514,7.782939434051514,20
2023-06-21,8.05763053894043,8.05763053894043,8.05763053894043,8.05763053894043,163
2023-06-22,8.05763053894043,8.05763053894043,8.05763053894043,8.05763053894043,0
2023-06-23,7.782939434051514,7.782939434051514,7.782939434051514,7.782939434051514,2120
2023-06-26,7.7737836837768555,7.773783683776856,7.773783683776856,7.773783683776856,24
2023-06-27,7.691375255584717,7.691375255584717,7.691375255584717,7.691375255584717,21
2023-06-28,8.039318084716797,8.039318084716797,8.039318084716797,8.039318084716797,1051
2023-06-29,8.039318084716797,8.039318084716797,8.039318084716797,8.039318084716797,0
2023-06-30,8.039318084716797,8.039318084716797,8.039318084716797,8.039318084716797,0
2023-07-04,8.011849403381348,8.011849403381348,8.011849403381348,8.011849403381348,195
2023-07-06,8.011849403381348,8.011849403381348,8.011849403381348,8.011849403381348,11
2023-07-07,8.011849403381348,8.011849403381348,8.011849403381348,8.011849403381348,0
2023-07-10,7.920285224914551,7.920285224914551,7.920285224914551,7.920285224914551,40
2023-07-11,7.874504089355469,7.874504089355469,7.874504089355469,7.874504089355469,67
2023-07-12,7.874504089355469,7.874504089355469,7.874504089355469,7.874504089355469,103
2023-07-13,7.782939434051514,7.782939434051514,7.782939434051514,7.782939434051514,31
2023-07-14,8.011849403381348,8.011849403381348,8.011849403381348,8.011849403381348,5
2023-07-17,7.966068744659424,7.966068744659424,7.966068744659424,7.966068744659424,70
2023-07-18,7.975225448608398,7.975225448608398,7.975225448608398,7.975225448608398,343
2023-07-19,7.966068744659424,7.966068744659424,7.966068744659424,7.966068744659424,5
2023-07-20,7.874504089355469,7.874504089355469,7.874504089355469,7.874504089355469,213
2023-07-21,7.966068744659424,7.966068744659424,7.966068744659424,7.966068744659424,168
2023-07-25,7.920285224914551,7.920285224914551,7.920285224914551,7.920285224914551,190
2023-07-26,7.810409069061279,7.810409069061279,7.810409069061279,7.810409069061279,38
2023-07-27,7.764626502990723,7.764626502990723,7.764626502990723,7.764626502990723,257
2023-07-28,7.764626502990723,7.764626502990723,7.764626502990723,7.764626502990723,0
2023-07-31,7.764626502990723,7.764626502990723,7.764626502990723,7.764626502990723,0
2023-08-01,7.7554707527160645,7.7554707527160645,7.7554707527160645,7.7554707527160645,161
2023-08-02,7.7554707527160645,7.7554707527160645,7.7554707527160645,7.7554707527160645,0
2023-08-03,7.7554707527160645,7.7554707527160645,7.7554707527160645,7.7554707527160645,505
2023-08-04,7.782939434051514,7.782939434051514,7.782939434051514,7.782939434051514,10
2023-08-07,7.746315002441406,7.746315002441406,7.746315002441406,7.746315002441406,305
2023-08-08,7.746315002441406,7.746315002441406,7.746315002441406,7.746315002441406,1746
2023-08-09,7.746315002441406,7.746315002441406,7.746315002441406,7.746315002441406,200
2023-08-10,7.325119495391846,7.325119495391846,7.325119495391846,7.325119495391846,513
2023-08-11,7.7737836837768555,7.773783683776856,7.773783683776856,7.773783683776856,36
2023-08-15,7.7737836837768555,7.773783683776856,7.773783683776856,7.773783683776856,50
2023-08-16,7.7737836837768555,7.773783683776856,7.773783683776856,7.773783683776856,527
2023-08-17,7.782939434051514,7.782939434051514,7.782939434051514,7.782939434051514,102350
2023-08-18,8.24075984954834,8.24075984954834,8.24075984954834,8.24075984954834,456
2023-08-21,8.24075984954834,8.24075984954834,8.24075984954834,8.24075984954834,131
2023-08-22,8.05763053894043,8.05763053894043,8.05763053894043,8.05763053894043,290
2023-08-23,8.011849403381348,8.011849403381348,8.011849403381348,8.011849403381348,1325
2023-08-24,8.011849403381348,8.011849403381348,8.011849403381348,8.011849403381348,506
2023-08-25,7.645594120025635,7.645594120025635,7.645594120025635,7.645594120025635,23
2023-08-28,8.05763053894043,8.05763053894043,8.05763053894043,8.05763053894043,300
2023-08-29,8.24075984954834,8.24075984954834,8.24075984954834,8.24075984954834,800
2023-08-30,8.497138977050781,8.497138977050781,8.497138977050781,8.497138977050781,63
2023-08-31,8.497138977050781,8.497138977050781,8.497138977050781,8.497138977050781,0
2023-09-01,8.964115142822266,8.964115142822266,8.964115142822266,8.964115142822266,293
2023-09-04,8.964115142822266,8.964115142822266,8.964115142822266,8.964115142822266,420
2023-09-05,8.973272323608398,8.973272323608398,8.973272323608398,8.973272323608398,555
2023-09-06,8.964115142822266,8.964115142822266,8.964115142822266,8.964115142822266,17
2023-09-07,8.927489280700684,8.927489280700684,8.927489280700684,8.927489280700684,10
2023-09-08,8.881707191467285,8.881707191467285,8.881707191467285,8.881707191467285,10319
2023-09-12,8.881707191467285,8.881707191467285,8.881707191467285,8.881707191467285,11242
2023-09-13,8.927489280700684,8.927489280700684,8.927489280700684,8.927489280700684,1
2023-09-14,9.055680274963379,9.055680274963379,9.055680274963379,9.055680274963379,25
2023-09-15,8.927489280700684,8.927489280700684,8.927489280700684,8.927489280700684,30
2023-09-18,9.421935081481934,9.421935081481934,9.421935081481934,9.421935081481934,30
2023-09-19,9.421935081481934,9.421935081481934,9.421935081481934,9.421935081481934,111
2023-09-20,9.421935081481934,9.421935081481934,9.421935081481934,9.421935081481934,51
2023-09-21,9.421935081481934,9.421935081481934,9.421935081481934,9.421935081481934,150
2023-09-22,9.385310173034668,9.385310173034668,9.385310173034668,9.385310173034668,480
2023-09-25,9.376152992248535,9.376152992248535,9.376152992248535,9.376152992248535,36005
2023-09-26,9.33952808380127,9.33952808380127,9.33952808380127,9.33952808380127,1530
2023-09-27,9.33952808380127,9.33952808380127,9.33952808380127,9.33952808380127,0
2023-09-28,9.33952808380127,9.33952808380127,9.33952808380127,9.33952808380127,0
2023-09-29,9.247963905334473,9.247963905334473,9.247963905334473,9.247963905334473,40018
2023-10-02,9.376152992248535,9.376152992248535,9.376152992248535,9.376152992248535,123
2023-10-03,9.376152992248535,9.376152992248535,9.376152992248535,9.376152992248535,40
2023-10-04,9.678314208984375,9.678314208984375,9.678314208984375,9.678314208984375,56
2023-10-05,9.678314208984375,9.678314208984375,9.678314208984375,9.678314208984375,515
2023-10-06,9.678314208984375,9.678314208984375,9.678314208984375,9.678314208984375,2000
2023-10-09,9.678314208984375,9.678314208984375,9.678314208984375,9.678314208984375,20000
2023-10-10,9.980476379394531,9.980476379394531,9.980476379394531,9.980476379394531,1
2023-10-11,9.998787879943848,9.998787879943848,9.998787879943848,9.998787879943848,163
2023-10-13,9.998787879943848,9.998787879943848,9.998787879943848,9.998787879943848,0
2023-10-16,9.998787879943848,9.998787879943848,9.998787879943848,9.998787879943848,702
2023-10-17,10.33757495880127,10.33757495880127,10.33757495880127,10.33757495880127,89
2023-10-18,10.685517311096191,10.685517311096191,10.685517311096191,10.685517311096191,40086
2023-10-19,11.9033203125,11.9033203125,11.9033203125,11.9033203125,309
2023-10-20,13.734600067138672,13.734600067138672,13.734600067138672,13.734600067138672,363
2023-10-23,16.48151969909668,16.48151969909668,16.48151969909668,16.48151969909668,667
2023-10-24,13.734600067138672,13.734600067138672,13.734600067138672,13.734600067138672,27
2023-10-25,14.50373649597168,14.50373649597168,14.50373649597168,14.50373649597168,4077
2023-10-26,16.252609252929688,16.252609252929688,16.252609252929688,16.252609252929688,132040
2023-10-27,15.565878868103027,15.565878868103027,15.565878868103027,15.565878868103027,30088
2023-10-31,15.565878868103027,15.565878868103027,15.565878868103027,15.565878868103027,13900
2023-11-01,15.474316596984863,15.474316596984863,15.474316596984863,15.474316596984863,2
2023-11-02,15.10805892944336,15.10805892944336,15.10805892944336,15.10805892944336,11
2023-11-03,15.10805892944336,15.10805892944336,15.10805892944336,15.10805892944336,2038
2023-11-07,15.10805892944336,15.10805892944336,15.10805892944336,15.10805892944336,0
2023-11-08,15.08974552154541,15.08974552154541,15.08974552154541,15.08974552154541,495
2023-11-09,15.007338523864746,15.007338523864746,15.007338523864746,15.007338523864746,151
2023-11-10,14.650238990783691,14.650238990783691,14.650238990783691,14.650238990783691,129
2023-11-13,14.650238990783691,14.650238990783691,14.650238990783691,14.650238990783691,304
2023-11-14,14.650238990783691,14.650238990783691,14.650238990783691,14.650238990783691,0
2023-11-15,14.650238990783691,14.650238990783691,14.650238990783691,14.650238990783691,183
2023-11-16,14.650238990783691,14.650238990783691,14.650238990783691,14.650238990783691,46
2023-11-17,14.650238990783691,14.650238990783691,14.650238990783691,14.650238990783691,124
2023-11-20,14.650238990783691,14.650238990783691,14.650238990783691,14.650238990783691,275
2023-11-21,14.650238990783691,14.650238990783691,14.650238990783691,14.650238990783691,633
2023-11-22,14.650238990783691,14.650238990783691,14.650238990783691,14.650238990783691,6931
2023-11-23,14.66855239868164,14.66855239868164,14.66855239868164,14.66855239868164,25228
2023-11-24,14.68686580657959,14.68686580657959,14.68686580657959,14.68686580657959,346
2023-11-27,14.68686580657959,14.68686580657959,14.68686580657959,14.68686580657959,10
2023-11-28,14.68686580657959,14.68686580657959,14.68686580657959,14.68686580657959,237
2023-11-29,14.696020126342773,14.696020126342773,14.696020126342773,14.696020126342773,250
2023-11-30,14.696020126342773,14.696020126342773,14.696020126342773,14.696020126342773,1600
2023-12-01,14.741804122924805,14.741804122924805,14.741804122924805,14.741804122924805,172
2023-12-04,14.741804122924805,14.741804122924805,14.741804122924805,14.741804122924805,0
2023-12-05,14.924930572509766,14.924930572509766,14.924930572509766,14.924930572509766,482
2023-12-06,14.924930572509766,14.924930572509766,14.924930572509766,14.924930572509766,300
2023-12-07,14.659396171569824,14.659396171569824,14.659396171569824,14.659396171569824,677
2023-12-08,14.650238990783691,14.650238990783691,14.650238990783691,14.650238990783691,374
2023-12-12,14.650238990783691,14.650238990783691,14.650238990783691,14.650238990783691,50
2023-12-13,14.650238990783691,14.650238990783691,14.650238990783691,14.650238990783691,357
2023-12-14,14.650238990783691,14.650238990783691,14.650238990783691,14.650238990783691,2
2023-12-15,13.734600067138672,13.734600067138672,13.734600067138672,13.734600067138672,650
2023-12-18,13.734600067138672,14.467112245363872,14.467112245363872,13.734600067138672,18
2023-12-19,13.734600067138672,13.734600067138672,13.734600067138672,13.734600067138672,80
2023-12-20,14.055073738098145,14.055073738098145,14.055073738098145,13.734599402745166,46
2023-12-21,14.064229965209961,14.064229965209961,14.055074228937347,14.055074228937347,161
2023-12-22,14.210733413696289,14.210733413696289,14.210733413696289,14.064230278183839,50
2023-12-26,14.384703636169434,14.384703636169434,14.21073243004761,14.21073243004761,77
2023-12-27,14.384703636169434,14.677709013690516,14.384703636169434,14.384703636169434,10
2023-12-28,14.677709579467773,14.677709579467773,14.677709579467773,14.384704190652302,50
2023-12-29,14.760117530822754,14.760117530822754,14.677709791317175,14.677709791317175,66
2024-01-02,14.842522621154785,14.842522621154785,14.842522621154785,14.760116633105874,110
2024-01-03,14.842522621154785,14.842522621154785,14.842522621154785,14.842522621154785,75
2024-01-04,14.842522621154785,14.842522621154785,14.842522621154785,14.842522621154785,0
2024-01-05,14.842522621154785,14.833367758606256,14.833367758606256,14.842522621154785,20
2024-01-08,13.734600067138672,14.192420069376627,13.734600067138672,14.842523634261063,50
2024-01-09,14.650238990783691,14.650238990783691,14.650238990783691,13.73459905385971,44
2024-01-10,14.650238990783691,14.650238990783691,14.650238990783691,14.650238990783691,0
2024-01-11,14.650238990783691,14.650238990783691,14.650238990783691,14.650238990783691,355
2024-01-12,14.650238990783691,14.650238990783691,14.650238990783691,14.650238990783691,771
2024-01-15,14.659396171569824,14.833368255376284,14.650239562270048,14.650239562270048,698
2024-01-16,14.650238990783691,14.83336767674632,14.650238990783691,14.659395599726281,857
2024-01-17,14.650238990783691,14.696020289052058,14.650238990783691,14.650238990783691,1200
2024-01-18,14.650238990783691,14.650238990783691,14.650238990783691,14.650238990783691,280
2024-01-19,14.650238990783691,14.83336767674632,14.650238990783691,14.650238990783691,266
2024-01-22,14.650238990783691,14.650238990783691,14.650238990783691,14.650238990783691,15
2024-01-23,14.650238990783691,14.650238990783691,14.650238990783691,14.650238990783691,0
2024-01-24,14.19242000579834,14.650240005985383,14.19242000579834,14.650240005985383,904
2024-01-25,14.19242000579834,14.19242000579834,14.19242000579834,14.19242000579834,1044
2024-01-26,12.81895923614502,14.192419154303415,12.81895923614502,12.81895923614502,132000
2024-01-29,12.81895923614502,14.192419154303415,14.183262545275674,12.81895923614502,13
2024-01-30,12.81895923614502,12.81895923614502,12.81895923614502,12.81895923614502,0
2024-01-31,13.78038215637207,13.78038215637207,13.725443372227083,13.734599981788307,923
2024-02-01,14.650238990783691,14.650238990783691,13.844475741503913,13.780381225350368,1184
2024-02-02,14.78758430480957,14.78758430480957,14.7784276960696,14.650238666599112,366
2024-02-05,15.098901748657227,15.098901748657227,14.833367085681212,14.78758404279258,385
2024-02-06,15.098901748657227,15.098901748657227,15.098901748657227,15.098901748657227,0
2024-02-07,15.382750511169434,15.382750511169434,15.382750511169434,15.382750511169434,175
2024-02-08,15.10805892944336,15.10805892944336,15.10805892944336,15.10805892944336,51000
2024-02-09,15.062277793884277,15.10805909255661,15.062277793884277,15.062277793884277,3865
2024-02-14,15.062277793884277,15.062277793884277,15.062277793884277,15.062277793884277,1250
2024-02-15,15.016495704650879,15.062278752682154,15.016495704650879,15.062278752682154,204
2024-02-16,15.016495704650879,15.016495704650879,15.016495704650879,15.016495704650879,746
2024-02-19,15.10805892944336,15.401063429249914,15.10805892944336,15.016494586642665,717
2024-02-20,15.3552827835083,15.382750865004406,15.10805957137544,15.10805957137544,2232
2024-02-21,14.19242000579834,15.336970006265949,14.19242000579834,15.355283225420159,239
2024-02-22,15.245405197143555,15.584192755499922,15.245405197143555,14.19241957775997,223
2024-02-23,15.29118824005127,15.29118824005127,15.29118824005127,15.245405193557314,1710
2024-02-26,15.098901748657227,15.108058357234952,15.098901748657227,15.098901748657227,105
2024-02-27,15.10805892944336,15.10805892944336,15.098902320518832,15.098902320518832,284
2024-02-28,15.016495704650879,15.016495704650879,15.016495704650879,15.016495704650879,120
2024-02-29,14.970714569091797,14.970714569091797,14.970714569091797,14.970714569091797,1251
2024-03-01,14.970714569091797,14.970714569091797,14.92493152055278,14.970714569091797,695
2024-03-04,14.78758430480957,15.108058624930335,14.78758430480957,14.970712986719876,582
2024-03-05,15.40373420715332,15.441651959204151,15.166753680889423,15.308941635044174,497
2024-03-06,15.356339454650879,15.40373483863949,15.356339454650879,15.40373483863949,135
2024-03-07,15.40373420715332,15.40373420715332,15.356338825107713,14.83498058251638,25
2024-03-08,15.337381362915039,15.337381362915039,15.337381362915039,15.403735627102739,59
2024-03-11,15.337381362915039,15.337381362915039,15.337381362915039,15.337381362915039,0
2024-03-12,15.337381362915039,15.308943046255411,15.308943046255411,15.337381362915039,5
2024-03-13,15.261547088623047,15.261547088623047,15.261547088623047,15.337380788858946,100
2024-03-14,15.261547088623047,15.308942473263722,15.166754511323669,15.261547088623047,1543
2024-03-15,15.071961402893066,15.071961402893066,15.071961402893066,15.261546550810902,242
2024-03-18,15.071961402893066,15.166753976851984,15.166753976851984,15.071961402893066,17
2024-03-20,15.138317108154297,15.166754519756315,15.138317108154297,15.071961942404233,2071
2024-03-21,15.15727424621582,15.15727424621582,15.15727424621582,15.138316274195194,81
2024-03-22,15.15727424621582,15.15727424621582,15.15727424621582,15.15727424621582,0
2024-03-25,15.15727424621582,15.15727424621582,15.15727424621582,15.15727424621582,600
2024-03-26,15.15727424621582,15.40373421054672,15.40373421054672,15.15727424621582,10
2024-03-27,15.877695083618164,15.877695083618164,15.166753512709889,15.157274074802295,1698
2024-04-01,15.877695083618164,15.877695083618164,15.830299702098111,15.877695083618164,156
2024-04-02,15.877695083618164,15.877695083618164,15.877695083618164,15.877695083618164,520
2024-04-03,15.640714645385742,15.640714645385742,15.640714645385742,15.87769517031583,165
2024-04-04,15.640714645385742,15.640714645385742,13.270909396084873,15.640714645385742,83
2024-04-05,15.640714645385742,15.640714645385742,15.640714645385742,15.640714645385742,0
2024-04-09,15.830300331115723,15.830300331115723,15.830300331115723,15.830300331115723,50
2024-04-10,15.830300331115723,15.830300331115723,15.640715181466511,15.830300331115723,747
2024-04-11,15.782903671264648,15.830300864282286,15.782903671264648,15.830300864282286,55
2024-04-12,15.782903671264648,15.782903671264648,15.782903671264648,15.782903671264648,65
2024-04-15,15.782903671264648,15.820821425678758,15.820821425678758,15.782903671264648,8
2024-04-16,15.782903671264648,15.820821425678758,15.820821425678758,15.782903671264648,1
2024-04-17,15.782903671264648,15.782903671264648,15.782903671264648,15.782903671264648,3
2024-04-18,15.782903671264648,15.820821425678758,15.820821425678758,15.782903671264648,42
2024-04-22,15.782903671264648,15.782903671264648,15.782903671264648,15.782903671264648,0
2024-04-23,15.782903671264648,15.782903671264648,15.782903671264648,15.782903671264648,0
2024-04-24,15.782903671264648,15.782903671264648,15.782903671264648,15.782903671264648,1000
2024-04-25,15.782903671264648,15.782903671264648,15.782903671264648,15.782903671264648,0
2024-04-26,15.77342414855957,15.77342414855957,15.77342414855957,15.782903587112555,1000
2024-04-29,15.77342414855957,15.83030077987748,15.77342414855957,15.77342414855957,1350
2024-04-30,15.77342414855957,15.83030077987748,15.83030077987748,15.77342414855957,200
2024-05-02,15.77342414855957,15.77342414855957,15.77342414855957,15.77342414855957,0
2024-05-03,15.77342414855957,15.166754545312829,15.166754545312829,15.77342414855957,10
2024-05-06,12.796948432922363,12.796948432922363,12.796948432922363,15.773423267643752,246
2024-05-07,15.346860885620117,15.346860885620117,13.270910766599794,12.796949667792658,380
2024-05-08,15.308941841125488,16.01988342948752,15.308941841125488,15.346859593686748,2849
2024-05-09,15.308941841125488,15.346859593686748,15.308941841125488,15.308941841125488,223
2024-05-10,15.308941841125488,15.308941841125488,15.308941841125488,15.308941841125488,168
2024-05-14,15.451129913330078,15.451129913330078,15.451129913330078,15.30894195619253,1185
2024-05-15,15.308941841125488,15.308941841125488,15.308941841125488,15.451129797194303,650
2024-05-16,15.308941841125488,15.308941841125488,15.308941841125488,15.308941841125488,0
2024-05-17,15.308941841125488,15.308941841125488,15.308941841125488,15.308941841125488,132000
2024-05-20,15.308941841125488,15.308941841125488,15.308941841125488,15.308941841125488,77
2024-05-21,15.308941841125488,15.451129797194303,15.308941841125488,15.308941841125488,356
2024-05-22,15.261547088623047,15.261547088623047,15.261547088623047,15.308942473263722,32
2024-05-23,15.166753768920898,15.166753768920898,15.166753768920898,15.261546341580242,2493
2024-05-24,15.166753768920898,15.166753768920898,15.166753768920898,15.166753768920898,1281
2024-05-27,15.166753768920898,15.166753768920898,15.166753768920898,15.166753768920898,67
2024-05-28,15.166753768920898,15.166753768920898,13.849141709802666,15.166753768920898,1700
2024-05-29,15.166753768920898,15.166753768920898,15.166753768920898,15.166753768920898,0
2024-05-30,15.261547088623047,15.261547088623047,15.261547088623047,15.166754511323669,1608
2024-05-31,15.308941841125488,15.308941841125488,15.308941841125488,15.261546458441869,175
2024-06-04,15.308941841125488,15.308941841125488,15.308941841125488,15.308941841125488,105
2024-06-05,15.308941841125488,15.308941841125488,15.308941841125488,15.308941841125488,398
2024-06-06,15.308941841125488,15.308941841125488,15.308941841125488,15.308941841125488,0
2024-06-07,15.29946231842041,15.29946231842041,15.29946231842041,15.30894175650833,111
2024-06-10,15.29946231842041,15.29946231842041,15.29946231842041,15.29946231842041,47
2024-06-11,15.29946231842041,15.29946231842041,15.29946231842041,15.29946231842041,0
2024-06-12,15.308941841125488,15.308941841125488,15.299462402985174,15.299462402985174,106
2024-06-13,15.308941841125488,15.308941841125488,15.308941841125488,15.308941841125488,220
2024-06-14,15.308941841125488,15.308941841125488,15.308941841125488,15.308941841125488,117
2024-06-18,16.92989158630371,16.92989158630371,15.498528803737711,15.308943634755103,1363
2024-06-19,15.782903671264648,15.782903671264648,15.498527745230996,16.92989043003887,2064
2024-06-20,15.782903671264648,15.782903671264648,15.782903671264648,15.782903671264648,50
2024-06-21,15.498527526855469,15.498527526855469,15.498527526855469,15.78290344888224,3685
2024-06-25,15.451129913330078,17.062598248936858,15.451129913330078,15.498527104387906,325
2024-06-26,15.356339454650879,15.356339454650879,15.356339454650879,15.451130222628104,55
2024-06-27,15.346860885620117,15.346860885620117,15.346860885620117,15.356340324558433,42
2024-06-28,15.346860885620117,15.346860885620117,15.308943129866854,15.346860885620117,220
2024-07-01,17.062597274780273,17.30905723015591,16.11467520395915,15.346858832839038,188
2024-07-02,17.062597274780273,17.062597274780273,17.062597274780273,17.062597274780273,50000
2024-07-03,17.062597274780273,17.062597274780273,17.062597274780273,17.062597274780273,0
2024-07-04,17.053119659423828,17.053119659423828,17.053119659423828,17.062599098107164,334
2024-07-08,17.053119659423828,17.053119659423828,16.863536309811252,17.053119659423828,2660
2024-07-09,17.053119659423828,17.053119659423828,17.053119659423828,17.053119659423828,0
2024-07-10,20.380325317382812,20.380325317382812,17.053118502094442,17.053118502094442,177
2024-07-11,20.380325317382812,20.380325317382812,20.380325317382812,20.380325317382812,165
2024-07-12,20.380325317382812,20.380325317382812,20.380325317382812,20.380325317382812,154
2024-07-15,20.380325317382812,20.380325317382812,20.380325317382812,20.380325317382812,0
2024-07-16,20.361366271972656,20.37084570993383,20.361366271972656,20.380325147895,104
2024-07-17,20.361366271972656,20.37084570993383,18.95844199804186,20.361366271972656,150
2024-07-18,18.95844268798828,19.906364822387697,18.95844268798828,20.361367012975098,140
2024-07-19,18.948963165283203,18.958442603547134,18.948963165283203,18.958442603547134,2500
2024-07-22,18.95844268798828,18.95844268798828,18.95844268798828,18.94896324968213,100
2024-07-23,18.948963165283203,19.792613282575296,18.948963165283203,18.958442603547134,625
2024-07-25,18.948963165283203,18.948963165283203,18.948963165283203,18.948963165283203,25
2024-07-26,18.948963165283203,18.948963165283203,18.948963165283203,18.948963165283203,107
2024-07-29,18.948963165283203,18.948963165283203,18.948963165283203,18.948963165283203,0
2024-07-30,18.948963165283203,18.948963165283203,18.948963165283203,18.948963165283203,0
2024-07-31,18.95844268798828,18.95844268798828,18.95844268798828,18.94896324968213,81
2024-08-01,18.95844268798828,18.95844268798828,18.95844268798828,18.95844268798828,242
2024-08-02,18.95844268798828,18.94896324968213,18.94896324968213,18.95844268798828,15
2024-08-05,18.95844268798828,18.95844268798828,18.94896324968213,18.95844268798828,137
2024-08-06,18.948963165283203,18.948963165283203,18.948963165283203,18.958442603547134,159
2024-08-07,18.948963165283203,18.948963165283203,18.948963165283203,18.948963165283203,50
2024-08-08,18.948963165283203,18.948963165283203,18.948963165283203,18.948963165283203,41
2024-08-09,18.948963165283203,18.948963165283203,18.948963165283203,18.948963165283203,1
2024-08-12,18.863649368286133,18.958441939587654,18.863649368286133,18.94896250165571,229
2024-08-13,18.948963165283203,18.948963165283203,18.948963165283203,18.863650028925804,31
2024-08-14,18.863649368286133,18.94896250165571,18.863649368286133,18.94896250165571,505
2024-08-15,18.010520935058594,18.010520935058594,18.010520935058594,18.863650512484078,39
2024-08-16,18.948963165283203,18.948963165283203,18.010520473369777,18.010520473369777,397
2024-08-20,18.863649368286133,18.911046557945852,18.579273462399485,18.94896250165571,142
2024-08-21,18.901569366455078,18.901569366455078,18.901569366455078,18.8636516102208,94
2024-08-22,18.901569366455078,18.901569366455078,18.901569366455078,18.901569366455078,80
2024-08-23,18.901569366455078,18.8636516102208,18.8636516102208,18.901569366455078,52
2024-08-26,18.901569366455078,18.721463640378513,18.721463640378513,18.901569366455078,4227
2024-08-27,18.721460342407227,18.721460342407227,18.721460342407227,18.901566036756385,32
2024-08-28,18.721460342407227,18.721460342407227,18.721460342407227,18.721460342407227,55000
2024-08-29,18.721460342407227,18.721460342407227,18.721460342407227,18.721460342407227,100
2024-08-30,18.721460342407227,18.721460342407227,18.721460342407227,18.721460342407227,0
2024-09-02,18.901569366455078,18.901569366455078,18.901569366455078,18.721463640378513,258
2024-09-03,18.95844268798828,18.95844268798828,18.911047304475506,18.901567866169355,327
2024-09-04,18.95844268798828,18.95844268798828,18.95844268798828,18.95844268798828,636
2024-09-05,18.95844268798828,18.95844268798828,18.95844268798828,18.95844268798828,1326
2024-09-06,18.95844268798828,18.95844268798828,18.95844268798828,18.95844268798828,85
2024-09-09,18.95844268798828,18.95844268798828,18.95844268798828,18.95844268798828,157
2024-09-10,18.95844268798828,18.95844268798828,18.95844268798828,18.95844268798828,290
2024-09-11,18.95844268798828,18.95844268798828,18.95844268798828,18.95844268798828,0
2024-09-12,18.95844268798828,18.95844268798828,18.95844268798828,18.95844268798828,0
2024-09-13,18.95844268798828,18.95844268798828,18.95844268798828,18.95844268798828,205
2024-09-17,18.948963165283203,18.958442603547134,18.948963165283203,18.958442603547134,69
2024-09-18,18.75937843322754,18.948961760396408,18.75937843322754,18.948961760396408,369
2024-09-19,18.75937843322754,18.75937843322754,17.536558108110714,18.75937843322754,2000
2024-09-20,18.740419387817383,18.749898825292366,18.721460512867417,18.75937826276735,2430
2024-09-23,18.740419387817383,18.740419387817383,18.740419387817383,18.740419387817383,2257
2024-09-24,18.740419387817383,18.740419387817383,18.740419387817383,18.740419387817383,0
2024-09-25,18.721460342407227,18.721460342407227,18.721460342407227,18.721460342407227,100
2024-09-26,18.626670837402344,18.674068032134343,18.626670837402344,18.721463418848234,180
2024-09-27,18.626670837402344,18.626670837402344,18.626670837402344,18.626670837402344,0
2024-09-30,18.626670837402344,18.626670837402344,18.626670837402344,18.626670837402344,10000
2024-10-01,18.579275131225586,18.626670517124534,18.579275131225586,18.626670517124534,134
2024-10-02,18.579275131225586,18.579275131225586,18.579275131225586,18.579275131225586,0
2024-10-03,18.579275131225586,18.437087165510665,18.437087165510665,18.579275131225586,20
2024-10-04,18.579275131225586,18.579275131225586,18.579275131225586,18.579275131225586,0
2024-10-07,18.27593994140625,18.294897010559968,18.27593994140625,18.5792747440822,418
2024-10-08,16.58863639831543,18.294895418935006,16.58863639831543,18.275938351430522,507
2024-10-09,17.915727615356445,17.915727615356445,16.59811645381772,16.588637015703735,165
2024-10-10,17.915727615356445,17.915727615356445,17.915727615356445,17.915727615356445,10370
2024-10-11,17.915727615356445,17.915727615356445,17.536559130886808,17.915727615356445,696
2024-10-14,17.915727615356445,17.915727615356445,17.915727615356445,17.915727615356445,51
2024-10-15,17.915727615356445,17.915727615356445,17.536559130886808,17.915727615356445,500
2024-10-16,17.915727615356445,18.48448124606988,18.48448124606988,17.915727615356445,50
2024-10-17,18.200105667114258,18.200105667114258,18.010520517408033,17.91572794255492,110
2024-10-18,18.200105667114258,18.200105667114258,18.200105667114258,18.200105667114258,1105
2024-10-21,18.484481811523438,18.484481811523438,18.2948966594801,18.200105891476433,5000
2024-10-22,18.484481811523438,18.484481811523438,18.437086427521606,18.484481811523438,132000
2024-10-23,18.484481811523438,18.484481811523438,18.484481811523438,18.484481811523438,157
2024-10-24,16.541240692138672,18.484480194508016,16.541240692138672,18.484480194508016,120
2024-10-25,16.541240692138672,18.200104299338108,18.010519163879604,16.541240692138672,33
2024-10-28,16.493846893310547,16.493846893310547,16.493846893310547,16.541244090922955,357
2024-10-29,16.493846893310547,17.726146910959894,16.446451503716357,16.493846893310547,2920
2024-10-30,16.58863639831543,16.58863639831543,16.569677522793064,16.49384382872148,4250
2024-10-31,17.726144790649414,17.726144790649414,17.726144790649414,16.58863749626945,66
2024-11-01,18.105314254760742,18.105314254760742,18.105314254760742,17.726145739020758,715
2024-11-05,18.200105667114258,18.200105667114258,18.200105667114258,18.105313092261145,51
2024-11-06,18.1527099609375,18.200107156251097,18.105314573642033,18.1527099609375,2122
2024-11-07,18.105314254760742,18.105314254760742,18.105314254760742,18.152709641221453,106
2024-11-08,18.200105667114258,18.200105667114258,18.010520517408033,18.105313092261145,6139
2024-11-11,17.062597274780273,18.294895243640592,17.062597274780273,18.200104482972773,2551
2024-11-12,18.47500228881836,18.484481727179073,18.47500228881836,17.062598517396065,100
2024-11-13,18.484481811523438,18.62666977154694,18.484481811523438,18.47500237311947,1183
2024-11-14,18.484481811523438,18.484481811523438,18.484481811523438,18.484481811523438,757
2024-11-15,18.484481811523438,18.57927438754511,17.346974515299408,18.484481811523438,101
2024-11-19,18.484481811523438,18.62666977154694,17.536559667342747,18.484481811523438,500
2024-11-20,18.43708610534668,18.43708610534668,18.43708610534668,18.484481488520313,204
2024-11-21,18.43708610534668,18.43708610534668,18.43708610534668,18.43708610534668,15
2024-11-22,18.43708610534668,18.43708610534668,18.389688914155073,18.43708610534668,703
2024-11-25,18.43708610534668,18.43708610534668,18.43708610534668,18.43708610534668,511
2024-11-26,18.674068450927734,18.674068450927734,18.674068450927734,18.437087896007423,17
2024-11-27,18.674068450927734,18.674068450927734,18.674068450927734,18.674068450927734,225
2024-11-28,18.674068450927734,18.63615069429177,18.63615069429177,18.674068450927734,1110
2024-11-29,18.674068450927734,18.674068450927734,18.56979642819699,18.674068450927734,488
2024-12-02,18.674068450927734,18.437087896007423,18.437087896007423,18.674068450927734,41
2024-12-03,18.674068450927734,18.674068450927734,18.674068450927734,18.674068450927734,0
2024-12-04,18.38968849182129,18.38968849182129,18.38968849182129,18.67406620838604,491
2024-12-05,18.010520935058594,18.380209996738763,18.010520935058594,18.389689435245696,85
2024-12-06,18.010520935058594,18.010520935058594,18.010520935058594,18.010520935058594,0
2024-12-09,18.010520935058594,18.247501473677787,18.228542596663925,18.010520935058594,26
2024-12-10,18.247501373291016,18.247501373291016,18.247501373291016,18.010520835975548,176
2024-12-11,18.247501373291016,18.247501373291016,18.020000274430327,18.247501373291016,133900
2024-12-12,18.020000457763672,18.238022120387704,18.020000457763672,18.24750155893893,392
2024-12-13,18.020000457763672,18.238022120387704,18.020000457763672,18.24750155893893,208
2024-12-16,18.200105667114258,18.24750105053182,18.200105667114258,18.152708475678708,72
2024-12-17,18.200105667114258,18.190626228827146,18.190626228827146,18.200105667114258,550
2024-12-18,18.1527099609375,18.190627717188377,18.1527099609375,18.200107156251097,4500
2024-12-19,18.1527099609375,18.1527099609375,18.1527099609375,18.1527099609375,2013
2024-12-20,18.531875610351562,18.531875610351562,18.200104334681672,18.15270714671608,1620
2024-12-23,18.531875610351562,19.972717580184245,19.972717580184245,18.531875610351562,33
2024-12-26,19.90636444091797,19.90636444091797,18.579273839793693,18.531876649171213,889
2024-12-27,19.811573028564453,19.811573028564453,19.811573028564453,19.906365607345904,855
2024-12-30,21.90648078918457,21.90648078918457,18.01052029432097,19.811571962149475,13540
2025-01-02,26.06785774230957,26.06785774230957,26.06785774230957,21.906480303102978,355
2025-01-03,23.698055267333984,25.593899688720704,23.698055267333984,23.698055267333984,492
2025-01-07,25.925670623779297,26.0204631984073,25.925670623779297,23.698053256102103,528
2025-01-08,25.925670623779297,25.9067117472501,25.9067117472501,25.925670623779297,10
2025-01-09,25.925670623779297,25.878273432456304,25.878273432456304,25.925670623779297,520
2025-01-10,25.897233963012695,25.897233963012695,25.897233963012695,25.925672279622813,5
2025-01-14,25.897233963012695,25.897233963012695,25.897233963012695,25.897233963012695,0
2025-01-15,25.90671157836914,25.90671157836914,25.90671157836914,25.897232140166338,105
2025-01-16,25.593896865844727,25.593896865844727,25.593896865844727,25.906711088551,128
2025-01-17,25.593896865844727,25.593896865844727,25.593896865844727,25.593896865844727,94
2025-01-20,25.5465030670166,25.5465030670166,25.5465030670166,25.5465030670166,1971
2025-01-21,24.645977020263672,24.645977020263672,24.645977020263672,25.54650382690362,120
2025-01-22,24.645977020263672,24.645977020263672,24.645977020263672,24.645977020263672,0
2025-01-23,24.645977020263672,24.645977020263672,24.645977020263672,24.645977020263672,6000
2025-01-24,23.698055267333984,24.266808955353625,23.698055267333984,24.645977478027344,340
2025-01-27,23.698055267333984,23.698055267333984,23.698055267333984,23.698055267333984,7800
2025-01-28,23.698055267333984,23.698055267333984,23.698055267333984,23.698055267333984,32
2025-01-29,23.698055267333984,23.698055267333984,23.698055267333984,23.698055267333984,42
2025-01-30,23.698055267333984,23.698055267333984,23.698055267333984,23.698055267333984,2312
2025-01-31,23.698055267333984,23.698055267333984,23.698055267333984,23.698055267333984,0
2025-02-03,23.698055267333984,23.698055267333984,23.698055267333984,23.698055267333984,250
2025-02-04,23.698055267333984,23.698055267333984,23.698055267333984,23.698055267333984,0
2025-02-05,23.698055267333984,23.698055267333984,23.698055267333984,23.698055267333984,0
2025-02-06,23.698055267333984,23.650659880006568,22.750133056640625,23.698055267333984,14
2025-02-07,23.698055267333984,23.698055267333984,23.698055267333984,23.698055267333984,5
2025-02-10,23.698055267333984,23.698055267333984,23.698055267333984,23.698055267333984,79
2025-02-11,23.698055267333984,23.726493584541313,23.698055267333984,23.698055267333984,342
2025-02-12,23.698055267333984,23.88764043267991,23.698055267333984,23.698055267333984,3
2025-02-13,25.5465030670166,25.5465030670166,23.698054122272154,23.698054122272154,10350
2025-02-14,25.593896865844727,25.593896865844727,25.54650148374478,25.593896865844727,5000
2025-02-17,25.755043029785156,25.755043029785156,25.593896203589985,25.593896203589985,1313
2025-02-18,25.593896865844727,25.821397954356748,25.593896865844727,25.75504369620965,494
2025-02-19,25.811920166015625,25.811920166015625,25.811920166015625,25.593898501593053,179
2025-02-20,25.811920166015625,25.783483658145407,25.783483658145407,25.811920166015625,26
2025-02-21,26.788280487060547,26.788280487060547,25.811920010335363,26.788280487060547,12
2025-02-24,31.802785873413086,31.80278587341309,28.1343283425672,26.78827888225242,400
2025-02-25,30.80746841430664,30.80746841430664,30.80746841430664,31.802785901407837,860
2025-02-26,30.80746841430664,30.797990784311864,30.797990784311864,30.80746841430664,29
2025-02-27,30.28611183166504,30.28611183166504,30.229235203866864,30.80746826368954,1020
2025-02-28,29.385587692260742,29.76475620410565,29.385587692260742,30.286114489908226,545
2025-03-05,29.385587692260742,32.22935424312469,31.262473181906607,29.385587692260742,38
2025-03-06,28.437664031982422,29.385586166381838,28.437664031982422,29.385586166381838,45
2025-03-07,28.437664031982422,28.437664031982422,28.437664031982422,28.437664031982422,150
2025-03-10,28.390270233154297,28.390270233154297,27.394950851667502,28.437665619312583,289
2025-03-11,27.394948959350586,27.394948959350586,25.59389728947276,28.390268272085304,2942
2025-03-12,27.347553253173828,27.347553253173828,27.347553253173828,27.39494863549797,152
2025-03-13,27.394948959350586,27.394948959350586,27.394948959350586,27.347553576466154,275
2025-03-14,27.509212493896484,27.509212493896484,27.47112522360296,27.518734765516765,2566
2025-03-17,27.509212493896484,27.509212493896484,27.509212493896484,27.509212493896484,0
2025-03-18,27.137853622436523,27.137853622436523,27.137853622436523,27.385427241846884,384
2025-03-20,27.137853622436523,27.47112587226538,27.47112587226538,27.137853622436523,3000
2025-03-21,27.47112464904785,27.47112464904785,27.13785241405874,27.13785241405874,2117
2025-03-24,27.47112464904785,27.60443281656847,27.509211918544786,27.47112464904785,58
2025-03-25,30.470571517944336,30.470571517944336,27.604433166595186,27.47112499738421,1590
2025-03-26,32.75586700439453,32.85108609083814,30.470572605994796,30.470572605994796,289
2025-03-27,32.708255767822266,32.755868946242,32.08932440449643,32.755868946242,550
2025-03-28,32.23215103149414,32.374983293090246,31.422777902117005,32.70825372698076,65800
2025-03-31,31.403732299804688,31.470386384335907,31.184725503148513,31.403732299804688,1
2025-04-01,29.518367767333984,30.803843620380636,29.518367767333984,31.403734046910916,2253
2025-04-02,29.518367767333984,30.470573179183468,29.518367767333984,29.518367767333984,824
2025-04-03,29.518367767333984,29.518367767333984,29.518367767333984,29.518367767333984,3923
2025-04-04,30.946674346923828,31.422777029184193,30.946674346923828,29.518366300142727,7458
2025-04-07,30.946674346923828,30.946674346923828,29.518366300142727,30.946674346923828,63
2025-04-08,30.946674346923828,30.946674346923828,29.04226361788236,30.946674346923828,98
2025-04-09,32.27976608276367,32.32737562860393,30.946677004983414,30.946677004983414,309
2025-04-10,32.27976608276367,32.27976608276367,32.27976608276367,32.27976608276367,67
2025-04-11,31.42277717590332,32.18454074460169,31.42277717590332,32.2797634609235,771
2025-04-14,31.42277717590332,31.42277717590332,31.394212177194387,31.42277717590332,53
2025-04-15,31.42277717590332,31.36564354611024,31.36564354611024,31.42277717590332,12
2025-04-16,31.42277717590332,31.327558091956732,31.327558091956732,31.42277717590332,7000
2025-04-21,31.42277717590332,31.30851354869237,31.30851354869237,31.42277717590332,2
2025-04-22,29.518367767333984,31.327559502798156,29.518367767333984,31.42277859103295,2010
2025-04-23,29.518367767333984,30.470573179183468,29.13748596583173,29.518367767333984,1994
2025-04-24,29.042264938354492,30.470573050076844,29.042264938354492,29.518367642261943,2360
2025-04-25,29.518367767333984,30.470573179183468,29.518367767333984,29.042265061409243,13088
2025-04-28,29.518367767333984,30.470573179183468,29.042265061409243,29.518367767333984,354
2025-04-29,29.518367767333984,30.470573179183468,29.518367767333984,29.518367767333984,1850
2025-04-30,29.946861267089844,29.946861267089844,29.946861267089844,29.51836810044698,6554
2025-05-02,29.994468688964844,29.994468688964844,29.518366011362225,29.946859147679614,5975
2025-05-05,29.518367767333984,30.66101498802844,29.518367767333984,29.518367767333984,4900
2025-05-06,29.994468688964844,29.994468688964844,29.280314672560916,29.518366011362225,472
2025-05-07,29.518367767333984,30.470573179183468,29.518367767333984,29.518367767333984,3310
2025-05-08,29.518367767333984,29.994470473258726,29.994470473258726,29.518367767333984,10
2025-05-09,29.518367767333984,29.518367767333984,29.518367767333984,29.518367767333984,0
2025-05-12,29.518367767333984,29.994470473258726,29.994470473258726,29.518367767333984,20
2025-05-13,29.518367767333984,29.994470473258726,29.994470473258726,29.518367767333984,6
2025-05-14,29.518367767333984,29.994470473258726,29.518367767333984,29.518367767333984,2957
2025-05-15,29.518367767333984,29.518367767333984,29.32792595848901,29.518367767333984,75
2025-05-16,29.518367767333984,29.518367767333984,29.32792595848901,29.518367767333984,700
2025-05-19,30.003990173339844,33.184354305399616,29.99446790209509,29.51836523698247,609
2025-05-20,32.38450241088867,34.75549533470689,32.37498195561738,30.003990847986735,6063
2025-05-21,32.8510856628418,34.279393735139266,32.8510856628418,32.38450342764617,2386
2025-05-22,34.27939224243164,35.231597582499184,34.27939224243164,34.27939224243164,670
2025-05-23,34.27939224243164,35.22207712734355,34.27939224243164,34.27939224243164,801
2025-05-26,35.231597900390625,35.231597900390625,35.231597900390625,34.27939255173142,66
2025-05-27,35.231597900390625,35.231597900390625,35.231597900390625,35.231597900390625,785
2025-05-28,37.136009216308594,37.136009216308594,34.27939312274639,35.23159848726713,1017
2025-05-29,36.659908294677734,37.13601099980342,34.755497474174994,37.13601099980342,395
2025-05-30,36.659908294677734,36.659908294677734,36.659908294677734,36.659908294677734,171
2025-06-03,35.94575500488281,36.183806362531044,35.94575500488281,36.65990907782751,140
2025-06-04,35.75531005859375,35.75531005859375,35.75531005859375,35.94575185449657,35
2025-06-05,35.75531005859375,36.18380319128132,36.18380319128132,35.75531005859375,1500
2025-06-06,37.136009216308594,37.136009216308594,35.23159848726713,37.136009216308594,43078
2025-06-09,37.136009216308594,38.08821458082932,37.136009216308594,37.136009216308594,2000
2025-06-10,37.136009216308594,37.136009216308594,34.28891357814651,37.136009216308594,550
2025-06-11,36.18380355834961,36.659906236748945,36.18380355834961,37.13600891514828,491
2025-06-12,36.18380355834961,36.18380355834961,36.18380355834961,36.18380355834961,347
2025-06-13,37.136009216308594,37.85016323969914,36.18380385178786,36.18380385178786,6000
2025-06-17,39.04042053222656,39.04042053222656,39.04042053222656,37.136009774556975,59
2025-06-18,37.136009216308594,37.136009216308594,37.136009216308594,37.136009216308594,186
2025-06-19,37.136009216308594,39.04041994535006,37.136009216308594,37.136009216308594,81
2025-06-20,39.04042053222656,39.04042053222656,38.088215153391765,37.136009774556975,230
2025-06-25,38.08821487426758,40.4687283039093,38.08821487426758,38.08821487426758,5117
2025-06-26,38.08821487426758,40.94483098983765,38.08821487426758,38.08821487426758,4775
2025-06-27,39.99262619018555,40.46872888292585,39.99262619018555,39.99262619018555,568
2025-06-30,39.99262619018555,39.99262619018555,39.99262619018555,39.99262619018555,0
2025-07-01,39.99262619018555,42.8016328038284,39.99262619018555,39.99262619018555,5280
2025-07-02,39.99262619018555,42.70641008585517,39.99262619018555,39.99262619018555,47
2025-07-03,42.7064094543457,42.7064094543457,39.0404202274053,42.7064094543457,5000
2025-07-04,39.04042053222656,41.89703666873094,39.04042053222656,42.70640978779041,607
2025-07-07,39.04042053222656,42.70640978779041,42.70640978779041,39.04042053222656,15
2025-07-08,39.99262619018555,39.99262619018555,39.99262619018555,39.04042080470494,411
2025-07-09,39.04042053222656,39.99262591106135,39.04042053222656,39.99262591106135,611
2025-07-10,39.80218505859375,39.897407778174625,37.42167155470207,39.040421463823485,86
2025-07-11,39.754573822021484,39.802183363596775,38.0882144402601,39.802183363596775,6000
2025-07-14,41.89703369140625,43.325341658158735,41.420931035822086,39.75457174127752,375
2025-07-15,41.42093276977539,41.42093276977539,41.42093276977539,41.42093276977539,3660
2025-07-16,41.42093276977539,41.42093276977539,40.94483009426073,41.42093276977539,110
2025-07-17,41.42093276977539,45.705856849407326,39.0404193922021,41.42093276977539,2538
2025-07-18,47.61027145385742,47.61027145385742,47.61027145385742,41.42093616485596,215
2025-07-21,47.61027145385742,47.61027145385742,40.94483345031738,47.61027145385742,1242
2025-07-22,52.36177444458008,52.36177444458008,51.419089538135836,47.61026809086651,244
2025-07-23,51.419090270996094,51.419090270996094,50.46688489560728,52.36177519087613,280
2025-07-25,51.419090270996094,51.419090270996094,49.51467952021846,51.419090270996094,221
2025-07-28,52.133243560791016,53.22828117985816,51.419089539410315,51.419089539410315,6161
2025-07-29,52.133243560791016,54.27570562493311,54.27570562493311,52.133243560791016,5
2025-07-30,52.133243560791016,54.26618516955978,54.24714062643794,52.133243560791016,50
2025-07-31,52.133243560791016,52.133243560791016,51.89519222033078,52.133243560791016,43
2025-08-01,52.133243560791016,53.70438386077863,53.70438386077863,52.133243560791016,5
2025-08-04,52.133243560791016,52.133243560791016,52.133243560791016,52.133243560791016,1500
2025-08-05,52.37129592895508,52.37129592895508,52.13324458382346,52.13324458382346,885
2025-08-06,57.13232421875,57.13232421875,52.37129720052083,52.37129720052083,1916
2025-08-07,61.893348693847656,66.46393734944733,61.893348693847656,57.13232187124399,185
2025-08-08,66.65437316894531,66.65437316894531,66.65437316894531,61.89334651402064,89
2025-08-11,66.65437316894531,73.31981048583984,73.31981048583984,66.65437316894531,73
2025-08-12,68.55878448486328,73.22459210414429,58.08452574412028,66.65437380472818,372
2025-08-13,68.46356964111328,68.54926463994305,68.46356964111328,68.55878872806323,218
2025-08-14,66.65437316894531,66.65437316894531,66.65437316894531,66.65437316894531,300
2025-08-15,66.41632080078125,66.65437212981631,66.41632080078125,66.65437212981631,1221
2025-08-19,65.7021713256836,66.65437670721523,62.84555518108865,66.41632536183232,6881
2025-08-20,65.7021713256836,66.40680127388686,63.7977605626203,65.7021713256836,5053
2025-08-21,66.65437316894531,72.36760515485491,66.40679774875919,65.70216783796037,1343
2025-08-22,72.35808563232422,72.36760972036497,72.35808563232422,66.65437737402036,1633
2025-08-25,72.36760711669922,76.12881537015384,72.36760711669922,72.36760711669922,5
2025-08-26,76.03359985351562,85.69848613127012,71.41540510939176,72.36761051085031,2323
2025-08-27,79.41393280029297,80.93746000628465,75.2242275352528,79.41393280029297,355
2025-08-28,84.65105438232422,84.74627346135325,79.98524686240083,79.41392512347655,709
2025-08-29,79.9852523803711,85.6032656076568,79.9852523803711,84.65106022217618,3256
2025-09-01,82.79425811767578,83.79407671161239,79.98525504290274,79.98525504290274,527
2025-09-02,81.88966369628906,82.8228281767603,81.88966369628906,82.79425591261527,328
2025-09-03,81.88966369628906,81.88966369628906,76.17643134538517,81.88966369628906,21591
2025-09-04,88.55509948730469,93.31612634146086,81.41355920607045,81.88966189148606,86
2025-09-05,95.22054290771484,99.98157005310058,89.50731033325195,88.55510490417481,450
2025-09-08,100.13915252685547,103.14762642147046,96.46213211637514,95.50706150136153,384
2025-09-09,93.50141143798828,102.19255227713265,93.11938174785452,100.13914906844765,170
2025-09-10,93.50141143798828,93.58736429279799,89.76708196468087,93.21488734873539,63
2025-09-11,89.7766342163086,90.73170479307784,82.13606960215466,93.50141092303068,318
2025-09-12,89.7766342163086,90.73170479307784,89.76708147029004,89.7766342163086,128
2025-09-16,89.7766342163086,90.73170479307784,89.7766342163086,89.7766342163086,529
2025-09-17,89.63337707519531,90.63620415029926,88.82156849785957,89.77663912686882,6034
2025-09-18,89.58562469482422,89.77663589911435,73.54043578970006,89.63337385259156,10000
2025-09-19,88.72605895996094,88.82156456130694,88.72605895996094,89.58562394529565,4
2025-09-22,86.91142272949219,88.82156388838213,81.18099925282237,88.72605828775968,384
2025-09-23,87.38896179199219,87.38896179199219,86.91142648165344,86.91142648165344,290
2025-09-24,87.57997131347656,87.57997131347656,87.38896010766682,87.38896010766682,205
2025-09-25,87.67548370361328,88.34403020674993,87.579970814642,87.579970814642,616
2025-09-26,86.91142272949219,87.67548210769226,73.63594021788506,87.67548210769226,19600
2025-09-29,85.95635223388672,88.34402868482802,78.31578759087456,86.91142281426325,387
2025-09-30,83.04338836669922,84.04621544287781,80.225932922747,80.225932922747,527
2025-10-01,85.81309509277344,85.81309509277344,84.5237511929155,85.9563571453378,443
2025-10-02,84.04621124267578,85.00128182497892,74.5910110205527,85.81309036261453,564
2025-10-03,83.09114074707031,85.00128191366963,78.31578783057202,84.04621133036997,594
2025-10-06,83.09114074707031,85.95635249696929,78.31578783057202,83.09114074707031,429
2025-10-07,82.13607025146484,85.95635258874228,78.31578791418741,82.13607025146484,15700
2025-10-08,85.47882080078125,85.96590885900315,84.04621486557262,82.13607361862779,3435
2025-10-09,82.13607025146484,97.41719960057458,82.13607025146484,85.4788172965826,665
2025-10-10,97.32169342041016,98.37226959958858,95.45930142010228,82.13606976276327,191
2025-10-13,100.28241729736328,109.83312370663597,90.73171088809059,97.32169976781088,5249
2025-10-14,108.85895538330078,109.73761862839925,100.28241778035766,100.28241778035766,2392
2025-10-15,108.8780517578125,108.8780517578125,108.85895355133209,108.85895355133209,7656
2025-10-16,108.85895538330078,108.8780535901026,108.85895538330078,108.8780535901026,4971
2025-10-17,131.79974365234375,133.65258296004131,108.85895089809512,108.85895089809512,2600
2025-10-21,157.5388946533203,157.58665109860047,133.7194312403983,131.79974455519312,127
2025-10-22,157.5388946533203,166.18228661306958,162.3620041621944,157.5388946533203,82
2025-10-23,156.63157653808594,166.17273696502755,126.06931770138624,157.53889068265633,7479
2025-10-24,148.03594970703125,157.58665613974293,148.03594970703125,156.63158549647176,395
2025-10-27,152.81129455566406,152.81129455566406,148.03594160079956,148.03594160079956,111
2025-10-28,148.03594970703125,148.03594970703125,122.34455523232538,152.81130292338707,277
2025-10-29,148.03594970703125,148.03594970703125,143.2605964906754,148.03594970703125,83
2025-10-30,143.26058959960938,148.0263971266492,132.277277730306,148.03594258626302,761
2025-10-31,143.1650848388672,143.26059773331139,125.1142553537586,143.26059773331139,210
2025-11-03,142.09539794921875,143.16507232200874,123.20410327896795,143.16507232200874,400
2025-11-04,133.7098846435547,141.30269303545523,132.75481403895787,142.0954033860571,790
2025-11-05,133.7098846435547,133.7098846435547,133.61437175380667,133.7098846435547,126
2025-11-06,123.20410919189453,133.61437305401427,122.34455146868136,133.70988594469173,346
2025-11-07,123.20410919189453,128.92498741545913,123.20410919189453,123.20410919189453,868
2025-11-10,123.6338882446289,123.68164469004148,109.8331207672183,123.20410938235793,50
2025-11-11,124.1591796875,127.0243915264423,115.61130061596631,123.63388793571637,2505
2025-11-12,137.53016662597656,141.3504490322537,124.15917820400662,124.15917820400662,135
2025-11-13,138.48524475097656,138.48524475097656,128.93453821642646,137.53017409752155,699
2025-11-14,138.48524475097656,138.48524475097656,138.48524475097656,138.48524475097656,58
2025-11-17,133.7098846435547,138.48523766653878,124.1591785975865,138.48523766653878,796
2025-11-18,133.70034790039062,133.7098933606994,119.38383335776732,133.7098933606994,4448
2025-11-19,128.93453979492188,133.7003476603681,114.60847981770833,133.7003476603681,595
2025-11-20,126.06932067871094,128.93453251231801,126.06932067871094,128.93453251231801,616
2025-11-21,124.1496353149414,126.05977655763057,105.05776834790366,126.0693220174844,3434
2025-11-25,142.30552673339844,148.0168451352167,124.14963893813469,124.14963893813469,247
2025-11-26,134.6649627685547,138.48524540028674,114.13094362299492,142.30552803201877,342
2025-11-27,138.48524475097656,138.48524475097656,136.57510344406654,134.66496213715652,11
2025-11-28,133.7098846435547,138.48523766653878,129.6030781291442,138.48523766653878,484
2025-12-01,138.48524475097656,138.48524475097656,133.7098914837015,133.7098914837015,166
2025-12-02,135.62002563476562,136.57509623782735,119.38382538271622,138.4852374439508,229
2025-12-03,133.7098846435547,138.00770236424037,126.06931980678014,135.62002585274834,4
2025-12-04,133.7098846435547,136.57509645734515,126.06931980678014,133.7098846435547,211
2025-12-05,133.70034790039062,133.70034790039062,133.70034790039062,133.7098933606994,160
2025-12-09,132.75482177734375,133.70034697736955,107.01567039774771,133.70034697736955,632
2025-12-10,131.7902069091797,132.745277578524,107.49320674934522,132.75482303885755,359
2025-12-11,124.1591796875,131.75198814605292,107.54094956431251,131.79019913157592,615
2025-12-12,122.24903869628906,128.9249875402038,112.69833254814148,124.15917992591858,164
2025-12-15,115.56354522705078,128.93453393100708,115.56354522705078,122.24903957902893,2540
2025-12-16,115.56354522705078,128.93453393100708,115.56354522705078,115.56354522705078,85
2025-12-17,128.45700073242188,128.92499059111532,124.15918286405088,115.5635471273089,10
2025-12-18,143.26058959960938,143.26058959960938,128.93453063964844,128.45699534098307,420
2025-12-19,162.36199951171875,170.95763477998622,140.39537604836858,143.2605878044577,1092
2025-12-22,162.26649475097656,162.36200764358483,153.76637194480682,162.36200764358483,1245
2025-12-23,162.24740600585938,162.24740600585938,152.81130335995147,162.26649692605986,20
2025-12-26,162.21875,162.24740095262993,143.26059243807322,162.24740095262993,20200
2025-12-29,186.23876953125,186.23876953125,142.30552133413462,162.21874944407207,18200
2025-12-30,212.0256805419922,212.0256805419922,212.0256805419922,186.2387734490472,35060
2026-01-02,233.99229431152344,233.99229431152344,181.46341191505897,212.02567076391102,323
2026-01-05,257.86907958984375,281.74584621853296,237.97495588603326,233.9923129611545,559
2026-01-06,305.6225891113281,308.48780088424684,281.7458243370056,257.8690595626831,1458
2026-01-07,361.9717712402344,362.9268418767521,305.62260368568604,305.62260368568604,5145
2026-01-08,366.74713134765625,429.78179454803467,366.74713134765625,361.97177807490027,1177
2026-01-09,429.7817687988281,440.0678686393611,398.2644390869141,366.74710937500004,15
2026-01-13,458.43389892578125,458.43389892578125,429.7817802429199,458.43389892578125,600
2026-01-14,458.43389892578125,496.636723836263,458.43389892578125,458.43389892578125,10
2026-01-15,458.43389892578125,458.43389892578125,448.88319269816077,458.43389892578125,157
2026-01-16,420.2310791015625,439.3229317547923,420.2310791015625,458.43390447443187,511
2026-01-20,420.2310791015625,410.6803727583452,382.0282537286932,420.2310791015625,1
2026-01-21,420.2310791015625,405.9050195867365,382.0282537286932,420.2310791015625,229
2026-01-22,382.02825927734375,403.994884185791,378.2079766845703,420.23108520507816,458
2026-01-23,382.02825927734375,381.9805174035113,371.51292211387306,382.02825927734375,121
2026-01-26,382.02825927734375,419.2760145568848,348.6007865905762,382.02825927734375,17223
2026-01-27,382.02825927734375,405.895465448834,348.6007865905762,382.02825927734375,208
2026-01-28,367.7021789550781,382.0186778425977,344.7804846825538,382.02823787540586,677
2026-01-29,381.07318115234375,382.0186917486421,353.37613289816335,367.7021923399808,412
2026-01-30,405.9049987792969,405.9049987792969,381.0731635598575,381.0731635598575,16112
2026-02-02,419.2760009765625,421.18614221107987,405.9050123349409,405.9050123349409,1
2026-02-03,458.43389892578125,458.91143423716227,420.24063404838864,419.2760033925374,6
2026-02-04,503.32220458984375,503.7997398883161,458.433886533444,458.433886533444,16776
2026-02-05,534.8395385742188,552.0403694898689,506.1874204363142,503.32220862252376,15966
2026-02-06,582.5930786132812,587.3684317166689,573.0423724065062,534.8395475794057,7762
2026-02-09,610.2901000976562,611.2451706768388,590.2336179348225,582.593053301362,517
2026-02-10,592.143798828125,610.2901410502772,553.9409730972782,610.2901410502772,382
2026-02-11,596.9191284179688,610.2901168945313,595.9640578125,592.143775390625,2389
2026-02-12,596.9191284179688,595.9640578125,591.1887047851562,596.9191284179688,181
2026-02-13,590.233642578125,592.1437838162419,482.31066262451964,596.9191369115342,504
2026-02-18,590.233642578125,590.233642578125,590.233642578125,590.233642578125,0
2026-02-19,587.368408203125,594.0539022802337,482.3106441342734,590.2336199504573,913
2026-02-20,591.188720703125,592.1437913343094,482.3106687481068,582.5930850224656,560
2026-02-23,587.368408203125,591.1886905329014,506.187408695376,591.1886905329014,8000
2026-02-24,534.8395385742188,592.143774850028,515.7381264822824,587.3684218270438,8651
2026-02-25,553.9409790039062,592.1438051421067,482.3297709151299,534.839565934806,1206
2026-02-26,553.9409790039062,582.5930986075565,553.9409790039062,553.9409790039062,255
2026-02-27,553.9409790039062,577.8177453402815,553.9409790039062,553.9409790039062,150
2026-03-02,563.4916381835938,620.7958725751456,553.9409324516685,553.9409324516685,5000
2026-03-03,563.4916381835938,592.1437553793697,553.9409324516685,563.4916381835938,3469
2026-03-04,593.098876953125,668.5494587233293,563.4916866382347,563.4916866382347,106
2026-03-05,668.5494384765625,673.324791608538,663.7740853445871,593.0988589913504,5000
2026-03-06,667.5943603515625,673.3247840455673,582.5930755571576,668.54943096723,1064
2026-03-09,744.955078125,797.4839618389423,667.5943584735577,667.5943584735577,2620
2026-03-10,744.955078125,744.955078125,740.1797250600962,744.955078125,1094
2026-03-11,716.302978515625,744.95509765625,687.650859375,744.95509765625,500
2026-03-12,716.302978515625,740.1797444661458,687.650859375,716.302978515625,164
2026-03-13,716.302978515625,744.95509765625,687.650859375,716.302978515625,3952
2026-03-16,687.6508178710938,764.0469042685504,649.4479946560331,716.3029352823894,1152
2026-03-17,687.6317138671875,725.8536580403508,667.5943512765857,687.6508339329639,733
2026-03-18,687.6317138671875,687.6508339329639,620.7958917450368,687.6317138671875,129
2026-03-20,673.3247680664062,725.853650681516,668.5494151013963,687.6317068958537,1688
2026-03-23,689.5609741210938,802.2593050716326,687.6508329185423,673.324773899406,490
2026-03-24,791.7535400390625,792.7086106543087,649.4480183673854,689.5609842077239,270
2026-03-25,687.6508178710938,792.6608398420685,687.6508178710938,791.7535111321343,221
2026-03-26,687.6508178710938,791.705769261692,592.1437598334419,687.6508178710938,167
2026-03-27,687.6508178710938,787.9332288106283,592.1437598334419,687.6508178710938,176
2026-03-30,687.6508178710938,786.9304163598093,687.6508178710938,687.6508178710938,76
2026-03-31,782.6803588867188,783.1101523164962,553.9409495476472,687.6508339212172,214
2026-04-01,782.6803588867188,783.1578941880529,649.476689913147,782.6803588867188,600
2026-04-06,783.1578979492188,859.5635465296303,668.5494250786014,782.6803626455911,461
2026-04-07,716.302978515625,837.5969495442708,675.2349410807292,783.1579231770834,252
2026-04-08,716.302978515625,840.4621614583334,573.9974534505209,716.302978515625,92816
2026-04-09,716.302978515625,764.0565104166667,668.5494466145833,716.302978515625,326
2026-04-10,716.302978515625,716.302978515625,668.5494466145833,716.302978515625,47
2026-04-13,716.302978515625,716.302978515625,593.1084262441794,716.302978515625,137
2026-04-14,666.1617431640625,716.3029496387769,594.0539129004256,716.3029496387769,121
2026-04-15,664.7291259765625,666.6392671431619,637.9871496441721,666.161731851512,257
2026-04-16,664.7291259765625,740.1797020572355,644.6726437272697,664.7291259765625,125
2026-04-17,664.7291259765625,716.3029374747441,667.5943377264615,664.7291259765625,190
2026-04-20,664.7291259765625,790.7984429721174,573.0423499797953,664.7291259765625,461
2026-04-21,664.7291259765625,787.9332312222185,573.0519100124894,664.7291259765625,121
2026-04-22,664.7291259765625,787.9332312222185,664.7291259765625,664.7291259765625,123
2026-04-23,664.7291259765625,692.4261728922526,658.9987024767646,664.7291259765625,75
2026-04-24,658.9987182617188,697.2015425087749,658.9987182617188,664.7291418987771,20
2026-04-27,658.9987182617188,716.302954632303,583.5481403737828,658.9987182617188,520
2026-04-28,658.9987182617188,658.9987182617188,587.3684227984884,658.9987182617188,385
2026-04-29,658.9987182617188,658.0436476555423,619.8408234084861,658.9987182617188,248
2026-04-30,658.9987182617188,658.9987182617188,644.1473819942523,658.9987182617188,124
2026-05-04,658.9987182617188,764.0564849411231,645.627729775249,658.9987182617188,113
2026-05-05,658.9987182617188,716.302954632303,658.9987182617188,658.9987182617188,1503
2026-05-06,653.268310546875,654.2233811763294,596.9191434090598,658.998734323602,745
2026-05-07,653.268310546875,668.549440618147,553.9409650836075,653.268310546875,5582
2026-05-08,653.268310546875,692.4262063545093,687.6508532072369,653.268310546875,38
2026-05-11,653.268310546875,687.6508532072369,577.8177308199698,653.268310546875,225
2026-05-12,653.268310546875,667.5943699886924,649.448028029057,653.268310546875,250
2026-05-13,653.268310546875,658.998734323602,658.998734323602,653.268310546875,15
2026-05-14,653.268310546875,654.2233811763294,653.268310546875,653.268310546875,101
2026-05-15,653.268310546875,654.2233811763294,582.5930839672424,653.268310546875,163
2026-05-19,653.268310546875,803.2143993712308,642.7625336228756,653.268310546875,1
2026-05-20,653.268310546875,763.1014329341419,635.1219685872396,653.268310546875,228
2026-05-21,653.268310546875,764.0565035635965,611.2452028508771,653.268310546875,278
2026-05-22,653.268310546875,687.6508532072369,644.6726748817846,653.268310546875,140
2026-05-25,653.268310546875,687.6508532072369,573.0423776726974,653.268310546875,487
2026-05-26,653.268310546875,678.1001469126919,653.268310546875,653.268310546875,5
2026-05-27,653.268310546875,658.998734323602,620.7959091454221,653.268310546875,457
2026-05-28,653.268310546875,658.998734323602,653.268310546875,653.268310546875,369
2026-05-29,653.268310546875,658.998734323602,658.9891742904458,653.268310546875,1450
2026-06-01,658.9987182617188,773.6071910028871,649.4480121999546,653.2682946246603,896
2026-06-02,658.9987182617188,658.9987182617188,616.0205409837805,658.9987182617188,424
2026-06-03,573.0423583984375,616.0205352783204,573.0423583984375,658.9987121582031,115
2026-06-04,573.0423583984375,625.5712412516276,573.0423583984375,573.0423583984375,171
2026-06-05,573.0423583984375,620.795888264974,606.469829305013,573.0423583984375,37
2026-06-09,573.0423583984375,649.4480061848958,573.0423583984375,573.0423583984375,1806
2026-06-10,573.0423583984375,620.795888264974,582.5930643717448,573.0423583984375,153
2026-06-11,573.0423583984375,649.4480061848958,573.0423583984375,573.0423583984375,466
2026-06-12,573.0423583984375,649.4480061848958,611.2451822916667,573.0423583984375,60
2026-06-15,573.0423583984375,639.8973002115886,637.9871590169271,573.0423583984375,304
2026-06-16,573.0423583984375,644.6726531982422,630.3465942382812,573.0423583984375,227
2026-06-17,573.0423583984375,648.4929355875652,573.0805402368928,573.0423583984375,699
2026-06-18,573.0423583984375,648.4929355875652,573.0423583984375,573.0423583984375,104
2026-06-19,573.0423583984375,648.4929355875652,601.6944763183594,573.0423583984375,290
2026-06-22,573.0423583984375,648.4833755547305,582.5930643717448,573.0423583984375,650
2026-06-23,573.0423583984375,638.9422296142578,573.0519184312722,573.0423583984375,127
2026-06-24,573.0423583984375,573.0423583984375,573.0423583984375,573.0423583984375,0
2026-06-25,573.0423583984375,573.0423583984375,573.0423583984375,573.0423583984375,0
2026-06-26,573.0423583984375,573.0423583984375,573.0423583984375,573.0423583984375,0
2026-06-29,573.0423583984375,573.0423583984375,573.0423583984375,573.0423583984375,0
2026-06-30,573.0423583984375,667.5943475341797,630.3465942382812,573.0423583984375,56
2026-07-01,573.0423583984375,630.3465942382812,577.8177113850911,573.0423583984375,94
2026-07-02,573.0423583984375,625.5712412516276,562.9376951566711,573.0423583984375,200
2026-07-03,573.0423583984375,620.795888264974,606.469829305013,573.0423583984375,135
2026-07-06,573.0423583984375,625.5712412516276,585.458276163737,573.0423583984375,50
2026-07-07,573.0423583984375,624.6161706542969,583.5481349690755,573.0423583984375,327
2026-07-08,573.0423583984375,585.458276163737,577.8177113850911,573.0423583984375,235
2026-07-09,573.0423583984375,625.5712412516276,573.0423583984375,573.0423583984375,423
2026-07-10,573.0423583984375,619.8408176676433,582.5930643717448,573.0423583984375,179
2026-07-13,573.0423583984375,617.9306764729818,563.4916524251303,573.0423583984375,100
2026-07-14,573.0423583984375,596.9191233317057,563.4916524251303,573.0423583984375,105
2026-07-15,573.0423583984375,596.9191233317057,573.0423583984375,573.0423583984375,70
2026-07-16,573.0423583984375,573.0423583984375,573.0423583984375,573.0423583984375,0
2026-07-17,573.0423583984375,620.795888264974,573.0423583984375,573.0423583984375,114
2026-07-20,573.0423583984375,678.1001241048177,573.0423583984375,573.0423583984375,909
2026-07-21,527.198974609375,668.5494243234828,501.4216282755352,573.0423637058424,26880
2026-07-22,527.198974609375,552.9858809761379,525.2888333970221,527.198974609375,800
2026-07-23,527.198974609375,552.9858809761379,520.5134803661401,527.198974609375,310
2026-07-27,527.198974609375,549.1655985514323,527.198974609375,527.198974609375,252
2026-07-28,527.198974609375,558.7163046131963,527.198974609375,527.198974609375,195
2026-07-29,527.198974609375,557.7612340070199,527.198974609375,527.198974609375,163
2026-07-30,527.198974609375,558.7163046131963,527.198974609375,527.198974609375,2323
2026-07-31,527.198974609375,557.7612340070199,527.198974609375,527.198974609375,247
2026-08-03,527.198974609375,596.9191288602525,557.7612340070199,527.198974609375,354
2026-08-04,527.198974609375,595.964058254076,544.3902455205503,527.198974609375,429
2026-08-05,527.198974609375,595.964058254076,595.0089876478996,527.198974609375,125
2026-08-06,527.198974609375,620.7958940146625,592.1437758293704,527.198974609375,192
2026-08-07,527.198974609375,620.7958940146625,544.3902455205503,527.198974609375,335
2026-08-10,527.198974609375,619.8408234084861,619.8408234084861,527.198974609375,37
2026-08-11,527.198974609375,620.7958940146625,611.2451879528985,527.198974609375,42
2026-08-12,527.198974609375,620.7958940146625,553.9409515823143,527.198974609375,570
2026-08-13,527.198974609375,527.198974609375,527.198974609375,527.198974609375,0
2026-08-14,527.198974609375,617.9306821961334,566.3568694626075,527.198974609375,10
2026-08-17,527.198974609375,632.2567412887794,566.3568694626075,527.198974609375,37
2026-08-18,592.143798828125,632.2567658455141,573.0423859627016,527.1989950856855,800
2026-08-19,592.143798828125,632.2567658455141,526.2439244424143,592.143798828125,638
2026-08-20,592.143798828125,632.2567658455141,592.143798828125,592.143798828125,59
2026-08-21,592.143798828125,630.3466245589717,601.6945052608366,592.143798828125,17
2026-08-24,592.143798828125,632.2567658455141,620.7959181262601,592.143798828125,126
2026-08-25,592.143798828125,620.7959181262601,592.143798828125,592.143798828125,307
2026-08-26,592.143798828125,618.8857768397177,601.6945052608366,592.143798828125,388
2026-08-27,592.143798828125,619.8408474829889,592.143798828125,592.143798828125,81
2026-08-28,620.7958984375,637.3186083834905,615.0654747596154,592.1437800480769,2211
2026-08-31,640.43212890625,663.29652103431,620.7958800177128,620.7958800177128,76
2026-09-01,640.43212890625,716.3029384819762,670.4595504191298,640.43212890625,492
2026-09-02,762.1463623046875,764.0565035635965,670.4595818770559,640.4321589552911,50
2026-09-03,762.1463623046875,764.0565035635965,749.7304441217791,762.1463623046875,617
2026-09-04,744.0,759.2811296534018,716.3029525032092,762.1463414634146,811
2026-09-08,744.0,754.5057766367137,673.3247753530167,744.0,15
2026-09-09,745.91015625,753.5507212307938,744.0000150048015,744.0000150048015,861
2026-09-10,744.955078125,764.0564903846154,744.955078125,745.9101487379808,500
2026-09-11,744.1910400390625,744.9550848777961,740.1797317696052,744.9550848777961,748
2026-09-15,744.0,744.2387676508343,739.1769051117217,744.1910257792442,1051
2026-09-16,779.0,779.25,705.010009765625,779.0,4400
2026-09-17,777.0,800.0,731.9600219726562,800.0,1364
