Date,Close,High,Low,Open,Volume
,MPA.CR,MPA.CR,MPA.CR,MPA.CR,MPA.CR
2008-01-03,1.940168296554602e+32,1.940168296554602e+32,1.8775822826402713e+32,1.8775822826402713e+32,8000
2008-01-04,1.940168296554602e+32,1.940168296554602e+32,1.8775822826402713e+32,1.8775822826402713e+32,4760
2008-01-07,1.940168296554602e+32,1.940168296554602e+32,1.940168296554602e+32,1.940168296554602e+32,0
2008-01-08,1.940168296554602e+32,1.940168296554602e+32,1.940168296554602e+32,1.940168296554602e+32,0
2008-01-09,1.940168296554602e+32,1.940168296554602e+32,1.8775822826402713e+32,1.8775822826402713e+32,600
2008-01-10,1.940168296554602e+32,1.940168296554602e+32,1.8775822826402713e+32,1.8775822826402713e+32,0
2008-01-11,1.940168296554602e+32,1.940168296554602e+32,1.8775822826402713e+32,1.8775822826402713e+32,0
2008-01-14,1.940168296554602e+32,1.940168296554602e+32,1.940168296554602e+32,1.940168296554602e+32,0
2008-01-15,1.940168296554602e+32,1.940168296554602e+32,1.940168296554602e+32,1.940168296554602e+32,0
2008-01-16,1.940168296554602e+32,1.940168296554602e+32,1.940168296554602e+32,1.940168296554602e+32,0
2008-01-17,1.940168296554602e+32,1.940168296554602e+32,1.940168296554602e+32,1.940168296554602e+32,0
2008-01-18,1.940168296554602e+32,1.940168296554602e+32,1.940168296554602e+32,1.940168296554602e+32,0
2008-01-21,1.940168296554602e+32,1.940168296554602e+32,1.940168296554602e+32,1.940168296554602e+32,0
2008-01-22,1.940168296554602e+32,1.940168296554602e+32,1.940168296554602e+32,1.940168296554602e+32,0
2008-01-23,1.940168296554602e+32,1.940168296554602e+32,1.940168296554602e+32,1.940168296554602e+32,0
2008-01-24,1.940168296554602e+32,1.940168296554602e+32,1.940168296554602e+32,1.940168296554602e+32,0
2008-01-25,1.940168296554602e+32,1.940168296554602e+32,1.940168296554602e+32,1.940168296554602e+32,0
2008-01-28,1.940168296554602e+32,1.940168296554602e+32,1.940168296554602e+32,1.940168296554602e+32,0
2008-01-29,1.940168296554602e+32,1.940168296554602e+32,1.940168296554602e+32,1.940168296554602e+32,0
2008-01-30,1.940168296554602e+32,1.940168296554602e+32,1.940168296554602e+32,1.940168296554602e+32,0
2008-01-31,1.940168296554602e+32,1.940168296554602e+32,1.940168296554602e+32,1.940168296554602e+32,0
2008-02-01,1.940168296554602e+32,1.940168296554602e+32,1.940168296554602e+32,1.940168296554602e+32,0
2008-02-06,1.940168296554602e+32,1.940168296554602e+32,1.940168296554602e+32,1.940168296554602e+32,0
2008-02-07,1.940168296554602e+32,1.940168296554602e+32,1.940168296554602e+32,1.940168296554602e+32,0
2008-02-08,1.940168296554602e+32,1.940168296554602e+32,1.940168296554602e+32,1.940168296554602e+32,0
2008-02-11,1.940168296554602e+32,1.940168296554602e+32,1.940168296554602e+32,1.940168296554602e+32,0
2008-02-12,1.940168296554602e+32,1.940168296554602e+32,1.940168296554602e+32,1.940168296554602e+32,0
2008-02-13,1.940168296554602e+32,1.940168296554602e+32,1.940168296554602e+32,1.940168296554602e+32,0
2008-02-14,1.940168296554602e+32,1.940168296554602e+32,1.940168296554602e+32,1.940168296554602e+32,0
2008-02-15,1.940168296554602e+32,1.940168296554602e+32,1.940168296554602e+32,1.940168296554602e+32,0
2008-02-18,1.940168296554602e+32,1.940168296554602e+32,1.940168296554602e+32,1.940168296554602e+32,0
2008-02-19,1.8149959237635722e+32,1.8149959237635722e+32,1.8149959237635722e+32,1.8149959237635722e+32,0
2008-02-20,1.8149959237635722e+32,1.8149959237635722e+32,1.8149959237635722e+32,1.8149959237635722e+32,0
2008-02-21,1.7524099307961885e+32,1.7524099307961885e+32,1.7524099307961885e+32,1.7524099307961885e+32,0
2008-02-22,1.7524099307961885e+32,1.7524099307961885e+32,1.7524099307961885e+32,1.7524099307961885e+32,0
2008-02-25,1.7524099307961885e+32,1.7524099307961885e+32,1.7524099307961885e+32,1.7524099307961885e+32,0
2008-02-26,1.7524099307961885e+32,1.7524099307961885e+32,1.7524099307961885e+32,1.7524099307961885e+32,0
2008-02-27,1.7524099307961885e+32,1.7524099307961885e+32,1.7524099307961885e+32,1.7524099307961885e+32,0
2008-02-28,1.7524099307961885e+32,1.7524099307961885e+32,1.7524099307961885e+32,1.7524099307961885e+32,0
2008-02-29,1.7524099307961885e+32,1.7524099307961885e+32,1.7524099307961885e+32,1.7524099307961885e+32,0
2008-03-03,1.7524099307961885e+32,1.7524099307961885e+32,1.7524099307961885e+32,1.7524099307961885e+32,0
2008-03-04,1.7524099307961885e+32,1.7524099307961885e+32,1.7524099307961885e+32,1.7524099307961885e+32,0
2008-03-05,1.7524099307961885e+32,1.7524099307961885e+32,1.7524099307961885e+32,1.7524099307961885e+32,0
2008-03-06,1.7524099307961885e+32,1.7524099307961885e+32,1.7524099307961885e+32,1.7524099307961885e+32,0
2008-03-07,1.7524099307961885e+32,1.7524099307961885e+32,1.7524099307961885e+32,1.7524099307961885e+32,0
2008-03-10,1.7524099307961885e+32,1.7524099307961885e+32,1.7524099307961885e+32,1.7524099307961885e+32,0
2008-03-11,1.7524099307961885e+32,1.7524099307961885e+32,1.7524099307961885e+32,1.7524099307961885e+32,0
2008-03-12,1.7524099307961885e+32,1.7524099307961885e+32,1.7524099307961885e+32,1.7524099307961885e+32,0
2008-03-13,1.564651758465906e+32,1.564651758465906e+32,1.564651758465906e+32,1.564651758465906e+32,0
2008-03-14,1.564651758465906e+32,1.564651758465906e+32,1.564651758465906e+32,1.564651758465906e+32,0
2008-03-17,1.564651758465906e+32,1.564651758465906e+32,1.564651758465906e+32,1.564651758465906e+32,0
2008-03-18,1.564651758465906e+32,1.564651758465906e+32,1.564651758465906e+32,1.564651758465906e+32,0
2008-03-24,1.564651758465906e+32,1.564651758465906e+32,1.564651758465906e+32,1.564651758465906e+32,0
2008-03-25,1.564651758465906e+32,1.564651758465906e+32,1.564651758465906e+32,1.564651758465906e+32,0
2008-03-26,1.564651758465906e+32,1.564651758465906e+32,1.564651758465906e+32,1.564651758465906e+32,0
2008-03-27,1.564651758465906e+32,1.564651758465906e+32,1.564651758465906e+32,1.564651758465906e+32,0
2008-03-28,1.564651758465906e+32,1.564651758465906e+32,1.564651758465906e+32,1.564651758465906e+32,0
2008-03-31,1.564651758465906e+32,1.564651758465906e+32,1.564651758465906e+32,1.564651758465906e+32,0
2008-04-01,1.564651758465906e+32,1.564651758465906e+32,1.564651758465906e+32,1.564651758465906e+32,0
2008-04-02,1.6272375580051586e+32,1.6272375580051586e+32,1.6272375580051586e+32,1.6272375580051586e+32,0
2008-04-03,1.6272375580051586e+32,1.6272375580051586e+32,1.6272375580051586e+32,1.6272375580051586e+32,0
2008-04-04,1.6272375580051586e+32,1.6272375580051586e+32,1.6272375580051586e+32,1.6272375580051586e+32,0
2008-04-07,1.6272375580051586e+32,1.6272375580051586e+32,1.6272375580051586e+32,1.6272375580051586e+32,0
2008-04-08,1.6272375580051586e+32,1.6272375580051586e+32,1.6272375580051586e+32,1.6272375580051586e+32,0
2008-04-09,1.6272375580051586e+32,1.6272375580051586e+32,1.6272375580051586e+32,1.6272375580051586e+32,0
2008-04-10,1.6272375580051586e+32,1.6272375580051586e+32,1.6272375580051586e+32,1.6272375580051586e+32,0
2008-04-11,1.6272375580051586e+32,1.6272375580051586e+32,1.6272375580051586e+32,1.6272375580051586e+32,0
2008-04-14,1.6272375580051586e+32,1.6272375580051586e+32,1.6272375580051586e+32,1.6272375580051586e+32,0
2008-04-15,1.6272375580051586e+32,1.6272375580051586e+32,1.6272375580051586e+32,1.6272375580051586e+32,0
2008-04-16,1.6272375580051586e+32,1.6272375580051586e+32,1.6272375580051586e+32,1.6272375580051586e+32,0
2008-04-17,1.7524099307961885e+32,1.7524099307961885e+32,1.7524099307961885e+32,1.7524099307961885e+32,0
2008-04-18,1.7524099307961885e+32,1.7524099307961885e+32,1.7524099307961885e+32,1.7524099307961885e+32,0
2008-04-21,1.7524099307961885e+32,1.7524099307961885e+32,1.7524099307961885e+32,1.7524099307961885e+32,0
2008-04-22,1.7524099307961885e+32,1.7524099307961885e+32,1.7524099307961885e+32,1.7524099307961885e+32,0
2008-04-23,1.7524099307961885e+32,1.7524099307961885e+32,1.7524099307961885e+32,1.7524099307961885e+32,0
2008-04-24,1.7524099307961885e+32,1.7524099307961885e+32,1.7524099307961885e+32,1.7524099307961885e+32,0
2008-04-25,1.7524099307961885e+32,1.7524099307961885e+32,1.7524099307961885e+32,1.7524099307961885e+32,0
2008-04-28,1.7524099307961885e+32,1.7524099307961885e+32,1.7524099307961885e+32,1.7524099307961885e+32,0
2008-04-29,1.7524099307961885e+32,1.7524099307961885e+32,1.7524099307961885e+32,1.7524099307961885e+32,0
2008-04-30,1.7524099307961885e+32,1.7524099307961885e+32,1.7524099307961885e+32,1.7524099307961885e+32,0
2008-05-02,1.7524099307961885e+32,1.7524099307961885e+32,1.7524099307961885e+32,1.7524099307961885e+32,0
2008-05-06,1.7524099307961885e+32,1.7524099307961885e+32,1.7524099307961885e+32,1.7524099307961885e+32,0
2008-05-07,1.7524099307961885e+32,1.7524099307961885e+32,1.7524099307961885e+32,1.7524099307961885e+32,0
2008-05-08,1.7524099307961885e+32,1.7524099307961885e+32,1.7524099307961885e+32,1.7524099307961885e+32,0
2008-05-09,1.7524099307961885e+32,1.7524099307961885e+32,1.7524099307961885e+32,1.7524099307961885e+32,0
2008-05-12,1.564651758465906e+32,1.564651758465906e+32,1.564651758465906e+32,1.564651758465906e+32,0
2008-05-13,1.564651758465906e+32,1.564651758465906e+32,1.564651758465906e+32,1.564651758465906e+32,0
2008-05-14,1.564651758465906e+32,1.564651758465906e+32,1.564651758465906e+32,1.564651758465906e+32,0
2008-05-15,1.564651758465906e+32,1.564651758465906e+32,1.564651758465906e+32,1.564651758465906e+32,0
2008-05-16,1.564651758465906e+32,1.564651758465906e+32,1.564651758465906e+32,1.564651758465906e+32,0
2008-05-19,1.564651758465906e+32,1.564651758465906e+32,1.564651758465906e+32,1.564651758465906e+32,0
2008-05-20,1.564651758465906e+32,1.564651758465906e+32,1.564651758465906e+32,1.564651758465906e+32,0
2008-05-21,1.564651758465906e+32,1.564651758465906e+32,1.564651758465906e+32,1.564651758465906e+32,0
2008-05-22,1.564651758465906e+32,1.564651758465906e+32,1.564651758465906e+32,1.564651758465906e+32,0
2008-05-23,1.4394795791030073e+32,1.4394795791030073e+32,1.4394795791030073e+32,1.4394795791030073e+32,0
2008-05-27,1.4394795791030073e+32,1.4394795791030073e+32,1.4394795791030073e+32,1.4394795791030073e+32,0
2008-05-28,1.4394795791030073e+32,1.4394795791030073e+32,1.4394795791030073e+32,1.4394795791030073e+32,0
2008-05-29,1.4394795791030073e+32,1.4394795791030073e+32,1.4394795791030073e+32,1.4394795791030073e+32,0
2008-05-30,1.4394795791030073e+32,1.4394795791030073e+32,1.4394795791030073e+32,1.4394795791030073e+32,0
2008-06-02,1.4394795791030073e+32,1.4394795791030073e+32,1.4394795791030073e+32,1.4394795791030073e+32,0
2008-06-03,1.4394795791030073e+32,1.4394795791030073e+32,1.4394795791030073e+32,1.4394795791030073e+32,0
2008-06-04,1.4394795791030073e+32,1.4394795791030073e+32,1.4394795791030073e+32,1.4394795791030073e+32,0
2008-06-05,1.4394795791030073e+32,1.4394795791030073e+32,1.4394795791030073e+32,1.4394795791030073e+32,0
2008-06-06,1.4394795791030073e+32,1.4394795791030073e+32,1.4394795791030073e+32,1.4394795791030073e+32,0
2008-06-09,1.4394795791030073e+32,1.4394795791030073e+32,1.4394795791030073e+32,1.4394795791030073e+32,0
2008-06-10,1.4394795791030073e+32,1.4394795791030073e+32,1.4394795791030073e+32,1.4394795791030073e+32,0
2008-06-11,1.4394795791030073e+32,1.4394795791030073e+32,1.4394795791030073e+32,1.4394795791030073e+32,0
2008-06-12,1.3768933927074923e+32,1.3768933927074923e+32,1.3768933927074923e+32,1.3768933927074923e+32,0
2008-06-13,1.3768933927074923e+32,1.3768933927074923e+32,1.3768933927074923e+32,1.3768933927074923e+32,0
2008-06-16,1.3768933927074923e+32,1.3768933927074923e+32,1.3768933927074923e+32,1.3768933927074923e+32,0
2008-06-17,1.3768933927074923e+32,1.3768933927074923e+32,1.3768933927074923e+32,1.3768933927074923e+32,0
2008-06-18,1.3768933927074923e+32,1.3768933927074923e+32,1.3768933927074923e+32,1.3768933927074923e+32,0
2008-06-19,1.3768933927074923e+32,1.3768933927074923e+32,1.3768933927074923e+32,1.3768933927074923e+32,0
2008-06-20,1.3768933927074923e+32,1.3768933927074923e+32,1.3768933927074923e+32,1.3768933927074923e+32,0
2008-06-23,1.3768933927074923e+32,1.3768933927074923e+32,1.3768933927074923e+32,1.3768933927074923e+32,0
2008-06-25,1.3768933927074923e+32,1.3768933927074923e+32,1.3768933927074923e+32,1.3768933927074923e+32,0
2008-06-26,1.3768933927074923e+32,1.3768933927074923e+32,1.3768933927074923e+32,1.3768933927074923e+32,0
2008-06-27,1.3768933927074923e+32,1.3768933927074923e+32,1.3768933927074923e+32,1.3768933927074923e+32,0
2008-06-30,1.3768933927074923e+32,1.3768933927074923e+32,1.3768933927074923e+32,1.3768933927074923e+32,0
2008-07-01,1.3768933927074923e+32,1.3768933927074923e+32,1.3768933927074923e+32,1.3768933927074923e+32,0
2008-07-02,1.3768933927074923e+32,1.3768933927074923e+32,1.3768933927074923e+32,1.3768933927074923e+32,0
2008-07-03,1.3768933927074923e+32,1.3768933927074923e+32,1.3768933927074923e+32,1.3768933927074923e+32,0
2008-07-04,1.3768933927074923e+32,1.3768933927074923e+32,1.3768933927074923e+32,1.3768933927074923e+32,0
2008-07-07,1.3768933927074923e+32,1.3768933927074923e+32,1.3768933927074923e+32,1.3768933927074923e+32,0
2008-07-08,1.3768933927074923e+32,1.3768933927074923e+32,1.3768933927074923e+32,1.3768933927074923e+32,0
2008-07-09,1.3768933927074923e+32,1.3768933927074923e+32,1.3768933927074923e+32,1.3768933927074923e+32,0
2008-07-10,1.3768933927074923e+32,1.3768933927074923e+32,1.3768933927074923e+32,1.3768933927074923e+32,0
2008-07-11,1.3768933927074923e+32,1.3768933927074923e+32,1.3768933927074923e+32,1.3768933927074923e+32,0
2008-07-14,1.3768933927074923e+32,1.3768933927074923e+32,1.3768933927074923e+32,1.3768933927074923e+32,0
2008-07-15,1.3768933927074923e+32,1.3768933927074923e+32,1.3768933927074923e+32,1.3768933927074923e+32,0
2008-07-16,1.3768933927074923e+32,1.3768933927074923e+32,1.3768933927074923e+32,1.3768933927074923e+32,0
2008-07-17,1.3768933927074923e+32,1.3768933927074923e+32,1.3768933927074923e+32,1.3768933927074923e+32,0
2008-07-18,1.3768933927074923e+32,1.3768933927074923e+32,1.3768933927074923e+32,1.3768933927074923e+32,0
2008-07-21,1.2517215034867903e+32,1.2517215034867903e+32,1.2517215034867903e+32,1.2517215034867903e+32,0
2008-07-22,1.2517215034867903e+32,1.2517215034867903e+32,1.2517215034867903e+32,1.2517215034867903e+32,0
2008-07-23,1.2517215034867903e+32,1.2517215034867903e+32,1.2517215034867903e+32,1.2517215034867903e+32,0
2008-07-25,1.2517215034867903e+32,1.2517215034867903e+32,1.2517215034867903e+32,1.2517215034867903e+32,0
2008-07-28,1.2517215034867903e+32,1.2517215034867903e+32,1.2517215034867903e+32,1.2517215034867903e+32,0
2008-07-29,1.2517215034867903e+32,1.2517215034867903e+32,1.2517215034867903e+32,1.2517215034867903e+32,0
2008-07-30,1.2517215034867903e+32,1.2517215034867903e+32,1.2517215034867903e+32,1.2517215034867903e+32,0
2008-07-31,1.2517215034867903e+32,1.2517215034867903e+32,1.2517215034867903e+32,1.2517215034867903e+32,0
2008-08-01,1.2517215034867903e+32,1.2517215034867903e+32,1.2517215034867903e+32,1.2517215034867903e+32,0
2008-08-04,1.2517215034867903e+32,1.2517215034867903e+32,1.2517215034867903e+32,1.2517215034867903e+32,0
2008-08-05,1.2517215034867903e+32,1.2517215034867903e+32,1.2517215034867903e+32,1.2517215034867903e+32,0
2008-08-06,1.2517215034867903e+32,1.2517215034867903e+32,1.2517215034867903e+32,1.2517215034867903e+32,0
2008-08-07,1.2517215034867903e+32,1.2517215034867903e+32,1.2517215034867903e+32,1.2517215034867903e+32,0
2008-08-08,1.2517215034867903e+32,1.2517215034867903e+32,1.2517215034867903e+32,1.2517215034867903e+32,0
2008-08-11,1.2517215034867903e+32,1.2517215034867903e+32,1.2517215034867903e+32,1.2517215034867903e+32,0
2008-08-12,1.2517215034867903e+32,1.2517215034867903e+32,1.2517215034867903e+32,1.2517215034867903e+32,0
2008-08-13,1.2517215034867903e+32,1.2517215034867903e+32,1.2517215034867903e+32,1.2517215034867903e+32,0
2008-08-14,1.2517215034867903e+32,1.2517215034867903e+32,1.2517215034867903e+32,1.2517215034867903e+32,0
2008-08-15,1.2517215034867903e+32,1.2517215034867903e+32,1.2517215034867903e+32,1.2517215034867903e+32,0
2008-08-19,1.2517215034867903e+32,1.2517215034867903e+32,1.2517215034867903e+32,1.2517215034867903e+32,0
2008-08-20,1.2517215034867903e+32,1.2517215034867903e+32,1.2517215034867903e+32,1.2517215034867903e+32,0
2008-08-21,1.2517215034867903e+32,1.2517215034867903e+32,1.2517215034867903e+32,1.2517215034867903e+32,0
2008-08-22,1.2517215034867903e+32,1.2517215034867903e+32,1.2517215034867903e+32,1.2517215034867903e+32,0
2008-08-25,1.2517215034867903e+32,1.2517215034867903e+32,1.2517215034867903e+32,1.2517215034867903e+32,0
2008-08-26,1.2517215034867903e+32,1.2517215034867903e+32,1.2517215034867903e+32,1.2517215034867903e+32,0
2008-08-27,1.2517215034867903e+32,1.2517215034867903e+32,1.2517215034867903e+32,1.2517215034867903e+32,0
2008-08-28,1.2517215034867903e+32,1.2517215034867903e+32,1.2517215034867903e+32,1.2517215034867903e+32,0
2008-08-29,1.2517215034867903e+32,1.2517215034867903e+32,1.2517215034867903e+32,1.2517215034867903e+32,0
2008-09-01,1.2517215034867903e+32,1.2517215034867903e+32,1.2517215034867903e+32,1.2517215034867903e+32,0
2008-09-02,1.2517215034867903e+32,1.2517215034867903e+32,1.2517215034867903e+32,1.2517215034867903e+32,0
2008-09-03,1.2517215034867903e+32,1.2517215034867903e+32,1.2517215034867903e+32,1.2517215034867903e+32,0
2008-09-04,1.2517215034867903e+32,1.2517215034867903e+32,1.2517215034867903e+32,1.2517215034867903e+32,0
2008-09-05,1.2517215034867903e+32,1.2517215034867903e+32,1.2517215034867903e+32,1.2517215034867903e+32,0
2008-09-08,1.3768933927074923e+32,1.3768933927074923e+32,1.3768933927074923e+32,1.3768933927074923e+32,0
2008-09-09,1.3768933927074923e+32,1.3768933927074923e+32,1.3768933927074923e+32,1.3768933927074923e+32,0
2008-09-10,1.3768933927074923e+32,1.3768933927074923e+32,1.3768933927074923e+32,1.3768933927074923e+32,0
2008-09-11,1.3768933927074923e+32,1.3768933927074923e+32,1.3768933927074923e+32,1.3768933927074923e+32,0
2008-09-12,1.3768933927074923e+32,1.3768933927074923e+32,1.3768933927074923e+32,1.3768933927074923e+32,0
2008-09-15,1.3768933927074923e+32,1.3768933927074923e+32,1.3768933927074923e+32,1.3768933927074923e+32,0
2008-09-16,1.3768933927074923e+32,1.3768933927074923e+32,1.3768933927074923e+32,1.3768933927074923e+32,0
2008-09-17,1.3768933927074923e+32,1.3768933927074923e+32,1.3768933927074923e+32,1.3768933927074923e+32,0
2008-09-18,1.3768933927074923e+32,1.3768933927074923e+32,1.3768933927074923e+32,1.3768933927074923e+32,0
2008-09-19,1.3768933927074923e+32,1.3768933927074923e+32,1.3768933927074923e+32,1.3768933927074923e+32,0
2008-09-22,1.3768933927074923e+32,1.3768933927074923e+32,1.3768933927074923e+32,1.3768933927074923e+32,0
2008-09-23,1.3768933927074923e+32,1.3768933927074923e+32,1.3768933927074923e+32,1.3768933927074923e+32,0
2008-09-24,1.3768933927074923e+32,1.3768933927074923e+32,1.3768933927074923e+32,1.3768933927074923e+32,0
2008-09-25,1.3768933927074923e+32,1.3768933927074923e+32,1.3768933927074923e+32,1.3768933927074923e+32,0
2008-09-26,1.3768933927074923e+32,1.3768933927074923e+32,1.3768933927074923e+32,1.3768933927074923e+32,0
2008-09-29,1.3768933927074923e+32,1.3768933927074923e+32,1.3768933927074923e+32,1.3768933927074923e+32,0
2008-09-30,1.3768933927074923e+32,1.3768933927074923e+32,1.3768933927074923e+32,1.3768933927074923e+32,0
2008-10-01,1.3768933927074923e+32,1.3768933927074923e+32,1.3768933927074923e+32,1.3768933927074923e+32,0
2008-10-02,1.3768933927074923e+32,1.3768933927074923e+32,1.3768933927074923e+32,1.3768933927074923e+32,0
2008-10-03,1.3768933927074923e+32,1.3768933927074923e+32,1.3768933927074923e+32,1.3768933927074923e+32,0
2008-10-06,1.3768933927074923e+32,1.3768933927074923e+32,1.3768933927074923e+32,1.3768933927074923e+32,0
2008-10-07,1.3768933927074923e+32,1.3768933927074923e+32,1.3768933927074923e+32,1.3768933927074923e+32,0
2008-10-08,1.3768933927074923e+32,1.3768933927074923e+32,1.3768933927074923e+32,1.3768933927074923e+32,0
2008-10-09,1.3768933927074923e+32,1.3768933927074923e+32,1.3768933927074923e+32,1.3768933927074923e+32,0
2008-10-10,1.3768933927074923e+32,1.3768933927074923e+32,1.3768933927074923e+32,1.3768933927074923e+32,0
2008-10-13,1.3768933927074923e+32,1.3768933927074923e+32,1.3768933927074923e+32,1.3768933927074923e+32,0
2008-10-14,1.3768933927074923e+32,1.3768933927074923e+32,1.3768933927074923e+32,1.3768933927074923e+32,0
2008-10-15,1.3768933927074923e+32,1.3768933927074923e+32,1.3768933927074923e+32,1.3768933927074923e+32,0
2008-10-16,1.3768933927074923e+32,1.3768933927074923e+32,1.3768933927074923e+32,1.3768933927074923e+32,0
2008-10-17,1.564651758465906e+32,1.564651758465906e+32,1.564651758465906e+32,1.564651758465906e+32,0
2008-10-20,1.564651758465906e+32,1.564651758465906e+32,1.564651758465906e+32,1.564651758465906e+32,0
2008-10-21,1.564651758465906e+32,1.564651758465906e+32,1.564651758465906e+32,1.564651758465906e+32,0
2008-10-22,1.564651758465906e+32,1.564651758465906e+32,1.564651758465906e+32,1.564651758465906e+32,0
2008-10-23,1.6898237444006735e+32,1.6898237444006735e+32,1.6898237444006735e+32,1.6898237444006735e+32,0
2008-10-24,1.6898237444006735e+32,1.6898237444006735e+32,1.6898237444006735e+32,1.6898237444006735e+32,0
2008-10-27,1.6898237444006735e+32,1.6898237444006735e+32,1.6898237444006735e+32,1.6898237444006735e+32,0
2008-10-28,1.6898237444006735e+32,1.6898237444006735e+32,1.6898237444006735e+32,1.6898237444006735e+32,0
2008-10-29,1.6898237444006735e+32,1.6898237444006735e+32,1.6898237444006735e+32,1.6898237444006735e+32,0
2008-10-30,1.6898237444006735e+32,1.6898237444006735e+32,1.6898237444006735e+32,1.6898237444006735e+32,0
2008-10-31,1.6898237444006735e+32,1.6898237444006735e+32,1.6898237444006735e+32,1.6898237444006735e+32,0
2008-11-03,1.6898237444006735e+32,1.6898237444006735e+32,1.6898237444006735e+32,1.6898237444006735e+32,0
2008-11-04,1.6898237444006735e+32,1.6898237444006735e+32,1.6898237444006735e+32,1.6898237444006735e+32,0
2008-11-05,1.6898237444006735e+32,1.6898237444006735e+32,1.6898237444006735e+32,1.6898237444006735e+32,0
2008-11-06,1.6898237444006735e+32,1.6898237444006735e+32,1.6898237444006735e+32,1.6898237444006735e+32,0
2008-11-07,1.6898237444006735e+32,1.6898237444006735e+32,1.6898237444006735e+32,1.6898237444006735e+32,0
2008-11-10,1.6898237444006735e+32,1.6898237444006735e+32,1.6898237444006735e+32,1.6898237444006735e+32,0
2008-11-11,1.6898237444006735e+32,1.6898237444006735e+32,1.6898237444006735e+32,1.6898237444006735e+32,0
2008-11-12,1.6898237444006735e+32,1.6898237444006735e+32,1.6898237444006735e+32,1.6898237444006735e+32,0
2008-11-13,1.6898237444006735e+32,1.6898237444006735e+32,1.6898237444006735e+32,1.6898237444006735e+32,0
2008-11-14,1.6898237444006735e+32,1.6898237444006735e+32,1.6898237444006735e+32,1.6898237444006735e+32,0
2008-11-17,1.6898237444006735e+32,1.6898237444006735e+32,1.6898237444006735e+32,1.6898237444006735e+32,0
2008-11-18,1.6898237444006735e+32,1.6898237444006735e+32,1.6898237444006735e+32,1.6898237444006735e+32,0
2008-11-19,1.6898237444006735e+32,1.6898237444006735e+32,1.6898237444006735e+32,1.6898237444006735e+32,0
2008-11-20,1.6898237444006735e+32,1.6898237444006735e+32,1.6898237444006735e+32,1.6898237444006735e+32,0
2008-11-21,1.6898237444006735e+32,1.6898237444006735e+32,1.6898237444006735e+32,1.6898237444006735e+32,0
2008-11-24,1.6272375580051586e+32,1.6272375580051586e+32,1.6272375580051586e+32,1.6272375580051586e+32,0
2008-11-25,1.6272375580051586e+32,1.6272375580051586e+32,1.6272375580051586e+32,1.6272375580051586e+32,0
2008-11-26,1.6272375580051586e+32,1.6272375580051586e+32,1.6272375580051586e+32,1.6272375580051586e+32,0
2008-11-27,1.6272375580051586e+32,1.6272375580051586e+32,1.6272375580051586e+32,1.6272375580051586e+32,0
2008-11-28,1.6272375580051586e+32,1.6272375580051586e+32,1.6272375580051586e+32,1.6272375580051586e+32,0
2008-12-01,1.6272375580051586e+32,1.6272375580051586e+32,1.6272375580051586e+32,1.6272375580051586e+32,0
2008-12-02,1.6272375580051586e+32,1.6272375580051586e+32,1.6272375580051586e+32,1.6272375580051586e+32,0
2008-12-03,1.6272375580051586e+32,1.6272375580051586e+32,1.6272375580051586e+32,1.6272375580051586e+32,0
2008-12-04,1.6272375580051586e+32,1.6272375580051586e+32,1.6272375580051586e+32,1.6272375580051586e+32,0
2008-12-05,1.6272375580051586e+32,1.6272375580051586e+32,1.6272375580051586e+32,1.6272375580051586e+32,0
2008-12-09,1.6272375580051586e+32,1.6272375580051586e+32,1.6272375580051586e+32,1.6272375580051586e+32,0
2008-12-10,1.6272375580051586e+32,1.6272375580051586e+32,1.6272375580051586e+32,1.6272375580051586e+32,0
2008-12-11,1.6272375580051586e+32,1.6272375580051586e+32,1.6272375580051586e+32,1.6272375580051586e+32,0
2008-12-12,1.6272375580051586e+32,1.6272375580051586e+32,1.6272375580051586e+32,1.6272375580051586e+32,0
2008-12-15,1.6272375580051586e+32,1.6272375580051586e+32,1.6272375580051586e+32,1.6272375580051586e+32,0
2008-12-16,1.6272375580051586e+32,1.6272375580051586e+32,1.6272375580051586e+32,1.6272375580051586e+32,0
2008-12-17,1.6272375580051586e+32,1.6272375580051586e+32,1.6272375580051586e+32,1.6272375580051586e+32,0
2008-12-18,1.6272375580051586e+32,1.6272375580051586e+32,1.6272375580051586e+32,1.6272375580051586e+32,0
2008-12-19,1.6272375580051586e+32,1.6272375580051586e+32,1.6272375580051586e+32,1.6272375580051586e+32,0
2008-12-22,1.6272375580051586e+32,1.6272375580051586e+32,1.6272375580051586e+32,1.6272375580051586e+32,0
2008-12-23,1.6272375580051586e+32,1.6272375580051586e+32,1.6272375580051586e+32,1.6272375580051586e+32,0
2008-12-24,1.6272375580051586e+32,1.6272375580051586e+32,1.6272375580051586e+32,1.6272375580051586e+32,0
2008-12-26,1.6272375580051586e+32,1.6272375580051586e+32,1.6272375580051586e+32,1.6272375580051586e+32,0
2008-12-29,1.6272375580051586e+32,1.6272375580051586e+32,1.6272375580051586e+32,1.6272375580051586e+32,0
2008-12-30,1.6272375580051586e+32,1.6272375580051586e+32,1.6272375580051586e+32,1.6272375580051586e+32,0
2008-12-31,1.6272375580051586e+32,1.6272375580051586e+32,1.6272375580051586e+32,1.6272375580051586e+32,0
2009-01-02,1.6272375580051586e+32,1.6272375580051586e+32,1.6272375580051586e+32,1.6272375580051586e+32,0
2009-01-06,1.6272375580051586e+32,1.6272375580051586e+32,1.6272375580051586e+32,1.6272375580051586e+32,0
2009-01-07,1.6272375580051586e+32,1.6272375580051586e+32,1.6272375580051586e+32,1.6272375580051586e+32,0
2009-01-08,1.6272375580051586e+32,1.6272375580051586e+32,1.6272375580051586e+32,1.6272375580051586e+32,0
2009-01-09,1.6272375580051586e+32,1.6272375580051586e+32,1.6272375580051586e+32,1.6272375580051586e+32,0
2009-01-12,1.6272375580051586e+32,1.6272375580051586e+32,1.6272375580051586e+32,1.6272375580051586e+32,0
2009-01-13,1.6272375580051586e+32,1.6272375580051586e+32,1.6272375580051586e+32,1.6272375580051586e+32,0
2009-01-14,1.6272375580051586e+32,1.6272375580051586e+32,1.6272375580051586e+32,1.6272375580051586e+32,0
2009-01-15,1.6272375580051586e+32,1.6272375580051586e+32,1.6272375580051586e+32,1.6272375580051586e+32,0
2009-01-16,1.6272375580051586e+32,1.6272375580051586e+32,1.6272375580051586e+32,1.6272375580051586e+32,0
2009-01-19,1.6272375580051586e+32,1.6272375580051586e+32,1.6272375580051586e+32,1.6272375580051586e+32,0
2009-01-20,1.6272375580051586e+32,1.6272375580051586e+32,1.6272375580051586e+32,1.6272375580051586e+32,0
2009-01-21,1.6272375580051586e+32,1.6272375580051586e+32,1.6272375580051586e+32,1.6272375580051586e+32,0
2009-01-22,1.6272375580051586e+32,1.6272375580051586e+32,1.6272375580051586e+32,1.6272375580051586e+32,0
2009-01-23,1.6272375580051586e+32,1.6272375580051586e+32,1.6272375580051586e+32,1.6272375580051586e+32,0
2009-01-26,1.6272375580051586e+32,1.6272375580051586e+32,1.6272375580051586e+32,1.6272375580051586e+32,0
2009-01-27,1.6272375580051586e+32,1.6272375580051586e+32,1.6272375580051586e+32,1.6272375580051586e+32,0
2009-01-28,1.6272375580051586e+32,1.6272375580051586e+32,1.6272375580051586e+32,1.6272375580051586e+32,0
2009-01-29,1.6272375580051586e+32,1.6272375580051586e+32,1.6272375580051586e+32,1.6272375580051586e+32,0
2009-01-30,1.6272375580051586e+32,1.6272375580051586e+32,1.6272375580051586e+32,1.6272375580051586e+32,0
2009-02-02,1.7524099307961885e+32,1.7524099307961885e+32,1.7524099307961885e+32,1.7524099307961885e+32,0
2009-02-03,1.7524099307961885e+32,1.7524099307961885e+32,1.7524099307961885e+32,1.7524099307961885e+32,0
2009-02-04,1.7524099307961885e+32,1.7524099307961885e+32,1.7524099307961885e+32,1.7524099307961885e+32,0
2009-02-05,1.7524099307961885e+32,1.7524099307961885e+32,1.7524099307961885e+32,1.7524099307961885e+32,0
2009-02-06,1.7524099307961885e+32,1.7524099307961885e+32,1.7524099307961885e+32,1.7524099307961885e+32,0
2009-02-09,1.7524099307961885e+32,1.7524099307961885e+32,1.7524099307961885e+32,1.7524099307961885e+32,0
2009-02-10,1.7524099307961885e+32,1.7524099307961885e+32,1.7524099307961885e+32,1.7524099307961885e+32,0
2009-02-11,1.7524099307961885e+32,1.7524099307961885e+32,1.7524099307961885e+32,1.7524099307961885e+32,0
2009-02-12,1.7524099307961885e+32,1.7524099307961885e+32,1.7524099307961885e+32,1.7524099307961885e+32,0
2009-02-13,1.7524099307961885e+32,1.7524099307961885e+32,1.7524099307961885e+32,1.7524099307961885e+32,0
2009-02-16,1.7524099307961885e+32,1.7524099307961885e+32,1.7524099307961885e+32,1.7524099307961885e+32,0
2009-02-17,1.7524099307961885e+32,1.7524099307961885e+32,1.7524099307961885e+32,1.7524099307961885e+32,0
2009-02-18,1.7524099307961885e+32,1.7524099307961885e+32,1.7524099307961885e+32,1.7524099307961885e+32,0
2009-02-19,1.7524099307961885e+32,1.7524099307961885e+32,1.7524099307961885e+32,1.7524099307961885e+32,0
2009-02-20,1.7524099307961885e+32,1.7524099307961885e+32,1.7524099307961885e+32,1.7524099307961885e+32,0
2009-02-25,1.7524099307961885e+32,1.7524099307961885e+32,1.7524099307961885e+32,1.7524099307961885e+32,0
2009-02-26,1.7524099307961885e+32,1.7524099307961885e+32,1.7524099307961885e+32,1.7524099307961885e+32,0
2009-02-27,1.7524099307961885e+32,1.7524099307961885e+32,1.7524099307961885e+32,1.7524099307961885e+32,0
2009-03-02,1.7524099307961885e+32,1.7524099307961885e+32,1.7524099307961885e+32,1.7524099307961885e+32,0
2009-03-03,1.7524099307961885e+32,1.7524099307961885e+32,1.7524099307961885e+32,1.7524099307961885e+32,0
2009-03-04,1.7524099307961885e+32,1.7524099307961885e+32,1.7524099307961885e+32,1.7524099307961885e+32,0
2009-03-05,1.7524099307961885e+32,1.7524099307961885e+32,1.7524099307961885e+32,1.7524099307961885e+32,0
2009-03-06,1.8775823035872183e+32,1.8775823035872183e+32,1.8775823035872183e+32,1.8775823035872183e+32,0
2009-03-09,1.8775823035872183e+32,1.8775823035872183e+32,1.8775823035872183e+32,1.8775823035872183e+32,0
2009-03-10,1.8775823035872183e+32,1.8775823035872183e+32,1.8775823035872183e+32,1.8775823035872183e+32,0
2009-03-11,1.8775823035872183e+32,1.8775823035872183e+32,1.8775823035872183e+32,1.8775823035872183e+32,0
2009-03-12,1.8775823035872183e+32,1.8775823035872183e+32,1.8775823035872183e+32,1.8775823035872183e+32,0
2009-03-13,1.8775823035872183e+32,1.8775823035872183e+32,1.8775823035872183e+32,1.8775823035872183e+32,0
2009-03-16,1.8775823035872183e+32,1.8775823035872183e+32,1.8775823035872183e+32,1.8775823035872183e+32,0
2009-03-17,1.8775823035872183e+32,1.8775823035872183e+32,1.8775823035872183e+32,1.8775823035872183e+32,0
2009-03-18,1.8775823035872183e+32,1.8775823035872183e+32,1.8775823035872183e+32,1.8775823035872183e+32,0
2009-03-20,1.8775823035872183e+32,1.8775823035872183e+32,1.8775823035872183e+32,1.8775823035872183e+32,0
2009-03-23,1.8775823035872183e+32,1.8775823035872183e+32,1.8775823035872183e+32,1.8775823035872183e+32,0
2009-03-24,1.8775823035872183e+32,1.8775823035872183e+32,1.8775823035872183e+32,1.8775823035872183e+32,0
2009-03-25,1.8775823035872183e+32,1.8775823035872183e+32,1.8775823035872183e+32,1.8775823035872183e+32,0
2009-03-26,1.8775823035872183e+32,1.8775823035872183e+32,1.8775823035872183e+32,1.8775823035872183e+32,0
2009-03-27,1.8775823035872183e+32,1.8775823035872183e+32,1.8775823035872183e+32,1.8775823035872183e+32,0
2009-03-30,1.8775823035872183e+32,1.8775823035872183e+32,1.8775823035872183e+32,1.8775823035872183e+32,0
2009-03-31,1.8775823035872183e+32,1.8775823035872183e+32,1.8775823035872183e+32,1.8775823035872183e+32,0
2009-04-01,1.8775823035872183e+32,1.8775823035872183e+32,1.8775823035872183e+32,1.8775823035872183e+32,0
2009-04-02,1.8775823035872183e+32,1.8775823035872183e+32,1.8775823035872183e+32,1.8775823035872183e+32,0
2009-04-03,1.8775823035872183e+32,1.8775823035872183e+32,1.8775823035872183e+32,1.8775823035872183e+32,0
2009-04-06,1.8775823035872183e+32,1.8775823035872183e+32,1.8775823035872183e+32,1.8775823035872183e+32,0
2009-04-07,1.8775823035872183e+32,1.8775823035872183e+32,1.8775823035872183e+32,1.8775823035872183e+32,0
2009-04-08,1.8775823035872183e+32,1.8775823035872183e+32,1.8775823035872183e+32,1.8775823035872183e+32,0
2009-04-13,1.8775823035872183e+32,1.8775823035872183e+32,1.8775823035872183e+32,1.8775823035872183e+32,0
2009-04-14,1.8775823035872183e+32,1.8775823035872183e+32,1.8775823035872183e+32,1.8775823035872183e+32,0
2009-04-15,1.8775823035872183e+32,1.8775823035872183e+32,1.8775823035872183e+32,1.8775823035872183e+32,0
2009-04-16,1.8775823035872183e+32,1.8775823035872183e+32,1.8775823035872183e+32,1.8775823035872183e+32,0
2009-04-17,1.8775823035872183e+32,1.8775823035872183e+32,1.8775823035872183e+32,1.8775823035872183e+32,0
2009-04-20,1.8775823035872183e+32,1.8775823035872183e+32,1.8775823035872183e+32,1.8775823035872183e+32,0
2009-04-21,1.8775823035872183e+32,1.8775823035872183e+32,1.8775823035872183e+32,1.8775823035872183e+32,0
2009-04-22,1.8775823035872183e+32,1.8775823035872183e+32,1.8775823035872183e+32,1.8775823035872183e+32,0
2009-04-23,1.8775823035872183e+32,1.8775823035872183e+32,1.8775823035872183e+32,1.8775823035872183e+32,0
2009-04-24,1.8775823035872183e+32,1.8775823035872183e+32,1.8775823035872183e+32,1.8775823035872183e+32,0
2009-04-27,1.8149959237635722e+32,1.8149959237635722e+32,1.8149959237635722e+32,1.8149959237635722e+32,0
2009-04-28,1.8149959237635722e+32,1.8149959237635722e+32,1.8149959237635722e+32,1.8149959237635722e+32,0
2009-04-29,1.8149959237635722e+32,1.8149959237635722e+32,1.8149959237635722e+32,1.8149959237635722e+32,0
2009-04-30,1.8149959237635722e+32,1.8149959237635722e+32,1.8149959237635722e+32,1.8149959237635722e+32,0
2009-05-04,1.8149959237635722e+32,1.8149959237635722e+32,1.8149959237635722e+32,1.8149959237635722e+32,0
2009-05-05,1.8149959237635722e+32,1.8149959237635722e+32,1.8149959237635722e+32,1.8149959237635722e+32,0
2009-05-06,1.8149959237635722e+32,1.8149959237635722e+32,1.8149959237635722e+32,1.8149959237635722e+32,0
2009-05-07,1.8149959237635722e+32,1.8149959237635722e+32,1.8149959237635722e+32,1.8149959237635722e+32,0
2009-05-08,1.8149959237635722e+32,1.8149959237635722e+32,1.8149959237635722e+32,1.8149959237635722e+32,0
2009-05-11,1.8149959237635722e+32,1.8149959237635722e+32,1.8149959237635722e+32,1.8149959237635722e+32,0
2009-05-12,1.8149959237635722e+32,1.8149959237635722e+32,1.8149959237635722e+32,1.8149959237635722e+32,0
2009-05-13,1.8149959237635722e+32,1.8149959237635722e+32,1.8149959237635722e+32,1.8149959237635722e+32,0
2009-05-14,1.8149959237635722e+32,1.8149959237635722e+32,1.8149959237635722e+32,1.8149959237635722e+32,0
2009-05-15,1.8149959237635722e+32,1.8149959237635722e+32,1.8149959237635722e+32,1.8149959237635722e+32,0
2009-05-18,1.8149959237635722e+32,1.8149959237635722e+32,1.8149959237635722e+32,1.8149959237635722e+32,0
2009-05-19,1.8149959237635722e+32,1.8149959237635722e+32,1.8149959237635722e+32,1.8149959237635722e+32,0
2009-05-20,1.8149959237635722e+32,1.8149959237635722e+32,1.8149959237635722e+32,1.8149959237635722e+32,0
2009-05-21,1.8149959237635722e+32,1.8149959237635722e+32,1.8149959237635722e+32,1.8149959237635722e+32,0
2009-05-22,1.8149959237635722e+32,1.8149959237635722e+32,1.8149959237635722e+32,1.8149959237635722e+32,0
2009-05-26,2.190512074996006e+32,2.190512074996006e+32,2.190512074996006e+32,2.190512074996006e+32,0
2009-05-27,2.190512074996006e+32,2.190512074996006e+32,2.190512074996006e+32,2.190512074996006e+32,0
2009-05-28,2.190512074996006e+32,2.190512074996006e+32,2.190512074996006e+32,2.190512074996006e+32,0
2009-05-29,2.190512074996006e+32,2.190512074996006e+32,2.190512074996006e+32,2.190512074996006e+32,0
2009-06-01,2.190512074996006e+32,2.190512074996006e+32,2.190512074996006e+32,2.190512074996006e+32,0
2009-06-02,2.190512074996006e+32,2.190512074996006e+32,2.190512074996006e+32,2.190512074996006e+32,0
2009-06-03,2.190512074996006e+32,2.190512074996006e+32,2.190512074996006e+32,2.190512074996006e+32,0
2009-06-04,2.190512074996006e+32,2.190512074996006e+32,2.190512074996006e+32,2.190512074996006e+32,0
2009-06-05,2.190512074996006e+32,2.190512074996006e+32,2.190512074996006e+32,2.190512074996006e+32,0
2009-06-08,2.190512074996006e+32,2.190512074996006e+32,2.190512074996006e+32,2.190512074996006e+32,0
2009-06-09,2.190512074996006e+32,2.190512074996006e+32,2.190512074996006e+32,2.190512074996006e+32,0
2009-06-10,2.190512074996006e+32,2.190512074996006e+32,2.190512074996006e+32,2.190512074996006e+32,0
2009-06-11,2.190512074996006e+32,2.190512074996006e+32,2.190512074996006e+32,2.190512074996006e+32,0
2009-06-12,2.190512074996006e+32,2.190512074996006e+32,2.190512074996006e+32,2.190512074996006e+32,0
2009-06-16,2.190512074996006e+32,2.190512074996006e+32,2.190512074996006e+32,2.190512074996006e+32,0
2009-06-17,2.190512074996006e+32,2.190512074996006e+32,2.190512074996006e+32,2.190512074996006e+32,0
2009-06-18,2.190512074996006e+32,2.190512074996006e+32,2.190512074996006e+32,2.190512074996006e+32,0
2009-06-19,2.190512074996006e+32,2.190512074996006e+32,2.190512074996006e+32,2.190512074996006e+32,0
2009-06-22,2.190512074996006e+32,2.190512074996006e+32,2.190512074996006e+32,2.190512074996006e+32,0
2009-06-23,2.190512074996006e+32,2.190512074996006e+32,2.190512074996006e+32,2.190512074996006e+32,0
2009-06-25,2.315684447787036e+32,2.315684447787036e+32,2.315684447787036e+32,2.315684447787036e+32,0
2009-06-26,2.315684447787036e+32,2.315684447787036e+32,2.315684447787036e+32,2.315684447787036e+32,0
2009-06-30,2.315684447787036e+32,2.315684447787036e+32,2.315684447787036e+32,2.315684447787036e+32,0
2009-07-01,2.315684447787036e+32,2.315684447787036e+32,2.315684447787036e+32,2.315684447787036e+32,0
2009-07-02,2.315684447787036e+32,2.315684447787036e+32,2.315684447787036e+32,2.315684447787036e+32,0
2009-07-03,2.315684447787036e+32,2.315684447787036e+32,2.315684447787036e+32,2.315684447787036e+32,0
2009-07-06,2.315684447787036e+32,2.315684447787036e+32,2.315684447787036e+32,2.315684447787036e+32,0
2009-07-07,2.315684447787036e+32,2.315684447787036e+32,2.315684447787036e+32,2.315684447787036e+32,0
2009-07-08,2.315684447787036e+32,2.315684447787036e+32,2.315684447787036e+32,2.315684447787036e+32,0
2009-07-09,2.315684447787036e+32,2.315684447787036e+32,2.315684447787036e+32,2.315684447787036e+32,0
2009-07-10,2.315684447787036e+32,2.315684447787036e+32,2.315684447787036e+32,2.315684447787036e+32,0
2009-07-13,2.315684447787036e+32,2.315684447787036e+32,2.315684447787036e+32,2.315684447787036e+32,0
2009-07-14,2.315684447787036e+32,2.315684447787036e+32,2.315684447787036e+32,2.315684447787036e+32,0
2009-07-15,2.315684447787036e+32,2.315684447787036e+32,2.315684447787036e+32,2.315684447787036e+32,0
2009-07-16,2.315684447787036e+32,2.315684447787036e+32,2.315684447787036e+32,2.315684447787036e+32,0
2009-07-17,2.315684447787036e+32,2.315684447787036e+32,2.315684447787036e+32,2.315684447787036e+32,0
2009-07-20,2.691200985875732e+32,2.691200985875732e+32,2.691200985875732e+32,2.691200985875732e+32,0
2009-07-21,2.691200985875732e+32,2.691200985875732e+32,2.691200985875732e+32,2.691200985875732e+32,0
2009-07-22,2.691200985875732e+32,2.691200985875732e+32,2.691200985875732e+32,2.691200985875732e+32,0
2009-07-23,2.691200985875732e+32,2.691200985875732e+32,2.691200985875732e+32,2.691200985875732e+32,0
2009-07-27,2.691200985875732e+32,2.691200985875732e+32,2.691200985875732e+32,2.691200985875732e+32,0
2009-07-28,2.691200985875732e+32,2.691200985875732e+32,2.691200985875732e+32,2.691200985875732e+32,0
2009-07-29,2.8163729718104996e+32,2.8163729718104996e+32,2.8163729718104996e+32,2.8163729718104996e+32,0
2009-07-30,3.1918895098991957e+32,3.1918895098991957e+32,3.1918895098991957e+32,3.1918895098991957e+32,0
2009-07-31,3.1918895098991957e+32,3.1918895098991957e+32,3.1918895098991957e+32,3.1918895098991957e+32,0
2009-08-03,6.258606016665883e+27,6.258606016665883e+27,6.258606016665883e+27,6.258606016665883e+27,40711
2009-08-04,6.258606016665883e+27,6.258606016665883e+27,6.258606016665883e+27,6.258606016665883e+27,0
2009-08-05,6.258606016665883e+27,6.258606016665883e+27,6.258606016665883e+27,6.258606016665883e+27,0
2009-08-06,6.258606016665883e+27,6.258606016665883e+27,6.258606016665883e+27,6.258606016665883e+27,0
2009-08-07,6.258606016665883e+27,6.258606016665883e+27,6.258606016665883e+27,6.258606016665883e+27,0
2009-08-10,6.258606016665883e+27,6.258606016665883e+27,6.258606016665883e+27,6.258606016665883e+27,0
2009-08-11,6.258606016665883e+27,6.258606016665883e+27,6.258606016665883e+27,6.258606016665883e+27,7400
2009-08-12,6.258606016665883e+27,6.258606016665883e+27,6.258606016665883e+27,6.258606016665883e+27,7400
2009-08-13,6.258606016665883e+27,6.258606016665883e+27,6.258606016665883e+27,6.258606016665883e+27,7400
2009-08-14,6.258606016665883e+27,6.258606016665883e+27,6.258606016665883e+27,6.258606016665883e+27,1470
2009-08-17,6.258606016665883e+27,6.258606016665883e+27,6.258606016665883e+27,6.258606016665883e+27,0
2009-08-18,6.258606016665883e+27,6.258606016665883e+27,6.258606016665883e+27,6.258606016665883e+27,5000
2009-08-19,6.258606016665883e+27,6.258606016665883e+27,6.258606016665883e+27,6.258606016665883e+27,0
2009-08-20,6.258606016665883e+27,6.258606016665883e+27,6.258606016665883e+27,6.258606016665883e+27,0
2009-08-21,6.258606016665883e+27,6.258606016665883e+27,6.258606016665883e+27,6.258606016665883e+27,6600
2009-08-24,6.258606016665883e+27,6.258606016665883e+27,6.258606016665883e+27,6.258606016665883e+27,0
2009-08-25,6.258606016665883e+27,6.258606016665883e+27,6.258606016665883e+27,6.258606016665883e+27,0
2009-08-26,6.258606016665883e+27,6.258606016665883e+27,6.258606016665883e+27,6.258606016665883e+27,0
2009-08-27,6.258606016665883e+27,6.258606016665883e+27,6.258606016665883e+27,6.258606016665883e+27,0
2009-08-28,6.258606016665883e+27,6.258606016665883e+27,6.258606016665883e+27,6.258606016665883e+27,0
2009-08-31,6.258606016665883e+27,6.258606016665883e+27,6.258606016665883e+27,6.258606016665883e+27,28925
2009-09-01,6.258606016665883e+27,6.258606016665883e+27,6.258606016665883e+27,6.258606016665883e+27,5500
2009-09-02,6.258606016665883e+27,6.258606016665883e+27,6.258606016665883e+27,6.258606016665883e+27,14100
2009-09-03,6.258606016665883e+27,6.258606016665883e+27,6.258606016665883e+27,6.258606016665883e+27,3500
2009-09-04,6.258606016665883e+27,6.258606016665883e+27,6.258606016665883e+27,6.258606016665883e+27,0
2009-09-07,6.258606016665883e+27,6.258606016665883e+27,6.258606016665883e+27,6.258606016665883e+27,0
2009-09-08,6.258606016665883e+27,6.258606016665883e+27,6.258606016665883e+27,6.258606016665883e+27,0
2009-09-09,6.258606016665883e+27,6.258606016665883e+27,6.258606016665883e+27,6.258606016665883e+27,2576
2009-09-10,6.258606016665883e+27,6.258606016665883e+27,6.258606016665883e+27,6.258606016665883e+27,0
2009-09-11,6.258606016665883e+27,6.258606016665883e+27,6.258606016665883e+27,6.258606016665883e+27,0
2009-09-14,6.258606016665883e+27,6.258606016665883e+27,6.258606016665883e+27,6.258606016665883e+27,0
2009-09-15,6.258606016665883e+27,6.258606016665883e+27,6.258606016665883e+27,6.258606016665883e+27,5200
2009-09-16,6.258606016665883e+27,6.258606016665883e+27,6.258606016665883e+27,6.258606016665883e+27,0
2009-09-17,6.258606016665883e+27,6.258606016665883e+27,6.258606016665883e+27,6.258606016665883e+27,0
2009-09-18,6.258606016665883e+27,6.258606016665883e+27,6.258606016665883e+27,6.258606016665883e+27,0
2009-09-21,6.258606016665883e+27,6.258606016665883e+27,6.258606016665883e+27,6.258606016665883e+27,0
2009-09-22,6.258606016665883e+27,6.258606016665883e+27,6.258606016665883e+27,6.258606016665883e+27,0
2009-09-23,6.258606016665883e+27,6.258606016665883e+27,6.258606016665883e+27,6.258606016665883e+27,0
2009-09-24,6.258606016665883e+27,6.258606016665883e+27,6.258606016665883e+27,6.258606016665883e+27,0
2009-09-25,6.258606016665883e+27,6.258606016665883e+27,6.258606016665883e+27,6.258606016665883e+27,0
2009-09-28,6.258606016665883e+27,6.258606016665883e+27,6.258606016665883e+27,6.258606016665883e+27,0
2009-09-29,6.258606016665883e+27,6.258606016665883e+27,6.258606016665883e+27,6.258606016665883e+27,0
2009-09-30,6.258606016665883e+27,6.258606016665883e+27,6.258606016665883e+27,6.258606016665883e+27,5740
2009-10-01,6.258606016665883e+27,6.258606016665883e+27,6.258606016665883e+27,6.258606016665883e+27,0
2009-10-02,6.258606016665883e+27,6.258606016665883e+27,6.258606016665883e+27,6.258606016665883e+27,0
2009-10-05,6.258606016665883e+27,6.258606016665883e+27,6.258606016665883e+27,6.258606016665883e+27,0
2009-10-06,6.258606016665883e+27,6.258606016665883e+27,6.258606016665883e+27,6.258606016665883e+27,0
2009-10-07,6.258606016665883e+27,6.258606016665883e+27,6.258606016665883e+27,6.258606016665883e+27,0
2009-10-08,6.258606016665883e+27,6.258606016665883e+27,6.258606016665883e+27,6.258606016665883e+27,0
2009-10-09,6.258606016665883e+27,6.258606016665883e+27,6.258606016665883e+27,6.258606016665883e+27,0
2009-10-13,6.258606016665883e+27,6.258606016665883e+27,6.258606016665883e+27,6.258606016665883e+27,0
2009-10-14,6.258606016665883e+27,6.258606016665883e+27,6.258606016665883e+27,6.258606016665883e+27,599
2009-10-15,6.258606016665883e+27,6.258606016665883e+27,6.258606016665883e+27,6.258606016665883e+27,0
2009-10-16,6.258606016665883e+27,6.258606016665883e+27,6.258606016665883e+27,6.258606016665883e+27,0
2009-10-19,6.258606016665883e+27,6.258606016665883e+27,6.258606016665883e+27,6.258606016665883e+27,0
2009-10-20,6.258606016665883e+27,6.258606016665883e+27,6.258606016665883e+27,6.258606016665883e+27,20000
2009-10-21,6.258606016665883e+27,6.258606016665883e+27,6.258606016665883e+27,6.258606016665883e+27,0
2009-10-22,6.258606016665883e+27,6.258606016665883e+27,6.258606016665883e+27,6.258606016665883e+27,28577
2009-10-23,6.258606016665883e+27,6.258606016665883e+27,6.258606016665883e+27,6.258606016665883e+27,0
2009-10-26,6.258606016665883e+27,6.258606016665883e+27,6.258606016665883e+27,6.258606016665883e+27,3000
2009-10-27,6.258606016665883e+27,6.258606016665883e+27,6.258606016665883e+27,6.258606016665883e+27,5809
2009-10-28,6.258606016665883e+27,6.258606016665883e+27,6.258606016665883e+27,6.258606016665883e+27,24282
2009-10-29,6.258606016665883e+27,6.258606016665883e+27,6.258606016665883e+27,6.258606016665883e+27,0
2009-10-30,6.258606016665883e+27,6.258606016665883e+27,6.258606016665883e+27,6.258606016665883e+27,0
2009-11-02,6.258606016665883e+27,6.258606016665883e+27,6.258606016665883e+27,6.258606016665883e+27,6909
2009-11-03,6.258606016665883e+27,6.258606016665883e+27,6.258606016665883e+27,6.258606016665883e+27,0
2009-11-04,6.258606016665883e+27,6.258606016665883e+27,6.258606016665883e+27,6.258606016665883e+27,0
2009-11-05,6.258606016665883e+27,6.258606016665883e+27,6.258606016665883e+27,6.258606016665883e+27,0
2009-11-06,6.258606016665883e+27,6.258606016665883e+27,6.258606016665883e+27,6.258606016665883e+27,0
2009-11-09,6.258606016665883e+27,6.258606016665883e+27,6.258606016665883e+27,6.258606016665883e+27,0
2009-11-10,6.258606016665883e+27,6.258606016665883e+27,6.258606016665883e+27,6.258606016665883e+27,0
2009-11-11,6.258606016665883e+27,6.258606016665883e+27,6.258606016665883e+27,6.258606016665883e+27,0
2009-11-12,6.258606016665883e+27,6.258606016665883e+27,6.258606016665883e+27,6.258606016665883e+27,0
2009-11-13,6.258606016665883e+27,6.258606016665883e+27,6.258606016665883e+27,6.258606016665883e+27,0
2009-11-16,6.258606016665883e+27,6.258606016665883e+27,6.258606016665883e+27,6.258606016665883e+27,0
2009-11-17,6.258606016665883e+27,6.258606016665883e+27,6.258606016665883e+27,6.258606016665883e+27,0
2009-11-18,6.258606016665883e+27,6.258606016665883e+27,6.258606016665883e+27,6.258606016665883e+27,0
2009-11-19,6.258606016665883e+27,6.258606016665883e+27,6.258606016665883e+27,6.258606016665883e+27,0
2009-11-20,6.258606016665883e+27,6.258606016665883e+27,6.258606016665883e+27,6.258606016665883e+27,0
2009-11-23,6.258606016665883e+27,6.258606016665883e+27,6.258606016665883e+27,6.258606016665883e+27,0
2009-11-24,6.258606016665883e+27,6.258606016665883e+27,6.258606016665883e+27,6.258606016665883e+27,0
2009-11-25,6.258606016665883e+27,6.258606016665883e+27,6.258606016665883e+27,6.258606016665883e+27,0
2009-11-26,6.258606016665883e+27,6.258606016665883e+27,6.258606016665883e+27,6.258606016665883e+27,0
2009-11-27,6.258606016665883e+27,6.258606016665883e+27,6.258606016665883e+27,6.258606016665883e+27,0
2009-11-30,6.258606016665883e+27,6.258606016665883e+27,6.258606016665883e+27,6.258606016665883e+27,0
2009-12-01,6.258606016665883e+27,6.258606016665883e+27,6.258606016665883e+27,6.258606016665883e+27,0
2009-12-02,6.258606016665883e+27,6.258606016665883e+27,6.258606016665883e+27,6.258606016665883e+27,0
2009-12-03,6.258606016665883e+27,6.258606016665883e+27,6.258606016665883e+27,6.258606016665883e+27,0
2009-12-04,6.258606016665883e+27,6.258606016665883e+27,6.258606016665883e+27,6.258606016665883e+27,39000
2009-12-08,6.258606016665883e+27,6.258606016665883e+27,6.258606016665883e+27,6.258606016665883e+27,2370
2009-12-09,6.258606016665883e+27,6.258606016665883e+27,6.258606016665883e+27,6.258606016665883e+27,0
2009-12-10,6.258606016665883e+27,6.258606016665883e+27,6.258606016665883e+27,6.258606016665883e+27,0
2009-12-11,6.258606016665883e+27,6.258606016665883e+27,6.258606016665883e+27,6.258606016665883e+27,0
2009-12-14,6.258606016665883e+27,6.258606016665883e+27,6.258606016665883e+27,6.258606016665883e+27,0
2009-12-15,6.258606016665883e+27,6.258606016665883e+27,6.258606016665883e+27,6.258606016665883e+27,0
2009-12-16,6.258606016665883e+27,6.258606016665883e+27,6.258606016665883e+27,6.258606016665883e+27,0
2009-12-17,6.258606016665883e+27,6.258606016665883e+27,6.258606016665883e+27,6.258606016665883e+27,0
2009-12-18,6.258606016665883e+27,6.258606016665883e+27,6.258606016665883e+27,6.258606016665883e+27,0
2009-12-21,6.258606016665883e+27,6.258606016665883e+27,6.258606016665883e+27,6.258606016665883e+27,0
2009-12-22,6.258606016665883e+27,6.258606016665883e+27,6.258606016665883e+27,6.258606016665883e+27,0
2009-12-23,6.258606016665883e+27,6.258606016665883e+27,6.258606016665883e+27,6.258606016665883e+27,0
2009-12-24,6.258606016665883e+27,6.258606016665883e+27,6.258606016665883e+27,6.258606016665883e+27,0
2009-12-28,6.258606016665883e+27,6.258606016665883e+27,6.258606016665883e+27,6.258606016665883e+27,0
2009-12-29,6.258606016665883e+27,6.258606016665883e+27,6.258606016665883e+27,6.258606016665883e+27,0
2009-12-30,6.258606016665883e+27,6.258606016665883e+27,6.258606016665883e+27,6.258606016665883e+27,0
2009-12-31,6.258606016665883e+27,6.258606016665883e+27,6.258606016665883e+27,6.258606016665883e+27,0
2010-01-05,6.258606016665883e+27,6.258606016665883e+27,6.258606016665883e+27,6.258606016665883e+27,107
2010-01-06,6.258606016665883e+27,6.258606016665883e+27,6.258606016665883e+27,6.258606016665883e+27,0
2010-01-07,6.258606016665883e+27,6.258606016665883e+27,6.258606016665883e+27,6.258606016665883e+27,0
2010-01-08,6.258606016665883e+27,6.258606016665883e+27,6.258606016665883e+27,6.258606016665883e+27,0
2010-01-11,6.258606016665883e+27,6.258606016665883e+27,6.258606016665883e+27,6.258606016665883e+27,500
2010-01-12,6.258606016665883e+27,6.258606016665883e+27,6.258606016665883e+27,6.258606016665883e+27,0
2010-01-13,6.258606016665883e+27,6.258606016665883e+27,6.258606016665883e+27,6.258606016665883e+27,0
2010-01-14,6.258606016665883e+27,6.258606016665883e+27,6.258606016665883e+27,6.258606016665883e+27,680901
2010-01-15,6.258606016665883e+27,6.258606016665883e+27,6.258606016665883e+27,6.258606016665883e+27,30000
2010-01-18,6.258606016665883e+27,6.258606016665883e+27,6.258606016665883e+27,6.258606016665883e+27,0
2010-01-19,6.258606016665883e+27,6.258606016665883e+27,6.258606016665883e+27,6.258606016665883e+27,0
2010-01-20,6.258606016665883e+27,6.258606016665883e+27,6.258606016665883e+27,6.258606016665883e+27,0
2010-01-21,6.258606016665883e+27,6.258606016665883e+27,6.258606016665883e+27,6.258606016665883e+27,17000
2010-01-22,6.258606016665883e+27,6.258606016665883e+27,6.258606016665883e+27,6.258606016665883e+27,18100
2010-01-25,6.258606016665883e+27,6.258606016665883e+27,6.258606016665883e+27,6.258606016665883e+27,6850
2010-01-26,6.258606016665883e+27,6.258606016665883e+27,6.258606016665883e+27,6.258606016665883e+27,1400
2010-01-27,6.258606016665883e+27,6.258606016665883e+27,6.258606016665883e+27,6.258606016665883e+27,29438
2010-01-28,6.258606016665883e+27,6.258606016665883e+27,6.258606016665883e+27,6.258606016665883e+27,5000
2010-01-29,6.258606016665883e+27,6.258606016665883e+27,6.258606016665883e+27,6.258606016665883e+27,8800
2010-02-01,6.258606016665883e+27,6.258606016665883e+27,6.258606016665883e+27,6.258606016665883e+27,0
2010-02-02,6.258606016665883e+27,6.258606016665883e+27,6.258606016665883e+27,6.258606016665883e+27,0
2010-02-03,6.258606016665883e+27,6.258606016665883e+27,6.258606016665883e+27,6.258606016665883e+27,0
2010-02-04,6.258606016665883e+27,6.258606016665883e+27,6.258606016665883e+27,6.258606016665883e+27,1480
2010-02-05,6.258606016665883e+27,6.258606016665883e+27,6.258606016665883e+27,6.258606016665883e+27,25610
2010-02-08,6.258606016665883e+27,6.258606016665883e+27,6.258606016665883e+27,6.258606016665883e+27,0
2010-02-09,6.258606016665883e+27,6.258606016665883e+27,6.258606016665883e+27,6.258606016665883e+27,0
2010-02-10,6.258606016665883e+27,6.258606016665883e+27,6.258606016665883e+27,6.258606016665883e+27,0
2010-02-11,6.258606016665883e+27,6.258606016665883e+27,6.258606016665883e+27,6.258606016665883e+27,0
2010-02-12,6.258606016665883e+27,6.258606016665883e+27,6.258606016665883e+27,6.258606016665883e+27,21802
2010-02-17,6.258606016665883e+27,6.258606016665883e+27,6.258606016665883e+27,6.258606016665883e+27,17000
2010-02-18,6.258606016665883e+27,6.258606016665883e+27,6.258606016665883e+27,6.258606016665883e+27,21076
2010-02-19,6.258606016665883e+27,6.258606016665883e+27,6.258606016665883e+27,6.258606016665883e+27,0
2010-02-22,6.258606016665883e+27,6.258606016665883e+27,6.258606016665883e+27,6.258606016665883e+27,16000
2010-02-23,6.258606016665883e+27,6.258606016665883e+27,6.258606016665883e+27,6.258606016665883e+27,9845
2010-02-24,6.258606016665883e+27,6.258606016665883e+27,6.258606016665883e+27,6.258606016665883e+27,1700
2010-02-25,6.258606016665883e+27,6.258606016665883e+27,6.258606016665883e+27,6.258606016665883e+27,0
2010-02-26,6.258606016665883e+27,1.2517212033331767e+28,6.258606016665883e+27,6.258606016665883e+27,13300
2010-03-01,6.258606016665883e+27,6.258606016665883e+27,6.258606016665883e+27,6.258606016665883e+27,0
2010-03-02,6.258606016665883e+27,6.258606016665883e+27,6.258606016665883e+27,6.258606016665883e+27,0
2010-03-03,6.258606016665883e+27,6.258606016665883e+27,6.258606016665883e+27,6.258606016665883e+27,0
2010-03-04,6.258606016665883e+27,6.258606016665883e+27,6.258606016665883e+27,6.258606016665883e+27,0
2010-03-05,6.258606016665883e+27,6.258606016665883e+27,6.258606016665883e+27,6.258606016665883e+27,0
2010-03-08,6.258606016665883e+27,6.258606016665883e+27,6.258606016665883e+27,6.258606016665883e+27,0
2010-03-09,6.258606016665883e+27,6.258606016665883e+27,6.258606016665883e+27,6.258606016665883e+27,0
2010-03-10,6.258606016665883e+27,6.258606016665883e+27,6.258606016665883e+27,6.258606016665883e+27,0
2010-03-11,1.2517212033331767e+28,1.2517212033331767e+28,1.2517212033331767e+28,1.2517212033331767e+28,8174
2010-03-12,1.2517212033331767e+28,1.2517212033331767e+28,1.2517212033331767e+28,1.2517212033331767e+28,0
2010-03-15,1.2517212033331767e+28,1.2517212033331767e+28,1.2517212033331767e+28,1.2517212033331767e+28,0
2010-03-16,1.2517212033331767e+28,1.2517212033331767e+28,1.2517212033331767e+28,1.2517212033331767e+28,0
2010-03-17,1.2517212033331767e+28,1.2517212033331767e+28,1.2517212033331767e+28,1.2517212033331767e+28,0
2010-03-18,1.2517212033331767e+28,1.2517212033331767e+28,1.2517212033331767e+28,1.2517212033331767e+28,0
2010-03-22,1.2517212033331767e+28,1.2517212033331767e+28,1.2517212033331767e+28,1.2517212033331767e+28,47000
2010-03-23,1.2517212033331767e+28,1.2517212033331767e+28,1.2517212033331767e+28,1.2517212033331767e+28,31656
2010-03-24,1.2517212033331767e+28,1.2517212033331767e+28,1.2517212033331767e+28,1.2517212033331767e+28,52988
2010-03-25,1.2517212033331767e+28,1.2517212033331767e+28,1.2517212033331767e+28,1.2517212033331767e+28,3500
2010-03-26,1.2517212033331767e+28,1.2517212033331767e+28,1.2517212033331767e+28,1.2517212033331767e+28,0
2010-03-29,1.2517212033331767e+28,1.2517212033331767e+28,1.2517212033331767e+28,1.2517212033331767e+28,0
2010-03-30,1.2517212033331767e+28,1.2517212033331767e+28,1.2517212033331767e+28,1.2517212033331767e+28,0
2010-03-31,1.2517212033331767e+28,1.2517212033331767e+28,1.2517212033331767e+28,1.2517212033331767e+28,0
2010-04-05,1.2517212033331767e+28,1.2517212033331767e+28,1.2517212033331767e+28,1.2517212033331767e+28,78856
2010-04-06,1.2517212033331767e+28,1.2517212033331767e+28,1.2517212033331767e+28,1.2517212033331767e+28,0
2010-04-07,1.2517212033331767e+28,1.2517212033331767e+28,1.2517212033331767e+28,1.2517212033331767e+28,0
2010-04-08,1.2517212033331767e+28,1.2517212033331767e+28,1.2517212033331767e+28,1.2517212033331767e+28,26000
2010-04-09,1.2517212033331767e+28,1.2517212033331767e+28,1.2517212033331767e+28,1.2517212033331767e+28,34000
2010-04-12,1.2517212033331767e+28,1.2517212033331767e+28,1.2517212033331767e+28,1.2517212033331767e+28,15000
2010-04-13,1.2517212033331767e+28,1.2517212033331767e+28,1.2517212033331767e+28,1.2517212033331767e+28,0
2010-04-14,1.2517212033331767e+28,1.2517212033331767e+28,1.2517212033331767e+28,1.2517212033331767e+28,2100
2010-04-15,1.2517212033331767e+28,1.2517212033331767e+28,1.2517212033331767e+28,1.2517212033331767e+28,10000
2010-04-16,1.2517212033331767e+28,1.2517212033331767e+28,1.2517212033331767e+28,1.2517212033331767e+28,54143
2010-04-20,1.2517212033331767e+28,1.2517212033331767e+28,1.2517212033331767e+28,1.2517212033331767e+28,31000
2010-04-21,1.2517212033331767e+28,1.2517212033331767e+28,1.2517212033331767e+28,1.2517212033331767e+28,46975
2010-04-22,1.2517212033331767e+28,1.2517212033331767e+28,1.2517212033331767e+28,1.2517212033331767e+28,0
2010-04-23,1.2517212033331767e+28,1.2517212033331767e+28,1.2517212033331767e+28,1.2517212033331767e+28,0
2010-04-26,1.2517212033331767e+28,1.2517212033331767e+28,1.2517212033331767e+28,1.2517212033331767e+28,0
2010-04-27,1.2517212033331767e+28,1.2517212033331767e+28,1.2517212033331767e+28,1.2517212033331767e+28,0
2010-04-28,1.2517212033331767e+28,1.2517212033331767e+28,1.2517212033331767e+28,1.2517212033331767e+28,0
2010-04-29,1.2517212033331767e+28,1.2517212033331767e+28,1.2517212033331767e+28,1.2517212033331767e+28,2000
2010-04-30,1.2517212033331767e+28,1.2517212033331767e+28,1.2517212033331767e+28,1.2517212033331767e+28,0
2010-05-03,1.2517212033331767e+28,1.2517212033331767e+28,1.2517212033331767e+28,1.2517212033331767e+28,0
2010-05-04,1.2517212033331767e+28,1.2517212033331767e+28,1.2517212033331767e+28,1.2517212033331767e+28,5000
2010-05-05,1.2517212033331767e+28,1.2517212033331767e+28,1.2517212033331767e+28,1.2517212033331767e+28,7100
2010-05-06,1.2517212033331767e+28,1.2517212033331767e+28,1.2517212033331767e+28,1.2517212033331767e+28,2901
2010-05-07,1.2517212033331767e+28,1.2517212033331767e+28,1.2517212033331767e+28,1.2517212033331767e+28,1000
2010-05-10,1.2517212033331767e+28,1.2517212033331767e+28,1.2517212033331767e+28,1.2517212033331767e+28,20000
2010-05-11,1.2517212033331767e+28,1.2517212033331767e+28,1.2517212033331767e+28,1.2517212033331767e+28,0
2010-05-12,1.2517212033331767e+28,1.2517212033331767e+28,1.2517212033331767e+28,1.2517212033331767e+28,0
2010-05-13,1.2517212033331767e+28,1.2517212033331767e+28,1.2517212033331767e+28,1.2517212033331767e+28,0
2010-05-14,1.2517212033331767e+28,1.2517212033331767e+28,1.2517212033331767e+28,1.2517212033331767e+28,8800
2010-05-18,1.2517212033331767e+28,1.2517212033331767e+28,1.2517212033331767e+28,1.2517212033331767e+28,0
2010-05-19,1.2517212033331767e+28,1.2517212033331767e+28,1.2517212033331767e+28,1.2517212033331767e+28,0
2010-05-20,1.2517212033331767e+28,1.2517212033331767e+28,1.2517212033331767e+28,1.2517212033331767e+28,0
2010-05-21,1.2517212033331767e+28,1.2517212033331767e+28,1.2517212033331767e+28,1.2517212033331767e+28,0
2010-05-24,1.2517212033331767e+28,1.2517212033331767e+28,1.2517212033331767e+28,1.2517212033331767e+28,0
2010-05-25,1.2517212033331767e+28,1.2517212033331767e+28,1.2517212033331767e+28,1.2517212033331767e+28,0
2010-05-26,1.2517212033331767e+28,1.2517212033331767e+28,1.2517212033331767e+28,1.2517212033331767e+28,60
2010-05-27,1.2517212033331767e+28,1.2517212033331767e+28,1.2517212033331767e+28,1.2517212033331767e+28,38885
2010-05-28,1.2517212033331767e+28,1.2517212033331767e+28,1.2517212033331767e+28,1.2517212033331767e+28,0
2010-05-31,1.2517212033331767e+28,1.2517212033331767e+28,1.2517212033331767e+28,1.2517212033331767e+28,0
2010-06-01,1.2517212033331767e+28,1.2517212033331767e+28,1.2517212033331767e+28,1.2517212033331767e+28,5000
2010-06-02,1.2517212033331767e+28,1.2517212033331767e+28,1.2517212033331767e+28,1.2517212033331767e+28,0
2010-06-03,1.2517212033331767e+28,1.2517212033331767e+28,1.2517212033331767e+28,1.2517212033331767e+28,0
2010-06-04,1.2517212033331767e+28,1.2517212033331767e+28,1.2517212033331767e+28,1.2517212033331767e+28,8409
2010-06-08,1.2517212033331767e+28,1.2517212033331767e+28,1.2517212033331767e+28,1.2517212033331767e+28,0
2010-06-09,1.2517212033331767e+28,1.2517212033331767e+28,1.2517212033331767e+28,1.2517212033331767e+28,2000
2010-06-10,1.2517212033331767e+28,1.2517212033331767e+28,1.2517212033331767e+28,1.2517212033331767e+28,182460
2010-06-11,1.2517212033331767e+28,1.2517212033331767e+28,1.2517212033331767e+28,1.2517212033331767e+28,0
2010-06-14,1.2517212033331767e+28,1.2517212033331767e+28,1.2517212033331767e+28,1.2517212033331767e+28,0
2010-06-15,1.2517212033331767e+28,1.2517212033331767e+28,1.2517212033331767e+28,1.2517212033331767e+28,0
2010-06-16,1.2517212033331767e+28,1.2517212033331767e+28,1.2517212033331767e+28,1.2517212033331767e+28,3000
2010-06-17,1.2517212033331767e+28,1.2517212033331767e+28,1.2517212033331767e+28,1.2517212033331767e+28,0
2010-06-18,1.2517212033331767e+28,1.2517212033331767e+28,1.2517212033331767e+28,1.2517212033331767e+28,0
2010-06-21,1.2517212033331767e+28,1.2517212033331767e+28,1.2517212033331767e+28,1.2517212033331767e+28,0
2010-06-22,1.2517212033331767e+28,1.2517212033331767e+28,1.2517212033331767e+28,1.2517212033331767e+28,0
2010-06-23,1.2517212033331767e+28,1.2517212033331767e+28,1.2517212033331767e+28,1.2517212033331767e+28,3000
2010-06-25,1.2517212033331767e+28,1.2517212033331767e+28,1.2517212033331767e+28,1.2517212033331767e+28,0
2010-06-29,1.2517212033331767e+28,1.2517212033331767e+28,1.2517212033331767e+28,1.2517212033331767e+28,1000
2010-06-30,1.2517212033331767e+28,1.2517212033331767e+28,1.2517212033331767e+28,1.2517212033331767e+28,0
2010-07-01,1.2517212033331767e+28,1.2517212033331767e+28,1.2517212033331767e+28,1.2517212033331767e+28,0
2010-07-02,1.2517212033331767e+28,1.2517212033331767e+28,1.2517212033331767e+28,1.2517212033331767e+28,0
2010-07-06,1.2517212033331767e+28,1.2517212033331767e+28,1.2517212033331767e+28,1.2517212033331767e+28,0
2010-07-07,1.2517212033331767e+28,1.2517212033331767e+28,1.2517212033331767e+28,1.2517212033331767e+28,0
2010-07-08,1.2517212033331767e+28,1.2517212033331767e+28,1.2517212033331767e+28,1.2517212033331767e+28,0
2010-07-09,1.2517212033331767e+28,1.2517212033331767e+28,1.2517212033331767e+28,1.2517212033331767e+28,1000
2010-07-12,1.2517212033331767e+28,1.2517212033331767e+28,1.2517212033331767e+28,1.2517212033331767e+28,0
2010-07-13,1.2517212033331767e+28,1.2517212033331767e+28,1.2517212033331767e+28,1.2517212033331767e+28,0
2010-07-14,1.2517212033331767e+28,1.2517212033331767e+28,1.2517212033331767e+28,1.2517212033331767e+28,0
2010-07-15,1.2517212033331767e+28,1.2517212033331767e+28,1.2517212033331767e+28,1.2517212033331767e+28,0
2010-07-16,1.2517212033331767e+28,1.2517212033331767e+28,1.2517212033331767e+28,1.2517212033331767e+28,50000
2010-07-19,1.2517212033331767e+28,1.2517212033331767e+28,1.2517212033331767e+28,1.2517212033331767e+28,0
2010-07-20,1.2517212033331767e+28,1.2517212033331767e+28,1.2517212033331767e+28,1.2517212033331767e+28,0
2010-07-21,1.2517212033331767e+28,1.2517212033331767e+28,1.2517212033331767e+28,1.2517212033331767e+28,800
2010-07-22,1.2517212033331767e+28,1.2517212033331767e+28,1.2517212033331767e+28,1.2517212033331767e+28,0
2010-07-23,1.2517212033331767e+28,1.2517212033331767e+28,1.2517212033331767e+28,1.2517212033331767e+28,1200
2010-07-26,1.2517212033331767e+28,1.2517212033331767e+28,1.2517212033331767e+28,1.2517212033331767e+28,1000
2010-07-27,1.2517212033331767e+28,1.2517212033331767e+28,1.2517212033331767e+28,1.2517212033331767e+28,0
2010-07-28,1.2517212033331767e+28,1.2517212033331767e+28,1.2517212033331767e+28,1.2517212033331767e+28,0
2010-07-29,1.2517212033331767e+28,1.2517212033331767e+28,1.2517212033331767e+28,1.2517212033331767e+28,0
2010-07-30,1.2517212033331767e+28,1.2517212033331767e+28,1.2517212033331767e+28,1.2517212033331767e+28,2885
2010-08-02,1.2517212033331767e+28,1.2517212033331767e+28,1.2517212033331767e+28,1.2517212033331767e+28,1150
2010-08-03,1.2517212033331767e+28,1.2517212033331767e+28,1.2517212033331767e+28,1.2517212033331767e+28,0
2010-08-04,1.2517212033331767e+28,1.2517212033331767e+28,1.2517212033331767e+28,1.2517212033331767e+28,168
2010-08-05,1.2517212033331767e+28,1.2517212033331767e+28,1.2517212033331767e+28,1.2517212033331767e+28,0
2010-08-06,1.2517212033331767e+28,1.2517212033331767e+28,1.2517212033331767e+28,1.2517212033331767e+28,0
2010-08-09,1.2517212033331767e+28,1.2517212033331767e+28,1.2517212033331767e+28,1.2517212033331767e+28,0
2010-08-10,1.2517212033331767e+28,1.2517212033331767e+28,1.2517212033331767e+28,1.2517212033331767e+28,0
2010-08-11,1.2517212033331767e+28,1.2517212033331767e+28,1.2517212033331767e+28,1.2517212033331767e+28,50
2010-08-12,1.2517212033331767e+28,1.2517212033331767e+28,1.2517212033331767e+28,1.2517212033331767e+28,0
2010-08-13,1.2517212033331767e+28,1.2517212033331767e+28,1.2517212033331767e+28,1.2517212033331767e+28,0
2010-08-16,1.2517212033331767e+28,1.2517212033331767e+28,1.2517212033331767e+28,1.2517212033331767e+28,0
2010-08-17,1.2517212033331767e+28,1.2517212033331767e+28,1.2517212033331767e+28,1.2517212033331767e+28,0
2010-08-18,1.2517212033331767e+28,1.2517212033331767e+28,1.2517212033331767e+28,1.2517212033331767e+28,0
2010-08-19,1.2517212033331767e+28,1.2517212033331767e+28,1.2517212033331767e+28,1.2517212033331767e+28,0
2010-08-20,1.2517212033331767e+28,1.2517212033331767e+28,1.2517212033331767e+28,1.2517212033331767e+28,30200
2010-08-23,1.2517212033331767e+28,1.2517212033331767e+28,1.2517212033331767e+28,1.2517212033331767e+28,0
2010-08-24,1.2517212033331767e+28,1.2517212033331767e+28,1.2517212033331767e+28,1.2517212033331767e+28,0
2010-08-25,1.2517212033331767e+28,1.2517212033331767e+28,1.2517212033331767e+28,1.2517212033331767e+28,0
2010-08-26,1.2517212033331767e+28,1.2517212033331767e+28,1.2517212033331767e+28,1.2517212033331767e+28,0
2010-08-27,1.2517212033331767e+28,1.2517212033331767e+28,1.2517212033331767e+28,1.2517212033331767e+28,0
2010-08-30,1.2517212033331767e+28,1.2517212033331767e+28,1.2517212033331767e+28,1.2517212033331767e+28,0
2010-08-31,1.2517212033331767e+28,1.2517212033331767e+28,1.2517212033331767e+28,1.2517212033331767e+28,0
2010-09-01,1.2517212033331767e+28,1.2517212033331767e+28,1.2517212033331767e+28,1.2517212033331767e+28,0
2010-09-02,1.2517212033331767e+28,1.2517212033331767e+28,1.2517212033331767e+28,1.2517212033331767e+28,0
2010-09-03,1.2517212033331767e+28,1.2517212033331767e+28,1.2517212033331767e+28,1.2517212033331767e+28,0
2010-09-06,1.2517212033331767e+28,1.2517212033331767e+28,1.2517212033331767e+28,1.2517212033331767e+28,0
2010-09-07,1.2517212033331767e+28,1.2517212033331767e+28,1.2517212033331767e+28,1.2517212033331767e+28,0
2010-09-08,1.2517212033331767e+28,1.2517212033331767e+28,1.2517212033331767e+28,1.2517212033331767e+28,0
2010-09-09,1.2517212033331767e+28,1.2517212033331767e+28,1.2517212033331767e+28,1.2517212033331767e+28,4650
2010-09-10,1.2517212033331767e+28,1.2517212033331767e+28,1.2517212033331767e+28,1.2517212033331767e+28,0
2010-09-13,1.2517212033331767e+28,1.2517212033331767e+28,1.2517212033331767e+28,1.2517212033331767e+28,0
2010-09-14,1.2517212033331767e+28,1.2517212033331767e+28,1.2517212033331767e+28,1.2517212033331767e+28,2500
2010-09-15,1.2517212033331767e+28,1.2517212033331767e+28,1.2517212033331767e+28,1.2517212033331767e+28,0
2010-09-16,1.2517212033331767e+28,1.2517212033331767e+28,1.2517212033331767e+28,1.2517212033331767e+28,0
2010-09-17,1.2517212033331767e+28,1.2517212033331767e+28,1.2517212033331767e+28,1.2517212033331767e+28,0
2010-09-20,1.2517212033331767e+28,1.2517212033331767e+28,1.2517212033331767e+28,1.2517212033331767e+28,0
2010-09-21,1.2517212033331767e+28,1.2517212033331767e+28,1.2517212033331767e+28,1.2517212033331767e+28,0
2010-09-22,1.2517212033331767e+28,1.2517212033331767e+28,1.2517212033331767e+28,1.2517212033331767e+28,0
2010-09-23,1.2517212033331767e+28,1.2517212033331767e+28,1.2517212033331767e+28,1.2517212033331767e+28,0
2010-09-24,1.2517212033331767e+28,1.2517212033331767e+28,1.2517212033331767e+28,1.2517212033331767e+28,0
2010-09-27,1.2517212033331767e+28,1.2517212033331767e+28,1.2517212033331767e+28,1.2517212033331767e+28,0
2010-09-28,1.2517212033331767e+28,1.2517212033331767e+28,1.2517212033331767e+28,1.2517212033331767e+28,0
2010-09-29,1.2517212033331767e+28,1.2517212033331767e+28,1.2517212033331767e+28,1.2517212033331767e+28,0
2010-09-30,1.2517212033331767e+28,1.2517212033331767e+28,1.2517212033331767e+28,1.2517212033331767e+28,0
2010-10-01,1.2517212033331767e+28,1.2517212033331767e+28,1.2517212033331767e+28,1.2517212033331767e+28,0
2010-10-04,1.2517212033331767e+28,1.2517212033331767e+28,1.2517212033331767e+28,1.2517212033331767e+28,0
2010-10-05,1.2517212033331767e+28,1.2517212033331767e+28,1.2517212033331767e+28,1.2517212033331767e+28,0
2010-10-06,1.2517212033331767e+28,1.2517212033331767e+28,1.2517212033331767e+28,1.2517212033331767e+28,0
2010-10-07,1.2517212033331767e+28,1.2517212033331767e+28,1.2517212033331767e+28,1.2517212033331767e+28,0
2010-10-08,1.2517212033331767e+28,1.2517212033331767e+28,1.2517212033331767e+28,1.2517212033331767e+28,0
2010-10-11,1.2517212033331767e+28,1.2517212033331767e+28,1.2517212033331767e+28,1.2517212033331767e+28,0
2010-10-13,1.2517212033331767e+28,1.2517212033331767e+28,1.2517212033331767e+28,1.2517212033331767e+28,0
2010-10-14,1.2517212033331767e+28,1.2517212033331767e+28,1.2517212033331767e+28,1.2517212033331767e+28,0
2010-10-15,1.2517212033331767e+28,1.2517212033331767e+28,1.2517212033331767e+28,1.2517212033331767e+28,0
2010-10-18,1.2517212033331767e+28,1.2517212033331767e+28,1.2517212033331767e+28,1.2517212033331767e+28,0
2010-10-19,1.2517212033331767e+28,1.2517212033331767e+28,1.2517212033331767e+28,1.2517212033331767e+28,0
2010-10-20,1.2517212033331767e+28,1.2517212033331767e+28,1.2517212033331767e+28,1.2517212033331767e+28,0
2010-10-21,1.2517212033331767e+28,1.2517212033331767e+28,1.2517212033331767e+28,1.2517212033331767e+28,0
2010-10-22,1.2517212033331767e+28,1.2517212033331767e+28,1.2517212033331767e+28,1.2517212033331767e+28,0
2010-10-25,1.2517212033331767e+28,1.2517212033331767e+28,1.2517212033331767e+28,1.2517212033331767e+28,0
2010-10-26,1.2517212033331767e+28,1.2517212033331767e+28,1.2517212033331767e+28,1.2517212033331767e+28,0
2010-10-27,1.2517212033331767e+28,1.2517212033331767e+28,1.2517212033331767e+28,1.2517212033331767e+28,2100
2010-10-28,1.2517212033331767e+28,1.2517212033331767e+28,1.2517212033331767e+28,1.2517212033331767e+28,0
2010-10-29,1.2517212033331767e+28,1.2517212033331767e+28,1.2517212033331767e+28,1.2517212033331767e+28,89500
2010-11-02,1.2517212033331767e+28,1.2517212033331767e+28,1.2517212033331767e+28,1.2517212033331767e+28,0
2010-11-03,1.2517212033331767e+28,1.2517212033331767e+28,1.2517212033331767e+28,1.2517212033331767e+28,0
2010-11-04,1.2517212033331767e+28,1.2517212033331767e+28,1.2517212033331767e+28,1.2517212033331767e+28,25000
2010-11-05,1.2517212033331767e+28,1.2517212033331767e+28,1.2517212033331767e+28,1.2517212033331767e+28,0
2010-11-08,1.2517212033331767e+28,1.2517212033331767e+28,1.2517212033331767e+28,1.2517212033331767e+28,14500
2010-11-09,-6.258606415082947e+17,-6.258606415082947e+17,-6.258606415082947e+17,-6.258606415082947e+17,0
2010-11-10,-6.258606415082947e+17,-6.258606415082947e+17,-6.258606415082947e+17,-6.258606415082947e+17,0
2010-11-11,-6.258606415082947e+17,-6.258606415082947e+17,-6.258606415082947e+17,-6.258606415082947e+17,0
2010-11-12,-6.258606415082947e+17,-6.258606415082947e+17,-6.258606415082947e+17,-6.258606415082947e+17,0
2010-11-15,-6.258606415082947e+17,-6.258606415082947e+17,-6.258606415082947e+17,-6.258606415082947e+17,0
2010-11-16,-6.258606415082947e+17,-6.258606415082947e+17,-6.258606415082947e+17,-6.258606415082947e+17,0
2010-11-17,-6.258606415082947e+17,-6.258606415082947e+17,-6.258606415082947e+17,-6.258606415082947e+17,0
2010-11-18,-6.258606415082947e+17,-6.258606415082947e+17,-6.258606415082947e+17,-6.258606415082947e+17,0
2010-11-19,-6.258606415082947e+17,-6.258606415082947e+17,-6.258606415082947e+17,-6.258606415082947e+17,0
2010-11-22,-6.258606415082947e+17,-6.258606415082947e+17,-6.258606415082947e+17,-6.258606415082947e+17,0
2010-11-23,-6.258606415082947e+17,-6.258606415082947e+17,-6.258606415082947e+17,-6.258606415082947e+17,0
2010-11-24,-6.258606415082947e+17,-6.258606415082947e+17,-6.258606415082947e+17,-6.258606415082947e+17,0
2010-11-25,-6.258606415082947e+17,-6.258606415082947e+17,-6.258606415082947e+17,-6.258606415082947e+17,0
2010-11-26,-6.258606415082947e+17,-6.258606415082947e+17,-6.258606415082947e+17,-6.258606415082947e+17,0
2010-11-29,-6.258606415082947e+17,-6.258606415082947e+17,-6.258606415082947e+17,-6.258606415082947e+17,0
2010-11-30,-6.258606415082947e+17,-6.258606415082947e+17,-6.258606415082947e+17,-6.258606415082947e+17,0
2010-12-01,-6.258606415082947e+17,-6.258606415082947e+17,-6.258606415082947e+17,-6.258606415082947e+17,0
2010-12-02,-6.258606415082947e+17,-6.258606415082947e+17,-6.258606415082947e+17,-6.258606415082947e+17,0
2010-12-03,-6.258606415082947e+17,-6.258606415082947e+17,-6.258606415082947e+17,-6.258606415082947e+17,0
2010-12-07,-3.129303207541473e+17,-3.129303207541473e+17,-3.129303207541473e+17,-3.129303207541473e+17,1800
2010-12-08,-6.258606415082947e+17,-6.258606415082947e+17,-6.258606415082947e+17,-6.258606415082947e+17,99015
2010-12-09,-6.258606415082947e+17,-6.258606415082947e+17,-6.258606415082947e+17,-6.258606415082947e+17,1050
2010-12-10,-6.258606415082947e+17,-6.258606415082947e+17,-6.258606415082947e+17,-6.258606415082947e+17,2500
2010-12-13,-6.258606415082947e+17,-6.258606415082947e+17,-6.258606415082947e+17,-6.258606415082947e+17,0
2010-12-14,-6.258606415082947e+17,-6.258606415082947e+17,-6.258606415082947e+17,-6.258606415082947e+17,17200
2010-12-15,-6.258606415082947e+17,-6.258606415082947e+17,-6.258606415082947e+17,-6.258606415082947e+17,0
2010-12-16,-6.258606415082947e+17,-6.258606415082947e+17,-6.258606415082947e+17,-6.258606415082947e+17,0
2010-12-17,-6.258606415082947e+17,-6.258606415082947e+17,-6.258606415082947e+17,-6.258606415082947e+17,2900
2010-12-20,-6.258606415082947e+17,-6.258606415082947e+17,-6.258606415082947e+17,-6.258606415082947e+17,13000
2010-12-21,-6.258606415082947e+17,-6.258606415082947e+17,-6.258606415082947e+17,-6.258606415082947e+17,0
2010-12-22,-6.258606415082947e+17,-6.258606415082947e+17,-6.258606415082947e+17,-6.258606415082947e+17,0
2010-12-23,-6.258606415082947e+17,-6.258606415082947e+17,-6.258606415082947e+17,-6.258606415082947e+17,0
2010-12-24,-6.258606415082947e+17,-6.258606415082947e+17,-6.258606415082947e+17,-6.258606415082947e+17,0
2010-12-27,-6.258606415082947e+17,-6.258606415082947e+17,-6.258606415082947e+17,-6.258606415082947e+17,0
2010-12-28,-6.258606415082947e+17,-6.258606415082947e+17,-6.258606415082947e+17,-6.258606415082947e+17,17000
2010-12-29,-6.258606415082947e+17,-6.258606415082947e+17,-6.258606415082947e+17,-6.258606415082947e+17,0
2010-12-30,-6.258606415082947e+17,-6.258606415082947e+17,-6.258606415082947e+17,-6.258606415082947e+17,0
2010-12-31,-6.258606415082947e+17,-6.258606415082947e+17,-6.258606415082947e+17,-6.258606415082947e+17,0
2011-01-03,-6.258606415082947e+17,-6.258606415082947e+17,-6.258606415082947e+17,-6.258606415082947e+17,0
2011-01-05,-6.258606415082947e+17,-6.258606415082947e+17,-6.258606415082947e+17,-6.258606415082947e+17,0
2011-01-06,-6.258606415082947e+17,-6.258606415082947e+17,-6.258606415082947e+17,-6.258606415082947e+17,0
2011-01-07,-6.258606415082947e+17,-6.258606415082947e+17,-6.258606415082947e+17,-6.258606415082947e+17,0
2011-01-11,-6.258606415082947e+17,-6.258606415082947e+17,-6.258606415082947e+17,-6.258606415082947e+17,0
2011-01-12,-6.258606415082947e+17,-6.258606415082947e+17,-6.258606415082947e+17,-6.258606415082947e+17,100
2011-01-13,-6.258606415082947e+17,-6.258606415082947e+17,-6.258606415082947e+17,-6.258606415082947e+17,31300
2011-01-14,-6.258606415082947e+17,-6.258606415082947e+17,-6.258606415082947e+17,-6.258606415082947e+17,0
2011-01-17,-6.258606415082947e+17,-6.258606415082947e+17,-6.258606415082947e+17,-6.258606415082947e+17,0
2011-01-18,-6.258606415082947e+17,-6.258606415082947e+17,-6.258606415082947e+17,-6.258606415082947e+17,4000
2011-01-19,-6.258606415082947e+17,-6.258606415082947e+17,-6.258606415082947e+17,-6.258606415082947e+17,4700
2011-01-20,-6.258606415082947e+17,-6.258606415082947e+17,-6.258606415082947e+17,-6.258606415082947e+17,0
2011-01-21,-6.258606415082947e+17,-6.258606415082947e+17,-6.258606415082947e+17,-6.258606415082947e+17,8000
2011-01-24,-6.258606415082947e+17,-6.258606415082947e+17,-6.258606415082947e+17,-6.258606415082947e+17,0
2011-01-25,-6.258606415082947e+17,-6.258606415082947e+17,-6.258606415082947e+17,-6.258606415082947e+17,0
2011-01-26,-6.258606415082947e+17,-6.258606415082947e+17,-6.258606415082947e+17,-6.258606415082947e+17,0
2011-01-27,-6.258606415082947e+17,-6.258606415082947e+17,-6.258606415082947e+17,-6.258606415082947e+17,0
2011-01-28,-6.258606415082947e+17,-6.258606415082947e+17,-6.258606415082947e+17,-6.258606415082947e+17,0
2011-01-31,-6.258606415082947e+17,-6.258606415082947e+17,-6.258606415082947e+17,-6.258606415082947e+17,0
2011-02-01,-6.258606415082947e+17,-6.258606415082947e+17,-6.258606415082947e+17,-6.258606415082947e+17,57500
2011-02-02,-6.258606415082947e+17,-6.258606415082947e+17,-6.258606415082947e+17,-6.258606415082947e+17,20000
2011-02-03,-6.258606415082947e+17,-6.258606415082947e+17,-6.258606415082947e+17,-6.258606415082947e+17,0
2011-02-04,-6.258606415082947e+17,-6.258606415082947e+17,-6.258606415082947e+17,-6.258606415082947e+17,0
2011-02-07,-6.258606415082947e+17,-6.258606415082947e+17,-6.258606415082947e+17,-6.258606415082947e+17,0
2011-02-08,-6.258606415082947e+17,-6.258606415082947e+17,-6.258606415082947e+17,-6.258606415082947e+17,6820
2011-02-09,-6.258606415082947e+17,-6.258606415082947e+17,-6.258606415082947e+17,-6.258606415082947e+17,0
2011-02-10,-6.258606415082947e+17,-6.258606415082947e+17,-6.258606415082947e+17,-6.258606415082947e+17,0
2011-02-11,-6.258606415082947e+17,-6.258606415082947e+17,-6.258606415082947e+17,-6.258606415082947e+17,0
2011-02-14,-6.258606415082947e+17,-6.258606415082947e+17,-6.258606415082947e+17,-6.258606415082947e+17,0
2011-02-15,-6.258606415082947e+17,-6.258606415082947e+17,-6.258606415082947e+17,-6.258606415082947e+17,0
2011-02-16,-6.258606415082947e+17,-6.258606415082947e+17,-6.258606415082947e+17,-6.258606415082947e+17,0
2011-02-17,-6.258606415082947e+17,-6.258606415082947e+17,-6.258606415082947e+17,-6.258606415082947e+17,0
2011-02-18,-6.258606415082947e+17,-6.258606415082947e+17,-6.258606415082947e+17,-6.258606415082947e+17,0
2011-02-21,-6.258606415082947e+17,-6.258606415082947e+17,-6.258606415082947e+17,-6.258606415082947e+17,0
2011-02-22,-6.258606415082947e+17,-6.258606415082947e+17,-6.258606415082947e+17,-6.258606415082947e+17,0
2011-02-23,-6.258606415082947e+17,-6.258606415082947e+17,-6.258606415082947e+17,-6.258606415082947e+17,0
2011-02-24,-6.258606415082947e+17,-6.258606415082947e+17,-6.258606415082947e+17,-6.258606415082947e+17,0
2011-02-25,-6.258606415082947e+17,-6.258606415082947e+17,-6.258606415082947e+17,-6.258606415082947e+17,0
2011-02-28,-6.258606415082947e+17,-6.258606415082947e+17,-6.258606415082947e+17,-6.258606415082947e+17,0
2011-03-01,-6.258606415082947e+17,-6.258606415082947e+17,-6.258606415082947e+17,-6.258606415082947e+17,0
2011-03-02,-6.258606415082947e+17,-6.258606415082947e+17,-6.258606415082947e+17,-6.258606415082947e+17,0
2011-03-03,-6.258606415082947e+17,-6.258606415082947e+17,-6.258606415082947e+17,-6.258606415082947e+17,0
2011-03-04,-6.258606415082947e+17,-6.258606415082947e+17,-6.258606415082947e+17,-6.258606415082947e+17,0
2011-03-09,-6.258606415082947e+17,-6.258606415082947e+17,-6.258606415082947e+17,-6.258606415082947e+17,0
2011-03-10,-6.258606415082947e+17,-6.258606415082947e+17,-6.258606415082947e+17,-6.258606415082947e+17,0
2011-03-11,-6.258606415082947e+17,-6.258606415082947e+17,-6.258606415082947e+17,-6.258606415082947e+17,13400
2011-03-14,-6.258606415082947e+17,-6.258606415082947e+17,-6.258606415082947e+17,-6.258606415082947e+17,1000
2011-03-15,-6.258606415082947e+17,-6.258606415082947e+17,-6.258606415082947e+17,-6.258606415082947e+17,0
2011-03-16,-6.258606415082947e+17,-6.258606415082947e+17,-6.258606415082947e+17,-6.258606415082947e+17,0
2011-03-17,-6.258606415082947e+17,-6.258606415082947e+17,-6.258606415082947e+17,-6.258606415082947e+17,0
2011-03-18,-6.258606415082947e+17,-6.258606415082947e+17,-6.258606415082947e+17,-6.258606415082947e+17,100
2011-03-21,-6.258606415082947e+17,-6.258606415082947e+17,-6.258606415082947e+17,-6.258606415082947e+17,100
2011-03-22,-6.258606415082947e+17,-6.258606415082947e+17,-6.258606415082947e+17,-6.258606415082947e+17,0
2011-03-23,-6.258606415082947e+17,-6.258606415082947e+17,-6.258606415082947e+17,-6.258606415082947e+17,0
2011-03-24,-6.258606415082947e+17,-6.258606415082947e+17,-6.258606415082947e+17,-6.258606415082947e+17,0
2011-03-25,-6.258606415082947e+17,-6.258606415082947e+17,-6.258606415082947e+17,-6.258606415082947e+17,100
2011-03-28,-6.258606415082947e+17,-6.258606415082947e+17,-6.258606415082947e+17,-6.258606415082947e+17,1100
2011-03-29,-6.258606415082947e+17,-6.258606415082947e+17,-6.258606415082947e+17,-6.258606415082947e+17,1100
2011-03-30,-6.258606415082947e+17,-6.258606415082947e+17,-6.258606415082947e+17,-6.258606415082947e+17,3500
2011-03-31,-6.258606415082947e+17,-6.258606415082947e+17,-6.258606415082947e+17,-6.258606415082947e+17,0
2011-04-01,-6.258606415082947e+17,-6.258606415082947e+17,-6.258606415082947e+17,-6.258606415082947e+17,9410
2011-04-04,-6.258606415082947e+17,-6.258606415082947e+17,-6.258606415082947e+17,-6.258606415082947e+17,590
2011-04-05,-6.258606415082947e+17,-6.258606415082947e+17,-6.258606415082947e+17,-6.258606415082947e+17,0
2011-04-06,-6.258606415082947e+17,-6.258606415082947e+17,-6.258606415082947e+17,-6.258606415082947e+17,7820
2011-04-07,-6.258606415082947e+17,-6.258606415082947e+17,-6.258606415082947e+17,-6.258606415082947e+17,44001
2011-04-08,-6.258606415082947e+17,-6.258606415082947e+17,-6.258606415082947e+17,-6.258606415082947e+17,0
2011-04-11,-6.258606415082947e+17,-6.258606415082947e+17,-6.258606415082947e+17,-6.258606415082947e+17,0
2011-04-12,-6.258606415082947e+17,-6.258606415082947e+17,-6.258606415082947e+17,-6.258606415082947e+17,0
2011-04-13,-6.258606415082947e+17,-6.258606415082947e+17,-6.258606415082947e+17,-6.258606415082947e+17,0
2011-04-14,-6.258606415082947e+17,-6.258606415082947e+17,-6.258606415082947e+17,-6.258606415082947e+17,0
2011-04-15,-6.258606415082947e+17,-6.258606415082947e+17,-6.258606415082947e+17,-6.258606415082947e+17,100
2011-04-18,-6.258606415082947e+17,-6.258606415082947e+17,-6.258606415082947e+17,-6.258606415082947e+17,5100
2011-04-20,-6.258606415082947e+17,-6.258606415082947e+17,-6.258606415082947e+17,-6.258606415082947e+17,0
2011-04-25,-6.258606415082947e+17,-6.258606415082947e+17,-6.258606415082947e+17,-6.258606415082947e+17,0
2011-04-26,-6.258606415082947e+17,-6.258606415082947e+17,-6.258606415082947e+17,-6.258606415082947e+17,0
2011-04-27,-6.258606415082947e+17,-6.258606415082947e+17,-6.258606415082947e+17,-6.258606415082947e+17,0
2011-04-28,-6.258606415082947e+17,-6.258606415082947e+17,-6.258606415082947e+17,-6.258606415082947e+17,0
2011-04-29,-6.258606415082947e+17,-6.258606415082947e+17,-6.258606415082947e+17,-6.258606415082947e+17,0
2011-05-02,-6.258606415082947e+17,-6.258606415082947e+17,-6.258606415082947e+17,-6.258606415082947e+17,0
2011-05-03,-6.258606415082947e+17,-6.258606415082947e+17,-6.258606415082947e+17,-6.258606415082947e+17,0
2011-05-04,-6.258606415082947e+17,-6.258606415082947e+17,-6.258606415082947e+17,-6.258606415082947e+17,0
2011-05-05,-6.258606415082947e+17,-6.258606415082947e+17,-6.258606415082947e+17,-6.258606415082947e+17,0
2011-05-06,-6.258606415082947e+17,-6.258606415082947e+17,-6.258606415082947e+17,-6.258606415082947e+17,0
2011-05-09,-6.258606415082947e+17,-6.258606415082947e+17,-6.258606415082947e+17,-6.258606415082947e+17,0
2011-05-10,-6.258606415082947e+17,-6.258606415082947e+17,-6.258606415082947e+17,-6.258606415082947e+17,0
2011-05-11,-6.258606415082947e+17,-6.258606415082947e+17,-6.258606415082947e+17,-6.258606415082947e+17,0
2011-05-12,-6.258606415082947e+17,-6.258606415082947e+17,-6.258606415082947e+17,-6.258606415082947e+17,0
2011-05-13,-6.258606415082947e+17,-6.258606415082947e+17,-6.258606415082947e+17,-6.258606415082947e+17,0
2011-05-16,-6.258606415082947e+17,-6.258606415082947e+17,-6.258606415082947e+17,-6.258606415082947e+17,0
2011-05-17,-6.258606415082947e+17,-6.258606415082947e+17,-6.258606415082947e+17,-6.258606415082947e+17,0
2011-05-18,-6.258606415082947e+17,-6.258606415082947e+17,-6.258606415082947e+17,-6.258606415082947e+17,0
2011-05-19,-6.258606415082947e+17,-6.258606415082947e+17,-6.258606415082947e+17,-6.258606415082947e+17,0
2011-05-20,-6.258606415082947e+17,-6.258606415082947e+17,-6.258606415082947e+17,-6.258606415082947e+17,0
2011-05-23,-6.258606415082947e+17,-6.258606415082947e+17,-6.258606415082947e+17,-6.258606415082947e+17,0
2011-05-24,-6.258606415082947e+17,-6.258606415082947e+17,-6.258606415082947e+17,-6.258606415082947e+17,0
2011-05-25,-6.258606415082947e+17,-6.258606415082947e+17,-6.258606415082947e+17,-6.258606415082947e+17,0
2011-05-26,-6.258606415082947e+17,-6.258606415082947e+17,-6.258606415082947e+17,-6.258606415082947e+17,0
2011-05-27,-6.258606415082947e+17,-6.258606415082947e+17,-6.258606415082947e+17,-6.258606415082947e+17,0
2011-05-30,-6.258606415082947e+17,-6.258606415082947e+17,-6.258606415082947e+17,-6.258606415082947e+17,11000
2011-05-31,-6.258606415082947e+17,-6.258606415082947e+17,-6.258606415082947e+17,-6.258606415082947e+17,0
2011-06-01,-6.258606415082947e+17,-6.258606415082947e+17,-6.258606415082947e+17,-6.258606415082947e+17,0
2011-06-02,-6.258606415082947e+17,-6.258606415082947e+17,-6.258606415082947e+17,-6.258606415082947e+17,0
2011-06-03,-6.258606415082947e+17,-6.258606415082947e+17,-6.258606415082947e+17,-6.258606415082947e+17,0
2011-06-07,-6.258606415082947e+17,-6.258606415082947e+17,-6.258606415082947e+17,-6.258606415082947e+17,0
2011-06-08,-6.258606415082947e+17,-6.258606415082947e+17,-6.258606415082947e+17,-6.258606415082947e+17,0
2011-06-09,-6.258606415082947e+17,-6.258606415082947e+17,-6.258606415082947e+17,-6.258606415082947e+17,0
2011-06-10,-6.258606415082947e+17,-6.258606415082947e+17,-6.258606415082947e+17,-6.258606415082947e+17,0
2011-06-13,-6.258606415082947e+17,-6.258606415082947e+17,-6.258606415082947e+17,-6.258606415082947e+17,0
2011-06-14,-6.258606415082947e+17,-6.258606415082947e+17,-6.258606415082947e+17,-6.258606415082947e+17,0
2011-06-15,-6.258606415082947e+17,-6.258606415082947e+17,-6.258606415082947e+17,-6.258606415082947e+17,0
2011-06-16,-3.129303207541473e+17,-3.129303207541473e+17,-3.129303207541473e+17,-3.129303207541473e+17,24930
2011-06-17,-3.129303207541473e+17,-3.129303207541473e+17,-3.129303207541473e+17,-3.129303207541473e+17,0
2011-06-20,-3.129303207541473e+17,-3.129303207541473e+17,-3.129303207541473e+17,-3.129303207541473e+17,0
2011-06-21,-3.129303207541473e+17,-3.129303207541473e+17,-3.129303207541473e+17,-3.129303207541473e+17,0
2011-06-22,-3.129303207541473e+17,-3.129303207541473e+17,-3.129303207541473e+17,-3.129303207541473e+17,0
2011-06-23,-3.129303207541473e+17,-3.129303207541473e+17,-3.129303207541473e+17,-3.129303207541473e+17,0
2011-06-28,-3.129303207541473e+17,-3.129303207541473e+17,-3.129303207541473e+17,-3.129303207541473e+17,0
2011-06-29,-3.129303207541473e+17,-3.129303207541473e+17,-3.129303207541473e+17,-3.129303207541473e+17,0
2011-06-30,-3.129303207541473e+17,-3.129303207541473e+17,-3.129303207541473e+17,-3.129303207541473e+17,0
2011-07-01,-3.129303207541473e+17,-3.129303207541473e+17,-3.129303207541473e+17,-3.129303207541473e+17,0
2011-07-06,-3.129303207541473e+17,-3.129303207541473e+17,-3.129303207541473e+17,-3.129303207541473e+17,0
2011-07-07,-3.129303207541473e+17,-3.129303207541473e+17,-3.129303207541473e+17,-3.129303207541473e+17,0
2011-07-08,-3.129303207541473e+17,-3.129303207541473e+17,-3.129303207541473e+17,-3.129303207541473e+17,0
2011-07-11,-3.129303207541473e+17,-3.129303207541473e+17,-3.129303207541473e+17,-3.129303207541473e+17,0
2011-07-12,-3.129303207541473e+17,-3.129303207541473e+17,-3.129303207541473e+17,-3.129303207541473e+17,0
2011-07-13,-3.129303207541473e+17,-3.129303207541473e+17,-3.129303207541473e+17,-3.129303207541473e+17,0
2011-07-14,-9.387909966221804e+17,-9.387909966221804e+17,-9.387909966221804e+17,-9.387909966221804e+17,10000
2011-07-15,-9.387909966221804e+17,-9.387909966221804e+17,-9.387909966221804e+17,-9.387909966221804e+17,12400
2011-07-18,-9.387909966221804e+17,-9.387909966221804e+17,-9.387909966221804e+17,-9.387909966221804e+17,0
2011-07-19,-9.387909966221804e+17,-9.387909966221804e+17,-9.387909966221804e+17,-9.387909966221804e+17,0
2011-07-20,-6.258606415082947e+17,-6.258606415082947e+17,-6.258606415082947e+17,-6.258606415082947e+17,300
2011-07-21,-6.258606415082947e+17,-6.258606415082947e+17,-6.258606415082947e+17,-6.258606415082947e+17,0
2011-07-22,-6.258606415082947e+17,-6.258606415082947e+17,-6.258606415082947e+17,-6.258606415082947e+17,0
2011-07-25,-6.258606415082947e+17,-6.258606415082947e+17,-6.258606415082947e+17,-6.258606415082947e+17,0
2011-07-26,-6.258606415082947e+17,-6.258606415082947e+17,-6.258606415082947e+17,-6.258606415082947e+17,0
2011-07-27,-6.258606415082947e+17,-6.258606415082947e+17,-6.258606415082947e+17,-6.258606415082947e+17,0
2011-07-28,-6.258606415082947e+17,-6.258606415082947e+17,-6.258606415082947e+17,-6.258606415082947e+17,0
2011-07-29,-6.258606415082947e+17,-6.258606415082947e+17,-6.258606415082947e+17,-6.258606415082947e+17,0
2011-08-01,-6.258606415082947e+17,-6.258606415082947e+17,-6.258606415082947e+17,-6.258606415082947e+17,0
2011-08-02,-9.387909966221804e+17,-9.387909966221804e+17,-9.387909966221804e+17,-9.387909966221804e+17,7880
2011-08-03,-9.387909966221804e+17,-9.387909966221804e+17,-9.387909966221804e+17,-9.387909966221804e+17,0
2011-08-04,-9.387909966221804e+17,-9.387909966221804e+17,-9.387909966221804e+17,-9.387909966221804e+17,2420
2011-08-05,-9.387909966221804e+17,-9.387909966221804e+17,-9.387909966221804e+17,-9.387909966221804e+17,1500
2011-08-08,-9.387909966221804e+17,-9.387909966221804e+17,-9.387909966221804e+17,-9.387909966221804e+17,0
2011-08-09,-9.387909966221804e+17,-9.387909966221804e+17,-9.387909966221804e+17,-9.387909966221804e+17,20000
2011-08-10,-9.387909966221804e+17,-9.387909966221804e+17,-9.387909966221804e+17,-9.387909966221804e+17,6000
2011-08-11,-9.387909966221804e+17,-9.387909966221804e+17,-9.387909966221804e+17,-9.387909966221804e+17,0
2011-08-12,-9.387909966221804e+17,-9.387909966221804e+17,-9.387909966221804e+17,-9.387909966221804e+17,500
2011-08-16,-9.387909966221804e+17,-9.387909966221804e+17,-9.387909966221804e+17,-9.387909966221804e+17,17630
2011-08-17,-9.387909966221804e+17,-9.387909966221804e+17,-9.387909966221804e+17,-9.387909966221804e+17,0
2011-08-18,-9.387909966221804e+17,-9.387909966221804e+17,-9.387909966221804e+17,-9.387909966221804e+17,0
2011-08-19,-9.387909966221804e+17,-9.387909966221804e+17,-9.387909966221804e+17,-9.387909966221804e+17,0
2011-08-22,-9.387909966221804e+17,-9.387909966221804e+17,-9.387909966221804e+17,-9.387909966221804e+17,0
2011-08-23,-9.387909966221804e+17,-9.387909966221804e+17,-9.387909966221804e+17,-9.387909966221804e+17,0
2011-08-24,-9.387909966221804e+17,-9.387909966221804e+17,-9.387909966221804e+17,-9.387909966221804e+17,0
2011-08-25,-9.387909966221804e+17,-9.387909966221804e+17,-9.387909966221804e+17,-9.387909966221804e+17,0
2011-08-26,-9.387909966221804e+17,-9.387909966221804e+17,-9.387909966221804e+17,-9.387909966221804e+17,0
2011-08-29,-9.387909966221804e+17,-9.387909966221804e+17,-9.387909966221804e+17,-9.387909966221804e+17,0
2011-08-30,-9.387909966221804e+17,-9.387909966221804e+17,-9.387909966221804e+17,-9.387909966221804e+17,0
2011-08-31,-9.387909966221804e+17,-9.387909966221804e+17,-9.387909966221804e+17,-9.387909966221804e+17,0
2011-09-01,-9.387909966221804e+17,-9.387909966221804e+17,-9.387909966221804e+17,-9.387909966221804e+17,0
2011-09-02,-9.387909966221804e+17,-9.387909966221804e+17,-9.387909966221804e+17,-9.387909966221804e+17,6000
2011-09-05,-9.387909966221804e+17,-9.387909966221804e+17,-9.387909966221804e+17,-9.387909966221804e+17,0
2011-09-06,-9.387909966221804e+17,-9.387909966221804e+17,-9.387909966221804e+17,-9.387909966221804e+17,0
2011-09-07,-9.387909966221804e+17,-9.387909966221804e+17,-9.387909966221804e+17,-9.387909966221804e+17,0
2011-09-08,-9.387909966221804e+17,-9.387909966221804e+17,-9.387909966221804e+17,-9.387909966221804e+17,0
2011-09-09,-9.387909966221804e+17,-9.387909966221804e+17,-9.387909966221804e+17,-9.387909966221804e+17,0
2011-09-12,-9.387909966221804e+17,-9.387909966221804e+17,-9.387909966221804e+17,-9.387909966221804e+17,0
2011-09-13,-9.387909966221804e+17,-9.387909966221804e+17,-9.387909966221804e+17,-9.387909966221804e+17,0
2011-09-14,-9.387909966221804e+17,-9.387909966221804e+17,-9.387909966221804e+17,-9.387909966221804e+17,0
2011-09-15,-9.387909966221804e+17,-9.387909966221804e+17,-9.387909966221804e+17,-9.387909966221804e+17,0
2011-09-16,-9.387909966221804e+17,-9.387909966221804e+17,-9.387909966221804e+17,-9.387909966221804e+17,0
2011-09-19,-9.387909966221804e+17,-9.387909966221804e+17,-9.387909966221804e+17,-9.387909966221804e+17,0
2011-09-20,-9.387909966221804e+17,-9.387909966221804e+17,-9.387909966221804e+17,-9.387909966221804e+17,32000
2011-09-21,-9.387909966221804e+17,-9.387909966221804e+17,-9.387909966221804e+17,-9.387909966221804e+17,0
2011-09-22,-9.387909966221804e+17,-9.387909966221804e+17,-9.387909966221804e+17,-9.387909966221804e+17,0
2011-09-23,-9.387909966221804e+17,-9.387909966221804e+17,-9.387909966221804e+17,-9.387909966221804e+17,5282
2011-09-26,-9.387909966221804e+17,-9.387909966221804e+17,-9.387909966221804e+17,-9.387909966221804e+17,0
2011-09-27,-9.387909966221804e+17,-9.387909966221804e+17,-9.387909966221804e+17,-9.387909966221804e+17,0
2011-09-28,-9.387909966221804e+17,-9.387909966221804e+17,-9.387909966221804e+17,-9.387909966221804e+17,0
2011-09-29,-9.387909966221804e+17,-9.387909966221804e+17,-9.387909966221804e+17,-9.387909966221804e+17,0
2011-09-30,-9.387909966221804e+17,-9.387909966221804e+17,-9.387909966221804e+17,-9.387909966221804e+17,0
2011-10-03,-9.387909966221804e+17,-9.387909966221804e+17,-9.387909966221804e+17,-9.387909966221804e+17,1000
2011-10-04,-9.387909966221804e+17,-9.387909966221804e+17,-9.387909966221804e+17,-9.387909966221804e+17,0
2011-10-05,-9.387909966221804e+17,-9.387909966221804e+17,-9.387909966221804e+17,-9.387909966221804e+17,0
2011-10-06,-9.387909966221804e+17,-9.387909966221804e+17,-9.387909966221804e+17,-9.387909966221804e+17,0
2011-10-07,-9.387909966221804e+17,-9.387909966221804e+17,-9.387909966221804e+17,-9.387909966221804e+17,0
2011-10-10,-9.387909966221804e+17,-9.387909966221804e+17,-9.387909966221804e+17,-9.387909966221804e+17,0
2011-10-11,-9.387909966221804e+17,-9.387909966221804e+17,-9.387909966221804e+17,-9.387909966221804e+17,0
2011-10-13,-9.387909966221804e+17,-9.387909966221804e+17,-9.387909966221804e+17,-9.387909966221804e+17,0
2011-10-14,-9.387909966221804e+17,-9.387909966221804e+17,-9.387909966221804e+17,-9.387909966221804e+17,0
2011-10-17,-9.387909966221804e+17,-9.387909966221804e+17,-9.387909966221804e+17,-9.387909966221804e+17,0
2011-10-18,-9.387909966221804e+17,-9.387909966221804e+17,-9.387909966221804e+17,-9.387909966221804e+17,30950
2011-10-19,-9.387909966221804e+17,-9.387909966221804e+17,-9.387909966221804e+17,-9.387909966221804e+17,0
2011-10-20,-9.387909966221804e+17,-9.387909966221804e+17,-9.387909966221804e+17,-9.387909966221804e+17,0
2011-10-21,-9.387909966221804e+17,-9.387909966221804e+17,-9.387909966221804e+17,-9.387909966221804e+17,0
2011-10-24,-9.387909966221804e+17,-9.387909966221804e+17,-9.387909966221804e+17,-9.387909966221804e+17,0
2011-10-25,-9.387909966221804e+17,-9.387909966221804e+17,-9.387909966221804e+17,-9.387909966221804e+17,0
2011-10-26,-9.387909966221804e+17,-9.387909966221804e+17,-9.387909966221804e+17,-9.387909966221804e+17,0
2011-10-27,-9.387909966221804e+17,-9.387909966221804e+17,-9.387909966221804e+17,-9.387909966221804e+17,0
2011-10-28,-9.387909966221804e+17,-9.387909966221804e+17,-9.387909966221804e+17,-9.387909966221804e+17,0
2011-11-01,-9.387909966221804e+17,-9.387909966221804e+17,-9.387909966221804e+17,-9.387909966221804e+17,0
2011-11-02,-9.387909966221804e+17,-9.387909966221804e+17,-9.387909966221804e+17,-9.387909966221804e+17,77000
2011-11-03,-9.387909966221804e+17,-9.387909966221804e+17,-9.387909966221804e+17,-9.387909966221804e+17,0
2011-11-04,-9.387909966221804e+17,-9.387909966221804e+17,-9.387909966221804e+17,-9.387909966221804e+17,12420
2011-11-07,-9.387909966221804e+17,-9.387909966221804e+17,-9.387909966221804e+17,-9.387909966221804e+17,0
2011-11-08,-9.387909966221804e+17,-9.387909966221804e+17,-9.387909966221804e+17,-9.387909966221804e+17,9750
2011-11-09,-9.387909966221804e+17,-9.387909966221804e+17,-9.387909966221804e+17,-9.387909966221804e+17,5000
2011-11-10,-9.387909966221804e+17,-9.387909966221804e+17,-9.387909966221804e+17,-9.387909966221804e+17,7000
2011-11-11,-9.387909966221804e+17,-9.387909966221804e+17,-9.387909966221804e+17,-9.387909966221804e+17,0
2011-11-14,-9.387909966221804e+17,-9.387909966221804e+17,-9.387909966221804e+17,-9.387909966221804e+17,25760
2011-11-15,-9.387909966221804e+17,-1.251721328829574e+18,-9.387909966221804e+17,-9.387909966221804e+17,3700
2011-11-16,-9.387909966221804e+17,-9.387909966221804e+17,-9.387909966221804e+17,-9.387909966221804e+17,0
2011-11-17,-9.387909966221804e+17,-9.387909966221804e+17,-9.387909966221804e+17,-9.387909966221804e+17,0
2011-11-18,-1.2517212830165893e+18,-1.2517212830165893e+18,-1.2517212830165893e+18,-1.2517212830165893e+18,3500
2011-11-21,-1.2517212830165893e+18,-1.2517212830165893e+18,-1.2517212830165893e+18,-1.2517212830165893e+18,3500
2011-11-22,-1.2517212830165893e+18,-1.2517212830165893e+18,-1.2517212830165893e+18,-1.2517212830165893e+18,0
2011-11-23,-1.2517212830165893e+18,-1.2517212830165893e+18,-1.2517212830165893e+18,-1.2517212830165893e+18,0
2011-11-24,-1.2517212830165893e+18,-1.2517212830165893e+18,-1.2517212830165893e+18,-1.2517212830165893e+18,0
2011-11-25,-1.2517212830165893e+18,-1.2517212830165893e+18,-1.2517212830165893e+18,-1.2517212830165893e+18,0
2011-11-28,-1.2517212830165893e+18,-1.2517212830165893e+18,-1.2517212830165893e+18,-1.2517212830165893e+18,300
2011-11-29,-1.2517212830165893e+18,-1.2517212830165893e+18,-1.2517212830165893e+18,-1.2517212830165893e+18,0
2011-11-30,-1.2517212830165893e+18,-1.2517212830165893e+18,-1.2517212830165893e+18,-1.2517212830165893e+18,7505
2011-12-01,-1.2517212830165893e+18,-1.2517212830165893e+18,-1.2517212830165893e+18,-1.2517212830165893e+18,6300
2011-12-02,-1.2517212830165893e+18,-1.2517212830165893e+18,-1.2517212830165893e+18,-1.2517212830165893e+18,0
2011-12-05,-1.2517212830165893e+18,-1.2517212830165893e+18,-1.2517212830165893e+18,-1.2517212830165893e+18,0
2011-12-06,-1.2517212830165893e+18,-1.2517212830165893e+18,-9.38790962262442e+17,-1.2517212830165893e+18,82500
2011-12-07,-1.2517212830165893e+18,-1.2517212830165893e+18,-1.2517212830165893e+18,-1.2517212830165893e+18,14700
2011-12-08,-1.2517212830165893e+18,-1.2517212830165893e+18,-1.2517212830165893e+18,-1.2517212830165893e+18,2000
2011-12-09,-1.2517212830165893e+18,-1.2517212830165893e+18,-1.2517212830165893e+18,-1.2517212830165893e+18,0
2011-12-13,-9.387909966221804e+17,-9.387909966221804e+17,-9.387909966221804e+17,-9.387909966221804e+17,3500
2011-12-14,-9.387909966221804e+17,-9.387909966221804e+17,-9.387909966221804e+17,-9.387909966221804e+17,61589
2011-12-15,-9.387909966221804e+17,-1.251721328829574e+18,-9.387909966221804e+17,-9.387909966221804e+17,11500
2011-12-16,-9.387909966221804e+17,-9.387909966221804e+17,-9.387909966221804e+17,-9.387909966221804e+17,5911
2011-12-19,-9.387909966221804e+17,-9.387909966221804e+17,-9.387909966221804e+17,-9.387909966221804e+17,5525
2011-12-20,-9.387909966221804e+17,-9.387909966221804e+17,-9.387909966221804e+17,-9.387909966221804e+17,0
2011-12-21,-1.2517212830165893e+18,-1.2517212830165893e+18,-1.2517212830165893e+18,-1.2517212830165893e+18,21000
2011-12-22,-1.2517212830165893e+18,-1.2517212830165893e+18,-1.2517212830165893e+18,-1.2517212830165893e+18,0
2011-12-23,-1.2517212830165893e+18,-1.2517212830165893e+18,-1.2517212830165893e+18,-1.2517212830165893e+18,0
2011-12-26,-1.2517212830165893e+18,-1.2517212830165893e+18,-1.2517212830165893e+18,-1.2517212830165893e+18,0
2011-12-27,-1.2517212830165893e+18,-1.2517212830165893e+18,-1.2517212830165893e+18,-1.2517212830165893e+18,0
2011-12-28,-1.2517212830165893e+18,-1.2517212830165893e+18,-1.2517212830165893e+18,-1.2517212830165893e+18,100
2011-12-29,-1.2517212830165893e+18,-1.2517212830165893e+18,-1.2517212830165893e+18,-1.2517212830165893e+18,0
2011-12-30,-1.2517212830165893e+18,-1.2517212830165893e+18,-1.2517212830165893e+18,-1.2517212830165893e+18,10000
2012-01-02,-1.2517212830165893e+18,-1.2517212830165893e+18,-1.2517212830165893e+18,-1.2517212830165893e+18,0
2012-01-03,-1.2517212830165893e+18,-1.2517212830165893e+18,-1.2517212830165893e+18,-1.2517212830165893e+18,0
2012-01-04,-1.2517212830165893e+18,-1.2517212830165893e+18,-1.2517212830165893e+18,-1.2517212830165893e+18,0
2012-01-05,-1.2517212830165893e+18,-1.2517212830165893e+18,-1.2517212830165893e+18,-1.2517212830165893e+18,0
2012-01-10,-1.2517212830165893e+18,-1.2517212830165893e+18,-1.2517212830165893e+18,-1.2517212830165893e+18,0
2012-01-11,-1.2517212830165893e+18,-1.2517212830165893e+18,-1.2517212830165893e+18,-1.2517212830165893e+18,0
2012-01-12,-1.2517212830165893e+18,-1.2517212830165893e+18,-1.2517212830165893e+18,-1.2517212830165893e+18,0
2012-01-13,-1.2517212830165893e+18,-1.2517212830165893e+18,-1.2517212830165893e+18,-1.2517212830165893e+18,10000
2012-01-16,-1.2517212830165893e+18,-1.2517212830165893e+18,-1.2517212830165893e+18,-1.2517212830165893e+18,0
2012-01-17,-1.2517212830165893e+18,-1.2517212830165893e+18,-1.2517212830165893e+18,-1.2517212830165893e+18,0
2012-01-18,-1.2517212830165893e+18,-1.2517212830165893e+18,-1.2517212830165893e+18,-1.2517212830165893e+18,0
2012-01-19,-1.2517212830165893e+18,-1.2517212830165893e+18,-1.2517212830165893e+18,-1.2517212830165893e+18,0
2012-01-20,-1.2517212830165893e+18,-1.2517212830165893e+18,-1.2517212830165893e+18,-1.2517212830165893e+18,0
2012-01-23,-1.2517212830165893e+18,-1.2517212830165893e+18,-1.2517212830165893e+18,-1.2517212830165893e+18,642
2012-01-24,-1.2517212830165893e+18,-1.2517212830165893e+18,-1.2517212830165893e+18,-1.2517212830165893e+18,0
2012-01-25,-1.2517212830165893e+18,-1.2517212830165893e+18,-1.2517212830165893e+18,-1.2517212830165893e+18,0
2012-01-26,-1.2517212830165893e+18,-1.2517212830165893e+18,-1.2517212830165893e+18,-1.2517212830165893e+18,3000
2012-01-27,-1.2517212830165893e+18,-1.2517212830165893e+18,-1.2517212830165893e+18,-1.2517212830165893e+18,10000
2012-01-30,-1.2517212830165893e+18,-1.2517212830165893e+18,-1.2517212830165893e+18,-1.2517212830165893e+18,0
2012-01-31,-1.2517212830165893e+18,-1.2517212830165893e+18,-1.2517212830165893e+18,-1.2517212830165893e+18,0
2012-02-01,-1.2517212830165893e+18,-1.2517212830165893e+18,-1.2517212830165893e+18,-1.2517212830165893e+18,3000
2012-02-02,-1.2517212830165893e+18,-1.2517212830165893e+18,-1.2517212830165893e+18,-1.2517212830165893e+18,13500
2012-02-03,-1.2517212830165893e+18,-1.2517212830165893e+18,-1.2517212830165893e+18,-1.2517212830165893e+18,0
2012-02-06,-1.2517212830165893e+18,-1.2517212830165893e+18,-1.2517212830165893e+18,-1.2517212830165893e+18,12600
2012-02-07,-1.2517212830165893e+18,-1.2517212830165893e+18,-1.2517212830165893e+18,-1.2517212830165893e+18,12192
2012-02-08,-1.2517212830165893e+18,-1.2517212830165893e+18,-1.2517212830165893e+18,-1.2517212830165893e+18,0
2012-02-09,-1.2517212830165893e+18,-1.2517212830165893e+18,-1.2517212830165893e+18,-1.2517212830165893e+18,30
2012-02-10,-1.2517212830165893e+18,-1.2517212830165893e+18,-1.2517212830165893e+18,-1.2517212830165893e+18,5490
2012-02-13,-1.2517212830165893e+18,-1.2517212830165893e+18,-1.2517212830165893e+18,-1.2517212830165893e+18,0
2012-02-14,-1.2517212830165893e+18,-1.2517212830165893e+18,-1.2517212830165893e+18,-1.2517212830165893e+18,0
2012-02-15,-1.2517212830165893e+18,-1.2517212830165893e+18,-1.2517212830165893e+18,-1.2517212830165893e+18,0
2012-02-16,-1.2517212830165893e+18,-1.2517212830165893e+18,-1.2517212830165893e+18,-1.2517212830165893e+18,0
2012-02-17,-1.2517212830165893e+18,-1.2517212830165893e+18,-1.2517212830165893e+18,-1.2517212830165893e+18,0
2012-02-22,-1.2517212830165893e+18,-1.2517212830165893e+18,-1.2517212830165893e+18,-1.2517212830165893e+18,0
2012-02-23,-1.2517212830165893e+18,-1.2517212830165893e+18,-1.2517212830165893e+18,-1.2517212830165893e+18,0
2012-02-24,-1.2517212830165893e+18,-1.2517212830165893e+18,-1.2517212830165893e+18,-1.2517212830165893e+18,400
2012-02-27,-1.2517212830165893e+18,-1.2517212830165893e+18,-1.2517212830165893e+18,-1.2517212830165893e+18,2100
2012-02-28,-1.2517212830165893e+18,-1.2517212830165893e+18,-1.2517212830165893e+18,-1.2517212830165893e+18,21200
2012-02-29,-1.2517212830165893e+18,-1.2517212830165893e+18,-1.2517212830165893e+18,-1.2517212830165893e+18,9900
2012-03-01,-1.2517212830165893e+18,-1.2517212830165893e+18,-1.2517212830165893e+18,-1.2517212830165893e+18,5000
2012-03-02,-1.2517212830165893e+18,-1.2517212830165893e+18,-1.2517212830165893e+18,-1.2517212830165893e+18,0
2012-03-05,-1.2517212830165893e+18,-1.2517212830165893e+18,-1.2517212830165893e+18,-1.2517212830165893e+18,0
2012-03-06,-1.2517212830165893e+18,-1.2517212830165893e+18,-1.2517212830165893e+18,-1.2517212830165893e+18,12350
2012-03-07,-1.2517212830165893e+18,-1.2517212830165893e+18,-1.2517212830165893e+18,-1.2517212830165893e+18,0
2012-03-08,-1.2517212830165893e+18,-1.2517212830165893e+18,-1.2517212830165893e+18,-1.2517212830165893e+18,3650
2012-03-09,-1.2517212830165893e+18,-1.5646516037707366e+18,-1.2517212830165893e+18,-1.2517212830165893e+18,5728
2012-03-12,-1.564651638130475e+18,-1.564651638130475e+18,-1.564651638130475e+18,-1.564651638130475e+18,2272
2012-03-13,-1.564651638130475e+18,-1.564651638130475e+18,-1.564651638130475e+18,-1.564651638130475e+18,0
2012-03-14,-1.564651638130475e+18,-1.564651638130475e+18,-1.564651638130475e+18,-1.564651638130475e+18,0
2012-03-15,-1.564651638130475e+18,-1.564651638130475e+18,-1.564651638130475e+18,-1.564651638130475e+18,0
2012-03-16,-1.564651638130475e+18,-1.564651638130475e+18,-1.564651638130475e+18,-1.564651638130475e+18,2082
2012-03-20,-1.564651638130475e+18,-1.564651638130475e+18,-1.564651638130475e+18,-1.564651638130475e+18,0
2012-03-21,-1.564651638130475e+18,-1.564651638130475e+18,-1.564651638130475e+18,-1.564651638130475e+18,10000
2012-03-22,-1.564651638130475e+18,-1.564651638130475e+18,-1.564651638130475e+18,-1.564651638130475e+18,0
2012-03-23,-1.564651638130475e+18,-1.564651638130475e+18,-1.564651638130475e+18,-1.564651638130475e+18,0
2012-03-26,-1.564651638130475e+18,-1.564651638130475e+18,-1.564651638130475e+18,-1.564651638130475e+18,3250
2012-03-27,-1.564651638130475e+18,-1.564651638130475e+18,-1.564651638130475e+18,-1.564651638130475e+18,15000
2012-03-28,-1.564651638130475e+18,-1.564651638130475e+18,-1.564651638130475e+18,-1.564651638130475e+18,15000
2012-03-29,-1.564651638130475e+18,-1.564651638130475e+18,-1.564651638130475e+18,-1.564651638130475e+18,28050
2012-03-30,-1.564651638130475e+18,-1.564651638130475e+18,-1.564651638130475e+18,-1.564651638130475e+18,0
2012-04-02,-1.564651638130475e+18,-1.564651638130475e+18,-1.564651638130475e+18,-1.564651638130475e+18,0
2012-04-03,-1.564651638130475e+18,-1.564651638130475e+18,-1.564651638130475e+18,-1.564651638130475e+18,0
2012-04-04,-1.564651638130475e+18,-1.564651638130475e+18,-1.564651638130475e+18,-1.564651638130475e+18,0
2012-04-09,-1.564651638130475e+18,-1.564651638130475e+18,-1.564651638130475e+18,-1.564651638130475e+18,0
2012-04-10,-1.564651638130475e+18,-1.564651638130475e+18,-1.564651638130475e+18,-1.564651638130475e+18,0
2012-04-11,-1.564651638130475e+18,-1.564651638130475e+18,-1.564651638130475e+18,-1.564651638130475e+18,0
2012-04-12,-1.564651638130475e+18,-1.564651638130475e+18,-1.564651638130475e+18,-1.564651638130475e+18,0
2012-04-13,-1.564651638130475e+18,-1.564651638130475e+18,-1.564651638130475e+18,-1.564651638130475e+18,0
2012-04-16,-1.564651638130475e+18,-1.564651638130475e+18,-1.564651638130475e+18,-1.564651638130475e+18,0
2012-04-17,-1.564651638130475e+18,-1.564651638130475e+18,-1.564651638130475e+18,-1.564651638130475e+18,0
2012-04-18,-1.564651638130475e+18,-1.564651638130475e+18,-1.564651638130475e+18,-1.564651638130475e+18,0
2012-04-20,-3.129303502936267e+23,-3.129303502936267e+23,-3.129303502936267e+23,-3.129303502936267e+23,0
2012-04-23,-3.129303502936267e+23,-3.129303502936267e+23,-3.129303502936267e+23,-3.129303502936267e+23,0
2012-04-24,-3.129303502936267e+23,-3.129303502936267e+23,-3.129303502936267e+23,-3.129303502936267e+23,0
2012-04-25,-3.129303502936267e+23,-3.129303502936267e+23,-3.129303502936267e+23,-3.129303502936267e+23,0
2012-04-26,-3.129303502936267e+23,-3.129303502936267e+23,-3.129303502936267e+23,-3.129303502936267e+23,0
2012-04-27,-3.129303502936267e+23,-3.129303502936267e+23,-3.129303502936267e+23,-3.129303502936267e+23,0
2012-04-30,-3.129303502936267e+23,-3.129303502936267e+23,-3.129303502936267e+23,-3.129303502936267e+23,0
2012-05-02,-3.129303502936267e+23,-3.129303502936267e+23,-3.129303502936267e+23,-3.129303502936267e+23,0
2012-05-03,-3.129303502936267e+23,-3.129303502936267e+23,-3.129303502936267e+23,-3.129303502936267e+23,0
2012-05-04,-3.129303502936267e+23,-3.129303502936267e+23,-3.129303502936267e+23,-3.129303502936267e+23,0
2012-05-07,-3.129303502936267e+23,-3.129303502936267e+23,-3.129303502936267e+23,-3.129303502936267e+23,0
2012-05-08,-3.129303502936267e+23,-3.129303502936267e+23,-3.129303502936267e+23,-3.129303502936267e+23,0
2012-05-09,-3.129303502936267e+23,-3.129303502936267e+23,-3.129303502936267e+23,-3.129303502936267e+23,0
2012-05-10,-3.129303502936267e+23,-3.129303502936267e+23,-3.129303502936267e+23,-3.129303502936267e+23,0
2012-05-11,5.130089808005169e+18,5.130089808005169e+18,5.130089808005169e+18,5.130089808005169e+18,0
2012-05-14,5.130089808005169e+18,5.130089808005169e+18,5.130089808005169e+18,5.130089808005169e+18,0
2012-05-15,5.130089808005169e+18,5.130089808005169e+18,5.130089808005169e+18,5.130089808005169e+18,0
2012-05-16,5.130089808005169e+18,5.130089808005169e+18,5.130089808005169e+18,5.130089808005169e+18,0
2012-05-17,5.130089808005169e+18,5.130089808005169e+18,5.130089808005169e+18,5.130089808005169e+18,0
2012-05-22,5.130089808005169e+18,5.130089808005169e+18,5.130089808005169e+18,5.130089808005169e+18,0
2012-05-23,5.130089808005169e+18,5.130089808005169e+18,5.130089808005169e+18,5.130089808005169e+18,0
2012-05-24,5.130089808005169e+18,5.130089808005169e+18,5.130089808005169e+18,5.130089808005169e+18,0
2012-05-25,5.130089808005169e+18,5.130089808005169e+18,5.130089808005169e+18,5.130089808005169e+18,0
2012-05-28,5.130089808005169e+18,5.130089808005169e+18,5.130089808005169e+18,5.130089808005169e+18,0
2012-05-29,5.130089808005169e+18,5.130089808005169e+18,5.130089808005169e+18,5.130089808005169e+18,0
2012-05-30,5.130089808005169e+18,5.130089808005169e+18,5.130089808005169e+18,5.130089808005169e+18,0
2012-05-31,5.130089808005169e+18,5.130089808005169e+18,5.130089808005169e+18,5.130089808005169e+18,0
2012-06-01,5.130089808005169e+18,5.130089808005169e+18,5.130089808005169e+18,5.130089808005169e+18,0
2012-06-04,5.130089808005169e+18,5.130089808005169e+18,5.130089808005169e+18,5.130089808005169e+18,0
2012-06-05,5.130089808005169e+18,5.130089808005169e+18,5.130089808005169e+18,5.130089808005169e+18,0
2012-06-06,5.130089808005169e+18,5.130089808005169e+18,5.130089808005169e+18,5.130089808005169e+18,0
2012-06-08,5.130089808005169e+18,5.130089808005169e+18,5.130089808005169e+18,5.130089808005169e+18,0
2012-06-12,5.130089808005169e+18,5.130089808005169e+18,5.130089808005169e+18,5.130089808005169e+18,0
2012-06-13,5.130089808005169e+18,5.130089808005169e+18,5.130089808005169e+18,5.130089808005169e+18,0
2012-06-14,5.130089808005169e+18,5.130089808005169e+18,5.130089808005169e+18,5.130089808005169e+18,0
2012-06-15,5.130089808005169e+18,5.130089808005169e+18,5.130089808005169e+18,5.130089808005169e+18,0
2012-06-18,5.130089808005169e+18,5.130089808005169e+18,5.130089808005169e+18,5.130089808005169e+18,0
2012-06-19,5.130089808005169e+18,5.130089808005169e+18,5.130089808005169e+18,5.130089808005169e+18,0
2012-06-20,5.130089808005169e+18,5.130089808005169e+18,5.130089808005169e+18,5.130089808005169e+18,0
2012-06-21,5.130089808005169e+18,5.130089808005169e+18,5.130089808005169e+18,5.130089808005169e+18,0
2012-06-22,5.130089808005169e+18,5.130089808005169e+18,5.130089808005169e+18,5.130089808005169e+18,0
2012-06-25,5.130089808005169e+18,5.130089808005169e+18,5.130089808005169e+18,5.130089808005169e+18,0
2012-06-26,5.130089808005169e+18,5.130089808005169e+18,5.130089808005169e+18,5.130089808005169e+18,0
2012-06-27,5.130089808005169e+18,5.130089808005169e+18,5.130089808005169e+18,5.130089808005169e+18,0
2012-06-28,5.130089808005169e+18,5.130089808005169e+18,5.130089808005169e+18,5.130089808005169e+18,0
2012-06-29,5.130089808005169e+18,5.130089808005169e+18,5.130089808005169e+18,5.130089808005169e+18,0
2012-07-03,5.130089808005169e+18,5.130089808005169e+18,5.130089808005169e+18,5.130089808005169e+18,0
2012-07-04,5.130089808005169e+18,5.130089808005169e+18,5.130089808005169e+18,5.130089808005169e+18,0
2012-07-06,5.130089808005169e+18,5.130089808005169e+18,5.130089808005169e+18,5.130089808005169e+18,0
2012-07-09,5.130089808005169e+18,5.130089808005169e+18,5.130089808005169e+18,5.130089808005169e+18,0
2012-07-10,5.130089808005169e+18,5.130089808005169e+18,5.130089808005169e+18,5.130089808005169e+18,0
2012-07-11,5.130089808005169e+18,5.130089808005169e+18,5.130089808005169e+18,5.130089808005169e+18,0
2012-07-12,5.130089808005169e+18,5.130089808005169e+18,5.130089808005169e+18,5.130089808005169e+18,0
2012-07-13,5.130089808005169e+18,5.130089808005169e+18,5.130089808005169e+18,5.130089808005169e+18,0
2012-07-16,5.130089808005169e+18,5.130089808005169e+18,5.130089808005169e+18,5.130089808005169e+18,0
2012-07-17,5.130089808005169e+18,5.130089808005169e+18,5.130089808005169e+18,5.130089808005169e+18,0
2012-07-18,5.130089808005169e+18,5.130089808005169e+18,5.130089808005169e+18,5.130089808005169e+18,0
2012-07-19,5.130089808005169e+18,5.130089808005169e+18,5.130089808005169e+18,5.130089808005169e+18,0
2012-07-20,5.130089808005169e+18,5.130089808005169e+18,5.130089808005169e+18,5.130089808005169e+18,0
2012-07-23,5.130089808005169e+18,5.130089808005169e+18,5.130089808005169e+18,5.130089808005169e+18,0
2012-07-25,5.130089808005169e+18,5.130089808005169e+18,5.130089808005169e+18,5.130089808005169e+18,0
2012-07-26,5.130089808005169e+18,5.130089808005169e+18,5.130089808005169e+18,5.130089808005169e+18,0
2012-07-27,5.130089808005169e+18,5.130089808005169e+18,5.130089808005169e+18,5.130089808005169e+18,0
2012-07-30,5.130089808005169e+18,5.130089808005169e+18,5.130089808005169e+18,5.130089808005169e+18,0
2012-07-31,5.130089808005169e+18,5.130089808005169e+18,5.130089808005169e+18,5.130089808005169e+18,0
2012-08-01,5.130089808005169e+18,5.130089808005169e+18,5.130089808005169e+18,5.130089808005169e+18,0
2012-08-02,5.130089808005169e+18,5.130089808005169e+18,5.130089808005169e+18,5.130089808005169e+18,0
2012-08-03,5.130089808005169e+18,5.130089808005169e+18,5.130089808005169e+18,5.130089808005169e+18,0
2012-08-06,5.130089808005169e+18,5.130089808005169e+18,5.130089808005169e+18,5.130089808005169e+18,0
2012-08-07,5.130089808005169e+18,5.130089808005169e+18,5.130089808005169e+18,5.130089808005169e+18,0
2012-08-08,5.130089808005169e+18,5.130089808005169e+18,5.130089808005169e+18,5.130089808005169e+18,0
2012-08-09,5.130089808005169e+18,5.130089808005169e+18,5.130089808005169e+18,5.130089808005169e+18,0
2012-08-10,5.130089808005169e+18,5.130089808005169e+18,5.130089808005169e+18,5.130089808005169e+18,0
2012-08-14,5.130089808005169e+18,5.130089808005169e+18,5.130089808005169e+18,5.130089808005169e+18,0
2012-08-16,5.130089808005169e+18,5.130089808005169e+18,5.130089808005169e+18,5.130089808005169e+18,0
2012-08-17,5.130089808005169e+18,5.130089808005169e+18,5.130089808005169e+18,5.130089808005169e+18,0
2012-08-20,5.130089808005169e+18,5.130089808005169e+18,5.130089808005169e+18,5.130089808005169e+18,0
2012-08-21,5.130089808005169e+18,5.130089808005169e+18,5.130089808005169e+18,5.130089808005169e+18,0
2012-08-22,5.130089808005169e+18,5.130089808005169e+18,5.130089808005169e+18,5.130089808005169e+18,0
2012-08-23,5.130089808005169e+18,5.130089808005169e+18,5.130089808005169e+18,5.130089808005169e+18,0
2012-08-24,5.130089808005169e+18,5.130089808005169e+18,5.130089808005169e+18,5.130089808005169e+18,0
2012-08-27,5.130089808005169e+18,5.130089808005169e+18,5.130089808005169e+18,5.130089808005169e+18,0
2012-08-28,5.130089808005169e+18,5.130089808005169e+18,5.130089808005169e+18,5.130089808005169e+18,0
2012-08-29,5.130089808005169e+18,5.130089808005169e+18,5.130089808005169e+18,5.130089808005169e+18,0
2012-08-30,5.130089808005169e+18,5.130089808005169e+18,5.130089808005169e+18,5.130089808005169e+18,0
2012-08-31,5.130089808005169e+18,5.130089808005169e+18,5.130089808005169e+18,5.130089808005169e+18,0
2012-09-03,5.130089808005169e+18,5.130089808005169e+18,5.130089808005169e+18,5.130089808005169e+18,0
2012-09-04,5.130089808005169e+18,5.130089808005169e+18,5.130089808005169e+18,5.130089808005169e+18,0
2012-09-05,5.130089808005169e+18,5.130089808005169e+18,5.130089808005169e+18,5.130089808005169e+18,0
2012-09-06,5.130089808005169e+18,5.130089808005169e+18,5.130089808005169e+18,5.130089808005169e+18,0
2012-09-07,5.130089808005169e+18,5.130089808005169e+18,5.130089808005169e+18,5.130089808005169e+18,0
2012-09-10,5.130089808005169e+18,5.130089808005169e+18,5.130089808005169e+18,5.130089808005169e+18,0
2012-09-11,5.130089808005169e+18,5.130089808005169e+18,5.130089808005169e+18,5.130089808005169e+18,0
2012-09-12,5.130089808005169e+18,5.130089808005169e+18,5.130089808005169e+18,5.130089808005169e+18,0
2012-09-13,5.130089808005169e+18,5.130089808005169e+18,5.130089808005169e+18,5.130089808005169e+18,0
2012-09-14,5.130089808005169e+18,5.130089808005169e+18,5.130089808005169e+18,5.130089808005169e+18,0
2012-09-17,5.130089808005169e+18,5.130089808005169e+18,5.130089808005169e+18,5.130089808005169e+18,0
2012-09-18,5.130089808005169e+18,5.130089808005169e+18,5.130089808005169e+18,5.130089808005169e+18,0
2012-09-19,5.130089808005169e+18,5.130089808005169e+18,5.130089808005169e+18,5.130089808005169e+18,0
2012-09-20,5.130089808005169e+18,5.130089808005169e+18,5.130089808005169e+18,5.130089808005169e+18,0
2012-09-21,5.130089808005169e+18,5.130089808005169e+18,5.130089808005169e+18,5.130089808005169e+18,0
2012-09-24,5.130089808005169e+18,5.130089808005169e+18,5.130089808005169e+18,5.130089808005169e+18,0
2012-09-25,5.130089808005169e+18,5.130089808005169e+18,5.130089808005169e+18,5.130089808005169e+18,0
2012-09-26,5.130089808005169e+18,5.130089808005169e+18,5.130089808005169e+18,5.130089808005169e+18,0
2012-09-27,5.130089808005169e+18,5.130089808005169e+18,5.130089808005169e+18,5.130089808005169e+18,0
2012-09-28,5.130089808005169e+18,5.130089808005169e+18,5.130089808005169e+18,5.130089808005169e+18,0
2012-10-01,5.130089808005169e+18,5.130089808005169e+18,5.130089808005169e+18,5.130089808005169e+18,0
2012-10-02,5.130089808005169e+18,5.130089808005169e+18,5.130089808005169e+18,5.130089808005169e+18,0
2012-10-03,5.130089808005169e+18,5.130089808005169e+18,5.130089808005169e+18,5.130089808005169e+18,0
2012-10-04,5.130089808005169e+18,5.130089808005169e+18,5.130089808005169e+18,5.130089808005169e+18,0
2012-10-05,5.130089808005169e+18,5.130089808005169e+18,5.130089808005169e+18,5.130089808005169e+18,0
2012-10-08,5.130089808005169e+18,5.130089808005169e+18,5.130089808005169e+18,5.130089808005169e+18,0
2012-10-09,5.130089808005169e+18,5.130089808005169e+18,5.130089808005169e+18,5.130089808005169e+18,0
2012-10-10,5.130089808005169e+18,5.130089808005169e+18,5.130089808005169e+18,5.130089808005169e+18,0
2012-10-11,5.130089808005169e+18,5.130089808005169e+18,5.130089808005169e+18,5.130089808005169e+18,0
2012-10-15,5.130089808005169e+18,5.130089808005169e+18,5.130089808005169e+18,5.130089808005169e+18,0
2012-10-16,5.130089808005169e+18,5.130089808005169e+18,5.130089808005169e+18,5.130089808005169e+18,0
2012-10-17,5.130089808005169e+18,5.130089808005169e+18,5.130089808005169e+18,5.130089808005169e+18,0
2012-10-18,5.130089808005169e+18,5.130089808005169e+18,5.130089808005169e+18,5.130089808005169e+18,0
2012-10-19,5.130089808005169e+18,5.130089808005169e+18,5.130089808005169e+18,5.130089808005169e+18,0
2012-10-22,5.130089808005169e+18,5.130089808005169e+18,5.130089808005169e+18,5.130089808005169e+18,0
2012-10-23,5.130089808005169e+18,5.130089808005169e+18,5.130089808005169e+18,5.130089808005169e+18,0
2012-10-24,5.130089808005169e+18,5.130089808005169e+18,5.130089808005169e+18,5.130089808005169e+18,0
2012-10-25,5.130089808005169e+18,5.130089808005169e+18,5.130089808005169e+18,5.130089808005169e+18,0
2012-10-26,5.130089808005169e+18,5.130089808005169e+18,5.130089808005169e+18,5.130089808005169e+18,0
2012-10-29,5.130089808005169e+18,5.130089808005169e+18,5.130089808005169e+18,5.130089808005169e+18,0
2012-10-30,5.130089808005169e+18,5.130089808005169e+18,5.130089808005169e+18,5.130089808005169e+18,0
2012-10-31,5.130089808005169e+18,5.130089808005169e+18,5.130089808005169e+18,5.130089808005169e+18,0
2012-11-02,5.130089808005169e+18,5.130089808005169e+18,5.130089808005169e+18,5.130089808005169e+18,0
2012-11-06,5.130089808005169e+18,5.130089808005169e+18,5.130089808005169e+18,5.130089808005169e+18,0
2012-11-07,5.130089808005169e+18,5.130089808005169e+18,5.130089808005169e+18,5.130089808005169e+18,0
2012-11-08,5.130089808005169e+18,5.130089808005169e+18,5.130089808005169e+18,5.130089808005169e+18,0
2012-11-09,5.130089808005169e+18,5.130089808005169e+18,5.130089808005169e+18,5.130089808005169e+18,0
2012-11-12,5.130089808005169e+18,5.130089808005169e+18,5.130089808005169e+18,5.130089808005169e+18,0
2012-11-13,5.130089808005169e+18,5.130089808005169e+18,5.130089808005169e+18,5.130089808005169e+18,0
2012-11-14,5.130089808005169e+18,5.130089808005169e+18,5.130089808005169e+18,5.130089808005169e+18,0
2012-11-15,5.130089808005169e+18,5.130089808005169e+18,5.130089808005169e+18,5.130089808005169e+18,0
2012-11-16,5.130089808005169e+18,5.130089808005169e+18,5.130089808005169e+18,5.130089808005169e+18,0
2012-11-19,5.130089808005169e+18,5.130089808005169e+18,5.130089808005169e+18,5.130089808005169e+18,0
2012-11-20,5.130089808005169e+18,5.130089808005169e+18,5.130089808005169e+18,5.130089808005169e+18,0
2012-11-21,5.130089808005169e+18,5.130089808005169e+18,5.130089808005169e+18,5.130089808005169e+18,0
2012-11-22,5.130089808005169e+18,5.130089808005169e+18,5.130089808005169e+18,5.130089808005169e+18,0
2012-11-23,5.130089808005169e+18,5.130089808005169e+18,5.130089808005169e+18,5.130089808005169e+18,0
2012-11-26,5.130089808005169e+18,5.130089808005169e+18,5.130089808005169e+18,5.130089808005169e+18,0
2012-11-27,5.130089808005169e+18,5.130089808005169e+18,5.130089808005169e+18,5.130089808005169e+18,0
2012-11-28,5.130089808005169e+18,5.130089808005169e+18,5.130089808005169e+18,5.130089808005169e+18,0
2012-11-29,5.130089808005169e+18,5.130089808005169e+18,5.130089808005169e+18,5.130089808005169e+18,0
2012-11-30,5.130089808005169e+18,5.130089808005169e+18,5.130089808005169e+18,5.130089808005169e+18,0
2012-12-03,5.130089808005169e+18,5.130089808005169e+18,5.130089808005169e+18,5.130089808005169e+18,0
2012-12-04,5.130089808005169e+18,5.130089808005169e+18,5.130089808005169e+18,5.130089808005169e+18,0
2012-12-05,5.130089808005169e+18,5.130089808005169e+18,5.130089808005169e+18,5.130089808005169e+18,0
2012-12-06,5.130089808005169e+18,5.130089808005169e+18,5.130089808005169e+18,5.130089808005169e+18,0
2012-12-07,5.130089808005169e+18,5.130089808005169e+18,5.130089808005169e+18,5.130089808005169e+18,0
2012-12-10,5.130089808005169e+18,5.130089808005169e+18,5.130089808005169e+18,5.130089808005169e+18,0
2012-12-11,5.130089808005169e+18,5.130089808005169e+18,5.130089808005169e+18,5.130089808005169e+18,0
2012-12-12,5.130089808005169e+18,5.130089808005169e+18,5.130089808005169e+18,5.130089808005169e+18,0
2012-12-13,5.130089808005169e+18,5.130089808005169e+18,5.130089808005169e+18,5.130089808005169e+18,0
2012-12-14,5.130089808005169e+18,5.130089808005169e+18,5.130089808005169e+18,5.130089808005169e+18,0
2012-12-17,5.130089808005169e+18,5.130089808005169e+18,5.130089808005169e+18,5.130089808005169e+18,0
2012-12-18,5.130089808005169e+18,5.130089808005169e+18,5.130089808005169e+18,5.130089808005169e+18,0
2012-12-19,5.130089808005169e+18,5.130089808005169e+18,5.130089808005169e+18,5.130089808005169e+18,0
2012-12-20,5.130089808005169e+18,5.130089808005169e+18,5.130089808005169e+18,5.130089808005169e+18,0
2012-12-21,5.130089808005169e+18,5.130089808005169e+18,5.130089808005169e+18,5.130089808005169e+18,0
2012-12-26,5.130089808005169e+18,5.130089808005169e+18,5.130089808005169e+18,5.130089808005169e+18,0
2012-12-27,5.130089808005169e+18,5.130089808005169e+18,5.130089808005169e+18,5.130089808005169e+18,0
2012-12-28,5.130089808005169e+18,5.130089808005169e+18,5.130089808005169e+18,5.130089808005169e+18,0
2013-01-02,5.130089808005169e+18,5.130089808005169e+18,5.130089808005169e+18,5.130089808005169e+18,0
2013-01-03,5.130089808005169e+18,5.130089808005169e+18,5.130089808005169e+18,5.130089808005169e+18,0
2013-01-04,5.130089808005169e+18,5.130089808005169e+18,5.130089808005169e+18,5.130089808005169e+18,0
2013-01-07,5.130089808005169e+18,5.130089808005169e+18,5.130089808005169e+18,5.130089808005169e+18,0
2013-01-08,5.130089808005169e+18,5.130089808005169e+18,5.130089808005169e+18,5.130089808005169e+18,0
2013-01-09,5.130089808005169e+18,5.130089808005169e+18,5.130089808005169e+18,5.130089808005169e+18,0
2013-01-10,5.130089808005169e+18,5.130089808005169e+18,5.130089808005169e+18,5.130089808005169e+18,0
2013-01-11,5.130089808005169e+18,5.130089808005169e+18,5.130089808005169e+18,5.130089808005169e+18,0
2013-01-14,5.130089808005169e+18,5.130089808005169e+18,5.130089808005169e+18,5.130089808005169e+18,0
2013-01-15,5.130089808005169e+18,5.130089808005169e+18,5.130089808005169e+18,5.130089808005169e+18,0
2013-01-16,5.130089808005169e+18,5.130089808005169e+18,5.130089808005169e+18,5.130089808005169e+18,0
2013-01-17,5.130089808005169e+18,5.130089808005169e+18,5.130089808005169e+18,5.130089808005169e+18,0
2013-01-18,5.130089808005169e+18,5.130089808005169e+18,5.130089808005169e+18,5.130089808005169e+18,0
2013-01-21,5.130089808005169e+18,5.130089808005169e+18,5.130089808005169e+18,5.130089808005169e+18,0
2013-01-22,5.130089808005169e+18,5.130089808005169e+18,5.130089808005169e+18,5.130089808005169e+18,0
2013-01-23,5.130089808005169e+18,5.130089808005169e+18,5.130089808005169e+18,5.130089808005169e+18,0
2013-01-24,5.130089808005169e+18,5.130089808005169e+18,5.130089808005169e+18,5.130089808005169e+18,0
2013-01-25,5.130089808005169e+18,5.130089808005169e+18,5.130089808005169e+18,5.130089808005169e+18,0
2013-01-28,5.130089808005169e+18,5.130089808005169e+18,5.130089808005169e+18,5.130089808005169e+18,0
2013-01-29,5.130089808005169e+18,5.130089808005169e+18,5.130089808005169e+18,5.130089808005169e+18,0
2013-01-30,5.130089808005169e+18,5.130089808005169e+18,5.130089808005169e+18,5.130089808005169e+18,0
2013-01-31,5.130089808005169e+18,5.130089808005169e+18,5.130089808005169e+18,5.130089808005169e+18,0
2013-02-01,5.130089808005169e+18,5.130089808005169e+18,5.130089808005169e+18,5.130089808005169e+18,0
2013-02-04,5.130089808005169e+18,5.130089808005169e+18,5.130089808005169e+18,5.130089808005169e+18,0
2013-02-05,5.130089808005169e+18,5.130089808005169e+18,5.130089808005169e+18,5.130089808005169e+18,0
2013-02-06,5.130089808005169e+18,5.130089808005169e+18,5.130089808005169e+18,5.130089808005169e+18,0
2013-02-07,5.130089808005169e+18,5.130089808005169e+18,5.130089808005169e+18,5.130089808005169e+18,0
2013-02-08,5.130089808005169e+18,5.130089808005169e+18,5.130089808005169e+18,5.130089808005169e+18,0
2013-02-13,5.130089808005169e+18,5.130089808005169e+18,5.130089808005169e+18,5.130089808005169e+18,0
2013-02-14,5.130089808005169e+18,5.130089808005169e+18,5.130089808005169e+18,5.130089808005169e+18,0
2013-02-15,5.130089808005169e+18,5.130089808005169e+18,5.130089808005169e+18,5.130089808005169e+18,0
2013-02-18,5.130089808005169e+18,5.130089808005169e+18,5.130089808005169e+18,5.130089808005169e+18,0
2013-02-19,5.130089808005169e+18,5.130089808005169e+18,5.130089808005169e+18,5.130089808005169e+18,0
2013-02-20,5.130089808005169e+18,5.130089808005169e+18,5.130089808005169e+18,5.130089808005169e+18,0
2013-02-21,5.130089808005169e+18,5.130089808005169e+18,5.130089808005169e+18,5.130089808005169e+18,0
2013-02-22,5.130089808005169e+18,5.130089808005169e+18,5.130089808005169e+18,5.130089808005169e+18,0
2013-02-25,5.130089808005169e+18,5.130089808005169e+18,5.130089808005169e+18,5.130089808005169e+18,0
2013-02-26,5.130089808005169e+18,5.130089808005169e+18,5.130089808005169e+18,5.130089808005169e+18,0
2013-02-27,5.130089808005169e+18,5.130089808005169e+18,5.130089808005169e+18,5.130089808005169e+18,0
2013-02-28,5.130089808005169e+18,5.130089808005169e+18,5.130089808005169e+18,5.130089808005169e+18,0
2013-03-01,5.130089808005169e+18,5.130089808005169e+18,5.130089808005169e+18,5.130089808005169e+18,0
2013-03-04,5.130089808005169e+18,5.130089808005169e+18,5.130089808005169e+18,5.130089808005169e+18,0
2013-03-05,5.130089808005169e+18,5.130089808005169e+18,5.130089808005169e+18,5.130089808005169e+18,0
2013-03-06,5.130089808005169e+18,5.130089808005169e+18,5.130089808005169e+18,5.130089808005169e+18,0
2013-03-07,5.130089808005169e+18,5.130089808005169e+18,5.130089808005169e+18,5.130089808005169e+18,0
2013-03-11,5.130089808005169e+18,5.130089808005169e+18,5.130089808005169e+18,5.130089808005169e+18,0
2013-03-12,5.130089808005169e+18,5.130089808005169e+18,5.130089808005169e+18,5.130089808005169e+18,0
2013-03-13,5.130089808005169e+18,5.130089808005169e+18,5.130089808005169e+18,5.130089808005169e+18,0
2013-03-14,5.130089808005169e+18,5.130089808005169e+18,5.130089808005169e+18,5.130089808005169e+18,0
2013-03-18,5.130089808005169e+18,5.130089808005169e+18,5.130089808005169e+18,5.130089808005169e+18,0
2013-03-20,5.130089808005169e+18,5.130089808005169e+18,5.130089808005169e+18,5.130089808005169e+18,0
2013-03-21,5.130089808005169e+18,5.130089808005169e+18,5.130089808005169e+18,5.130089808005169e+18,0
2013-03-22,5.130089808005169e+18,5.130089808005169e+18,5.130089808005169e+18,5.130089808005169e+18,0
2013-03-25,5.130089808005169e+18,5.130089808005169e+18,5.130089808005169e+18,5.130089808005169e+18,0
2013-03-26,5.130089808005169e+18,5.130089808005169e+18,5.130089808005169e+18,5.130089808005169e+18,0
2013-03-27,5.130089808005169e+18,5.130089808005169e+18,5.130089808005169e+18,5.130089808005169e+18,0
2013-04-01,5.130089808005169e+18,5.130089808005169e+18,5.130089808005169e+18,5.130089808005169e+18,0
2013-04-02,5.130089808005169e+18,5.130089808005169e+18,5.130089808005169e+18,5.130089808005169e+18,0
2013-04-03,5.130089808005169e+18,5.130089808005169e+18,5.130089808005169e+18,5.130089808005169e+18,0
2013-04-04,5.130089808005169e+18,5.130089808005169e+18,5.130089808005169e+18,5.130089808005169e+18,0
2013-04-05,5.130089808005169e+18,5.130089808005169e+18,5.130089808005169e+18,5.130089808005169e+18,0
2013-04-08,5.130089808005169e+18,5.130089808005169e+18,5.130089808005169e+18,5.130089808005169e+18,0
2013-04-09,5.130089808005169e+18,5.130089808005169e+18,5.130089808005169e+18,5.130089808005169e+18,0
2013-04-10,5.130089808005169e+18,5.130089808005169e+18,5.130089808005169e+18,5.130089808005169e+18,0
2013-04-11,5.130089808005169e+18,5.130089808005169e+18,5.130089808005169e+18,5.130089808005169e+18,0
2013-04-12,5.130089808005169e+18,5.130089808005169e+18,5.130089808005169e+18,5.130089808005169e+18,0
2013-04-15,5.130089808005169e+18,5.130089808005169e+18,5.130089808005169e+18,5.130089808005169e+18,0
2013-04-16,5.130089808005169e+18,5.130089808005169e+18,5.130089808005169e+18,5.130089808005169e+18,0
2013-04-17,5.130089808005169e+18,5.130089808005169e+18,5.130089808005169e+18,5.130089808005169e+18,0
2013-04-18,5.130089808005169e+18,5.130089808005169e+18,5.130089808005169e+18,5.130089808005169e+18,0
2013-04-22,5.130089808005169e+18,5.130089808005169e+18,5.130089808005169e+18,5.130089808005169e+18,0
2013-04-23,5.130089808005169e+18,5.130089808005169e+18,5.130089808005169e+18,5.130089808005169e+18,0
2013-04-24,5.130089808005169e+18,5.130089808005169e+18,5.130089808005169e+18,5.130089808005169e+18,0
2013-04-25,5.130089808005169e+18,5.130089808005169e+18,5.130089808005169e+18,5.130089808005169e+18,0
2013-04-26,5.130089808005169e+18,5.130089808005169e+18,5.130089808005169e+18,5.130089808005169e+18,0
2013-04-29,5.130089808005169e+18,5.130089808005169e+18,5.130089808005169e+18,5.130089808005169e+18,0
2013-04-30,5.130089808005169e+18,5.130089808005169e+18,5.130089808005169e+18,5.130089808005169e+18,0
2013-05-02,5.130089808005169e+18,5.130089808005169e+18,5.130089808005169e+18,5.130089808005169e+18,0
2013-05-03,5.130089808005169e+18,5.130089808005169e+18,5.130089808005169e+18,5.130089808005169e+18,0
2013-05-06,5.130089808005169e+18,5.130089808005169e+18,5.130089808005169e+18,5.130089808005169e+18,0
2013-05-07,5.130089808005169e+18,5.130089808005169e+18,5.130089808005169e+18,5.130089808005169e+18,0
2013-05-08,5.130089808005169e+18,5.130089808005169e+18,5.130089808005169e+18,5.130089808005169e+18,0
2013-05-09,5.130089808005169e+18,5.130089808005169e+18,5.130089808005169e+18,5.130089808005169e+18,0
2013-05-10,5.130089808005169e+18,5.130089808005169e+18,5.130089808005169e+18,5.130089808005169e+18,0
2013-05-14,5.130089808005169e+18,5.130089808005169e+18,5.130089808005169e+18,5.130089808005169e+18,0
2013-05-15,5.130089808005169e+18,5.130089808005169e+18,5.130089808005169e+18,5.130089808005169e+18,0
2013-05-16,5.130089808005169e+18,5.130089808005169e+18,5.130089808005169e+18,5.130089808005169e+18,0
2013-05-17,5.130089808005169e+18,5.130089808005169e+18,5.130089808005169e+18,5.130089808005169e+18,0
2013-05-20,5.130089808005169e+18,5.130089808005169e+18,5.130089808005169e+18,5.130089808005169e+18,0
2013-05-21,-171008686292992.0,-171008686292992.0,-171008686292992.0,-171008686292992.0,0
2013-05-22,-171008686292992.0,-171008686292992.0,-171008686292992.0,-171008686292992.0,0
2013-05-23,-171008686292992.0,-171008686292992.0,-171008686292992.0,-171008686292992.0,0
2013-05-24,-171008686292992.0,-171008686292992.0,-171008686292992.0,-171008686292992.0,0
2013-05-27,-171008686292992.0,-171008686292992.0,-171008686292992.0,-171008686292992.0,0
2013-05-28,-171008686292992.0,-171008686292992.0,-171008686292992.0,-171008686292992.0,0
2013-05-29,-171008686292992.0,-171008686292992.0,-171008686292992.0,-171008686292992.0,0
2013-05-30,-171008686292992.0,-171008686292992.0,-171008686292992.0,-171008686292992.0,0
2013-05-31,-171008686292992.0,-171008686292992.0,-171008686292992.0,-171008686292992.0,0
2013-06-04,-171008686292992.0,-171008686292992.0,-171008686292992.0,-171008686292992.0,0
2013-06-05,-171008686292992.0,-171008686292992.0,-171008686292992.0,-171008686292992.0,0
2013-06-06,-171008686292992.0,-171008686292992.0,-171008686292992.0,-171008686292992.0,0
2013-06-07,-171008686292992.0,-171008686292992.0,-171008686292992.0,-171008686292992.0,0
2013-06-10,-171008686292992.0,-171008686292992.0,-171008686292992.0,-171008686292992.0,0
2013-06-11,-171008686292992.0,-171008686292992.0,-171008686292992.0,-171008686292992.0,0
2013-06-12,-171008686292992.0,-171008686292992.0,-171008686292992.0,-171008686292992.0,0
2013-06-13,-171008686292992.0,-171008686292992.0,-171008686292992.0,-171008686292992.0,0
2013-06-14,-171008686292992.0,-171008686292992.0,-171008686292992.0,-171008686292992.0,0
2013-06-17,-171008686292992.0,-171008686292992.0,-171008686292992.0,-171008686292992.0,0
2013-06-18,-171008686292992.0,-171008686292992.0,-171008686292992.0,-171008686292992.0,0
2013-06-19,-171008686292992.0,-171008686292992.0,-171008686292992.0,-171008686292992.0,0
2013-06-20,-171008686292992.0,-171008686292992.0,-171008686292992.0,-171008686292992.0,0
2013-06-21,-171008686292992.0,-171008686292992.0,-171008686292992.0,-171008686292992.0,0
2013-06-25,-171008686292992.0,-171008686292992.0,-171008686292992.0,-171008686292992.0,0
2013-06-26,-171008686292992.0,-171008686292992.0,-171008686292992.0,-171008686292992.0,0
2013-06-27,-171008686292992.0,-171008686292992.0,-171008686292992.0,-171008686292992.0,0
2013-06-28,-171008686292992.0,-171008686292992.0,-171008686292992.0,-171008686292992.0,0
2013-07-01,-171008686292992.0,-171008686292992.0,-171008686292992.0,-171008686292992.0,0
2013-07-02,-171008686292992.0,-171008686292992.0,-171008686292992.0,-171008686292992.0,0
2013-07-03,-171008686292992.0,-171008686292992.0,-171008686292992.0,-171008686292992.0,0
2013-07-04,-171008686292992.0,-171008686292992.0,-171008686292992.0,-171008686292992.0,0
2013-07-08,-171008686292992.0,-171008686292992.0,-171008686292992.0,-171008686292992.0,0
2013-07-09,-171008686292992.0,-171008686292992.0,-171008686292992.0,-171008686292992.0,0
2013-07-10,-171008686292992.0,-171008686292992.0,-171008686292992.0,-171008686292992.0,0
2013-07-11,-171008686292992.0,-171008686292992.0,-171008686292992.0,-171008686292992.0,0
2013-07-12,-171008686292992.0,-171008686292992.0,-171008686292992.0,-171008686292992.0,0
2013-07-15,-171008686292992.0,-171008686292992.0,-171008686292992.0,-171008686292992.0,0
2013-07-16,-171008686292992.0,-171008686292992.0,-171008686292992.0,-171008686292992.0,0
2013-07-17,-171008686292992.0,-171008686292992.0,-171008686292992.0,-171008686292992.0,0
2013-07-18,-171008686292992.0,-171008686292992.0,-171008686292992.0,-171008686292992.0,0
2013-07-19,-171008686292992.0,-171008686292992.0,-171008686292992.0,-171008686292992.0,0
2013-07-22,-171008686292992.0,-171008686292992.0,-171008686292992.0,-171008686292992.0,0
2013-07-23,-171008686292992.0,-171008686292992.0,-171008686292992.0,-171008686292992.0,0
2013-07-25,-171008686292992.0,-171008686292992.0,-171008686292992.0,-171008686292992.0,0
2013-07-26,-171008686292992.0,-171008686292992.0,-171008686292992.0,-171008686292992.0,0
2013-07-29,-171008686292992.0,-171008686292992.0,-171008686292992.0,-171008686292992.0,0
2013-07-30,-171008686292992.0,-171008686292992.0,-171008686292992.0,-171008686292992.0,0
2013-07-31,-171008686292992.0,-171008686292992.0,-171008686292992.0,-171008686292992.0,0
2013-08-01,-171008686292992.0,-171008686292992.0,-171008686292992.0,-171008686292992.0,0
2013-08-02,-171008686292992.0,-171008686292992.0,-171008686292992.0,-171008686292992.0,0
2013-08-05,-171008686292992.0,-171008686292992.0,-171008686292992.0,-171008686292992.0,0
2013-08-06,-171008686292992.0,-171008686292992.0,-171008686292992.0,-171008686292992.0,0
2013-08-07,-171008686292992.0,-171008686292992.0,-171008686292992.0,-171008686292992.0,0
2013-08-08,-171008686292992.0,-171008686292992.0,-171008686292992.0,-171008686292992.0,0
2013-08-09,-171008686292992.0,-171008686292992.0,-171008686292992.0,-171008686292992.0,0
2013-08-12,-171008686292992.0,-171008686292992.0,-171008686292992.0,-171008686292992.0,0
2013-08-13,-171008686292992.0,-171008686292992.0,-171008686292992.0,-171008686292992.0,0
2013-08-14,-171008686292992.0,-171008686292992.0,-171008686292992.0,-171008686292992.0,0
2013-08-15,-171008686292992.0,-171008686292992.0,-171008686292992.0,-171008686292992.0,0
2013-08-16,-171008686292992.0,-171008686292992.0,-171008686292992.0,-171008686292992.0,0
2013-08-20,-171008686292992.0,-171008686292992.0,-171008686292992.0,-171008686292992.0,0
2013-08-21,-171008686292992.0,-171008686292992.0,-171008686292992.0,-171008686292992.0,0
2013-08-22,-171008686292992.0,-171008686292992.0,-171008686292992.0,-171008686292992.0,0
2013-08-23,-171008686292992.0,-171008686292992.0,-171008686292992.0,-171008686292992.0,0
2013-08-26,-171008686292992.0,-171008686292992.0,-171008686292992.0,-171008686292992.0,0
2013-08-27,-171008686292992.0,-171008686292992.0,-171008686292992.0,-171008686292992.0,0
2013-08-28,-171008686292992.0,-171008686292992.0,-171008686292992.0,-171008686292992.0,0
2013-08-29,-171008686292992.0,-171008686292992.0,-171008686292992.0,-171008686292992.0,0
2013-08-30,-171008686292992.0,-171008686292992.0,-171008686292992.0,-171008686292992.0,0
2013-09-02,-171008686292992.0,-171008686292992.0,-171008686292992.0,-171008686292992.0,0
2013-09-03,-171008686292992.0,-171008686292992.0,-171008686292992.0,-171008686292992.0,0
2013-09-04,-171008686292992.0,-171008686292992.0,-171008686292992.0,-171008686292992.0,0
2013-09-05,-171008686292992.0,-171008686292992.0,-171008686292992.0,-171008686292992.0,0
2013-09-06,-171008686292992.0,-171008686292992.0,-171008686292992.0,-171008686292992.0,0
2013-09-09,-171008686292992.0,-171008686292992.0,-171008686292992.0,-171008686292992.0,0
2013-09-10,-171008686292992.0,-171008686292992.0,-171008686292992.0,-171008686292992.0,0
2013-09-11,-171008686292992.0,-171008686292992.0,-171008686292992.0,-171008686292992.0,0
2013-09-12,-171008686292992.0,-171008686292992.0,-171008686292992.0,-171008686292992.0,0
2013-09-13,-171008686292992.0,-171008686292992.0,-171008686292992.0,-171008686292992.0,0
2013-09-16,-171008686292992.0,-171008686292992.0,-171008686292992.0,-171008686292992.0,0
2013-09-17,-171008686292992.0,-171008686292992.0,-171008686292992.0,-171008686292992.0,0
2013-09-18,-171008686292992.0,-171008686292992.0,-171008686292992.0,-171008686292992.0,0
2013-09-19,-171008686292992.0,-171008686292992.0,-171008686292992.0,-171008686292992.0,0
2013-09-20,-171008686292992.0,-171008686292992.0,-171008686292992.0,-171008686292992.0,0
2013-09-23,-171008686292992.0,-171008686292992.0,-171008686292992.0,-171008686292992.0,0
2013-09-24,-171008686292992.0,-171008686292992.0,-171008686292992.0,-171008686292992.0,0
2013-09-25,-171008686292992.0,-171008686292992.0,-171008686292992.0,-171008686292992.0,0
2013-09-26,-171008686292992.0,-171008686292992.0,-171008686292992.0,-171008686292992.0,0
2013-09-27,-171008686292992.0,-171008686292992.0,-171008686292992.0,-171008686292992.0,0
2013-09-30,-171008686292992.0,-171008686292992.0,-171008686292992.0,-171008686292992.0,0
2013-10-01,-171008686292992.0,-171008686292992.0,-171008686292992.0,-171008686292992.0,0
2013-10-02,-171008686292992.0,-171008686292992.0,-171008686292992.0,-171008686292992.0,0
2013-10-03,-171008686292992.0,-171008686292992.0,-171008686292992.0,-171008686292992.0,0
2013-10-04,-171008686292992.0,-171008686292992.0,-171008686292992.0,-171008686292992.0,0
2013-10-07,-171008686292992.0,-171008686292992.0,-171008686292992.0,-171008686292992.0,0
2013-10-08,-171008686292992.0,-171008686292992.0,-171008686292992.0,-171008686292992.0,0
2013-10-09,-171008686292992.0,-171008686292992.0,-171008686292992.0,-171008686292992.0,0
2013-10-10,-171008686292992.0,-171008686292992.0,-171008686292992.0,-171008686292992.0,0
2013-10-11,-171008686292992.0,-171008686292992.0,-171008686292992.0,-171008686292992.0,0
2013-10-14,-171008686292992.0,-171008686292992.0,-171008686292992.0,-171008686292992.0,0
2013-10-15,-171008686292992.0,-171008686292992.0,-171008686292992.0,-171008686292992.0,0
2013-10-16,-171008686292992.0,-171008686292992.0,-171008686292992.0,-171008686292992.0,0
2013-10-17,-171008686292992.0,-171008686292992.0,-171008686292992.0,-171008686292992.0,0
2013-10-18,-171008686292992.0,-171008686292992.0,-171008686292992.0,-171008686292992.0,0
2013-10-21,-171008686292992.0,-171008686292992.0,-171008686292992.0,-171008686292992.0,0
2013-10-22,-171008686292992.0,-171008686292992.0,-171008686292992.0,-171008686292992.0,0
2013-10-23,-171008686292992.0,-171008686292992.0,-171008686292992.0,-171008686292992.0,0
2013-10-24,-171008686292992.0,-171008686292992.0,-171008686292992.0,-171008686292992.0,0
2013-10-25,-171008686292992.0,-171008686292992.0,-171008686292992.0,-171008686292992.0,0
2013-10-28,-171008686292992.0,-171008686292992.0,-171008686292992.0,-171008686292992.0,0
2013-10-29,-171008686292992.0,-171008686292992.0,-171008686292992.0,-171008686292992.0,0
2013-10-30,-171008686292992.0,-171008686292992.0,-171008686292992.0,-171008686292992.0,0
2013-10-31,-171008686292992.0,-171008686292992.0,-171008686292992.0,-171008686292992.0,0
2013-11-01,-171008686292992.0,-171008686292992.0,-171008686292992.0,-171008686292992.0,0
2013-11-05,-171008686292992.0,-171008686292992.0,-171008686292992.0,-171008686292992.0,0
2013-11-06,-171008686292992.0,-171008686292992.0,-171008686292992.0,-171008686292992.0,0
2013-11-07,-171008686292992.0,-171008686292992.0,-171008686292992.0,-171008686292992.0,0
2013-11-08,-342017372585984.0,-342017372585984.0,-342017372585984.0,-342017372585984.0,0
2013-11-11,-342017372585984.0,-342017372585984.0,-342017372585984.0,-342017372585984.0,0
2013-11-12,-342017372585984.0,-342017372585984.0,-342017372585984.0,-342017372585984.0,0
2013-11-13,-342017372585984.0,-342017372585984.0,-342017372585984.0,-342017372585984.0,0
2013-11-14,-342017372585984.0,-342017372585984.0,-342017372585984.0,-342017372585984.0,0
2013-11-15,-342017372585984.0,-342017372585984.0,-342017372585984.0,-342017372585984.0,0
2013-11-18,-342017372585984.0,-342017372585984.0,-342017372585984.0,-342017372585984.0,0
2013-11-19,-342017372585984.0,-342017372585984.0,-342017372585984.0,-342017372585984.0,0
2013-11-20,-342017372585984.0,-342017372585984.0,-342017372585984.0,-342017372585984.0,0
2013-11-21,-342017372585984.0,-342017372585984.0,-342017372585984.0,-342017372585984.0,0
2013-11-22,-171008686292992.0,-171008686292992.0,-171008686292992.0,-171008686292992.0,0
2013-11-25,-171008686292992.0,-171008686292992.0,-171008686292992.0,-171008686292992.0,0
2013-11-26,-171008686292992.0,-171008686292992.0,-171008686292992.0,-171008686292992.0,0
2013-11-27,-171008686292992.0,-171008686292992.0,-171008686292992.0,-171008686292992.0,0
2013-11-28,-171008686292992.0,-171008686292992.0,-171008686292992.0,-171008686292992.0,0
2013-11-29,-171008686292992.0,-171008686292992.0,-171008686292992.0,-171008686292992.0,0
2013-12-02,-171008686292992.0,-171008686292992.0,-171008686292992.0,-171008686292992.0,0
2013-12-03,-171008686292992.0,-171008686292992.0,-171008686292992.0,-171008686292992.0,0
2013-12-04,-171008686292992.0,-171008686292992.0,-171008686292992.0,-171008686292992.0,0
2013-12-05,-171008686292992.0,-171008686292992.0,-171008686292992.0,-171008686292992.0,0
2013-12-06,-171008686292992.0,-171008686292992.0,-171008686292992.0,-171008686292992.0,0
2013-12-09,-171008686292992.0,-171008686292992.0,-171008686292992.0,-171008686292992.0,0
2013-12-10,-171008686292992.0,-171008686292992.0,-171008686292992.0,-171008686292992.0,0
2013-12-11,-171008686292992.0,-171008686292992.0,-171008686292992.0,-171008686292992.0,0
2013-12-12,-171008686292992.0,-171008686292992.0,-171008686292992.0,-171008686292992.0,0
2013-12-13,-171008686292992.0,-171008686292992.0,-171008686292992.0,-171008686292992.0,0
2013-12-16,-171008686292992.0,-171008686292992.0,-171008686292992.0,-171008686292992.0,0
2013-12-17,-171008686292992.0,-171008686292992.0,-171008686292992.0,-171008686292992.0,0
2013-12-18,-171008686292992.0,-171008686292992.0,-171008686292992.0,-171008686292992.0,0
2013-12-19,-171008686292992.0,-171008686292992.0,-171008686292992.0,-171008686292992.0,0
2013-12-20,-171008686292992.0,-171008686292992.0,-171008686292992.0,-171008686292992.0,0
2013-12-23,-171008686292992.0,-171008686292992.0,-171008686292992.0,-171008686292992.0,0
2013-12-26,-171008686292992.0,-171008686292992.0,-171008686292992.0,-171008686292992.0,0
2013-12-27,-171008686292992.0,-171008686292992.0,-171008686292992.0,-171008686292992.0,0
2013-12-30,-171008686292992.0,-171008686292992.0,-171008686292992.0,-171008686292992.0,0
2014-01-02,-171008686292992.0,-171008686292992.0,-171008686292992.0,-171008686292992.0,0
2014-01-03,-171008686292992.0,-171008686292992.0,-171008686292992.0,-171008686292992.0,0
2014-01-07,-171008686292992.0,-171008686292992.0,-171008686292992.0,-171008686292992.0,0
2014-01-08,-171008686292992.0,-171008686292992.0,-171008686292992.0,-171008686292992.0,0
2014-01-09,-342017372585984.0,-342017372585984.0,-342017372585984.0,-342017372585984.0,0
2014-01-10,-342017372585984.0,-342017372585984.0,-342017372585984.0,-342017372585984.0,0
2014-01-13,-342017372585984.0,-342017372585984.0,-342017372585984.0,-342017372585984.0,0
2014-01-14,-342017372585984.0,-342017372585984.0,-342017372585984.0,-342017372585984.0,0
2014-01-15,-342017372585984.0,-342017372585984.0,-342017372585984.0,-342017372585984.0,0
2014-01-16,-342017372585984.0,-342017372585984.0,-342017372585984.0,-342017372585984.0,0
2014-01-17,-342017372585984.0,-342017372585984.0,-342017372585984.0,-342017372585984.0,0
2014-01-20,-342017372585984.0,-342017372585984.0,-342017372585984.0,-342017372585984.0,0
2014-01-21,-342017372585984.0,-342017372585984.0,-342017372585984.0,-342017372585984.0,0
2014-01-22,-342017372585984.0,-342017372585984.0,-342017372585984.0,-342017372585984.0,0
2014-01-23,-342017372585984.0,-342017372585984.0,-342017372585984.0,-342017372585984.0,0
2014-01-24,-342017372585984.0,-342017372585984.0,-342017372585984.0,-342017372585984.0,0
2014-01-27,-342017372585984.0,-342017372585984.0,-342017372585984.0,-342017372585984.0,0
2014-01-28,-342017372585984.0,-342017372585984.0,-342017372585984.0,-342017372585984.0,0
2014-01-29,-342017372585984.0,-342017372585984.0,-342017372585984.0,-342017372585984.0,0
2014-01-30,-342017372585984.0,-342017372585984.0,-342017372585984.0,-342017372585984.0,0
2014-01-31,-171008686292992.0,-171008686292992.0,-171008686292992.0,-171008686292992.0,0
2014-02-03,-171008686292992.0,-171008686292992.0,-171008686292992.0,-171008686292992.0,0
2014-02-04,-342017372585984.0,-342017372585984.0,-342017372585984.0,-342017372585984.0,0
2014-02-05,-342017372585984.0,-342017372585984.0,-342017372585984.0,-342017372585984.0,0
2014-02-06,-342017372585984.0,-342017372585984.0,-342017372585984.0,-342017372585984.0,0
2014-02-07,-171008686292992.0,-342017372585984.0,-171008686292992.0,-171008686292992.0,0
2014-02-10,-171008686292992.0,-171008686292992.0,-171008686292992.0,-171008686292992.0,0
2014-02-11,-171008686292992.0,-171008686292992.0,-171008686292992.0,-171008686292992.0,0
2014-02-12,-171008686292992.0,-171008686292992.0,-171008686292992.0,-171008686292992.0,0
2014-02-13,-171008686292992.0,-171008686292992.0,-171008686292992.0,-171008686292992.0,0
2014-02-14,-171008686292992.0,-171008686292992.0,-171008686292992.0,-171008686292992.0,0
2014-02-17,-171008686292992.0,-171008686292992.0,-171008686292992.0,-171008686292992.0,0
2014-02-18,-171008686292992.0,-171008686292992.0,-171008686292992.0,-171008686292992.0,0
2014-02-19,-171008686292992.0,-171008686292992.0,-171008686292992.0,-171008686292992.0,0
2014-02-20,-171008686292992.0,-171008686292992.0,-171008686292992.0,-171008686292992.0,0
2014-02-21,-171008686292992.0,-171008686292992.0,-171008686292992.0,-171008686292992.0,0
2014-02-24,-171008686292992.0,-171008686292992.0,-171008686292992.0,-171008686292992.0,0
2014-02-25,-171008686292992.0,-171008686292992.0,-171008686292992.0,-171008686292992.0,0
2014-02-26,-171008686292992.0,-171008686292992.0,-171008686292992.0,-171008686292992.0,0
2014-02-27,-171008686292992.0,-171008686292992.0,-171008686292992.0,-171008686292992.0,0
2014-02-28,-171008686292992.0,-171008686292992.0,-171008686292992.0,-171008686292992.0,0
2014-03-05,-171008686292992.0,-171008686292992.0,-171008686292992.0,-171008686292992.0,0
2014-03-06,-171008686292992.0,-171008686292992.0,-171008686292992.0,-171008686292992.0,0
2014-03-07,-171008686292992.0,-171008686292992.0,-171008686292992.0,-171008686292992.0,0
2014-03-10,-171008686292992.0,-171008686292992.0,-171008686292992.0,-171008686292992.0,0
2014-03-11,-342017372585984.0,-342017372585984.0,-342017372585984.0,-342017372585984.0,0
2014-03-12,-342017372585984.0,-342017372585984.0,-342017372585984.0,-342017372585984.0,0
2014-03-13,-342017372585984.0,-342017372585984.0,-342017372585984.0,-342017372585984.0,0
2014-03-14,-342017372585984.0,-342017372585984.0,-342017372585984.0,-342017372585984.0,0
2014-03-17,-342017372585984.0,-342017372585984.0,-342017372585984.0,-342017372585984.0,0
2014-03-18,-342017372585984.0,-342017372585984.0,-342017372585984.0,-342017372585984.0,0
2014-03-20,-171008686292992.0,-171008686292992.0,-171008686292992.0,-171008686292992.0,0
2014-03-21,-171008686292992.0,-171008686292992.0,-171008686292992.0,-171008686292992.0,0
2014-03-24,-171008686292992.0,-171008686292992.0,-171008686292992.0,-171008686292992.0,0
2014-03-25,-171008686292992.0,-171008686292992.0,-171008686292992.0,-171008686292992.0,0
2014-03-26,-171008686292992.0,-171008686292992.0,-171008686292992.0,-171008686292992.0,0
2014-03-27,-171008686292992.0,-171008686292992.0,-171008686292992.0,-171008686292992.0,0
2014-03-28,-171008686292992.0,-171008686292992.0,-171008686292992.0,-171008686292992.0,0
2014-03-31,-171008686292992.0,-171008686292992.0,-171008686292992.0,-171008686292992.0,0
2014-04-01,-171008686292992.0,-171008686292992.0,-171008686292992.0,-171008686292992.0,0
2014-04-02,-171008686292992.0,-171008686292992.0,-171008686292992.0,-171008686292992.0,0
2014-04-03,-171008686292992.0,-171008686292992.0,-171008686292992.0,-171008686292992.0,0
2014-04-04,-171008686292992.0,-171008686292992.0,-171008686292992.0,-171008686292992.0,0
2014-04-07,-171008686292992.0,-171008686292992.0,-171008686292992.0,-171008686292992.0,0
2014-04-08,-171008686292992.0,-171008686292992.0,-171008686292992.0,-171008686292992.0,0
2014-04-09,-171008686292992.0,-171008686292992.0,-171008686292992.0,-171008686292992.0,0
2014-04-10,-171008686292992.0,-171008686292992.0,-171008686292992.0,-171008686292992.0,0
2014-04-11,-171008686292992.0,-171008686292992.0,-171008686292992.0,-171008686292992.0,0
2014-04-14,-171008686292992.0,-171008686292992.0,-171008686292992.0,-171008686292992.0,0
2014-04-15,-171008686292992.0,-171008686292992.0,-171008686292992.0,-171008686292992.0,0
2014-04-16,-171008686292992.0,-171008686292992.0,-171008686292992.0,-171008686292992.0,0
2014-04-21,-171008686292992.0,-171008686292992.0,-171008686292992.0,-171008686292992.0,0
2014-04-22,-171008686292992.0,-171008686292992.0,-171008686292992.0,-171008686292992.0,0
2014-04-23,-171008686292992.0,-171008686292992.0,-171008686292992.0,-171008686292992.0,0
2014-04-24,-171008686292992.0,-171008686292992.0,-171008686292992.0,-171008686292992.0,0
2014-04-25,-171008686292992.0,-171008686292992.0,-171008686292992.0,-171008686292992.0,0
2014-04-28,-171008686292992.0,-171008686292992.0,-171008686292992.0,-171008686292992.0,0
2014-04-29,-171008686292992.0,-171008686292992.0,-171008686292992.0,-171008686292992.0,0
2014-04-30,-171008686292992.0,-171008686292992.0,-171008686292992.0,-171008686292992.0,0
2014-05-02,-171008686292992.0,-171008686292992.0,-171008686292992.0,-171008686292992.0,0
2014-05-05,-171008686292992.0,-171008686292992.0,-171008686292992.0,-171008686292992.0,0
2014-05-06,-171008686292992.0,-171008686292992.0,-171008686292992.0,-171008686292992.0,0
2014-05-07,-171008686292992.0,-171008686292992.0,-171008686292992.0,-171008686292992.0,0
2014-05-08,-171008686292992.0,-171008686292992.0,-171008686292992.0,-171008686292992.0,0
2014-05-09,-171008686292992.0,-171008686292992.0,-171008686292992.0,-171008686292992.0,0
2014-05-12,-171008686292992.0,-171008686292992.0,-171008686292992.0,-171008686292992.0,0
2014-05-13,-171008686292992.0,-171008686292992.0,-171008686292992.0,-171008686292992.0,0
2014-05-14,-171008686292992.0,-171008686292992.0,-171008686292992.0,-171008686292992.0,0
2014-05-15,-171008686292992.0,-171008686292992.0,-171008686292992.0,-171008686292992.0,0
2014-05-16,-171008686292992.0,-171008686292992.0,-171008686292992.0,-171008686292992.0,0
2014-05-19,-171008686292992.0,-171008686292992.0,-171008686292992.0,-171008686292992.0,0
2014-05-20,-171008686292992.0,-171008686292992.0,-171008686292992.0,-171008686292992.0,0
2014-05-21,-171008686292992.0,-171008686292992.0,-171008686292992.0,-171008686292992.0,0
2014-05-22,-171008686292992.0,-171008686292992.0,-171008686292992.0,-171008686292992.0,0
2014-05-23,-171008686292992.0,-171008686292992.0,-171008686292992.0,-171008686292992.0,0
2014-05-26,-171008686292992.0,-171008686292992.0,-171008686292992.0,-171008686292992.0,0
2014-05-27,-171008686292992.0,-171008686292992.0,-171008686292992.0,-171008686292992.0,0
2014-05-28,-171008686292992.0,-171008686292992.0,-171008686292992.0,-171008686292992.0,0
2014-05-29,-171008686292992.0,-171008686292992.0,-171008686292992.0,-171008686292992.0,0
2014-05-30,-171008686292992.0,-171008686292992.0,-171008686292992.0,-171008686292992.0,0
2014-06-03,-171008686292992.0,-171008686292992.0,-171008686292992.0,-171008686292992.0,0
2014-06-04,-171008686292992.0,-171008686292992.0,-171008686292992.0,-171008686292992.0,0
2014-06-05,-171008686292992.0,-171008686292992.0,-171008686292992.0,-171008686292992.0,0
2014-06-06,-171008686292992.0,-171008686292992.0,-171008686292992.0,-171008686292992.0,0
2014-06-09,-171008686292992.0,-171008686292992.0,-171008686292992.0,-171008686292992.0,0
2014-06-10,-171008686292992.0,-171008686292992.0,-171008686292992.0,-171008686292992.0,0
2014-06-11,-171008686292992.0,-171008686292992.0,-171008686292992.0,-171008686292992.0,0
2014-06-12,-171008686292992.0,-171008686292992.0,-171008686292992.0,-171008686292992.0,0
2014-06-13,-171008686292992.0,-171008686292992.0,-171008686292992.0,-171008686292992.0,0
2014-06-16,5700480000.0,5700480000.0,5700480000.0,5700480000.0,0
2014-06-17,5700480000.0,5700480000.0,5700480000.0,5700480000.0,0
2014-06-18,5700480000.0,5700480000.0,5700480000.0,5700480000.0,0
2014-06-19,5700480000.0,5700480000.0,5700480000.0,5700480000.0,0
2014-06-20,5700480000.0,5700480000.0,5700480000.0,5700480000.0,0
2014-06-25,5700480000.0,5700480000.0,5700480000.0,5700480000.0,0
2014-06-26,5700480000.0,5700480000.0,5700480000.0,5700480000.0,0
2014-06-27,5700480000.0,5700480000.0,5700480000.0,5700480000.0,0
2014-06-30,5700480000.0,5700480000.0,5700480000.0,5700480000.0,0
2014-07-01,5700480000.0,5700480000.0,5700480000.0,5700480000.0,0
2014-07-02,5700480000.0,5700480000.0,5700480000.0,5700480000.0,0
2014-07-03,5700480000.0,5700480000.0,5700480000.0,5700480000.0,0
2014-07-04,5700480000.0,5700480000.0,5700480000.0,5700480000.0,0
2014-07-07,5700480000.0,5700480000.0,5700480000.0,5700480000.0,0
2014-07-08,5700480000.0,5700480000.0,5700480000.0,5700480000.0,0
2014-07-09,5700480000.0,5700480000.0,5700480000.0,5700480000.0,0
2014-07-10,5700480000.0,5700480000.0,5700480000.0,5700480000.0,0
2014-07-11,5700480000.0,5700480000.0,5700480000.0,5700480000.0,0
2014-07-14,5700480000.0,5700480000.0,5700480000.0,5700480000.0,0
2014-07-15,5700480000.0,5700480000.0,5700480000.0,5700480000.0,0
2014-07-16,5700480000.0,5700480000.0,5700480000.0,5700480000.0,0
2014-07-17,5700480000.0,5700480000.0,5700480000.0,5700480000.0,0
2014-07-18,5700480000.0,5700480000.0,5700480000.0,5700480000.0,0
2014-07-21,5700480000.0,5700480000.0,5700480000.0,5700480000.0,0
2014-07-22,5700480000.0,5700480000.0,5700480000.0,5700480000.0,0
2014-07-23,5700480000.0,5700480000.0,5700480000.0,5700480000.0,0
2014-07-25,5700480000.0,5700480000.0,5700480000.0,5700480000.0,0
2014-07-28,5700480000.0,5700480000.0,5700480000.0,5700480000.0,0
2014-07-29,5700480000.0,5700480000.0,5700480000.0,5700480000.0,0
2014-07-30,5700480000.0,5700480000.0,5700480000.0,5700480000.0,0
2014-07-31,5700480000.0,5700480000.0,5700480000.0,5700480000.0,0
2014-08-01,5700480000.0,5700480000.0,5700480000.0,5700480000.0,0
2014-08-04,5700480000.0,5700480000.0,5700480000.0,5700480000.0,0
2014-08-05,5700480000.0,5700480000.0,5700480000.0,5700480000.0,0
2014-08-06,5700480000.0,5700480000.0,5700480000.0,5700480000.0,0
2014-08-07,5700480000.0,5700480000.0,5700480000.0,5700480000.0,0
2014-08-08,5700480000.0,5700480000.0,5700480000.0,5700480000.0,0
2014-08-11,5700480000.0,5700480000.0,5700480000.0,5700480000.0,0
2014-08-12,5700480000.0,5700480000.0,5700480000.0,5700480000.0,0
2014-08-13,5700480000.0,5700480000.0,5700480000.0,5700480000.0,0
2014-08-14,5700480000.0,5700480000.0,5700480000.0,5700480000.0,0
2014-08-15,5700480000.0,5700480000.0,5700480000.0,5700480000.0,0
2014-08-19,5700480000.0,5700480000.0,5700480000.0,5700480000.0,0
2014-08-20,5700480000.0,5700480000.0,5700480000.0,5700480000.0,0
2014-08-21,5700480000.0,5700480000.0,5700480000.0,5700480000.0,0
2014-08-22,5700480000.0,5700480000.0,5700480000.0,5700480000.0,0
2014-08-25,5700480000.0,5700480000.0,5700480000.0,5700480000.0,0
2014-08-26,5700480000.0,5700480000.0,5700480000.0,5700480000.0,0
2014-08-27,5700480000.0,5700480000.0,5700480000.0,5700480000.0,0
2014-08-28,5700480000.0,5700480000.0,5700480000.0,5700480000.0,0
2014-08-29,5700480000.0,5700480000.0,5700480000.0,5700480000.0,0
2014-09-01,5700480000.0,5700480000.0,5700480000.0,5700480000.0,0
2014-09-02,5700480000.0,5700480000.0,5700480000.0,5700480000.0,0
2014-09-03,5700480000.0,5700480000.0,5700480000.0,5700480000.0,0
2014-09-04,5700480000.0,5700480000.0,5700480000.0,5700480000.0,0
2014-09-05,5700480000.0,5700480000.0,5700480000.0,5700480000.0,0
2014-09-08,5700480000.0,5700480000.0,5700480000.0,5700480000.0,0
2014-09-09,5700480000.0,5700480000.0,5700480000.0,5700480000.0,0
2014-09-10,5700480000.0,5700480000.0,5700480000.0,5700480000.0,0
2014-09-11,5700480000.0,5700480000.0,5700480000.0,5700480000.0,0
2014-09-12,5700480000.0,5700480000.0,5700480000.0,5700480000.0,0
2014-09-15,5700480000.0,5700480000.0,5700480000.0,5700480000.0,0
2014-09-16,5700480000.0,5700480000.0,5700480000.0,5700480000.0,0
2014-09-17,5700480000.0,5700480000.0,5700480000.0,5700480000.0,0
2014-09-18,5700480000.0,5700480000.0,5700480000.0,5700480000.0,0
2014-09-19,5700480000.0,5700480000.0,5700480000.0,5700480000.0,0
2014-09-22,5700480000.0,5700480000.0,5700480000.0,5700480000.0,0
2014-09-23,5700480000.0,5700480000.0,5700480000.0,5700480000.0,0
2014-09-24,5700480000.0,5700480000.0,5700480000.0,5700480000.0,0
2014-09-25,5700480000.0,5700480000.0,5700480000.0,5700480000.0,0
2014-09-26,5700480000.0,5700480000.0,5700480000.0,5700480000.0,0
2014-09-29,5700480000.0,5700480000.0,5700480000.0,5700480000.0,0
2014-09-30,5700480000.0,5700480000.0,5700480000.0,5700480000.0,0
2014-10-01,5700480000.0,5700480000.0,5700480000.0,5700480000.0,0
2014-10-02,5700480000.0,5700480000.0,5700480000.0,5700480000.0,0
2014-10-03,5700480000.0,5700480000.0,5700480000.0,5700480000.0,0
2014-10-06,5700480000.0,5700480000.0,5700480000.0,5700480000.0,0
2014-10-07,5700480000.0,5700480000.0,5700480000.0,5700480000.0,0
2014-10-08,5700480000.0,5700480000.0,5700480000.0,5700480000.0,0
2014-10-09,5700480000.0,5700480000.0,5700480000.0,5700480000.0,0
2014-10-10,5700480000.0,5700480000.0,5700480000.0,5700480000.0,0
2014-10-13,5700480000.0,5700480000.0,5700480000.0,5700480000.0,0
2014-10-14,11400960000.0,11400960000.0,11400960000.0,11400960000.0,0
2014-10-15,11400960000.0,11400960000.0,11400960000.0,11400960000.0,0
2014-10-16,11400960000.0,11400960000.0,11400960000.0,11400960000.0,0
2014-10-17,11400960000.0,11400960000.0,11400960000.0,11400960000.0,0
2014-10-20,11400960000.0,11400960000.0,11400960000.0,11400960000.0,0
2014-10-21,11400960000.0,11400960000.0,11400960000.0,11400960000.0,0
2014-10-22,11400960000.0,11400960000.0,11400960000.0,11400960000.0,0
2014-10-23,11400960000.0,11400960000.0,11400960000.0,11400960000.0,0
2014-10-24,5700480000.0,11400960000.0,5700480000.0,5700480000.0,0
2014-10-27,5700480000.0,5700480000.0,5700480000.0,5700480000.0,0
2014-10-28,5700480000.0,11400960000.0,5700480000.0,5700480000.0,0
2014-10-29,5700480000.0,11400960000.0,5700480000.0,5700480000.0,0
2014-10-30,5700480000.0,11400960000.0,5700480000.0,5700480000.0,0
2014-10-31,5700480000.0,11400960000.0,5700480000.0,5700480000.0,0
2014-11-03,5700480000.0,5700480000.0,5700480000.0,5700480000.0,0
2014-11-04,5700480000.0,11400960000.0,5700480000.0,5700480000.0,0
2014-11-05,5700480000.0,11400960000.0,5700480000.0,5700480000.0,0
2014-11-06,5700480000.0,11400960000.0,5700480000.0,5700480000.0,0
2014-11-07,5700480000.0,11400960000.0,5700480000.0,5700480000.0,0
2014-11-10,5700480000.0,5700480000.0,5700480000.0,5700480000.0,0
2014-11-11,5700480000.0,11400960000.0,5700480000.0,5700480000.0,0
2014-11-12,5700480000.0,11400960000.0,5700480000.0,5700480000.0,0
2014-11-13,5700480000.0,11400960000.0,5700480000.0,5700480000.0,0
2014-11-14,5700480000.0,11400960000.0,5700480000.0,5700480000.0,0
2014-11-17,5700480000.0,5700480000.0,5700480000.0,5700480000.0,0
2014-11-18,11400960000.0,11400960000.0,11400960000.0,11400960000.0,0
2014-11-19,11400960000.0,11400960000.0,11400960000.0,11400960000.0,0
2014-11-20,11400960000.0,11400960000.0,11400960000.0,11400960000.0,0
2014-11-21,5700480000.0,5700480000.0,5700480000.0,5700480000.0,0
2014-11-24,5700480000.0,5700480000.0,5700480000.0,5700480000.0,0
2014-11-25,11400960000.0,11400960000.0,11400960000.0,11400960000.0,0
2014-11-26,11400960000.0,11400960000.0,11400960000.0,11400960000.0,0
2014-11-27,11400960000.0,11400960000.0,11400960000.0,11400960000.0,0
2014-11-28,11400960000.0,11400960000.0,11400960000.0,11400960000.0,0
2014-12-01,11400960000.0,11400960000.0,11400960000.0,11400960000.0,0
2014-12-02,5700480000.0,5700480000.0,5700480000.0,5700480000.0,0
2014-12-03,5700480000.0,5700480000.0,5700480000.0,5700480000.0,0
2014-12-04,5700480000.0,5700480000.0,5700480000.0,5700480000.0,0
2014-12-05,5700480000.0,5700480000.0,5700480000.0,5700480000.0,0
2014-12-09,5700480000.0,5700480000.0,5700480000.0,5700480000.0,0
2014-12-10,11400960000.0,11400960000.0,11400960000.0,11400960000.0,0
2014-12-11,5700480000.0,11400960000.0,5700480000.0,5700480000.0,0
2014-12-12,5700480000.0,11400960000.0,5700480000.0,5700480000.0,0
2014-12-15,5700480000.0,5700480000.0,5700480000.0,5700480000.0,0
2014-12-16,11400960000.0,11400960000.0,11400960000.0,11400960000.0,0
2014-12-17,11400960000.0,11400960000.0,11400960000.0,11400960000.0,0
2014-12-18,11400960000.0,11400960000.0,11400960000.0,11400960000.0,0
2014-12-19,11400960000.0,11400960000.0,11400960000.0,11400960000.0,0
2014-12-22,11400960000.0,11400960000.0,11400960000.0,11400960000.0,0
2014-12-23,11400960000.0,11400960000.0,11400960000.0,11400960000.0,0
2014-12-26,11400960000.0,11400960000.0,11400960000.0,11400960000.0,0
2014-12-29,11400960000.0,11400960000.0,11400960000.0,11400960000.0,0
2014-12-30,11400960000.0,11400960000.0,11400960000.0,11400960000.0,0
2015-01-02,11400960000.0,11400960000.0,11400960000.0,11400960000.0,0
2015-01-06,11400960000.0,11400960000.0,11400960000.0,11400960000.0,0
2015-01-07,11400960000.0,11400960000.0,11400960000.0,11400960000.0,0
2015-01-08,11400960000.0,11400960000.0,11400960000.0,11400960000.0,0
2015-01-09,11400960000.0,11400960000.0,11400960000.0,11400960000.0,0
2015-01-12,11400960000.0,11400960000.0,11400960000.0,11400960000.0,0
2015-01-13,11400960000.0,11400960000.0,11400960000.0,11400960000.0,0
2015-01-14,11400960000.0,11400960000.0,11400960000.0,11400960000.0,0
2015-01-15,11400960000.0,11400960000.0,11400960000.0,11400960000.0,0
2015-01-16,11400960000.0,11400960000.0,11400960000.0,11400960000.0,0
2015-01-19,11400960000.0,11400960000.0,11400960000.0,11400960000.0,0
2015-01-20,11400960000.0,11400960000.0,11400960000.0,11400960000.0,0
2015-01-21,11400960000.0,11400960000.0,11400960000.0,11400960000.0,0
2015-01-22,11400960000.0,11400960000.0,11400960000.0,11400960000.0,0
2015-01-23,11400960000.0,11400960000.0,11400960000.0,11400960000.0,0
2015-01-26,11400960000.0,11400960000.0,11400960000.0,11400960000.0,0
2015-01-27,11400960000.0,11400960000.0,11400960000.0,11400960000.0,0
2015-01-28,11400960000.0,11400960000.0,11400960000.0,11400960000.0,0
2015-01-29,11400960000.0,11400960000.0,11400960000.0,11400960000.0,0
2015-01-30,11400960000.0,11400960000.0,11400960000.0,11400960000.0,0
2015-02-02,11400960000.0,11400960000.0,11400960000.0,11400960000.0,0
2015-02-03,11400960000.0,11400960000.0,11400960000.0,11400960000.0,0
2015-02-04,11400960000.0,11400960000.0,11400960000.0,11400960000.0,0
2015-02-05,11400960000.0,11400960000.0,11400960000.0,11400960000.0,0
2015-02-06,11400960000.0,11400960000.0,11400960000.0,11400960000.0,0
2015-02-09,11400960000.0,11400960000.0,11400960000.0,11400960000.0,0
2015-02-10,11400960000.0,11400960000.0,11400960000.0,11400960000.0,0
2015-02-11,11400960000.0,11400960000.0,11400960000.0,11400960000.0,0
2015-02-12,11400960000.0,11400960000.0,11400960000.0,11400960000.0,0
2015-02-13,11400960000.0,11400960000.0,11400960000.0,11400960000.0,0
2015-02-18,11400960000.0,11400960000.0,11400960000.0,11400960000.0,0
2015-02-19,11400960000.0,11400960000.0,11400960000.0,11400960000.0,0
2015-02-20,11400960000.0,11400960000.0,11400960000.0,11400960000.0,0
2015-02-23,11400960000.0,11400960000.0,11400960000.0,11400960000.0,0
2015-02-24,11400960000.0,11400960000.0,11400960000.0,11400960000.0,0
2015-02-25,11400960000.0,11400960000.0,11400960000.0,11400960000.0,0
2015-02-26,11400960000.0,11400960000.0,11400960000.0,11400960000.0,0
2015-02-27,11400960000.0,11400960000.0,11400960000.0,11400960000.0,0
2015-03-02,11400960000.0,11400960000.0,11400960000.0,11400960000.0,0
2015-03-03,11400960000.0,11400960000.0,11400960000.0,11400960000.0,0
2015-03-04,11400960000.0,11400960000.0,11400960000.0,11400960000.0,0
2015-03-05,11400960000.0,11400960000.0,11400960000.0,11400960000.0,0
2015-03-06,11400960000.0,11400960000.0,11400960000.0,11400960000.0,0
2015-03-09,11400960000.0,11400960000.0,11400960000.0,11400960000.0,0
2015-03-10,11400960000.0,11400960000.0,11400960000.0,11400960000.0,0
2015-03-11,11400960000.0,11400960000.0,11400960000.0,11400960000.0,0
2015-03-12,11400960000.0,11400960000.0,11400960000.0,11400960000.0,0
2015-03-13,11400960000.0,11400960000.0,11400960000.0,11400960000.0,0
2015-03-16,11400960000.0,11400960000.0,11400960000.0,11400960000.0,0
2015-03-17,11400960000.0,11400960000.0,11400960000.0,11400960000.0,0
2015-03-18,11400960000.0,11400960000.0,11400960000.0,11400960000.0,0
2015-03-20,11400960000.0,11400960000.0,11400960000.0,11400960000.0,0
2015-03-23,11400960000.0,11400960000.0,11400960000.0,11400960000.0,0
2015-03-24,11400960000.0,11400960000.0,11400960000.0,11400960000.0,0
2015-03-25,11400960000.0,11400960000.0,11400960000.0,11400960000.0,0
2015-03-26,11400960000.0,11400960000.0,11400960000.0,11400960000.0,0
2015-03-27,11400960000.0,11400960000.0,11400960000.0,11400960000.0,0
2015-03-30,11400960000.0,11400960000.0,11400960000.0,11400960000.0,0
2015-03-31,11400960000.0,11400960000.0,11400960000.0,11400960000.0,0
2015-04-01,11400960000.0,11400960000.0,11400960000.0,11400960000.0,0
2015-04-06,11400960000.0,11400960000.0,11400960000.0,11400960000.0,0
2015-04-07,11400960000.0,11400960000.0,11400960000.0,11400960000.0,0
2015-04-08,11400960000.0,11400960000.0,11400960000.0,11400960000.0,0
2015-04-09,11400960000.0,11400960000.0,11400960000.0,11400960000.0,0
2015-04-10,11400960000.0,11400960000.0,11400960000.0,11400960000.0,0
2015-04-13,11400960000.0,11400960000.0,11400960000.0,11400960000.0,0
2015-04-14,11400960000.0,11400960000.0,11400960000.0,11400960000.0,0
2015-04-15,11400960000.0,11400960000.0,11400960000.0,11400960000.0,0
2015-04-16,11400960000.0,11400960000.0,11400960000.0,11400960000.0,0
2015-04-17,11400960000.0,11400960000.0,11400960000.0,11400960000.0,0
2015-04-20,11400960000.0,11400960000.0,11400960000.0,11400960000.0,0
2015-04-21,11400960000.0,11400960000.0,11400960000.0,11400960000.0,0
2015-04-22,11400960000.0,11400960000.0,11400960000.0,11400960000.0,0
2015-04-23,11400960000.0,11400960000.0,11400960000.0,11400960000.0,0
2015-04-24,11400960000.0,11400960000.0,11400960000.0,11400960000.0,0
2015-04-27,11400960000.0,11400960000.0,11400960000.0,11400960000.0,0
2015-04-28,11400960000.0,11400960000.0,11400960000.0,11400960000.0,0
2015-04-29,11400960000.0,11400960000.0,11400960000.0,11400960000.0,0
2015-04-30,11400960000.0,11400960000.0,11400960000.0,11400960000.0,0
2015-05-04,11400960000.0,11400960000.0,11400960000.0,11400960000.0,0
2015-05-05,11400960000.0,11400960000.0,11400960000.0,11400960000.0,0
2015-05-06,11400960000.0,11400960000.0,11400960000.0,11400960000.0,0
2015-05-07,11400960000.0,11400960000.0,11400960000.0,11400960000.0,0
2015-05-08,11400960000.0,11400960000.0,11400960000.0,11400960000.0,0
2015-05-11,11400960000.0,11400960000.0,11400960000.0,11400960000.0,0
2015-05-12,11400960000.0,11400960000.0,11400960000.0,11400960000.0,0
2015-05-13,11400960000.0,11400960000.0,11400960000.0,11400960000.0,0
2015-05-14,11400960000.0,11400960000.0,11400960000.0,11400960000.0,0
2015-05-15,11400960000.0,11400960000.0,11400960000.0,11400960000.0,0
2015-05-19,11400960000.0,11400960000.0,11400960000.0,11400960000.0,0
2015-05-20,11400960000.0,11400960000.0,11400960000.0,11400960000.0,0
2015-05-21,11400960000.0,11400960000.0,11400960000.0,11400960000.0,0
2015-05-22,11400960000.0,11400960000.0,11400960000.0,11400960000.0,0
2015-05-25,11400960000.0,11400960000.0,11400960000.0,11400960000.0,0
2015-05-26,11400960000.0,11400960000.0,11400960000.0,11400960000.0,0
2015-05-27,17101438976.0,17101438976.0,17101438976.0,17101438976.0,0
2015-05-28,17101438976.0,17101438976.0,17101438976.0,17101438976.0,0
2015-05-29,17101438976.0,17101438976.0,17101438976.0,17101438976.0,0
2015-06-01,22801920000.0,22801920000.0,22801920000.0,22801920000.0,0
2015-06-02,22801920000.0,22801920000.0,22801920000.0,22801920000.0,0
2015-06-03,22801920000.0,22801920000.0,22801920000.0,22801920000.0,0
2015-06-04,22801920000.0,22801920000.0,22801920000.0,22801920000.0,0
2015-06-05,22801920000.0,22801920000.0,22801920000.0,22801920000.0,0
2015-06-09,22801920000.0,22801920000.0,22801920000.0,22801920000.0,0
2015-06-10,22801920000.0,22801920000.0,22801920000.0,22801920000.0,0
2015-06-11,22801920000.0,22801920000.0,22801920000.0,22801920000.0,0
2015-06-12,22801920000.0,22801920000.0,22801920000.0,22801920000.0,0
2015-06-15,28502398976.0,28502398976.0,28502398976.0,22801919180.8,0
2015-06-16,28502398976.0,28502398976.0,28502398976.0,28502398976.0,0
2015-06-17,28502398976.0,28502398976.0,28502398976.0,28502398976.0,0
2015-06-18,28502398976.0,28502398976.0,28502398976.0,28502398976.0,0
2015-06-19,28502398976.0,28502398976.0,28502398976.0,28502398976.0,0
2015-06-22,28502398976.0,28502398976.0,28502398976.0,28502398976.0,0
2015-06-23,28502398976.0,28502398976.0,28502398976.0,28502398976.0,0
2015-06-25,28502398976.0,28502398976.0,28502398976.0,28502398976.0,0
2015-06-26,28502398976.0,28502398976.0,28502398976.0,28502398976.0,0
2015-06-30,28502398976.0,28502398976.0,28502398976.0,28502398976.0,0
2015-07-01,28502398976.0,28502398976.0,28502398976.0,28502398976.0,0
2015-07-02,34202877952.0,34202877952.0,34202877952.0,34202877952.0,0
2015-07-03,34202877952.0,34202877952.0,34202877952.0,34202877952.0,0
2015-07-06,57004797952.0,57004797952.0,57004797952.0,57004797952.0,0
2015-07-07,68405755904.0,68405755904.0,68405755904.0,68405755904.0,0
2015-07-08,91207680000.0,91207680000.0,91207680000.0,91207680000.0,0
2015-07-09,108309118976.0,108309118976.0,108309118976.0,108309118976.0,0
2015-07-10,108309118976.0,108309118976.0,108309118976.0,108309118976.0,0
2015-07-13,96908156928.0,96908156928.0,96908156928.0,96908156928.0,0
2015-07-14,96908156928.0,96908156928.0,96908156928.0,119710076205.17647,0
2015-07-15,96908156928.0,96908156928.0,96908156928.0,96908156928.0,0
2015-07-16,96908156928.0,96908156928.0,96908156928.0,96908156928.0,0
2015-07-17,96908156928.0,96908156928.0,96908156928.0,96908156928.0,0
2015-07-20,96908156928.0,96908156928.0,96908156928.0,96908156928.0,0
2015-07-21,96908156928.0,96908156928.0,96908156928.0,96908156928.0,0
2015-07-22,96908156928.0,96908156928.0,96908156928.0,96908156928.0,0
2015-07-23,96908156928.0,96908156928.0,96908156928.0,96908156928.0,0
2015-07-27,96908156928.0,96908156928.0,96908156928.0,96908156928.0,0
2015-07-28,96908156928.0,96908156928.0,96908156928.0,96908156928.0,0
2015-07-29,96908156928.0,96908156928.0,96908156928.0,96908156928.0,0
2015-07-30,96908156928.0,96908156928.0,96908156928.0,96908156928.0,0
2015-07-31,96908156928.0,96908156928.0,96908156928.0,96908156928.0,0
2015-08-03,96908156928.0,96908156928.0,96908156928.0,96908156928.0,0
2015-08-04,85507194880.0,85507194880.0,85507194880.0,85507194880.0,0
2015-08-05,85507194880.0,85507194880.0,85507194880.0,96908154197.33333,0
2015-08-06,85507194880.0,85507194880.0,85507194880.0,96908154197.33333,0
2015-08-07,85507194880.0,85507194880.0,85507194880.0,85507194880.0,0
2015-08-10,85507194880.0,85507194880.0,85507194880.0,96908154197.33333,0
2015-08-11,85507194880.0,85507194880.0,85507194880.0,96908154197.33333,0
2015-08-12,96908156928.0,96908156928.0,96908156928.0,96908156928.0,0
2015-08-13,96908156928.0,96908156928.0,96908156928.0,85507197289.41176,0
2015-08-14,96908156928.0,96908156928.0,96908156928.0,96908156928.0,0
2015-08-17,96908156928.0,96908156928.0,96908156928.0,85507197289.41176,0
2015-08-18,96908156928.0,96908156928.0,96908156928.0,85507197289.41176,0
2015-08-19,96908156928.0,96908156928.0,96908156928.0,85507197289.41176,0
2015-08-20,96908156928.0,96908156928.0,96908156928.0,85507197289.41176,0
2015-08-21,96908156928.0,96908156928.0,96908156928.0,96908156928.0,0
2015-08-24,96908156928.0,96908156928.0,96908156928.0,85507197289.41176,0
2015-08-25,96908156928.0,96908156928.0,96908156928.0,85507197289.41176,0
2015-08-26,96908156928.0,96908156928.0,96908156928.0,85507197289.41176,0
2015-08-27,96908156928.0,96908156928.0,96908156928.0,85507197289.41176,0
2015-08-28,96908156928.0,96908156928.0,96908156928.0,96908156928.0,0
2015-08-31,96908156928.0,96908156928.0,96908156928.0,85507197289.41176,0
2015-09-01,96908156928.0,96908156928.0,96908156928.0,85507197289.41176,0
2015-09-02,96908156928.0,96908156928.0,96908156928.0,85507197289.41176,0
2015-09-03,96908156928.0,96908156928.0,96908156928.0,85507197289.41176,0
2015-09-04,96908156928.0,96908156928.0,96908156928.0,96908156928.0,0
2015-09-07,-13730600.0,-13730600.0,-13730600.0,-12115235.294117648,0
2015-09-08,-13730600.0,-13730600.0,-13730600.0,-12115235.294117648,0
2015-09-09,-13730600.0,-13730600.0,-13730600.0,-12115235.294117648,0
2015-09-10,-13730600.0,-13730600.0,-13730600.0,-12115235.294117648,0
2015-09-11,-13730600.0,-13730600.0,-13730600.0,-13730600.0,0
2015-09-14,-11307553.0,-11307552.999999998,-11307552.999999998,-11307552.999999998,0
2015-09-15,-11307553.0,-11307552.999999998,-11307552.999999998,-11307552.999999998,0
2015-09-16,-11307553.0,-11307552.999999998,-11307552.999999998,-11307552.999999998,0
2015-09-17,-11307553.0,-11307552.999999998,-11307552.999999998,-11307552.999999998,0
2015-09-18,-11307553.0,-11307552.999999998,-11307552.999999998,-11307552.999999998,0
2015-09-21,-10499870.0,-10499870.0,-10499870.0,-10499870.0,0
2015-09-22,-10499870.0,-10499870.0,-10499870.0,-10499870.0,0
2015-09-23,-10499870.0,-10499870.0,-10499870.0,-10499870.0,0
2015-09-24,-10499870.0,-10499870.0,-10499870.0,-10499870.0,0
2015-09-25,-10499870.0,-10499870.0,-10499870.0,-10499870.0,0
2015-09-28,-10499870.0,-10499870.0,-10499870.0,-10499870.0,0
2015-09-29,-10499870.0,-10499870.0,-10499870.0,-10499870.0,0
2015-09-30,-10499870.0,-10499870.0,-10499870.0,-10499870.0,0
2015-10-01,-10499870.0,-10499870.0,-10499870.0,-10499870.0,0
2015-10-02,-10499870.0,-10499870.0,-10499870.0,-10499870.0,0
2015-10-05,-10499870.0,-10499870.0,-10499870.0,-10499870.0,0
2015-10-06,-10499870.0,-10499870.0,-10499870.0,-10499870.0,0
2015-10-07,-10499870.0,-10499870.0,-10499870.0,-10499870.0,0
2015-10-08,-10499870.0,-10499870.0,-10499870.0,-10499870.0,0
2015-10-09,-9692188.0,-9692188.0,-9692188.0,-9692188.0,0
2015-10-13,-9692188.0,-9692188.0,-9692188.0,-9692188.0,0
2015-10-14,-9692188.0,-9692188.0,-9692188.0,-9692188.0,0
2015-10-15,-9692188.0,-9692188.0,-9692188.0,-9692188.0,0
2015-10-16,-9692188.0,-9692188.0,-9692188.0,-9692188.0,0
2015-10-19,-10499870.0,-10499870.0,-10499870.0,-10499870.0,0
2015-10-20,-10499870.0,-10499870.0,-10499870.0,-10499870.0,0
2015-10-21,-10499870.0,-10499870.0,-10499870.0,-10499870.0,0
2015-10-22,-10499870.0,-10499870.0,-10499870.0,-10499870.0,0
2015-10-23,-10499870.0,-10499870.0,-10499870.0,-10499870.0,0
2015-10-26,-10499870.0,-10499870.0,-10499870.0,-10499870.0,0
2015-10-27,-10499870.0,-10499870.0,-10499870.0,-10499870.0,0
2015-10-28,-10499870.0,-10499870.0,-10499870.0,-10499870.0,0
2015-10-29,-10499870.0,-10499870.0,-10499870.0,-10499870.0,0
2015-10-30,-10499870.0,-10499870.0,-10499870.0,-10499870.0,0
2015-11-02,-10499870.0,-10499870.0,-10499870.0,-10499870.0,0
2015-11-03,-10499870.0,-10499870.0,-10499870.0,-10499870.0,0
2015-11-04,-10499870.0,-10499870.0,-10499870.0,-10499870.0,0
2015-11-05,-10499870.0,-10499870.0,-10499870.0,-10499870.0,0
2015-11-06,-10499870.0,-10499870.0,-10499870.0,-10499870.0,0
2015-11-09,-10499870.0,-10499870.0,-10499870.0,-10499870.0,0
2015-11-10,-10499870.0,-10499870.0,-10499870.0,-10499870.0,0
2015-11-11,-10499870.0,-10499870.0,-10499870.0,-10499870.0,0
2015-11-12,-10499870.0,-10499870.0,-10499870.0,-10499870.0,0
2015-11-13,-10499870.0,-10499870.0,-10499870.0,-10499870.0,0
2015-11-16,-10499870.0,-10499870.0,-10499870.0,-10499870.0,0
2015-11-17,-10499870.0,-10499870.0,-10499870.0,-10499870.0,0
2015-11-18,-10499870.0,-10499870.0,-10499870.0,-10499870.0,0
2015-11-19,-10499870.0,-10499870.0,-10499870.0,-10499870.0,0
2015-11-20,-10499870.0,-10499870.0,-10499870.0,-10499870.0,0
2015-11-23,-10499870.0,-10499870.0,-10499870.0,-10499870.0,0
2015-11-24,-10499870.0,-10499870.0,-10499870.0,-10499870.0,0
2015-11-25,-10499870.0,-10499870.0,-10499870.0,-10499870.0,0
2015-11-26,-10499870.0,-10499870.0,-10499870.0,-10499870.0,0
2015-11-27,-10499870.0,-10499870.0,-10499870.0,-10499870.0,0
2015-11-30,-10499870.0,-10499870.0,-10499870.0,-10499870.0,0
2015-12-01,-10499870.0,-10499870.0,-10499870.0,-10499870.0,0
2015-12-02,-10499870.0,-10499870.0,-10499870.0,-10499870.0,0
2015-12-03,-10499870.0,-10499870.0,-10499870.0,-10499870.0,0
2015-12-04,-10499870.0,-10499870.0,-10499870.0,-10499870.0,0
2015-12-08,-10499870.0,-10499870.0,-10499870.0,-10499870.0,0
2015-12-09,-10499870.0,-10499870.0,-10499870.0,-10499870.0,0
2015-12-10,-10499870.0,-10499870.0,-10499870.0,-10499870.0,0
2015-12-11,-10499870.0,-10499870.0,-10499870.0,-10499870.0,0
2015-12-14,-10499870.0,-10499870.0,-10499870.0,-10499870.0,0
2015-12-15,-10499870.0,-10499870.0,-10499870.0,-10499870.0,0
2015-12-16,-10499870.0,-10499870.0,-10499870.0,-10499870.0,0
2015-12-17,-10499870.0,-10499870.0,-10499870.0,-10499870.0,0
2015-12-18,-10499870.0,-10499870.0,-10499870.0,-10499870.0,0
2015-12-21,-10499870.0,-10499870.0,-10499870.0,-10499870.0,0
2015-12-22,-10499870.0,-10499870.0,-10499870.0,-10499870.0,0
2015-12-23,-10499870.0,-10499870.0,-10499870.0,-10499870.0,0
2015-12-28,-10499870.0,-10499870.0,-10499870.0,-10499870.0,0
2015-12-29,-10499870.0,-10499870.0,-10499870.0,-10499870.0,0
2015-12-30,-10499870.0,-10499870.0,-10499870.0,-10499870.0,0
2016-01-04,-10499870.0,-10499870.0,-10499870.0,-10499870.0,0
2016-01-05,-10499870.0,-10499870.0,-10499870.0,-10499870.0,0
2016-01-06,-10499870.0,-10499870.0,-10499870.0,-10499870.0,0
2016-01-07,-10499870.0,-10499870.0,-10499870.0,-10499870.0,0
2016-01-08,-10499870.0,-10499870.0,-10499870.0,-10499870.0,0
2016-01-12,-10499870.0,-10499870.0,-10499870.0,-10499870.0,0
2016-01-13,-10499870.0,-10499870.0,-10499870.0,-10499870.0,0
2016-01-14,-10499870.0,-10499870.0,-10499870.0,-10499870.0,0
2016-01-15,-10499870.0,-10499870.0,-10499870.0,-10499870.0,0
2016-01-18,-10499870.0,-10499870.0,-10499870.0,-10499870.0,0
2016-01-19,-10499870.0,-10499870.0,-10499870.0,-10499870.0,0
2016-01-20,-10499870.0,-10499870.0,-10499870.0,-10499870.0,0
2016-01-21,-10499870.0,-10499870.0,-10499870.0,-10499870.0,0
2016-01-22,-10499870.0,-10499870.0,-10499870.0,-10499870.0,0
2016-01-25,-10499870.0,-10499870.0,-10499870.0,-10499870.0,0
2016-01-26,-9692188.0,-9692188.0,-9692188.0,-9692188.0,0
2016-01-27,-9692188.0,-9692188.0,-9692188.0,-9692188.0,0
2016-01-28,-8884506.0,-8884506.0,-8884506.0,-8884506.0,0
2016-01-29,-8884506.0,-8884506.0,-8884506.0,-8884506.0,0
2016-02-01,-8884506.0,-8884506.0,-8884506.0,-8884506.0,0
2016-02-02,-8884506.0,-8884506.0,-8884506.0,-8884506.0,0
2016-02-03,-8884506.0,-8884506.0,-8884506.0,-8884506.0,0
2016-02-04,-8884506.0,-8884506.0,-8884506.0,-8884506.0,0
2016-02-05,-8884506.0,-8884506.0,-8884506.0,-8884506.0,0
2016-02-10,-8884506.0,-8884506.0,-8884506.0,-8884506.0,0
2016-02-11,-10499870.0,-10499870.0,-10499870.0,-10499870.0,0
2016-02-12,-10499870.0,-10499870.0,-10499870.0,-10499870.0,0
2016-02-15,-10499870.0,-10499870.0,-10499870.0,-10499870.0,0
2016-02-16,-10499870.0,-10499870.0,-10499870.0,-10499870.0,0
2016-02-17,-8884506.0,-8884506.0,-8884506.0,-8884506.0,0
2016-02-18,-8884506.0,-8884506.0,-8884506.0,-8884506.0,0
2016-02-19,-8884506.0,-8884506.0,-8884506.0,-8884506.0,0
2016-02-22,-8884506.0,-8884506.0,-8884506.0,-8884506.0,0
2016-02-23,-10499870.0,-10499870.0,-10499870.0,-10499870.0,0
2016-02-24,-10499870.0,-10499870.0,-10499870.0,-10499870.0,0
2016-02-25,-10499870.0,-10499870.0,-10499870.0,-10499870.0,0
2016-02-26,-10499870.0,-10499870.0,-10499870.0,-10499870.0,0
2016-02-29,-10499870.0,-10499870.0,-10499870.0,-10499870.0,0
2016-03-01,-8884506.0,-8884506.0,-8884506.0,-8884506.0,0
2016-03-02,-10499870.0,-10499870.0,-10499870.0,-10499870.0,0
2016-03-03,-10499870.0,-10499870.0,-10499870.0,-10499870.0,0
2016-03-04,-10499870.0,-10499870.0,-10499870.0,-10499870.0,0
2016-03-07,-10499870.0,-10499870.0,-10499870.0,-10499870.0,0
2016-03-08,-10499870.0,-10499870.0,-10499870.0,-10499870.0,0
2016-03-09,-10499870.0,-10499870.0,-10499870.0,-10499870.0,0
2016-03-10,-10499870.0,-10499870.0,-10499870.0,-10499870.0,0
2016-03-11,-10499870.0,-10499870.0,-10499870.0,-10499870.0,0
2016-03-14,-10499870.0,-10499870.0,-10499870.0,-10499870.0,0
2016-03-15,-9692188.0,-9692188.0,-9692188.0,-9692188.0,0
2016-03-16,-10499870.0,-10499870.0,-10499870.0,-10499870.0,0
2016-03-17,-10499870.0,-10499870.0,-10499870.0,-10499870.0,0
2016-03-18,-10499870.0,-10499870.0,-10499870.0,-10499870.0,0
2016-03-21,-10499870.0,-10499870.0,-10499870.0,-10499870.0,0
2016-03-22,-10499870.0,-10499870.0,-10499870.0,-10499870.0,0
2016-03-23,-10499870.0,-10499870.0,-10499870.0,-10499870.0,0
2016-03-28,-10499870.0,-10499870.0,-10499870.0,-10499870.0,0
2016-03-29,-10499870.0,-10499870.0,-10499870.0,-10499870.0,0
2016-03-30,-10499870.0,-10499870.0,-10499870.0,-10499870.0,0
2016-03-31,-10499870.0,-10499870.0,-10499870.0,-10499870.0,0
2016-04-01,-10499870.0,-10499870.0,-10499870.0,-10499870.0,0
2016-04-04,-10499870.0,-10499870.0,-10499870.0,-10499870.0,0
2016-04-05,-10499870.0,-10499870.0,-10499870.0,-10499870.0,0
2016-04-06,-10499870.0,-10499870.0,-10499870.0,-10499870.0,0
2016-04-07,-10499870.0,-10499870.0,-10499870.0,-10499870.0,0
2016-04-08,-10499870.0,-10499870.0,-10499870.0,-10499870.0,0
2016-04-11,-10499870.0,-10499870.0,-10499870.0,-10499870.0,0
2016-04-12,-10499870.0,-10499870.0,-10499870.0,-10499870.0,0
2016-04-13,-10499870.0,-10499870.0,-10499870.0,-10499870.0,0
2016-04-14,-10499870.0,-10499870.0,-10499870.0,-10499870.0,0
2016-04-15,-10499870.0,-10499870.0,-10499870.0,-10499870.0,0
2016-04-18,-10499870.0,-10499870.0,-10499870.0,-10499870.0,0
2016-04-20,-8884506.0,-8884506.0,-8884506.0,-8884506.0,0
2016-04-21,-8884506.0,-8884506.0,-8884506.0,-8884506.0,0
2016-04-22,-8884506.0,-8884506.0,-8884506.0,-8884506.0,0
2016-04-25,-8884506.0,-8884506.0,-8884506.0,-8884506.0,0
2016-04-26,-8884506.0,-8884506.0,-8884506.0,-8884506.0,0
2016-04-27,-8884506.0,-8884506.0,-8884506.0,-8884506.0,0
2016-04-28,-9692188.0,-9692188.0,-9692188.0,-9692188.0,0
2016-04-29,-9692188.0,-9692188.0,-9692188.0,-9692188.0,0
2016-05-02,-9692188.0,-9692188.0,-9692188.0,-9692188.0,0
2016-05-03,-10499870.0,-10499870.0,-10499870.0,-10499870.0,0
2016-05-04,-10499870.0,-10499870.0,-10499870.0,-10499870.0,0
2016-05-05,-10499870.0,-10499870.0,-10499870.0,-10499870.0,0
2016-05-06,-10499870.0,-10499870.0,-10499870.0,-10499870.0,0
2016-05-10,130.0,130.0,130.0,130.0,0
2016-05-11,110.0,110.0,110.0,110.0,0
2016-05-12,110.0,110.0,110.0,110.0,0
2016-05-13,110.0,110.0,110.0,110.0,0
2016-05-16,110.0,110.0,110.0,110.0,0
2016-05-17,110.0,110.0,110.0,110.0,0
2016-05-18,120.0,120.0,120.0,120.0,0
2016-05-19,120.0,120.0,120.0,120.0,0
2016-05-20,120.0,120.0,120.0,120.0,0
2016-05-23,120.0,120.0,120.0,120.0,0
2016-05-24,120.0,120.0,120.0,120.0,0
2016-05-25,120.0,120.0,120.0,120.0,0
2016-05-26,130.0,130.0,130.0,130.0,0
2016-05-27,130.0,130.0,130.0,130.0,0
2016-05-31,130.0,130.0,130.0,130.0,0
2016-06-01,130.0,130.0,130.0,130.0,0
2016-06-02,130.0,130.0,130.0,130.0,0
2016-06-03,130.0,130.0,130.0,130.0,0
2016-06-06,130.0,130.0,130.0,130.0,0
2016-06-07,120.0,120.0,120.0,120.0,0
2016-06-08,120.0,120.0,120.0,120.0,0
2016-06-09,120.0,120.0,120.0,120.0,0
2016-06-10,120.0,120.0,120.0,120.0,0
2016-06-13,120.0,120.0,120.0,120.0,0
2016-06-14,120.0,120.0,120.0,120.0,0
2016-06-15,100.0,100.0,100.0,100.0,0
2016-06-16,100.0,100.0,100.0,100.0,0
2016-06-17,100.0,100.0,100.0,100.0,0
2016-06-20,100.0,100.0,100.0,100.0,0
2016-06-21,100.0,100.0,100.0,100.0,0
2016-06-22,100.0,100.0,100.0,100.0,0
2016-06-23,100.0,100.0,100.0,100.0,0
2016-06-27,100.0,100.0,100.0,100.0,0
2016-06-28,100.0,100.0,100.0,100.0,0
2016-06-29,100.0,100.0,100.0,100.0,0
2016-06-30,100.0,100.0,100.0,100.0,0
2016-07-01,100.0,100.0,100.0,100.0,0
2016-07-06,110.0,110.0,110.0,110.0,0
2016-07-07,110.0,110.0,110.0,110.0,0
2016-07-08,110.0,110.0,110.0,110.0,0
2016-07-11,110.0,110.0,110.0,110.0,0
2016-07-12,100.0,100.0,100.0,100.0,0
2016-07-13,100.0,100.0,100.0,100.0,0
2016-07-14,100.0,100.0,100.0,100.0,0
2016-07-15,100.0,100.0,100.0,100.0,0
2016-07-18,100.0,100.0,100.0,100.0,0
2016-07-19,100.0,100.0,100.0,100.0,0
2016-07-20,100.0,100.0,100.0,100.0,0
2016-07-21,100.0,100.0,100.0,100.0,0
2016-07-22,100.0,100.0,100.0,100.0,0
2016-07-25,100.0,100.0,100.0,100.0,0
2016-07-26,100.0,100.0,100.0,100.0,0
2016-07-27,100.0,100.0,100.0,100.0,0
2016-07-28,100.0,100.0,100.0,100.0,0
2016-07-29,100.0,100.0,100.0,100.0,0
2016-08-01,100.0,100.0,100.0,100.0,0
2016-08-02,100.0,100.0,100.0,100.0,0
2016-08-03,100.0,100.0,100.0,100.0,0
2016-08-04,100.0,100.0,100.0,100.0,0
2016-08-05,100.0,100.0,100.0,100.0,0
2016-08-08,100.0,100.0,100.0,100.0,0
2016-08-09,100.0,100.0,100.0,100.0,0
2016-08-10,100.0,100.0,100.0,100.0,0
2016-08-11,100.0,100.0,100.0,100.0,0
2016-08-12,100.0,100.0,100.0,100.0,0
2016-08-16,100.0,100.0,100.0,100.0,0
2016-08-17,100.0,100.0,100.0,100.0,0
2016-08-18,100.0,100.0,100.0,100.0,0
2016-08-19,100.0,100.0,100.0,100.0,0
2016-08-22,100.0,100.0,100.0,100.0,0
2016-08-23,100.0,100.0,100.0,100.0,0
2016-08-24,100.0,100.0,100.0,100.0,0
2016-08-25,100.0,100.0,100.0,100.0,0
2016-08-26,100.0,100.0,100.0,100.0,0
2016-08-29,90.0,90.0,90.0,90.0,0
2016-08-30,100.0,100.0,100.0,100.0,0
2016-08-31,100.0,100.0,100.0,100.0,0
2016-09-01,100.0,100.0,100.0,100.0,0
2016-09-02,100.0,100.0,100.0,100.0,0
2016-09-05,100.0,100.0,100.0,100.0,0
2016-09-06,100.0,100.0,100.0,100.0,0
2016-09-07,100.0,100.0,100.0,100.0,0
2016-09-08,100.0,100.0,100.0,100.0,0
2016-09-09,100.0,100.0,100.0,100.0,0
2016-09-12,100.0,100.0,100.0,100.0,0
2016-09-13,100.0,100.0,100.0,100.0,0
2016-09-14,100.0,100.0,100.0,100.0,0
2016-09-15,100.0,100.0,100.0,100.0,0
2016-09-16,100.0,100.0,100.0,100.0,0
2016-09-19,100.0,100.0,100.0,100.0,0
2016-09-20,100.0,100.0,100.0,100.0,0
2016-09-21,100.0,100.0,100.0,100.0,0
2016-09-22,100.0,100.0,100.0,100.0,0
2016-09-23,100.0,100.0,100.0,100.0,0
2016-09-26,100.0,100.0,100.0,100.0,0
2016-09-27,100.0,100.0,100.0,100.0,0
2016-09-28,100.0,100.0,100.0,100.0,0
2016-09-29,100.0,100.0,100.0,100.0,0
2016-09-30,100.0,100.0,100.0,100.0,0
2016-10-03,100.0,100.0,100.0,100.0,0
2016-10-04,100.0,100.0,100.0,100.0,0
2016-10-05,100.0,100.0,100.0,100.0,0
2016-10-06,100.0,100.0,100.0,100.0,0
2016-10-07,100.0,100.0,100.0,100.0,0
2016-10-10,100.0,100.0,100.0,100.0,0
2016-10-11,100.0,100.0,100.0,100.0,0
2016-10-13,100.0,100.0,100.0,100.0,0
2016-10-14,110.0,110.0,110.0,110.0,0
2016-10-17,110.0,110.0,110.0,110.0,0
2016-10-18,110.0,110.0,110.0,110.0,0
2016-10-19,110.0,110.0,110.0,110.0,0
2016-10-20,130.0,130.0,130.0,130.0,0
2016-10-21,130.0,130.0,130.0,130.0,0
2016-10-24,130.0,130.0,130.0,130.0,0
2016-10-25,130.0,130.0,130.0,130.0,0
2016-10-26,140.0,140.0,140.0,140.0,0
2016-10-27,140.0,140.0,140.0,140.0,0
2016-10-28,140.0,140.0,140.0,140.0,0
2016-10-31,130.0,130.0,130.0,130.0,0
2016-11-01,140.0,140.0,140.0,140.0,0
2016-11-02,140.0,140.0,140.0,140.0,0
2016-11-03,140.0,140.0,140.0,140.0,0
2016-11-04,170.0,170.0,170.0,170.0,0
2016-11-08,210.0,210.0,210.0,210.0,0
2016-11-09,210.0,210.0,210.0,210.0,0
2016-11-10,280.0,280.0,280.0,280.0,0
2016-11-11,330.0,330.0,330.0,330.0,0
2016-11-14,330.0,330.0,330.0,330.0,0
2016-11-15,330.0,330.0,330.0,330.0,0
2016-11-16,320.0,320.0,320.0,320.0,0
2016-11-17,320.0,320.0,320.0,320.0,0
2016-11-18,300.0,300.0,300.0,300.0,0
2016-11-21,300.0,300.0,300.0,300.0,0
2016-11-22,300.0,300.0,300.0,300.0,0
2016-11-23,300.0,300.0,300.0,300.0,0
2016-11-24,290.0,290.0,290.0,290.0,0
2016-11-25,290.0,290.0,290.0,290.0,0
2016-11-28,290.0,290.0,290.0,290.0,0
2016-11-29,300.0,300.0,300.0,300.0,0
2016-11-30,300.0,300.0,300.0,300.0,0
2016-12-01,340.0,340.0,340.0,340.0,0
2016-12-02,310.0,310.0,310.0,310.0,0
2016-12-05,250.0,250.0,250.0,250.0,0
2016-12-06,340.0,340.0,340.0,340.0,0
2016-12-07,340.0,340.0,340.0,340.0,0
2016-12-08,300.0,300.0,300.0,300.0,0
2016-12-09,300.0,300.0,300.0,300.0,0
2016-12-13,300.0,300.0,300.0,300.0,0
2016-12-14,300.0,300.0,300.0,300.0,0
2016-12-15,300.0,300.0,300.0,300.0,0
2016-12-16,300.0,300.0,300.0,300.0,0
2016-12-19,300.0,300.0,300.0,300.0,0
2016-12-20,280.0,280.0,280.0,280.0,0
2016-12-21,280.0,280.0,280.0,280.0,0
2016-12-22,280.0,280.0,280.0,280.0,0
2016-12-23,280.0,280.0,280.0,280.0,0
2016-12-26,280.0,280.0,280.0,280.0,0
2016-12-27,280.0,280.0,280.0,280.0,0
2016-12-28,280.0,280.0,280.0,280.0,0
2016-12-29,280.0,280.0,280.0,280.0,0
2016-12-30,280.0,280.0,280.0,280.0,0
2017-01-02,280.0,280.0,280.0,280.0,0
2017-01-03,280.0,280.0,280.0,280.0,0
2017-01-04,280.0,280.0,280.0,280.0,0
2017-01-05,290.0,290.0,290.0,290.0,0
2017-01-09,290.0,290.0,290.0,290.0,0
2017-01-10,290.0,290.0,290.0,290.0,0
2017-01-11,290.0,290.0,290.0,290.0,0
2017-01-12,290.0,290.0,290.0,290.0,0
2017-01-13,290.0,290.0,290.0,290.0,0
2017-01-16,290.0,290.0,290.0,290.0,0
2017-01-17,290.0,290.0,290.0,290.0,0
2017-01-18,290.0,290.0,290.0,290.0,0
2017-01-19,290.0,290.0,290.0,290.0,0
2017-01-20,290.0,290.0,290.0,290.0,0
2017-01-23,290.0,290.0,290.0,290.0,0
2017-01-24,290.0,290.0,290.0,290.0,0
2017-01-25,290.0,290.0,290.0,290.0,0
2017-01-26,240.0,240.0,240.0,240.0,0
2017-01-27,240.0,240.0,240.0,240.0,0
2017-01-30,290.0,290.0,290.0,290.0,0
2017-01-31,290.0,290.0,290.0,290.0,0
2017-02-01,290.0,290.0,290.0,290.0,0
2017-02-02,300.0,300.0,300.0,300.0,0
2017-02-03,290.0,290.0,290.0,290.0,0
2017-02-06,290.0,290.0,290.0,290.0,0
2017-02-07,260.0,260.0,260.0,260.0,0
2017-02-08,260.0,260.0,260.0,260.0,0
2017-02-09,260.0,260.0,260.0,260.0,0
2017-02-10,300.0,300.0,300.0,300.0,0
2017-02-13,300.0,300.0,300.0,300.0,0
2017-02-14,300.0,300.0,300.0,300.0,0
2017-02-15,300.0,300.0,300.0,300.0,0
2017-02-16,300.0,300.0,300.0,300.0,0
2017-02-17,300.0,300.0,300.0,300.0,0
2017-02-20,310.0,310.0,310.0,310.0,0
2017-02-21,310.0,310.0,310.0,310.0,0
2017-02-22,310.0,310.0,310.0,310.0,0
2017-02-23,330.0,330.0,330.0,330.0,0
2017-02-24,330.0,330.0,330.0,330.0,0
2017-03-01,340.0,340.0,340.0,340.0,0
2017-03-02,350.0,350.0,350.0,350.0,0
2017-03-03,370.0,370.0,370.0,370.0,0
2017-03-06,370.0,370.0,370.0,370.0,0
2017-03-07,370.0,370.0,370.0,370.0,0
2017-03-08,370.0,370.0,370.0,370.0,0
2017-03-09,380.0,380.0,380.0,380.0,0
2017-03-10,390.0,390.0,390.0,390.0,0
2017-03-13,380.0,380.0,380.0,380.0,0
2017-03-14,380.0,380.0,380.0,380.0,0
2017-03-15,380.0,380.0,380.0,380.0,0
2017-03-16,380.0,380.0,380.0,380.0,0
2017-03-17,380.0,380.0,380.0,380.0,0
2017-03-20,380.0,380.0,380.0,380.0,0
2017-03-21,380.0,380.0,380.0,380.0,0
2017-03-22,380.0,380.0,380.0,380.0,0
2017-03-23,380.0,380.0,380.0,380.0,0
2017-03-24,380.0,380.0,380.0,380.0,0
2017-03-27,420.0,420.0,420.0,420.0,0
2017-03-28,420.0,420.0,420.0,420.0,0
2017-03-29,430.0,430.0,430.0,430.0,0
2017-03-30,420.0,420.0,420.0,420.0,0
2017-03-31,420.0,420.0,420.0,420.0,0
2017-04-03,430.0,430.0,430.0,430.0,0
2017-04-04,440.0,440.0,440.0,440.0,0
2017-04-05,440.0,440.0,440.0,440.0,0
2017-04-06,440.0,440.0,440.0,440.0,0
2017-04-07,440.0,440.0,440.0,440.0,0
2017-04-10,440.0,440.0,440.0,440.0,0
2017-04-11,440.0,440.0,440.0,440.0,0
2017-04-12,460.0,460.0,460.0,460.0,0
2017-04-17,460.0,460.0,460.0,460.0,0
2017-04-18,480.0,480.0,480.0,480.0,0
2017-04-20,480.0,480.0,480.0,480.0,0
2017-04-21,480.0,480.0,480.0,480.0,0
2017-04-24,480.0,480.0,480.0,480.0,0
2017-04-25,560.0,560.0,560.0,560.0,0
2017-04-26,560.0,560.0,560.0,560.0,0
2017-04-27,560.0,560.0,560.0,560.0,0
2017-04-28,620.0,620.0,620.0,620.0,0
2017-05-02,640.0,640.0,640.0,640.0,0
2017-05-03,640.0,640.0,640.0,640.0,0
2017-05-04,680.0,680.0,680.0,680.0,0
2017-05-05,700.0,700.0,700.0,700.0,0
2017-05-08,700.0,700.0,700.0,700.0,0
2017-05-09,700.0,700.0,700.0,700.0,0
2017-05-10,720.0,720.0,720.0,720.0,0
2017-05-11,740.0,740.0,740.0,740.0,0
2017-05-12,770.0,770.0,770.0,770.0,0
2017-05-15,770.0,770.0,770.0,770.0,0
2017-05-16,760.0,760.0,760.0,760.0,0
2017-05-17,730.0,730.0,730.0,730.0,0
2017-05-18,730.0,730.0,730.0,730.0,0
2017-05-19,780.0,780.0,780.0,780.0,0
2017-05-22,780.0,780.0,780.0,780.0,0
2017-05-23,780.0,780.0,780.0,780.0,0
2017-05-24,780.0,780.0,780.0,780.0,0
2017-05-26,770.0,770.0,770.0,770.0,0
2017-05-29,770.0,770.0,770.0,770.0,0
2017-05-30,700.0,700.0,700.0,700.0,0
2017-05-31,700.0,700.0,700.0,700.0,0
2017-06-01,790.0,790.0,790.0,790.0,0
2017-06-02,790.0,790.0,790.0,790.0,0
2017-06-05,790.0,790.0,790.0,790.0,0
2017-06-06,790.0,790.0,790.0,790.0,0
2017-06-07,800.0,800.0,800.0,800.0,0
2017-06-08,800.0,800.0,800.0,800.0,0
2017-06-09,820.0,820.0,820.0,820.0,0
2017-06-12,840.0,840.0,840.0,840.0,0
2017-06-13,880.0,880.0,880.0,880.0,0
2017-06-14,880.0,880.0,880.0,880.0,0
2017-06-16,940.0,940.0,940.0,940.0,0
2017-06-20,940.0,940.0,940.0,940.0,0
2017-06-21,940.0,940.0,940.0,940.0,0
2017-06-22,980.0,980.0,980.0,980.0,0
2017-06-23,1050.0,1050.0,1050.0,1050.0,0
2017-06-26,1050.0,1050.0,1050.0,1050.0,0
2017-06-27,1150.0,1150.0,1150.0,1150.0,0
2017-06-28,1100.0,1100.0,1100.0,1100.0,0
2017-06-30,1100.0,1100.0,1100.0,1100.0,0
2017-07-03,1100.0,1100.0,1100.0,1100.0,0
2017-07-04,1080.0,1080.0,1080.0,1080.0,0
2017-07-06,1080.0,1080.0,1080.0,1080.0,0
2017-07-07,1080.0,1080.0,1080.0,1080.0,0
2017-07-10,1080.0,1080.0,1080.0,1080.0,0
2017-07-11,1080.0,1080.0,1080.0,1080.0,0
2017-07-12,1100.0,1100.0,1100.0,1100.0,0
2017-07-13,1150.0,1150.0,1150.0,1150.0,0
2017-07-14,1250.0,1250.0,1250.0,1250.0,0
2017-07-17,1250.0,1250.0,1250.0,1250.0,0
2017-07-18,1200.0,1200.0,1200.0,1200.0,0
2017-07-19,1200.0,1200.0,1200.0,1200.0,0
2017-07-20,1200.0,1200.0,1200.0,1200.0,0
2017-07-21,1250.0,1250.0,1250.0,1250.0,0
2017-07-25,1300.0,1300.0,1300.0,1300.0,0
2017-07-26,1300.0,1300.0,1300.0,1300.0,0
2017-07-27,1300.0,1300.0,1300.0,1300.0,0
2017-07-28,1330.0,1330.0,1330.0,1330.0,0
2017-07-31,1350.0,1350.0,1350.0,1350.0,0
2017-08-01,1350.0,1350.0,1350.0,1350.0,0
2017-08-02,1350.0,1350.0,1350.0,1350.0,0
2017-08-03,1450.0,1450.0,1450.0,1450.0,0
2017-08-04,1500.0,1500.0,1500.0,1500.0,0
2017-08-07,1500.0,1500.0,1500.0,1500.0,0
2017-08-08,1500.0,1500.0,1500.0,1500.0,0
2017-08-09,1500.0,1500.0,1500.0,1500.0,0
2017-08-10,1650.0,1650.0,1650.0,1650.0,0
2017-08-11,1650.0,1650.0,1650.0,1650.0,0
2017-08-14,1650.0,1650.0,1650.0,1650.0,0
2017-08-16,1700.0,1700.0,1700.0,1700.0,0
2017-08-17,1650.0,1650.0,1650.0,1650.0,0
2017-08-18,1650.0,1650.0,1650.0,1650.0,0
2017-08-21,1650.0,1650.0,1650.0,1650.0,0
2017-08-22,1650.0,1650.0,1650.0,1650.0,0
2017-08-23,1650.0,1650.0,1650.0,1650.0,0
2017-08-24,1650.0,1650.0,1650.0,1650.0,0
2017-08-25,1650.0,1650.0,1650.0,1650.0,0
2017-08-28,1650.0,1650.0,1650.0,1650.0,0
2017-08-29,1650.0,1650.0,1650.0,1650.0,0
2017-08-30,1650.0,1650.0,1650.0,1650.0,0
2017-08-31,1650.0,1650.0,1650.0,1650.0,0
2017-09-01,2450.0,2450.0,2450.0,2450.0,0
2017-09-04,1650.0,1650.0,1650.0,1650.0,0
2017-09-05,1800.0,1800.0,1800.0,1800.0,0
2017-09-06,1800.0,1800.0,1800.0,1800.0,0
2017-09-07,1850.0,1850.0,1850.0,1850.0,0
2017-09-08,1850.0,1850.0,1850.0,1850.0,0
2017-09-12,2000.0,2000.0,2000.0,2000.0,0
2017-09-13,2150.0,2150.0,2150.0,2150.0,0
2017-09-14,2350.0,2350.0,2350.0,2350.0,0
2017-09-15,2400.0,2400.0,2400.0,2400.0,0
2017-09-18,2450.0,2450.0,2450.0,2450.0,0
2017-09-19,2450.0,2450.0,2450.0,2450.0,0
2017-09-20,2450.0,2450.0,2450.0,2450.0,0
2017-09-21,2300.0,2300.0,2300.0,2300.0,0
2017-09-22,2450.0,2450.0,2450.0,2450.0,0
2017-09-25,2450.0,2450.0,2450.0,2450.0,0
2017-09-26,2450.0,2450.0,2450.0,2450.0,0
2017-09-27,2450.0,2450.0,2450.0,2450.0,0
2017-09-28,2800.0,2800.0,2800.0,2800.0,0
2017-09-29,2800.0,2800.0,2800.0,2800.0,0
2017-10-02,2800.0,2800.0,2800.0,2800.0,0
2017-10-03,2800.0,2800.0,2800.0,2800.0,0
2017-10-04,2800.0,2800.0,2800.0,2800.0,0
2017-10-05,3320.0,3320.0,3320.0,3320.0,0
2017-10-06,3320.0,3320.0,3320.0,3320.0,0
2017-10-09,3320.0,3320.0,3320.0,3320.0,0
2017-10-10,3320.0,3320.0,3320.0,3320.0,0
2017-10-11,3320.0,3320.0,3320.0,3320.0,0
2017-10-13,2800.0,2800.0,2800.0,2800.0,0
2017-10-16,2800.0,2800.0,2800.0,2800.0,0
2017-10-17,2800.0,2800.0,2800.0,2800.0,0
2017-10-18,2800.0,2800.0,2800.0,2800.0,0
2017-10-19,3100.0,3100.0,3100.0,3100.0,0
2017-10-20,3100.0,3100.0,3100.0,3100.0,0
2017-10-23,3100.0,3100.0,3100.0,3100.0,0
2017-10-24,3050.0,3050.0,3050.0,3050.0,0
2017-10-25,2800.0,2800.0,2800.0,2800.0,0
2017-10-26,2800.0,2800.0,2800.0,2800.0,0
2017-10-27,2500.0,2500.0,2500.0,2500.0,0
2017-10-30,2500.0,2500.0,2500.0,2500.0,0
2017-10-31,2500.0,2500.0,2500.0,2500.0,0
2017-11-02,2200.0,2200.0,2200.0,2200.0,0
2017-11-03,2350.0,2350.0,2350.0,2350.0,0
2017-11-06,2350.0,2350.0,2350.0,2350.0,0
2017-11-07,2350.0,2350.0,2350.0,2350.0,0
2017-11-08,2200.0,2200.0,2200.0,2200.0,0
2017-11-09,2200.0,2200.0,2200.0,2200.0,0
2017-11-10,2200.0,2200.0,2200.0,2200.0,0
2017-11-13,2200.0,2200.0,2200.0,2200.0,0
2017-11-14,2200.0,2200.0,2200.0,2200.0,0
2017-11-15,2200.0,2200.0,2200.0,2200.0,0
2017-11-16,2200.0,2200.0,2200.0,2200.0,0
2017-11-17,2300.0,2300.0,2300.0,2300.0,0
2017-11-20,2300.0,2300.0,2300.0,2300.0,0
2017-11-21,2300.0,2300.0,2300.0,2300.0,0
2017-11-22,2300.0,2300.0,2300.0,2300.0,0
2017-11-23,2300.0,2300.0,2300.0,2300.0,0
2017-11-24,2300.0,2300.0,2300.0,2300.0,0
2017-11-27,2300.0,2300.0,2300.0,2300.0,0
2017-11-28,2300.0,2300.0,2300.0,2300.0,0
2017-11-29,2300.0,2300.0,2300.0,2300.0,0
2017-11-30,2300.0,2300.0,2300.0,2300.0,0
2017-12-01,2300.0,2300.0,2300.0,2300.0,0
2017-12-04,2300.0,2300.0,2300.0,2300.0,0
2017-12-05,2760.0,2760.0,2760.0,2760.0,0
2017-12-06,2760.0,2760.0,2760.0,2760.0,0
2017-12-07,2700.0,2700.0,2700.0,2700.0,0
2017-12-11,2700.0,2700.0,2700.0,2700.0,0
2017-12-12,2700.0,2700.0,2700.0,2700.0,0
2017-12-13,2600.0,2600.0,2600.0,2600.0,0
2017-12-14,2600.0,2600.0,2600.0,2600.0,0
2017-12-15,2600.0,2600.0,2600.0,2600.0,0
2017-12-18,2600.0,2600.0,2600.0,2600.0,0
2017-12-19,2600.0,2600.0,2600.0,2600.0,0
2017-12-20,2600.0,2600.0,2600.0,2600.0,0
2017-12-21,2600.0,2600.0,2600.0,2600.0,0
2017-12-22,2600.0,2600.0,2600.0,2600.0,0
2017-12-26,2600.0,2600.0,2600.0,2600.0,0
2017-12-27,2600.0,2600.0,2600.0,2600.0,0
2017-12-28,2600.0,2600.0,2600.0,2600.0,0
2017-12-29,2600.0,2600.0,2600.0,2600.0,0
2018-01-01,2600.0,2600.0,2600.0,2600.0,0
2018-01-02,2400.0,2400.0,2400.0,2400.0,0
2018-01-03,2400.0,2400.0,2400.0,2400.0,0
2018-01-04,2400.0,2400.0,2400.0,2400.0,0
2018-01-05,2400.0,2400.0,2400.0,2400.0,0
2018-01-08,2600.0,2600.0,2600.0,2600.0,0
2018-01-09,2600.0,2600.0,2600.0,2600.0,0
2018-01-10,2600.0,2600.0,2600.0,2600.0,0
2018-01-11,2600.0,2600.0,2600.0,2600.0,0
2018-01-12,2600.0,2600.0,2600.0,2600.0,0
2018-01-15,2600.0,2600.0,2600.0,2600.0,0
2018-01-16,2600.0,2600.0,2600.0,2600.0,0
2018-01-17,2900.0,2900.0,2900.0,2900.0,0
2018-01-18,3120.0,3120.0,3120.0,3120.0,0
2018-01-19,3120.0,3120.0,3120.0,3120.0,0
2018-01-22,3740.0,3740.0,3740.0,3740.0,0
2018-01-23,3700.0,3700.0,3700.0,3700.0,0
2018-01-24,3740.0,3740.0,3740.0,3740.0,0
2018-01-25,3740.0,3740.0,3740.0,3740.0,0
2018-01-26,3740.0,3740.0,3740.0,3740.0,0
2018-01-29,4000.0,4000.0,4000.0,4000.0,0
2018-01-30,4800.0,4800.0,4800.0,4800.0,0
2018-01-31,4800.0,4800.0,4800.0,4800.0,0
2018-02-01,4900.0,4900.0,4900.0,4900.0,0
2018-02-02,4900.0,4900.0,4900.0,4900.0,0
2018-02-05,4900.0,4900.0,4900.0,4900.0,0
2018-02-06,4900.0,4900.0,4900.0,4900.0,0
2018-02-07,4900.0,4900.0,4900.0,4900.0,0
2018-02-08,4900.0,4900.0,4900.0,4900.0,0
2018-02-09,4900.0,4900.0,4900.0,4900.0,0
2018-02-12,4900.0,4900.0,4900.0,4900.0,0
2018-02-13,4900.0,4900.0,4900.0,4900.0,0
2018-02-14,4900.0,4900.0,4900.0,4900.0,0
2018-02-15,4600.0,4600.0,4600.0,4600.0,0
2018-02-16,4900.0,4900.0,4900.0,4900.0,0
2018-02-19,5520.0,5520.0,5520.0,5520.0,0
2018-02-20,5520.0,5520.0,5520.0,5520.0,0
2018-02-21,5680.0,5680.0,5680.0,5680.0,0
2018-02-22,5680.0,5680.0,5680.0,5680.0,0
2018-02-23,6000.0,6000.0,6000.0,6000.0,0
2018-02-26,6000.0,6000.0,6000.0,6000.0,0
2018-02-27,6000.0,6000.0,6000.0,6000.0,0
2018-02-28,6000.0,6000.0,6000.0,6000.0,0
2018-03-01,6000.0,6000.0,6000.0,6000.0,0
2018-03-02,6250.0,6250.0,6250.0,6250.0,0
2018-03-05,6500.0,6500.0,6500.0,6500.0,0
2018-03-06,7800.0,7800.0,7800.0,7800.0,0
2018-03-07,7700.0,7700.0,7700.0,7700.0,0
2018-03-08,7700.0,7700.0,7700.0,7700.0,0
2018-03-09,8500.0,8500.0,8500.0,8500.0,0
2018-03-12,8500.0,8500.0,8500.0,8500.0,0
2018-03-13,8500.0,8500.0,8500.0,8500.0,0
2018-03-14,8500.0,8500.0,8500.0,8500.0,0
2018-03-15,8700.0,8700.0,8700.0,8700.0,0
2018-03-16,8500.0,8500.0,8500.0,8500.0,0
2018-03-19,8500.0,8500.0,8500.0,8500.0,0
2018-03-20,8500.0,8500.0,8500.0,8500.0,0
2018-03-21,8500.0,8500.0,8500.0,8500.0,0
2018-03-22,8500.0,8500.0,8500.0,8500.0,0
2018-03-23,8500.0,8500.0,8500.0,8500.0,0
2018-03-26,8500.0,8500.0,8500.0,8500.0,0
2018-03-27,8500.0,8500.0,8500.0,8500.0,0
2018-03-28,8500.0,8500.0,8500.0,8500.0,0
2018-03-29,8500.0,8500.0,8500.0,8500.0,0
2018-03-30,8500.0,8500.0,8500.0,8500.0,0
2018-04-02,9000.0,9000.0,9000.0,9000.0,0
2018-04-03,10200.0,10200.0,10200.0,10200.0,0
2018-04-04,10200.0,10200.0,10200.0,10200.0,0
2018-04-05,12000.0,12000.0,12000.0,12000.0,0
2018-04-06,12000.0,12000.0,12000.0,12000.0,0
2018-04-09,12000.0,12000.0,12000.0,12000.0,0
2018-04-10,18600.0,18600.0,18600.0,18600.0,0
2018-04-11,26780.0,26780.0,26780.0,26780.0,0
2018-04-12,32140.0,32140.0,32140.0,32140.0,0
2018-04-13,38570.0,38570.0,38570.0,38570.0,0
2018-04-16,46280.0,46280.0,46280.0,46280.0,0
2018-04-17,47000.0,47000.0,47000.0,47000.0,0
2018-04-18,47000.0,47000.0,47000.0,47000.0,0
2018-04-19,47000.0,47000.0,47000.0,47000.0,0
2018-04-20,50000.0,50000.0,50000.0,50000.0,0
2018-04-23,50000.0,50000.0,50000.0,50000.0,0
2018-04-24,50000.0,50000.0,50000.0,50000.0,0
2018-04-25,60000.0,60000.0,60000.0,60000.0,0
2018-04-26,60000.0,60000.0,60000.0,60000.0,0
2018-04-27,72000.0,72000.0,72000.0,72000.0,0
2018-04-30,72000.0,72000.0,72000.0,72000.0,0
2018-05-01,72000.0,72000.0,72000.0,72000.0,0
2018-05-02,72000.0,72000.0,72000.0,72000.0,0
2018-05-03,72000.0,72000.0,72000.0,72000.0,0
2018-05-04,70000.0,70000.0,70000.0,70000.0,0
2018-05-07,64500.0,64500.0,64500.0,64500.0,0
2018-05-08,61000.0,61000.0,61000.0,61000.0,0
2018-05-09,61000.0,61000.0,61000.0,61000.0,0
2018-05-10,61000.0,61000.0,61000.0,61000.0,0
2018-05-11,60000.0,60000.0,60000.0,60000.0,0
2018-05-14,60000.0,60000.0,60000.0,60000.0,0
2018-05-15,60000.0,60000.0,60000.0,60000.0,0
2018-05-16,55000.0,55000.0,55000.0,55000.0,0
2018-05-17,55000.0,55000.0,55000.0,55000.0,0
2018-05-18,55000.0,55000.0,55000.0,55000.0,0
2018-05-21,55000.0,55000.0,55000.0,55000.0,0
2018-05-22,60000.0,60000.0,60000.0,60000.0,0
2018-05-23,62000.0,62000.0,62000.0,62000.0,0
2018-05-24,64500.0,64500.0,64500.0,64500.0,0
2018-05-25,64500.0,64500.0,64500.0,64500.0,0
2018-05-28,64500.0,64500.0,64500.0,64500.0,0
2018-05-29,64500.0,64500.0,64500.0,64500.0,0
2018-05-30,64500.0,64500.0,64500.0,64500.0,0
2018-05-31,64500.0,64500.0,64500.0,64500.0,0
2018-06-01,64500.0,64500.0,64500.0,64500.0,0
2018-06-04,64500.0,64500.0,64500.0,64500.0,0
2018-06-05,60000.0,60000.0,60000.0,60000.0,0
2018-06-06,60000.0,60000.0,60000.0,60000.0,0
2018-06-07,60000.0,60000.0,60000.0,60000.0,0
2018-06-08,63500.0,63500.0,63500.0,63500.0,0
2018-06-11,64000.0,64000.0,64000.0,64000.0,0
2018-06-12,64500.0,64500.0,64500.0,64500.0,0
2018-06-13,77400.0,77400.0,77400.0,77400.0,0
2018-06-14,80000.0,80000.0,80000.0,80000.0,0
2018-06-15,90000.0,90000.0,90000.0,90000.0,0
2018-06-18,90000.0,90000.0,90000.0,90000.0,0
2018-06-19,90000.0,90000.0,90000.0,90000.0,0
2018-06-20,108000.0,108000.0,108000.0,108000.0,0
2018-06-21,128980.0,128980.0,128980.0,128980.0,0
2018-06-22,130000.0,130000.0,130000.0,130000.0,0
2018-06-25,145000.0,145000.0,145000.0,145000.0,0
2018-06-26,156000.0,156000.0,156000.0,156000.0,0
2018-06-27,156000.0,156000.0,156000.0,156000.0,0
2018-06-28,180000.0,180000.0,180000.0,180000.0,0
2018-06-29,180000.0,180000.0,180000.0,180000.0,0
2018-07-02,180000.0,180000.0,180000.0,180000.0,0
2018-07-03,190000.0,190000.0,190000.0,190000.0,0
2018-07-04,210000.0,210000.0,210000.0,210000.0,0
2018-07-05,210000.0,210000.0,210000.0,210000.0,0
2018-07-06,215000.0,215000.0,215000.0,215000.0,0
2018-07-09,215000.0,215000.0,215000.0,215000.0,0
2018-07-10,215000.0,215000.0,215000.0,215000.0,0
2018-07-11,200000.0,200000.0,200000.0,200000.0,0
2018-07-12,210000.0,210000.0,210000.0,210000.0,0
2018-07-13,210000.0,210000.0,210000.0,210000.0,0
2018-07-16,200000.0,200000.0,200000.0,200000.0,0
2018-07-17,200000.0,200000.0,200000.0,200000.0,0
2018-07-18,220000.0,220000.0,220000.0,220000.0,0
2018-07-19,210000.0,210000.0,210000.0,210000.0,0
2018-07-20,210000.0,210000.0,210000.0,210000.0,0
2018-07-23,210000.0,210000.0,210000.0,210000.0,0
2018-07-24,210000.0,210000.0,210000.0,210000.0,0
2018-07-25,210000.0,210000.0,210000.0,210000.0,0
2018-07-26,215000.0,215000.0,215000.0,215000.0,0
2018-07-27,210000.0,210000.0,210000.0,210000.0,0
2018-07-30,210000.0,210000.0,210000.0,210000.0,0
2018-07-31,210000.0,210000.0,210000.0,210000.0,0
2018-08-01,210000.0,210000.0,210000.0,210000.0,0
2018-08-02,210000.0,210000.0,210000.0,210000.0,0
2018-08-03,215000.0,215000.0,215000.0,215000.0,0
2018-08-06,215000.0,215000.0,215000.0,215000.0,0
2018-08-07,215000.0,215000.0,215000.0,215000.0,0
2018-08-08,210000.0,210000.0,210000.0,210000.0,0
2018-08-09,210000.0,210000.0,210000.0,210000.0,0
2018-08-10,251750.0,251750.0,251750.0,251750.0,0
2018-08-13,300000.0,300000.0,300000.0,300000.0,0
2018-08-14,380000.0,380000.0,380000.0,380000.0,0
2018-08-15,380000.0,380000.0,380000.0,380000.0,0
2018-08-16,570000.0,570000.0,570000.0,570000.0,0
2018-08-17,570000.0,570000.0,570000.0,570000.0,0
2018-08-20,570000.0,570000.0,570000.0,570000.0,0
2018-08-21,10.0,10.0,10.0,10.0,0
2018-08-22,10.0,10.0,10.0,10.0,0
2018-08-23,10.0,10.0,10.0,10.0,0
2018-08-24,10.0,10.0,10.0,10.0,0
2018-08-27,10.0,10.0,10.0,10.0,0
2018-08-28,10.0,10.0,10.0,10.0,0
2018-08-29,10.0,10.0,10.0,10.0,0
2018-08-30,10.0,10.0,10.0,10.0,0
2018-08-31,10.0,10.0,10.0,10.0,0
2018-09-03,10.0,10.0,10.0,10.0,0
2018-09-04,20.0,20.0,20.0,20.0,0
2018-09-05,20.0,20.0,20.0,20.0,0
2018-09-06,20.0,20.0,20.0,20.0,0
2018-09-07,20.0,20.0,20.0,20.0,0
2018-09-10,20.0,20.0,20.0,20.0,0
2018-09-11,20.0,20.0,20.0,20.0,0
2018-09-12,10.0,10.0,10.0,10.0,0
2018-09-13,10.0,10.0,10.0,10.0,0
2018-09-14,10.0,10.0,10.0,10.0,0
2018-09-17,10.0,10.0,10.0,10.0,0
2018-09-18,10.0,10.0,10.0,10.0,0
2018-09-19,10.0,10.0,10.0,10.0,0
2018-09-20,10.0,10.0,10.0,10.0,0
2018-09-21,10.0,10.0,10.0,10.0,0
2018-09-24,10.0,10.0,10.0,10.0,0
2018-09-25,10.0,10.0,10.0,10.0,0
2018-09-26,10.0,10.0,10.0,10.0,0
2018-09-27,10.0,10.0,10.0,10.0,0
2018-09-28,10.0,10.0,10.0,10.0,0
2018-10-01,10.0,10.0,10.0,10.0,0
2018-10-02,10.0,10.0,10.0,10.0,0
2018-10-03,10.0,10.0,10.0,10.0,0
2018-10-04,10.0,10.0,10.0,10.0,0
2018-10-05,10.0,10.0,10.0,10.0,0
2018-10-08,10.0,10.0,10.0,10.0,0
2018-10-09,10.0,10.0,10.0,10.0,0
2018-10-10,10.0,10.0,10.0,10.0,0
2018-10-11,10.0,10.0,10.0,10.0,0
2018-10-12,10.0,10.0,10.0,10.0,0
2018-10-15,10.0,10.0,10.0,10.0,0
2018-10-16,10.0,10.0,10.0,10.0,0
2018-10-17,20.0,20.0,20.0,20.0,0
2018-10-18,10.0,10.0,10.0,10.0,0
2018-10-19,10.0,10.0,10.0,10.0,0
2018-10-22,10.0,10.0,10.0,10.0,0
2018-10-23,20.0,20.0,20.0,20.0,0
2018-10-24,10.0,10.0,10.0,10.0,0
2018-10-25,10.0,10.0,10.0,10.0,0
2018-10-26,20.0,20.0,20.0,20.0,0
2018-10-29,20.0,20.0,20.0,20.0,0
2018-10-30,20.0,20.0,20.0,20.0,0
2018-10-31,20.0,20.0,20.0,20.0,0
2018-11-01,20.0,20.0,20.0,20.0,0
2018-11-02,20.0,20.0,20.0,20.0,0
2018-11-05,20.0,20.0,20.0,20.0,0
2018-11-06,20.0,20.0,20.0,20.0,0
2018-11-07,20.0,20.0,20.0,20.0,0
2018-11-08,20.0,20.0,20.0,20.0,0
2018-11-09,20.0,20.0,20.0,20.0,0
2018-11-12,30.0,30.0,30.0,30.0,0
2018-11-13,30.0,30.0,30.0,30.0,0
2018-11-14,30.0,30.0,30.0,30.0,0
2018-11-15,30.0,30.0,30.0,30.0,0
2018-11-16,30.0,30.0,30.0,30.0,0
2018-11-19,30.0,30.0,30.0,30.0,0
2018-11-20,30.0,30.0,30.0,30.0,0
2018-11-21,20.0,20.0,20.0,20.0,0
2018-11-22,20.0,20.0,20.0,20.0,0
2018-11-23,30.0,30.0,30.0,30.0,0
2018-11-26,30.0,30.0,30.0,30.0,0
2018-11-27,30.0,30.0,30.0,30.0,0
2018-11-28,30.0,30.0,30.0,30.0,0
2018-11-29,30.0,30.0,30.0,30.0,0
2018-11-30,30.0,30.0,30.0,30.0,0
2018-12-03,40.0,40.0,40.0,40.0,0
2018-12-04,40.0,40.0,40.0,40.0,0
2018-12-05,40.0,40.0,40.0,40.0,0
2018-12-06,40.0,40.0,40.0,40.0,0
2018-12-07,40.0,40.0,40.0,40.0,0
2018-12-10,40.0,40.0,40.0,40.0,0
2018-12-11,40.0,40.0,40.0,40.0,0
2018-12-12,40.0,40.0,40.0,40.0,0
2018-12-13,40.0,40.0,40.0,40.0,0
2018-12-14,40.0,40.0,40.0,40.0,0
2018-12-17,40.0,40.0,40.0,40.0,0
2018-12-18,50.0,50.0,50.0,50.0,0
2018-12-19,50.0,50.0,50.0,50.0,0
2018-12-20,40.0,40.0,40.0,40.0,0
2018-12-21,40.0,40.0,40.0,40.0,0
2018-12-24,40.0,40.0,40.0,40.0,0
2018-12-25,40.0,40.0,40.0,40.0,0
2018-12-26,40.0,40.0,40.0,40.0,0
2018-12-27,40.0,40.0,40.0,40.0,0
2018-12-28,40.0,40.0,40.0,40.0,0
2018-12-31,40.0,40.0,40.0,40.0,0
2019-01-01,40.0,40.0,40.0,40.0,0
2019-01-02,40.0,40.0,40.0,40.0,0
2019-01-03,40.0,40.0,40.0,40.0,0
2019-01-04,40.0,40.0,40.0,40.0,0
2019-01-07,70.0,70.0,70.0,70.0,0
2019-01-08,70.0,70.0,70.0,70.0,0
2019-01-09,70.0,70.0,70.0,70.0,0
2019-01-10,70.0,70.0,70.0,70.0,0
2019-01-11,70.0,70.0,70.0,70.0,0
2019-01-14,90.0,90.0,90.0,90.0,0
2019-01-15,120.0,120.0,120.0,120.0,0
2019-01-16,140.0,140.0,140.0,140.0,0
2019-01-17,140.0,140.0,140.0,140.0,0
2019-01-18,200.0,200.0,200.0,200.0,0
2019-01-21,200.0,200.0,200.0,200.0,0
2019-01-22,200.0,200.0,200.0,200.0,0
2019-01-23,200.0,200.0,200.0,200.0,0
2019-01-24,200.0,200.0,200.0,200.0,0
2019-01-25,200.0,200.0,200.0,200.0,0
2019-01-28,220.0,220.0,220.0,220.0,0
2019-01-29,250.0,250.0,250.0,250.0,0
2019-01-30,200.0,200.0,200.0,200.0,0
2019-01-31,200.0,200.0,200.0,200.0,0
2019-02-01,200.0,200.0,200.0,200.0,0
2019-02-04,190.0,190.0,190.0,190.0,0
2019-02-05,210.0,210.0,210.0,210.0,0
2019-02-06,210.0,210.0,210.0,210.0,0
2019-02-07,210.0,210.0,210.0,210.0,0
2019-02-08,220.0,220.0,220.0,220.0,0
2019-02-11,220.0,220.0,220.0,220.0,0
2019-02-12,220.0,220.0,220.0,220.0,0
2019-02-13,220.0,220.0,220.0,220.0,0
2019-02-14,200.0,200.0,200.0,200.0,0
2019-02-15,200.0,200.0,200.0,200.0,0
2019-02-18,230.0,230.0,230.0,230.0,0
2019-02-19,230.0,230.0,230.0,230.0,0
2019-02-20,200.0,200.0,200.0,200.0,0
2019-02-21,200.0,200.0,200.0,200.0,0
2019-02-22,210.0,210.0,210.0,210.0,0
2019-02-25,240.0,240.0,240.0,240.0,0
2019-02-26,290.0,290.0,290.0,290.0,0
2019-02-27,350.0,350.0,350.0,350.0,0
2019-02-28,350.0,350.0,350.0,350.0,0
2019-03-01,350.0,350.0,350.0,350.0,0
2019-03-04,350.0,350.0,350.0,350.0,0
2019-03-05,350.0,350.0,350.0,350.0,0
2019-03-06,500.0,500.0,500.0,500.0,0
2019-03-07,460.0,460.0,460.0,460.0,0
2019-03-08,460.0,460.0,460.0,460.0,0
2019-03-11,460.0,460.0,460.0,460.0,0
2019-03-12,460.0,460.0,460.0,460.0,0
2019-03-13,460.0,460.0,460.0,460.0,0
2019-03-14,400.0,400.0,400.0,400.0,0
2019-03-15,400.0,400.0,400.0,400.0,0
2019-03-18,400.0,400.0,400.0,400.0,0
2019-03-19,400.0,400.0,400.0,400.0,0
2019-03-20,470.0,470.0,470.0,470.0,0
2019-03-21,470.0,470.0,470.0,470.0,0
2019-03-22,420.0,420.0,420.0,420.0,0
2019-03-25,420.0,420.0,420.0,420.0,0
2019-03-26,420.0,420.0,420.0,420.0,0
2019-03-27,420.0,420.0,420.0,420.0,0
2019-03-28,420.0,420.0,420.0,420.0,0
2019-03-29,420.0,420.0,420.0,420.0,0
2019-04-01,420.0,420.0,420.0,420.0,0
2019-04-02,450.0,450.0,450.0,450.0,0
2019-04-03,450.0,450.0,450.0,450.0,0
2019-04-04,450.0,450.0,450.0,450.0,0
2019-04-05,450.0,450.0,450.0,450.0,0
2019-04-08,450.0,450.0,450.0,450.0,0
2019-04-09,430.0,430.0,430.0,430.0,0
2019-04-10,430.0,430.0,430.0,430.0,0
2019-04-11,440.0,440.0,440.0,440.0,0
2019-04-12,440.0,440.0,440.0,440.0,0
2019-04-15,440.0,440.0,440.0,440.0,0
2019-04-16,440.0,440.0,440.0,440.0,0
2019-04-17,440.0,440.0,440.0,440.0,0
2019-04-18,440.0,440.0,440.0,440.0,0
2019-04-19,440.0,440.0,440.0,440.0,0
2019-04-22,520.0,520.0,520.0,520.0,0
2019-04-23,600.0,600.0,600.0,600.0,0
2019-04-24,600.0,600.0,600.0,600.0,0
2019-04-25,600.0,600.0,600.0,600.0,0
2019-04-26,600.0,600.0,600.0,600.0,0
2019-04-29,600.0,600.0,600.0,600.0,0
2019-04-30,600.0,600.0,600.0,600.0,0
2019-05-01,600.0,600.0,600.0,600.0,0
2019-05-02,600.0,600.0,600.0,600.0,0
2019-05-03,600.0,600.0,600.0,600.0,0
2019-05-06,600.0,600.0,600.0,600.0,0
2019-05-07,600.0,600.0,600.0,600.0,0
2019-05-08,600.0,600.0,600.0,600.0,0
2019-05-09,520.0,520.0,520.0,520.0,0
2019-05-10,520.0,520.0,520.0,520.0,0
2019-05-13,550.0,550.0,550.0,550.0,0
2019-05-14,550.0,550.0,550.0,550.0,0
2019-05-15,580.0,580.0,580.0,580.0,0
2019-05-16,580.0,580.0,580.0,580.0,0
2019-05-17,580.0,580.0,580.0,580.0,0
2019-05-20,580.0,580.0,580.0,580.0,0
2019-05-21,580.0,580.0,580.0,580.0,0
2019-05-22,550.0,550.0,550.0,550.0,0
2019-05-23,550.0,550.0,550.0,550.0,0
2019-05-24,550.0,550.0,550.0,550.0,0
2019-05-27,550.0,550.0,550.0,550.0,0
2019-05-28,550.0,550.0,550.0,550.0,0
2019-05-29,550.0,550.0,550.0,550.0,0
2019-05-30,500.0,500.0,500.0,500.0,0
2019-05-31,500.0,500.0,500.0,500.0,0
2019-06-03,500.0,500.0,500.0,500.0,0
2019-06-04,500.0,500.0,500.0,500.0,0
2019-06-05,510.0,510.0,510.0,510.0,0
2019-06-06,510.0,510.0,510.0,510.0,0
2019-06-07,510.0,510.0,510.0,510.0,0
2019-06-10,600.0,600.0,600.0,600.0,0
2019-06-11,560.0,560.0,560.0,560.0,0
2019-06-12,560.0,560.0,560.0,560.0,0
2019-06-13,600.0,600.0,600.0,600.0,0
2019-06-14,600.0,600.0,600.0,600.0,0
2019-06-17,600.0,600.0,600.0,600.0,0
2019-06-18,600.0,600.0,600.0,600.0,0
2019-06-19,600.0,600.0,600.0,600.0,0
2019-06-20,600.0,600.0,600.0,600.0,0
2019-06-21,650.0,650.0,650.0,650.0,0
2019-06-24,650.0,650.0,650.0,650.0,0
2019-06-25,650.0,650.0,650.0,650.0,0
2019-06-26,610.0,610.0,610.0,610.0,0
2019-06-27,650.0,650.0,650.0,650.0,0
2019-06-28,650.0,650.0,650.0,650.0,0
2019-07-01,700.0,700.0,700.0,700.0,0
2019-07-02,650.0,650.0,650.0,650.0,0
2019-07-03,700.0,700.0,700.0,700.0,0
2019-07-04,700.0,700.0,700.0,700.0,0
2019-07-05,700.0,700.0,700.0,700.0,0
2019-07-08,700.0,700.0,700.0,700.0,0
2019-07-09,700.0,700.0,700.0,700.0,0
2019-07-10,700.0,700.0,700.0,700.0,0
2019-07-11,700.0,700.0,700.0,700.0,0
2019-07-12,700.0,700.0,700.0,700.0,0
2019-07-15,700.0,700.0,700.0,700.0,0
2019-07-16,700.0,700.0,700.0,700.0,0
2019-07-17,700.0,700.0,700.0,700.0,0
2019-07-18,700.0,700.0,700.0,700.0,0
2019-07-19,700.0,700.0,700.0,700.0,0
2019-07-22,700.0,700.0,700.0,700.0,0
2019-07-23,700.0,700.0,700.0,700.0,0
2019-07-24,700.0,700.0,700.0,700.0,0
2019-07-25,840.0,840.0,840.0,840.0,0
2019-07-26,840.0,840.0,840.0,840.0,0
2019-07-29,840.0,840.0,840.0,840.0,0
2019-07-30,1000.0,1000.0,1000.0,1000.0,0
2019-07-31,1000.0,1000.0,1000.0,1000.0,0
2019-08-01,1000.0,1000.0,1000.0,1000.0,0
2019-08-02,1000.0,1000.0,1000.0,1000.0,0
2019-08-05,1150.0,1150.0,1150.0,1150.0,0
2019-08-06,1150.0,1150.0,1150.0,1150.0,0
2019-08-07,1250.0,1250.0,1250.0,1250.0,0
2019-08-08,1250.0,1250.0,1250.0,1250.0,0
2019-08-09,1300.0,1300.0,1300.0,1300.0,0
2019-08-12,1300.0,1300.0,1300.0,1300.0,0
2019-08-13,1450.0,1450.0,1450.0,1450.0,0
2019-08-14,1200.0,1200.0,1200.0,1200.0,0
2019-08-15,1200.0,1200.0,1200.0,1200.0,0
2019-08-16,1440.0,1440.0,1440.0,1440.0,0
2019-08-19,1440.0,1440.0,1440.0,1440.0,0
2019-08-20,1750.0,1750.0,1750.0,1750.0,0
2019-08-21,1750.0,1750.0,1750.0,1750.0,0
2019-08-22,1750.0,1750.0,1750.0,1750.0,0
2019-08-23,2050.0,2050.0,2050.0,2050.0,0
2019-08-26,2050.0,2050.0,2050.0,2050.0,0
2019-08-27,2100.0,2100.0,2100.0,2100.0,0
2019-08-28,2150.0,2150.0,2150.0,2150.0,0
2019-08-29,2150.0,2150.0,2150.0,2150.0,0
2019-08-30,2150.0,2150.0,2150.0,2150.0,0
2019-09-02,2150.0,2150.0,2150.0,2150.0,0
2019-09-03,2000.0,2000.0,2000.0,2000.0,0
2019-09-04,2000.0,2000.0,2000.0,2000.0,0
2019-09-05,2100.0,2100.0,2100.0,2100.0,0
2019-09-06,2090.0,2090.0,2090.0,2090.0,0
2019-09-09,2090.0,2090.0,2090.0,2090.0,0
2019-09-10,2090.0,2090.0,2090.0,2090.0,0
2019-09-11,2090.0,2090.0,2090.0,2090.0,0
2019-09-12,2090.0,2090.0,2090.0,2090.0,0
2019-09-13,2080.0,2080.0,2080.0,2080.0,0
2019-09-17,2080.0,2080.0,2080.0,2080.0,0
2019-09-18,2030.0,2030.0,2030.0,2030.0,0
2019-09-19,2030.0,2030.0,2030.0,2030.0,0
2019-09-20,2050.0,2050.0,2050.0,2050.0,0
2019-09-23,2050.0,2050.0,2050.0,2050.0,0
2019-09-24,2050.0,2050.0,2050.0,2050.0,0
2019-09-25,2030.0,2030.0,2030.0,2030.0,0
2019-09-26,2030.0,2030.0,2030.0,2030.0,0
2019-09-27,2030.0,2030.0,2030.0,2030.0,0
2019-09-30,1900.0,1900.0,1900.0,1900.0,0
2019-10-01,1900.0,1900.0,1900.0,1900.0,0
2019-10-02,1900.0,1900.0,1900.0,1900.0,0
2019-10-03,1900.0,1900.0,1900.0,1900.0,0
2019-10-04,2030.0,2030.0,2030.0,2030.0,0
2019-10-07,1900.0,1900.0,1900.0,1900.0,0
2019-10-08,1900.0,1900.0,1900.0,1900.0,0
2019-10-09,1900.0,1900.0,1900.0,1900.0,0
2019-10-10,1900.0,1900.0,1900.0,1900.0,0
2019-10-11,1900.0,1900.0,1900.0,1900.0,0
2019-10-14,1950.0,1950.0,1950.0,1950.0,0
2019-10-15,1950.0,1950.0,1950.0,1950.0,0
2019-10-16,1900.0,1900.0,1900.0,1900.0,0
2019-10-17,1900.0,1900.0,1900.0,1900.0,0
2019-10-18,1900.0,1900.0,1900.0,1900.0,0
2019-10-21,1900.0,1900.0,1900.0,1900.0,0
2019-10-22,1900.0,1900.0,1900.0,1900.0,0
2019-10-23,1900.0,1900.0,1900.0,1900.0,0
2019-10-24,1900.0,1900.0,1900.0,1900.0,0
2019-10-25,1900.0,1900.0,1900.0,1900.0,0
2019-10-28,1900.0,1900.0,1900.0,1900.0,0
2019-10-29,1900.0,1900.0,1900.0,1900.0,0
2019-10-30,1800.0,1800.0,1800.0,1800.0,0
2019-10-31,1800.0,1800.0,1800.0,1800.0,0
2019-11-01,1900.0,1900.0,1900.0,1900.0,0
2019-11-05,1900.0,1900.0,1900.0,1900.0,0
2019-11-06,1680.0,1680.0,1680.0,1680.0,0
2019-11-07,1900.0,1900.0,1900.0,1900.0,0
2019-11-08,1900.0,1900.0,1900.0,1900.0,0
2019-11-11,1900.0,1900.0,1900.0,1900.0,0
2019-11-12,1900.0,1900.0,1900.0,1900.0,0
2019-11-13,2100.0,2100.0,2100.0,2100.0,0
2019-11-14,2100.0,2100.0,2100.0,2100.0,0
2019-11-15,2100.0,2100.0,2100.0,2100.0,0
2019-11-18,2100.0,2100.0,2100.0,2100.0,0
2019-11-19,2250.0,2250.0,2250.0,2250.0,0
2019-11-20,2250.0,2250.0,2250.0,2250.0,0
2019-11-21,2250.0,2250.0,2250.0,2250.0,0
2019-11-22,2200.0,2200.0,2200.0,2200.0,0
2019-11-25,2250.0,2250.0,2250.0,2250.0,0
2019-11-26,2250.0,2250.0,2250.0,2250.0,0
2019-11-27,2350.0,2350.0,2350.0,2350.0,0
2019-11-28,2550.0,2550.0,2550.0,2550.0,0
2019-11-29,2350.0,2350.0,2350.0,2350.0,0
2019-12-02,2350.0,2350.0,2350.0,2350.0,0
2019-12-03,2300.0,2300.0,2300.0,2300.0,0
2019-12-04,2300.0,2300.0,2300.0,2300.0,0
2019-12-05,2300.0,2300.0,2300.0,2300.0,0
2019-12-06,2330.0,2330.0,2330.0,2330.0,0
2019-12-09,2700.0,2700.0,2700.0,2700.0,0
2019-12-10,2700.0,2700.0,2700.0,2700.0,0
2019-12-11,2700.0,2700.0,2700.0,2700.0,0
2019-12-12,2590.0,2590.0,2590.0,2590.0,0
2019-12-13,2590.0,2590.0,2590.0,2590.0,4
2019-12-16,2590.0,2590.0,2590.0,2590.0,0
2019-12-17,2500.0,2500.0,2500.0,2500.0,0
2019-12-18,2590.0,2590.0,2590.0,2590.0,0
2019-12-19,2590.0,2590.0,2590.0,2590.0,0
2019-12-20,2850.0,2850.0,2850.0,2850.0,0
2019-12-23,2850.0,2850.0,2850.0,2850.0,0
2019-12-26,2850.0,2850.0,2850.0,2850.0,0
2019-12-27,2850.0,2850.0,2850.0,2850.0,0
2019-12-30,3400.0,3400.0,3400.0,3400.0,0
2020-01-02,3400.0,3400.0,3400.0,3400.0,0
2020-01-03,3800.0,3800.0,3800.0,3800.0,0
2020-01-07,4080.0,4080.0,4080.0,4080.0,0
2020-01-08,4080.0,4080.0,4080.0,4080.0,0
2020-01-09,4000.0,4000.0,4000.0,4000.0,0
2020-01-10,4200.0,4200.0,4200.0,4200.0,0
2020-01-13,4200.0,4200.0,4200.0,4200.0,0
2020-01-14,4100.0,4100.0,4100.0,4100.0,0
2020-01-15,4100.0,4100.0,4100.0,4100.0,0
2020-01-16,4500.0,4500.0,4500.0,4500.0,0
2020-01-17,4500.0,4500.0,4500.0,4500.0,0
2020-01-21,4400.0,4400.0,4400.0,4400.0,0
2020-01-22,4500.0,4500.0,4500.0,4500.0,0
2020-01-23,4500.0,4500.0,4500.0,4500.0,0
2020-01-24,4000.0,4000.0,4000.0,4000.0,0
2020-01-27,4000.0,4000.0,4000.0,4000.0,0
2020-01-28,4000.0,4000.0,4000.0,4000.0,0
2020-01-29,4000.0,4000.0,4000.0,4000.0,0
2020-01-30,4000.0,4000.0,4000.0,4000.0,0
2020-01-31,4000.0,4000.0,4000.0,4000.0,0
2020-02-03,4000.0,4000.0,4000.0,4000.0,0
2020-02-04,4400.0,4400.0,4400.0,4400.0,0
2020-02-05,4000.0,4000.0,4000.0,4000.0,0
2020-02-06,4000.0,4000.0,4000.0,4000.0,0
2020-02-07,4500.0,4500.0,4500.0,4500.0,0
2020-02-10,4500.0,4500.0,4500.0,4500.0,0
2020-02-11,5520.0,5520.0,5520.0,5520.0,0
2020-02-12,5600.0,5600.0,5600.0,5600.0,0
2020-02-13,5600.0,5600.0,5600.0,5600.0,0
2020-02-14,5600.0,5600.0,5600.0,5600.0,0
2020-02-17,4700.0,4700.0,4700.0,4700.0,0
2020-02-18,4700.0,4700.0,4700.0,4700.0,0
2020-02-19,5000.0,5000.0,5000.0,5000.0,0
2020-02-20,5000.0,5000.0,5000.0,5000.0,0
2020-02-21,5000.0,5000.0,5000.0,5000.0,0
2020-02-26,5000.0,5000.0,5000.0,5000.0,0
2020-02-27,5490.0,5490.0,5490.0,5490.0,0
2020-02-28,5600.0,5600.0,5600.0,5600.0,0
2020-03-02,5500.0,5500.0,5500.0,5500.0,0
2020-03-03,4400.0,4400.0,4400.0,4400.0,0
2020-03-04,5190.0,5190.0,5190.0,5190.0,0
2020-03-05,4160.0,4160.0,4160.0,4160.0,0
2020-03-06,4160.0,4160.0,4160.0,4160.0,0
2020-03-09,4900.0,4900.0,4900.0,4900.0,0
2020-03-10,4900.0,4900.0,4900.0,4900.0,0
2020-03-11,4890.0,4890.0,4890.0,4890.0,0
2020-03-12,4800.0,4800.0,4800.0,4800.0,0
2020-03-13,4800.0,4800.0,4800.0,4800.0,0
2020-03-16,4800.0,4800.0,4800.0,4800.0,0
2020-03-17,4800.0,4800.0,4800.0,4800.0,0
2020-03-18,4800.0,4800.0,4800.0,4800.0,0
2020-03-20,4800.0,4800.0,4800.0,4800.0,0
2020-03-23,4800.0,4800.0,4800.0,4800.0,0
2020-03-24,4800.0,4800.0,4800.0,4800.0,0
2020-03-25,4800.0,4800.0,4800.0,4800.0,0
2020-03-26,4800.0,4800.0,4800.0,4800.0,0
2020-03-27,4800.0,4800.0,4800.0,4800.0,0
2020-03-30,5500.0,5500.0,5500.0,5500.0,0
2020-03-31,5700.0,5700.0,5700.0,5700.0,0
2020-04-01,5800.0,5800.0,5800.0,5800.0,0
2020-04-02,6200.0,6200.0,6200.0,6200.0,0
2020-04-03,6500.0,6500.0,6500.0,6500.0,0
2020-04-06,6800.0,6800.0,6800.0,6800.0,0
2020-04-07,6800.0,6800.0,6800.0,6800.0,0
2020-04-08,7400.0,7400.0,7400.0,7400.0,0
2020-04-13,7400.0,7400.0,7400.0,7400.0,0
2020-04-14,7400.0,7400.0,7400.0,7400.0,0
2020-04-15,7400.0,7400.0,7400.0,7400.0,0
2020-04-16,7400.0,7400.0,7400.0,7400.0,0
2020-04-17,7510.0,7510.0,7510.0,7510.0,0
2020-04-20,9000.0,9000.0,9000.0,9000.0,0
2020-04-21,10700.0,10700.0,10700.0,10700.0,0
2020-04-22,15000.0,15000.0,15000.0,15000.0,0
2020-04-23,15200.0,15200.0,15200.0,15200.0,0
2020-04-24,15200.0,15200.0,15200.0,15200.0,0
2020-04-27,15200.0,15200.0,15200.0,15200.0,0
2020-04-28,15100.0,15100.0,15100.0,15100.0,0
2020-04-29,15000.0,15000.0,15000.0,15000.0,0
2020-04-30,15100.0,15100.0,15100.0,15100.0,0
2020-05-04,15200.0,15200.0,15200.0,15200.0,0
2020-05-05,15200.0,15200.0,15200.0,15200.0,0
2020-05-06,15200.0,15200.0,15200.0,15200.0,0
2020-05-07,14500.0,14500.0,14500.0,14500.0,0
2020-05-08,14500.0,14500.0,14500.0,14500.0,0
2020-05-11,12000.0,12000.0,12000.0,12000.0,0
2020-05-12,12100.0,12100.0,12100.0,12100.0,0
2020-05-13,12100.0,12100.0,12100.0,12100.0,0
2020-05-14,13000.0,13000.0,13000.0,13000.0,0
2020-05-15,13490.0,13490.0,13490.0,13490.0,0
2020-05-18,12500.0,12500.0,12500.0,12500.0,0
2020-05-19,13500.0,13500.0,13500.0,13500.0,0
2020-05-20,13500.0,13500.0,13500.0,13500.0,0
2020-05-21,13500.0,13500.0,13500.0,13500.0,0
2020-05-22,13700.0,13700.0,13700.0,13700.0,0
2020-05-26,13000.0,13000.0,13000.0,13000.0,0
2020-05-27,13000.0,13000.0,13000.0,13000.0,0
2020-05-28,13000.0,13000.0,13000.0,13000.0,0
2020-05-29,13650.0,13650.0,13650.0,13650.0,0
2020-06-01,13700.0,13700.0,13700.0,13700.0,0
2020-06-02,13800.0,13800.0,13800.0,13800.0,0
2020-06-03,14200.0,14200.0,14200.0,14200.0,0
2020-06-04,14200.0,14200.0,14200.0,14200.0,0
2020-06-05,14400.0,14400.0,14400.0,14400.0,0
2020-06-08,14500.0,14500.0,14500.0,14500.0,0
2020-06-09,14600.0,14600.0,14600.0,14600.0,0
2020-06-10,13500.0,13500.0,13500.0,13500.0,0
2020-06-11,13000.0,13000.0,13000.0,13000.0,0
2020-06-12,12500.0,12500.0,12500.0,12500.0,0
2020-06-16,13000.0,13000.0,13000.0,13000.0,0
2020-06-17,14500.0,14500.0,14500.0,14500.0,0
2020-06-18,14500.0,14500.0,14500.0,14500.0,0
2020-06-19,13000.0,13000.0,13000.0,13000.0,0
2020-06-22,13000.0,13000.0,13000.0,13000.0,0
2020-06-23,14000.0,14000.0,14000.0,14000.0,0
2020-06-25,13200.0,13200.0,13200.0,13200.0,0
2020-06-26,14000.0,14000.0,14000.0,14000.0,0
2020-06-30,14000.0,14000.0,14000.0,14000.0,0
2020-07-01,14300.0,14300.0,14300.0,14300.0,0
2020-07-02,14300.0,14300.0,14300.0,14300.0,0
2020-07-03,14300.0,14300.0,14300.0,14300.0,0
2020-07-06,13500.0,13500.0,13500.0,13500.0,0
2020-07-07,13500.0,13500.0,13500.0,13500.0,0
2020-07-08,13550.0,13550.0,13550.0,13550.0,0
2020-07-09,13500.0,13500.0,13500.0,13500.0,0
2020-07-10,13500.0,13500.0,13500.0,13500.0,0
2020-07-13,13500.0,13500.0,13500.0,13500.0,0
2020-07-14,14200.0,14200.0,14200.0,14200.0,0
2020-07-15,14000.0,14000.0,14000.0,14000.0,0
2020-07-16,14000.0,14000.0,14000.0,14000.0,0
2020-07-17,14000.0,14000.0,14000.0,14000.0,0
2020-07-20,14200.0,14200.0,14200.0,14200.0,0
2020-07-21,14800.0,14800.0,14800.0,14800.0,0
2020-07-22,15000.0,15000.0,15000.0,15000.0,0
2020-07-23,15500.0,15500.0,15500.0,15500.0,0
2020-07-27,15500.0,15500.0,15500.0,15500.0,0
2020-07-28,15500.0,15500.0,15500.0,15500.0,0
2020-07-29,16200.0,16200.0,16200.0,16200.0,0
2020-07-30,16600.0,16600.0,16600.0,16600.0,3
2020-07-31,17000.0,17000.0,17000.0,17000.0,0
2020-08-03,17400.0,17400.0,17400.0,17400.0,0
2020-08-04,17400.0,17400.0,17400.0,17400.0,0
2020-08-05,17400.0,17400.0,17400.0,17400.0,0
2020-08-06,17400.0,17400.0,17400.0,17400.0,0
2020-08-07,18000.0,18000.0,18000.0,18000.0,0
2020-08-10,18000.0,18000.0,18000.0,18000.0,0
2020-08-11,18000.0,18000.0,18000.0,18000.0,0
2020-08-12,20300.0,20300.0,20300.0,20300.0,0
2020-08-13,20500.0,20500.0,20500.0,20500.0,0
2020-08-14,21700.0,21700.0,21700.0,21700.0,0
2020-08-17,24100.0,24100.0,24100.0,24100.0,0
2020-08-18,25000.0,25000.0,25000.0,25000.0,0
2020-08-19,25000.0,25000.0,25000.0,25000.0,0
2020-08-20,28000.0,28000.0,28000.0,28000.0,0
2020-08-21,28500.0,28500.0,28500.0,28500.0,0
2020-08-24,29000.0,29000.0,29000.0,29000.0,0
2020-08-25,30000.0,30000.0,30000.0,30000.0,0
2020-08-26,30000.0,30000.0,30000.0,30000.0,0
2020-08-27,30000.0,30000.0,30000.0,30000.0,0
2020-08-28,30000.0,30000.0,30000.0,30000.0,0
2020-08-31,30000.0,30000.0,30000.0,30000.0,0
2020-09-01,28000.0,28000.0,28000.0,28000.0,0
2020-09-02,28500.0,28500.0,28500.0,28500.0,0
2020-09-03,28500.0,28500.0,28500.0,28500.0,0
2020-09-04,28500.0,28500.0,28500.0,28500.0,0
2020-09-07,28000.0,28000.0,28000.0,28000.0,0
2020-09-08,28000.0,28000.0,28000.0,28000.0,0
2020-09-09,28000.0,28000.0,28000.0,28000.0,0
2020-09-10,28000.0,28000.0,28000.0,28000.0,0
2020-09-11,28000.0,28000.0,28000.0,28000.0,0
2020-09-15,28000.0,28000.0,28000.0,28000.0,0
2020-09-16,28000.0,28000.0,28000.0,28000.0,0
2020-09-17,28000.0,28000.0,28000.0,28000.0,0
2020-09-18,28000.0,28000.0,28000.0,28000.0,0
2020-09-21,28000.0,28000.0,28000.0,28000.0,0
2020-09-22,27790.0,27790.0,27790.0,27790.0,0
2020-09-23,27790.0,27790.0,27790.0,27790.0,0
2020-09-24,27790.0,27790.0,27790.0,27790.0,0
2020-09-25,27790.0,27790.0,27790.0,27790.0,0
2020-09-28,27000.0,27000.0,27000.0,27000.0,0
2020-09-29,27000.0,27000.0,27000.0,27000.0,0
2020-09-30,27000.0,27000.0,27000.0,27000.0,0
2020-10-01,27100.0,27100.0,27100.0,27100.0,0
2020-10-02,27100.0,27100.0,27100.0,27100.0,0
2020-10-05,27100.0,27100.0,27100.0,27100.0,0
2020-10-06,27100.0,27100.0,27100.0,27100.0,0
2020-10-07,27100.0,27100.0,27100.0,27100.0,0
2020-10-08,27300.0,27300.0,27300.0,27300.0,0
2020-10-09,27350.0,27350.0,27350.0,27350.0,0
2020-10-13,27350.0,27350.0,27350.0,27350.0,0
2020-10-14,27350.0,27350.0,27350.0,27350.0,0
2020-10-15,27000.0,27000.0,27000.0,27000.0,0
2020-10-16,27000.0,27000.0,27000.0,27000.0,0
2020-10-19,27250.0,27250.0,27250.0,27250.0,0
2020-10-20,27000.0,27000.0,27000.0,27000.0,0
2020-10-21,27000.0,27000.0,27000.0,27000.0,0
2020-10-22,27000.0,27000.0,27000.0,27000.0,0
2020-10-23,27000.0,27000.0,27000.0,27000.0,0
2020-10-26,27000.0,27000.0,27000.0,27000.0,0
2020-10-27,27000.0,27000.0,27000.0,27000.0,0
2020-10-28,27000.0,27000.0,27000.0,27000.0,0
2020-10-29,27450.0,27450.0,27450.0,27450.0,0
2020-10-30,27450.0,27450.0,27450.0,27450.0,0
2020-11-02,27450.0,27450.0,27450.0,27450.0,0
2020-11-03,27550.0,27550.0,27550.0,27550.0,0
2020-11-04,27550.0,27550.0,27550.0,27550.0,0
2020-11-05,27600.0,27600.0,27600.0,27600.0,0
2020-11-06,27600.0,27600.0,27600.0,27600.0,0
2020-11-09,27650.0,27650.0,27650.0,27650.0,0
2020-11-10,27650.0,27650.0,27650.0,27650.0,0
2020-11-11,27650.0,27650.0,27650.0,27650.0,0
2020-11-12,27650.0,27650.0,27650.0,27650.0,0
2020-11-13,27650.0,27650.0,27650.0,27650.0,0
2020-11-16,27650.0,27650.0,27650.0,27650.0,0
2020-11-17,27650.0,27650.0,27650.0,27650.0,0
2020-11-18,27800.0,27800.0,27800.0,27800.0,0
2020-11-19,27900.0,27900.0,27900.0,27900.0,0
2020-11-20,28000.0,28000.0,28000.0,28000.0,0
2020-11-24,29800.0,29800.0,29800.0,29800.0,0
2020-11-25,29800.0,29800.0,29800.0,29800.0,0
2020-11-26,33500.0,33500.0,33500.0,33500.0,0
2020-11-27,33500.0,33500.0,33500.0,33500.0,0
2020-11-30,33500.0,33500.0,33500.0,33500.0,0
2020-12-01,33500.0,33500.0,33500.0,33500.0,0
2020-12-02,40170.0,40170.0,40170.0,40170.0,0
2020-12-03,42550.0,42550.0,42550.0,42550.0,0
2020-12-04,100000.0,100000.0,100000.0,100000.0,0
2020-12-07,104000.0,104000.0,104000.0,104000.0,0
2020-12-08,112000.0,112000.0,112000.0,112000.0,0
2020-12-09,112000.0,112000.0,112000.0,112000.0,0
2020-12-10,110000.0,110000.0,110000.0,110000.0,0
2020-12-11,109990.0,109990.0,109990.0,109990.0,0
2020-12-15,108000.0,108000.0,108000.0,108000.0,0
2020-12-16,107990.0,107990.0,107990.0,107990.0,0
2020-12-17,107990.0,107990.0,107990.0,107990.0,0
2020-12-18,106990.0,106990.0,106990.0,106990.0,0
2020-12-21,108300.0,108300.0,108300.0,108300.0,0
2020-12-22,108300.0,108300.0,108300.0,108300.0,0
2020-12-23,108300.0,108300.0,108300.0,108300.0,0
2020-12-28,108300.0,108300.0,108300.0,108300.0,0
2020-12-29,108500.0,108500.0,108500.0,108500.0,0
2020-12-30,108500.0,108500.0,108500.0,108500.0,0
2021-01-04,108500.0,108500.0,108500.0,108500.0,0
2021-01-05,108500.0,108500.0,108500.0,108500.0,0
2021-01-06,108000.0,108000.0,108000.0,108000.0,0
2021-01-07,113000.0,113000.0,113000.0,113000.0,0
2021-01-08,113000.0,113000.0,113000.0,113000.0,0
2021-01-12,113000.0,113000.0,113000.0,113000.0,0
2021-01-13,110000.0,110000.0,110000.0,110000.0,0
2021-01-14,110000.0,110000.0,110000.0,110000.0,0
2021-01-15,110000.0,110000.0,110000.0,110000.0,0
2021-01-19,110500.0,110500.0,110500.0,110500.0,0
2021-01-20,113000.0,113000.0,113000.0,113000.0,0
2021-01-21,113000.0,113000.0,113000.0,113000.0,0
2021-01-22,113000.0,113000.0,113000.0,113000.0,0
2021-01-25,113000.0,113000.0,113000.0,113000.0,0
2021-01-26,114000.0,114000.0,114000.0,114000.0,0
2021-01-27,114000.0,114000.0,114000.0,114000.0,0
2021-01-28,115000.0,115000.0,115000.0,115000.0,0
2021-01-29,118000.0,118000.0,118000.0,118000.0,0
2021-02-01,120000.0,120000.0,120000.0,120000.0,0
2021-02-02,124000.0,124000.0,124000.0,124000.0,0
2021-02-03,148800.0,148800.0,148800.0,148800.0,0
2021-02-04,165000.0,165000.0,165000.0,165000.0,0
2021-02-05,166000.0,166000.0,166000.0,166000.0,0
2021-02-08,166000.0,166000.0,166000.0,166000.0,0
2021-02-09,174000.0,174000.0,174000.0,174000.0,0
2021-02-10,174000.0,174000.0,174000.0,174000.0,0
2021-02-11,172000.0,172000.0,172000.0,172000.0,0
2021-02-12,173990.0,173990.0,173990.0,173990.0,0
2021-02-17,173990.0,173990.0,173990.0,173990.0,0
2021-02-18,174000.0,174000.0,174000.0,174000.0,0
2021-02-19,177000.0,177000.0,177000.0,177000.0,0
2021-02-22,181000.0,181000.0,181000.0,181000.0,0
2021-02-23,182000.0,182000.0,182000.0,182000.0,0
2021-02-24,182000.0,182000.0,182000.0,182000.0,0
2021-02-25,182000.0,182000.0,182000.0,182000.0,0
2021-02-26,182000.0,182000.0,182000.0,182000.0,0
2021-03-01,183000.0,183000.0,183000.0,183000.0,0
2021-03-02,190000.0,190000.0,190000.0,190000.0,0
2021-03-03,190000.0,190000.0,190000.0,190000.0,0
2021-03-04,190000.0,190000.0,190000.0,190000.0,0
2021-03-05,190000.0,190000.0,190000.0,190000.0,0
2021-03-08,190000.0,190000.0,190000.0,190000.0,0
2021-03-09,190000.0,190000.0,190000.0,190000.0,0
2021-03-10,190000.0,190000.0,190000.0,190000.0,0
2021-03-11,210000.0,210000.0,210000.0,210000.0,0
2021-03-12,222000.0,222000.0,222000.0,222000.0,0
2021-03-15,225000.0,225000.0,225000.0,225000.0,0
2021-03-16,232000.0,232000.0,232000.0,232000.0,0
2021-03-17,242000.0,242000.0,242000.0,242000.0,0
2021-03-18,245000.0,245000.0,245000.0,245000.0,0
2021-03-22,254000.0,254000.0,254000.0,254000.0,0
2021-03-23,270000.0,270000.0,270000.0,270000.0,0
2021-03-24,270000.0,270000.0,270000.0,270000.0,0
2021-03-25,280000.0,280000.0,280000.0,280000.0,0
2021-03-26,300000.0,300000.0,300000.0,300000.0,0
2021-03-29,300000.0,300000.0,300000.0,300000.0,0
2021-03-30,300000.0,300000.0,300000.0,300000.0,0
2021-03-31,305000.0,305000.0,305000.0,305000.0,0
2021-04-05,305000.0,305000.0,305000.0,305000.0,0
2021-04-06,310000.0,310000.0,310000.0,310000.0,0
2021-04-07,325000.0,325000.0,325000.0,325000.0,0
2021-04-08,350000.0,350000.0,350000.0,350000.0,0
2021-04-09,370000.0,370000.0,370000.0,370000.0,0
2021-04-12,370000.0,370000.0,370000.0,370000.0,0
2021-04-13,370000.0,370000.0,370000.0,370000.0,0
2021-04-14,370000.0,370000.0,370000.0,370000.0,0
2021-04-15,375000.0,375000.0,375000.0,375000.0,0
2021-04-16,390000.0,390000.0,390000.0,390000.0,0
2021-04-20,390000.0,390000.0,390000.0,390000.0,0
2021-04-21,390000.0,390000.0,390000.0,390000.0,0
2021-04-22,430000.0,430000.0,430000.0,430000.0,0
2021-04-23,467990.0,467990.0,467990.0,467990.0,0
2021-04-26,467990.0,467990.0,467990.0,467990.0,0
2021-04-27,505000.0,505000.0,505000.0,505000.0,0
2021-04-28,500000.0,500000.0,500000.0,500000.0,0
2021-04-29,579990.0,579990.0,579990.0,579990.0,0
2021-04-30,600000.0,600000.0,600000.0,600000.0,0
2021-05-03,550000.0,550000.0,550000.0,550000.0,0
2021-05-04,580000.0,580000.0,580000.0,580000.0,0
2021-05-05,600000.0,600000.0,600000.0,600000.0,0
2021-05-06,600000.0,600000.0,600000.0,600000.0,0
2021-05-07,700000.0,700000.0,700000.0,700000.0,0
2021-05-10,685000.0,685000.0,685000.0,685000.0,0
2021-05-11,600000.0,600000.0,600000.0,600000.0,0
2021-05-12,650000.0,650000.0,650000.0,650000.0,0
2021-05-13,650000.0,650000.0,650000.0,650000.0,0
2021-05-14,640000.0,640000.0,640000.0,640000.0,0
2021-05-17,620000.0,620000.0,620000.0,620000.0,0
2021-05-18,640000.0,640000.0,640000.0,640000.0,0
2021-05-19,630000.0,630000.0,630000.0,630000.0,0
2021-05-20,600000.0,600000.0,600000.0,600000.0,0
2021-05-21,600000.0,600000.0,600000.0,600000.0,0
2021-05-25,600000.0,600000.0,600000.0,600000.0,0
2021-05-26,550000.0,550000.0,550000.0,550000.0,0
2021-05-27,540000.0,540000.0,540000.0,540000.0,0
2021-05-28,539000.0,539000.0,539000.0,539000.0,0
2021-05-31,539000.0,539000.0,539000.0,539000.0,0
2021-06-01,539000.0,539000.0,539000.0,539000.0,0
2021-06-02,539000.0,539000.0,539000.0,539000.0,0
2021-06-03,538000.0,538000.0,538000.0,538000.0,0
2021-06-04,538000.0,538000.0,538000.0,538000.0,0
2021-06-07,538000.0,538000.0,538000.0,538000.0,0
2021-06-08,630000.0,630000.0,630000.0,630000.0,0
2021-06-09,629990.0,629990.0,629990.0,629990.0,0
2021-06-10,629000.0,629000.0,629000.0,629000.0,0
2021-06-11,629000.0,629000.0,629000.0,629000.0,0
2021-06-15,506000.0,506000.0,506000.0,506000.0,0
2021-06-16,506000.0,506000.0,506000.0,506000.0,0
2021-06-17,506000.0,506000.0,506000.0,506000.0,0
2021-06-18,520000.0,520000.0,520000.0,520000.0,0
2021-06-21,520000.0,520000.0,520000.0,520000.0,0
2021-06-22,520000.0,520000.0,520000.0,520000.0,0
2021-06-23,520000.0,520000.0,520000.0,520000.0,0
2021-06-25,520000.0,520000.0,520000.0,520000.0,0
2021-06-29,620000.0,620000.0,620000.0,620000.0,0
2021-06-30,655000.0,655000.0,655000.0,655000.0,0
2021-07-01,700000.0,700000.0,700000.0,700000.0,0
2021-07-02,739990.0,739990.0,739990.0,739990.0,0
2021-07-06,739000.0,739000.0,739000.0,739000.0,0
2021-07-07,710000.0,710000.0,710000.0,710000.0,0
2021-07-08,699000.0,699000.0,699000.0,699000.0,0
2021-07-09,714000.0,714000.0,714000.0,714000.0,0
2021-07-12,712990.0,712990.0,712990.0,712990.0,0
2021-07-13,713900.0,713900.0,713900.0,713900.0,0
2021-07-14,712000.0,712000.0,712000.0,712000.0,0
2021-07-15,713980.0,713980.0,713980.0,713980.0,0
2021-07-16,720000.0,720000.0,720000.0,720000.0,0
2021-07-19,700000.0,700000.0,700000.0,700000.0,0
2021-07-20,700000.0,700000.0,700000.0,700000.0,0
2021-07-21,690000.0,690000.0,690000.0,690000.0,0
2021-07-22,699990.0,699990.0,699990.0,699990.0,0
2021-07-23,699990.0,699990.0,699990.0,699990.0,0
2021-07-26,694990.0,694990.0,694990.0,694990.0,0
2021-07-27,699990.0,699990.0,699990.0,699990.0,0
2021-07-28,695000.0,695000.0,695000.0,695000.0,0
2021-07-29,699990.0,699990.0,699990.0,699990.0,0
2021-07-30,699990.0,699990.0,699990.0,699990.0,0
2021-08-02,689900.0,689900.0,689900.0,689900.0,0
2021-08-03,699980.0,699980.0,699980.0,699980.0,0
2021-08-04,699960.0,699960.0,699960.0,699960.0,0
2021-08-05,699980.0,699980.0,699980.0,699980.0,0
2021-08-06,699990.0,699990.0,699990.0,699990.0,0
2021-08-09,699950.0,699950.0,699950.0,699950.0,0
2021-08-10,715000.0,715000.0,715000.0,715000.0,0
2021-08-11,725000.0,725000.0,725000.0,725000.0,0
2021-08-12,720000.0,720000.0,720000.0,720000.0,0
2021-08-13,729980.0,729980.0,729980.0,729980.0,0
2021-08-16,755000.0,755000.0,755000.0,755000.0,0
2021-08-17,765000.0,765000.0,765000.0,765000.0,0
2021-08-18,850000.0,850000.0,850000.0,850000.0,0
2021-08-19,850000.0,850000.0,850000.0,850000.0,0
2021-08-20,870000.0,870000.0,870000.0,870000.0,0
2021-08-23,870000.0,870000.0,870000.0,870000.0,0
2021-08-24,870000.0,870000.0,870000.0,870000.0,0
2021-08-25,870000.0,870000.0,870000.0,870000.0,0
2021-08-26,890000.0,890000.0,890000.0,890000.0,0
2021-08-27,890000.0,890000.0,890000.0,890000.0,0
2021-08-30,890000.0,890000.0,890000.0,890000.0,0
2021-08-31,890000.0,890000.0,890000.0,890000.0,0
2021-09-01,900000.0,900000.0,900000.0,900000.0,0
2021-09-02,905000.0,905000.0,905000.0,905000.0,0
2021-09-03,890000.0,890000.0,890000.0,890000.0,0
2021-09-06,904000.0,904000.0,904000.0,904000.0,0
2021-09-07,850000.0,850000.0,850000.0,850000.0,0
2021-09-08,850000.0,850000.0,850000.0,850000.0,0
2021-09-09,840000.0,840000.0,840000.0,840000.0,0
2021-09-10,850000.0,850000.0,850000.0,850000.0,0
2021-09-13,850000.0,850000.0,850000.0,850000.0,0
2021-09-14,850000.0,850000.0,850000.0,850000.0,0
2021-09-15,839000.0,839000.0,839000.0,839000.0,0
2021-09-16,839000.0,839000.0,839000.0,839000.0,0
2021-09-17,848000.0,848000.0,848000.0,848000.0,0
2021-09-20,848000.0,848000.0,848000.0,848000.0,0
2021-09-21,848000.0,848000.0,848000.0,848000.0,0
2021-09-22,850000.0,850000.0,850000.0,850000.0,0
2021-09-23,840000.0,840000.0,840000.0,840000.0,0
2021-09-24,840000.0,840000.0,840000.0,840000.0,0
2021-09-27,840000.0,840000.0,840000.0,840000.0,0
2021-09-28,849000.0,849000.0,849000.0,849000.0,0
2021-09-29,849000.0,849000.0,849000.0,849000.0,0
2021-10-04,849000.0,849000.0,849000.0,849000.0,0
2021-10-05,849000.0,849000.0,849000.0,849000.0,0
2021-10-06,849000.0,849000.0,849000.0,849000.0,0
2021-10-07,849000.0,849000.0,849000.0,849000.0,0
2021-10-08,849000.0,849000.0,849000.0,849000.0,0
2021-10-11,799000.0,799000.0,799000.0,799000.0,0
2021-10-13,750000.0,750000.0,750000.0,750000.0,0
2021-10-14,750000.0,750000.0,750000.0,750000.0,0
2021-10-15,750000.0,750000.0,750000.0,750000.0,0
2021-10-18,725000.0,725000.0,725000.0,725000.0,0
2021-10-19,725000.0,725000.0,725000.0,725000.0,0
2021-10-20,715000.0,715000.0,715000.0,715000.0,0
2021-10-21,715000.0,715000.0,715000.0,715000.0,0
2021-10-22,715000.0,715000.0,715000.0,715000.0,0
2021-10-25,700000.0,700000.0,700000.0,700000.0,0
2021-10-26,710000.0,710000.0,710000.0,710000.0,0
2021-10-27,698000.0,698000.0,698000.0,698000.0,0
2021-10-28,698000.0,698000.0,698000.0,698000.0,0
2021-10-29,700000.0,700000.0,700000.0,700000.0,0
2021-11-02,640000.0,640000.0,640000.0,640000.0,0
2021-11-03,640000.0,640000.0,640000.0,640000.0,0
2021-11-04,640000.0,640000.0,640000.0,640000.0,0
2021-11-05,640000.0,640000.0,640000.0,640000.0,0
2021-11-08,640000.0,640000.0,640000.0,640000.0,0
2021-11-09,632000.0,632000.0,632000.0,632000.0,0
2021-11-10,630000.0,630000.0,630000.0,630000.0,0
2021-11-11,630000.0,630000.0,630000.0,630000.0,0
2021-11-12,624000.0,624000.0,624000.0,624000.0,0
2021-11-15,620000.0,620000.0,620000.0,620000.0,0
2021-11-16,620000.0,620000.0,620000.0,620000.0,0
2021-11-17,600000.0,600000.0,600000.0,600000.0,0
2021-11-18,690000.0,690000.0,690000.0,690000.0,0
2021-11-19,675000.0,675000.0,675000.0,675000.0,0
2021-11-23,686000.0,686000.0,686000.0,686000.0,0
2021-11-24,675000.0,675000.0,675000.0,675000.0,0
2021-11-25,675000.0,675000.0,675000.0,675000.0,0
2021-11-26,670000.0,670000.0,670000.0,670000.0,0
2021-11-29,670000.0,670000.0,670000.0,670000.0,0
2021-11-30,670000.0,670000.0,670000.0,670000.0,0
2021-12-01,670000.0,670000.0,670000.0,670000.0,0
2021-12-02,670000.0,670000.0,670000.0,670000.0,0
2021-12-03,650000.0,650000.0,650000.0,650000.0,0
2021-12-06,650000.0,650000.0,650000.0,650000.0,0
2021-12-07,620000.0,620000.0,620000.0,620000.0,0
2021-12-08,590000.0,590000.0,590000.0,590000.0,0
2021-12-09,590000.0,590000.0,590000.0,590000.0,0
2021-12-10,500000.0,500000.0,500000.0,500000.0,0
2021-12-14,553000.0,553000.0,553000.0,553000.0,0
2021-12-15,550000.0,550000.0,550000.0,550000.0,0
2021-12-16,550000.0,550000.0,550000.0,550000.0,0
2021-12-17,500000.0,500000.0,500000.0,500000.0,0
2021-12-20,500000.0,500000.0,500000.0,500000.0,0
2021-12-21,500000.0,500000.0,500000.0,500000.0,0
2021-12-22,544000.0,544000.0,544000.0,544000.0,0
2021-12-23,544000.0,544000.0,544000.0,544000.0,0
2021-12-27,544000.0,544000.0,544000.0,544000.0,0
2021-12-28,544000.0,544000.0,544000.0,544000.0,0
2021-12-29,544000.0,544000.0,544000.0,544000.0,0
2021-12-30,650000.0,650000.0,650000.0,650000.0,0
2022-01-03,650000.0,650000.0,650000.0,650000.0,0
2022-01-04,650000.0,650000.0,650000.0,650000.0,0
2022-01-05,650000.0,650000.0,650000.0,650000.0,0
2022-01-06,650000.0,650000.0,650000.0,650000.0,0
2022-01-07,650000.0,650000.0,650000.0,650000.0,0
2022-01-11,650000.0,650000.0,650000.0,650000.0,0
2022-01-12,645000.0,645000.0,645000.0,645000.0,0
2022-01-13,645000.0,645000.0,645000.0,645000.0,0
2022-01-14,640000.0,640000.0,640000.0,640000.0,0
2022-01-18,649000.0,649000.0,649000.0,649000.0,0
2022-01-19,649000.0,649000.0,649000.0,649000.0,0
2022-01-20,649000.0,649000.0,649000.0,649000.0,0
2022-01-21,649000.0,649000.0,649000.0,649000.0,0
2022-01-24,649000.0,649000.0,649000.0,649000.0,0
2022-01-25,649000.0,649000.0,649000.0,649000.0,0
2022-01-26,649000.0,649000.0,649000.0,649000.0,0
2022-01-27,649000.0,649000.0,649000.0,649000.0,0
2022-01-28,649000.0,649000.0,649000.0,649000.0,0
2022-01-31,640000.0,640000.0,640000.0,640000.0,0
2022-02-01,640000.0,640000.0,640000.0,640000.0,0
2022-02-02,629000.0,629000.0,629000.0,629000.0,0
2022-02-03,629000.0,629000.0,629000.0,629000.0,0
2022-02-04,629000.0,629000.0,629000.0,629000.0,0
2022-02-07,628000.0,628000.0,628000.0,628000.0,0
2022-02-08,628000.0,628000.0,628000.0,628000.0,0
2022-02-09,628000.0,628000.0,628000.0,628000.0,0
2022-02-10,628000.0,628000.0,628000.0,628000.0,0
2022-02-11,628000.0,628000.0,628000.0,628000.0,0
2022-02-14,628000.0,628000.0,628000.0,628000.0,0
2022-02-15,628000.0,628000.0,628000.0,628000.0,0
2022-02-16,628000.0,628000.0,628000.0,628000.0,0
2022-02-17,628000.0,628000.0,628000.0,628000.0,0
2022-02-18,600000.0,600000.0,600000.0,600000.0,0
2022-02-21,600000.0,600000.0,600000.0,600000.0,0
2022-02-22,600000.0,600000.0,600000.0,600000.0,0
2022-02-23,600000.0,600000.0,600000.0,600000.0,0
2022-02-24,600000.0,600000.0,600000.0,600000.0,0
2022-02-25,600000.0,600000.0,600000.0,600000.0,0
2022-03-02,600000.0,600000.0,600000.0,600000.0,0
2022-03-03,600000.0,600000.0,600000.0,600000.0,0
2022-03-04,560000.0,560000.0,560000.0,560000.0,0
2022-03-07,560000.0,560000.0,560000.0,560000.0,0
2022-03-08,519000.0,519000.0,519000.0,519000.0,0
2022-03-09,509000.0,509000.0,509000.0,509000.0,0
2022-03-10,509000.0,509000.0,509000.0,509000.0,0
2022-03-11,510000.0,510000.0,510000.0,510000.0,0
2022-03-14,505000.0,505000.0,505000.0,505000.0,0
2022-03-15,505000.0,505000.0,505000.0,505000.0,0
2022-03-16,480000.0,480000.0,480000.0,480000.0,0
2022-03-17,480000.0,480000.0,480000.0,480000.0,0
2022-03-18,500000.0,500000.0,500000.0,500000.0,0
2022-03-21,500000.0,500000.0,500000.0,500000.0,0
2022-03-22,500000.0,500000.0,500000.0,500000.0,0
2022-03-23,480000.0,480000.0,480000.0,480000.0,0
2022-03-24,480000.0,480000.0,480000.0,480000.0,0
2022-03-25,480000.0,480000.0,480000.0,480000.0,0
2022-03-28,480000.0,480000.0,480000.0,480000.0,1
2022-03-29,500000.0,500000.0,500000.0,500000.0,0
2022-03-30,480000.0,480000.0,480000.0,480000.0,0
2022-03-31,490000.0,490000.0,490000.0,490000.0,0
2022-04-01,510000.0,510000.0,510000.0,510000.0,0
2022-04-04,510000.0,510000.0,510000.0,510000.0,0
2022-04-05,520000.0,520000.0,520000.0,520000.0,0
2022-04-06,520000.0,520000.0,520000.0,520000.0,1
2022-04-07,530000.0,530000.0,530000.0,530000.0,0
2022-04-08,530000.0,530000.0,530000.0,530000.0,0
2022-04-11,569000.0,569000.0,569000.0,569000.0,0
2022-04-12,570000.0,570000.0,570000.0,570000.0,0
2022-04-13,610000.0,610000.0,610000.0,610000.0,0
2022-04-18,610000.0,610000.0,610000.0,610000.0,0
2022-04-20,610000.0,610000.0,610000.0,610000.0,0
2022-04-21,620000.0,620000.0,620000.0,620000.0,0
2022-04-22,620000.0,620000.0,620000.0,620000.0,0
2022-04-25,620000.0,620000.0,620000.0,620000.0,0
2022-04-26,630000.0,630000.0,630000.0,630000.0,0
2022-04-27,630000.0,630000.0,630000.0,630000.0,0
2022-04-28,630000.0,630000.0,630000.0,630000.0,0
2022-04-29,640000.0,640000.0,640000.0,640000.0,0
2022-05-02,640000.0,640000.0,640000.0,640000.0,0
2022-05-03,640000.0,640000.0,640000.0,640000.0,0
2022-05-04,640000.0,640000.0,640000.0,640000.0,0
2022-05-05,640000.0,640000.0,640000.0,640000.0,0
2022-05-06,635000.0,635000.0,635000.0,635000.0,0
2022-05-09,630000.0,630000.0,630000.0,630000.0,0
2022-05-10,640000.0,640000.0,640000.0,640000.0,0
2022-05-11,640000.0,640000.0,640000.0,640000.0,0
2022-05-12,640000.0,640000.0,640000.0,640000.0,0
2022-05-13,639000.0,639000.0,639000.0,639000.0,0
2022-05-16,639000.0,639000.0,639000.0,639000.0,0
2022-05-17,639000.0,639000.0,639000.0,639000.0,0
2022-05-18,638000.0,638000.0,638000.0,638000.0,0
2022-05-19,630000.0,630000.0,630000.0,630000.0,0
2022-05-20,630000.0,630000.0,630000.0,630000.0,0
2022-05-23,630000.0,630000.0,630000.0,630000.0,0
2022-05-24,630000.0,630000.0,630000.0,630000.0,0
2022-05-25,630000.0,630000.0,630000.0,630000.0,0
2022-05-26,625000.0,625000.0,625000.0,625000.0,0
2022-05-27,630000.0,630000.0,630000.0,630000.0,0
2022-05-31,628000.0,628000.0,628000.0,628000.0,0
2022-06-01,615000.0,615000.0,615000.0,615000.0,0
2022-06-02,615000.0,615000.0,615000.0,615000.0,0
2022-06-03,615000.0,615000.0,615000.0,615000.0,0
2022-06-06,615000.0,615000.0,615000.0,615000.0,0
2022-06-07,610000.0,610000.0,610000.0,610000.0,0
2022-06-08,610000.0,610000.0,610000.0,610000.0,0
2022-06-09,610000.0,610000.0,610000.0,610000.0,0
2022-06-10,615000.0,615000.0,615000.0,615000.0,0
2022-06-14,615000.0,615000.0,615000.0,615000.0,0
2022-06-15,610000.0,610000.0,610000.0,610000.0,0
2022-06-16,615000.0,615000.0,615000.0,615000.0,0
2022-06-17,620000.0,620000.0,620000.0,620000.0,0
2022-06-21,620000.0,620000.0,620000.0,620000.0,0
2022-06-22,615000.0,615000.0,615000.0,615000.0,0
2022-06-23,615000.0,615000.0,615000.0,615000.0,0
2022-06-27,615000.0,615000.0,615000.0,615000.0,0
2022-06-28,620000.0,620000.0,620000.0,620000.0,0
2022-06-29,620000.0,620000.0,620000.0,620000.0,0
2022-06-30,620000.0,620000.0,620000.0,620000.0,0
2022-07-01,620000.0,620000.0,620000.0,620000.0,0
2022-07-06,630000.0,630000.0,630000.0,630000.0,0
2022-07-07,630000.0,630000.0,630000.0,630000.0,0
2022-07-08,620000.0,620000.0,620000.0,620000.0,0
2022-07-11,620000.0,620000.0,620000.0,620000.0,0
2022-07-12,620000.0,620000.0,620000.0,620000.0,0
2022-07-13,620000.0,620000.0,620000.0,620000.0,0
2022-07-14,620000.0,620000.0,620000.0,620000.0,0
2022-07-15,620000.0,620000.0,620000.0,620000.0,0
2022-07-18,610000.0,610000.0,610000.0,610000.0,0
2022-07-19,610000.0,610000.0,610000.0,610000.0,0
2022-07-20,620000.0,620000.0,620000.0,620000.0,0
2022-07-21,620000.0,620000.0,620000.0,620000.0,0
2022-07-22,620000.0,620000.0,620000.0,620000.0,0
2022-07-25,610000.0,610000.0,610000.0,610000.0,0
2022-07-26,620000.0,620000.0,620000.0,620000.0,0
2022-07-27,610000.0,610000.0,610000.0,610000.0,0
2022-07-28,603000.0,603000.0,603000.0,603000.0,0
2022-07-29,620000.0,620000.0,620000.0,620000.0,0
2022-08-01,615000.0,615000.0,615000.0,615000.0,0
2022-08-02,610000.0,610000.0,610000.0,610000.0,0
2022-08-03,610000.0,610000.0,610000.0,610000.0,0
2022-08-04,609000.0,609000.0,609000.0,609000.0,0
2022-08-05,609000.0,609000.0,609000.0,609000.0,0
2022-08-08,609000.0,609000.0,609000.0,609000.0,0
2022-08-09,605000.0,605000.0,605000.0,605000.0,0
2022-08-10,609000.0,609000.0,609000.0,609000.0,0
2022-08-11,609000.0,609000.0,609000.0,609000.0,0
2022-08-12,609000.0,609000.0,609000.0,609000.0,0
2022-08-16,605000.0,605000.0,605000.0,605000.0,0
2022-08-17,620000.0,620000.0,620000.0,620000.0,0
2022-08-18,620000.0,620000.0,620000.0,620000.0,0
2022-08-19,615000.0,615000.0,615000.0,615000.0,0
2022-08-22,615000.0,615000.0,615000.0,615000.0,0
2022-08-23,615000.0,615000.0,615000.0,615000.0,0
2022-08-24,620000.0,620000.0,620000.0,620000.0,0
2022-08-25,620000.0,620000.0,620000.0,620000.0,0
2022-08-26,674000.0,674000.0,674000.0,674000.0,0
2022-08-29,674000.0,674000.0,674000.0,674000.0,0
2022-08-30,700000.0,700000.0,700000.0,700000.0,0
2022-08-31,700000.0,700000.0,700000.0,700000.0,0
2022-09-01,699000.0,699000.0,699000.0,699000.0,0
2022-09-02,700000.0,700000.0,700000.0,700000.0,0
2022-09-05,700000.0,700000.0,700000.0,700000.0,0
2022-09-06,700000.0,700000.0,700000.0,700000.0,0
2022-09-07,693000.0,693000.0,693000.0,693000.0,0
2022-09-08,693000.0,693000.0,693000.0,693000.0,1
2022-09-09,689000.0,689000.0,689000.0,689000.0,0
2022-09-12,695000.0,695000.0,695000.0,695000.0,0
2022-09-13,695000.0,695000.0,695000.0,695000.0,0
2022-09-14,695000.0,695000.0,695000.0,695000.0,0
2022-09-15,694000.0,694000.0,694000.0,694000.0,0
2022-09-16,694000.0,694000.0,694000.0,694000.0,0
2022-09-19,694000.0,694000.0,694000.0,694000.0,0
2022-09-20,694000.0,694000.0,694000.0,694000.0,0
2022-09-21,700000.0,700000.0,700000.0,700000.0,0
2022-09-22,693000.0,693000.0,693000.0,693000.0,0
2022-09-23,693000.0,693000.0,693000.0,693000.0,0
2022-09-26,693000.0,693000.0,693000.0,693000.0,0
2022-09-27,675000.0,675000.0,675000.0,675000.0,0
2022-09-28,675000.0,675000.0,675000.0,675000.0,0
2022-09-29,675000.0,675000.0,675000.0,675000.0,0
2022-09-30,675000.0,675000.0,675000.0,675000.0,0
2022-10-03,690000.0,690000.0,690000.0,690000.0,0
2022-10-04,690000.0,690000.0,690000.0,690000.0,0
2022-10-05,690000.0,690000.0,690000.0,690000.0,0
2022-10-06,689000.0,689000.0,689000.0,689000.0,0
2022-10-07,689000.0,689000.0,689000.0,689000.0,0
2022-10-10,689000.0,689000.0,689000.0,689000.0,0
2022-10-11,689000.0,689000.0,689000.0,689000.0,0
2022-10-13,687000.0,687000.0,687000.0,687000.0,0
2022-10-14,687000.0,687000.0,687000.0,687000.0,0
2022-10-17,687000.0,687000.0,687000.0,687000.0,0
2022-10-18,689000.0,689000.0,689000.0,689000.0,0
2022-10-19,689000.0,689000.0,689000.0,689000.0,0
2022-10-20,689000.0,689000.0,689000.0,689000.0,0
2022-10-21,679000.0,679000.0,679000.0,679000.0,0
2022-10-25,679000.0,679000.0,679000.0,679000.0,0
2022-10-26,674000.0,674000.0,674000.0,674000.0,0
2022-10-27,674000.0,674000.0,674000.0,674000.0,0
2022-10-28,674000.0,674000.0,674000.0,674000.0,0
2022-11-01,674000.0,674000.0,674000.0,674000.0,0
2022-11-02,674000.0,674000.0,674000.0,674000.0,0
2022-11-03,674000.0,674000.0,674000.0,674000.0,0
2022-11-04,665000.0,665000.0,665000.0,665000.0,0
2022-11-07,665000.0,665000.0,665000.0,665000.0,0
2022-11-08,663000.0,663000.0,663000.0,663000.0,0
2022-11-09,663000.0,663000.0,663000.0,663000.0,0
2022-11-10,650000.0,650000.0,650000.0,650000.0,0
2022-11-11,650000.0,650000.0,650000.0,650000.0,0
2022-11-14,650000.0,650000.0,650000.0,650000.0,0
2022-11-15,649000.0,649000.0,649000.0,649000.0,0
2022-11-16,649000.0,649000.0,649000.0,649000.0,0
2022-11-17,649000.0,649000.0,649000.0,649000.0,0
2022-11-18,660000.0,660000.0,660000.0,660000.0,0
2022-11-22,660000.0,660000.0,660000.0,660000.0,0
2022-11-23,709000.0,709000.0,709000.0,709000.0,0
2022-11-24,715000.0,715000.0,715000.0,715000.0,0
2022-11-25,729000.0,729000.0,729000.0,729000.0,0
2022-11-28,760000.0,760000.0,760000.0,760000.0,0
2022-11-29,799000.0,799000.0,799000.0,799000.0,0
2022-11-30,799000.0,799000.0,799000.0,799000.0,0
2022-12-01,799000.0,799000.0,799000.0,799000.0,0
2022-12-02,799000.0,799000.0,799000.0,799000.0,0
2022-12-05,799000.0,799000.0,799000.0,799000.0,0
2022-12-06,799000.0,799000.0,799000.0,799000.0,0
2022-12-07,799000.0,799000.0,799000.0,799000.0,0
2022-12-08,799000.0,799000.0,799000.0,799000.0,0
2022-12-09,799000.0,799000.0,799000.0,799000.0,0
2022-12-13,800000.0,800000.0,800000.0,800000.0,0
2022-12-14,870000.0,870000.0,870000.0,870000.0,0
2022-12-15,870000.0,870000.0,870000.0,870000.0,0
2022-12-16,870000.0,870000.0,870000.0,870000.0,0
2022-12-19,870000.0,870000.0,870000.0,870000.0,0
2022-12-20,870000.0,870000.0,870000.0,870000.0,0
2022-12-21,870000.0,870000.0,870000.0,870000.0,0
2022-12-22,869000.0,869000.0,869000.0,869000.0,0
2022-12-23,869000.0,869000.0,869000.0,869000.0,0
2022-12-26,869000.0,869000.0,869000.0,869000.0,0
2022-12-27,869000.0,869000.0,869000.0,869000.0,0
2022-12-28,870000.0,870000.0,870000.0,870000.0,0
2022-12-29,870000.0,870000.0,870000.0,870000.0,0
2022-12-30,899000.0,899000.0,899000.0,899000.0,0
2023-01-02,899000.0,899000.0,899000.0,899000.0,0
2023-01-03,899000.0,899000.0,899000.0,899000.0,0
2023-01-04,899000.0,899000.0,899000.0,899000.0,0
2023-01-05,899000.0,899000.0,899000.0,899000.0,0
2023-01-06,875000.0,875000.0,875000.0,875000.0,0
2023-01-10,875000.0,875000.0,875000.0,875000.0,0
2023-01-11,875000.0,875000.0,875000.0,875000.0,0
2023-01-12,900000.0,900000.0,900000.0,900000.0,0
2023-01-13,950000.0,950000.0,950000.0,950000.0,0
2023-01-16,950000.0,950000.0,950000.0,950000.0,0
2023-01-17,950000.0,950000.0,950000.0,950000.0,0
2023-01-18,950000.0,950000.0,950000.0,950000.0,0
2023-01-19,950000.0,950000.0,950000.0,950000.0,0
2023-01-20,950000.0,950000.0,950000.0,950000.0,0
2023-01-23,950000.0,950000.0,950000.0,950000.0,0
2023-01-24,950000.0,950000.0,950000.0,950000.0,0
2023-01-25,950000.0,950000.0,950000.0,950000.0,0
2023-01-26,950000.0,950000.0,950000.0,950000.0,0
2023-01-27,950000.0,950000.0,950000.0,950000.0,0
2023-01-30,950000.0,950000.0,950000.0,950000.0,0
2023-01-31,1060000.0,1060000.0,1060000.0,1060000.0,0
2023-02-01,1070000.0,1070000.0,1070000.0,1070000.0,0
2023-02-02,1070000.0,1070000.0,1070000.0,1070000.0,0
2023-02-03,1100000.0,1100000.0,1100000.0,1100000.0,0
2023-02-06,1110000.0,1110000.0,1110000.0,1110000.0,0
2023-02-07,1130000.0,1130000.0,1130000.0,1130000.0,0
2023-02-08,1130000.0,1130000.0,1130000.0,1130000.0,0
2023-02-09,1200000.0,1200000.0,1200000.0,1200000.0,0
2023-02-10,1260000.0,1260000.0,1260000.0,1260000.0,0
2023-02-13,1260000.0,1260000.0,1260000.0,1260000.0,0
2023-02-14,1260000.0,1260000.0,1260000.0,1260000.0,0
2023-02-15,1260000.0,1260000.0,1260000.0,1260000.0,0
2023-02-16,1260000.0,1260000.0,1260000.0,1260000.0,0
2023-02-17,1260000.0,1260000.0,1260000.0,1260000.0,0
2023-02-22,1260000.0,1260000.0,1260000.0,1260000.0,0
2023-02-23,1260000.0,1260000.0,1260000.0,1260000.0,0
2023-02-24,1260000.0,1260000.0,1260000.0,1260000.0,0
2023-02-27,1260000.0,1260000.0,1260000.0,1260000.0,0
2023-02-28,1260000.0,1260000.0,1260000.0,1260000.0,0
2023-03-01,1260000.0,1260000.0,1260000.0,1260000.0,0
2023-03-02,1300000.0,1300000.0,1300000.0,1300000.0,0
2023-03-03,1300000.0,1300000.0,1300000.0,1300000.0,0
2023-03-06,1300000.0,1300000.0,1300000.0,1300000.0,0
2023-03-07,1330000.0,1330000.0,1330000.0,1330000.0,0
2023-03-08,1390000.0,1390000.0,1390000.0,1390000.0,0
2023-03-09,1390000.0,1390000.0,1390000.0,1390000.0,0
2023-03-10,1390000.0,1390000.0,1390000.0,1390000.0,0
2023-03-13,1400000.0,1400000.0,1400000.0,1400000.0,0
2023-03-14,1250000.0,1250000.0,1250000.0,1250000.0,0
2023-03-15,1250000.0,1250000.0,1250000.0,1250000.0,0
2023-03-16,1300000.0,1300000.0,1300000.0,1300000.0,0
2023-03-17,1300000.0,1300000.0,1300000.0,1300000.0,0
2023-03-20,1400000.0,1400000.0,1400000.0,1400000.0,0
2023-03-21,1400000.0,1400000.0,1400000.0,1400000.0,0
2023-03-22,1400000.0,1400000.0,1400000.0,1400000.0,0
2023-03-23,1400000.0,1400000.0,1400000.0,1400000.0,0
2023-03-24,1400000.0,1400000.0,1400000.0,1400000.0,0
2023-03-27,1380000.0,1380000.0,1380000.0,1380000.0,0
2023-03-28,1400000.0,1400000.0,1400000.0,1400000.0,0
2023-03-29,1270000.0,1270000.0,1270000.0,1270000.0,0
2023-03-30,1300000.0,1300000.0,1300000.0,1300000.0,0
2023-03-31,1200000.0,1200000.0,1200000.0,1200000.0,0
2023-04-03,1300000.0,1300000.0,1300000.0,1300000.0,0
2023-04-04,1300000.0,1300000.0,1300000.0,1300000.0,0
2023-04-05,1360000.0,1360000.0,1360000.0,1360000.0,0
2023-04-10,1360000.0,1360000.0,1360000.0,1360000.0,0
2023-04-11,1350000.0,1350000.0,1350000.0,1350000.0,0
2023-04-12,1350000.0,1350000.0,1350000.0,1350000.0,0
2023-04-13,1290000.0,1290000.0,1290000.0,1290000.0,0
2023-04-14,1290000.0,1290000.0,1290000.0,1290000.0,0
2023-04-17,1300000.0,1300000.0,1300000.0,1300000.0,11
2023-04-18,1200000.0,1200000.0,1200000.0,1200000.0,0
2023-04-20,1290000.0,1290000.0,1290000.0,1290000.0,0
2023-04-21,1300000.0,1300000.0,1300000.0,1300000.0,0
2023-04-24,1300000.0,1300000.0,1300000.0,1300000.0,0
2023-04-25,1300000.0,1300000.0,1300000.0,1300000.0,0
2023-04-26,1300000.0,1300000.0,1300000.0,1300000.0,0
2023-04-27,1320000.0,1320000.0,1320000.0,1320000.0,0
2023-04-28,1320000.0,1320000.0,1320000.0,1320000.0,0
2023-05-02,1320000.0,1320000.0,1320000.0,1320000.0,0
2023-05-03,1300000.0,1300000.0,1300000.0,1300000.0,0
2023-05-04,1350000.0,1350000.0,1350000.0,1350000.0,0
2023-05-05,1350000.0,1350000.0,1350000.0,1350000.0,0
2023-05-08,1360000.0,1360000.0,1360000.0,1360000.0,0
2023-05-09,1400000.0,1400000.0,1400000.0,1400000.0,0
2023-05-10,1400000.0,1400000.0,1400000.0,1400000.0,0
2023-05-11,1450000.0,1450000.0,1450000.0,1450000.0,0
2023-05-12,1450000.0,1450000.0,1450000.0,1450000.0,0
2023-05-15,1460000.0,1460000.0,1460000.0,1460000.0,0
2023-05-16,1460000.0,1460000.0,1460000.0,1460000.0,0
2023-05-17,1400000.0,1400000.0,1400000.0,1400000.0,0
2023-05-18,1400000.0,1400000.0,1400000.0,1400000.0,0
2023-05-19,1400000.0,1400000.0,1400000.0,1400000.0,0
2023-05-23,1400000.0,1400000.0,1400000.0,1400000.0,0
2023-05-24,1250000.0,1250000.0,1250000.0,1250000.0,0
2023-05-25,1300000.0,1300000.0,1300000.0,1300000.0,0
2023-05-26,1300000.0,1300000.0,1300000.0,1300000.0,0
2023-05-29,1400000.0,1400000.0,1400000.0,1400000.0,0
2023-05-30,1390000.0,1390000.0,1390000.0,1390000.0,0
2023-05-31,1390000.0,1390000.0,1390000.0,1390000.0,0
2023-06-01,1370000.0,1370000.0,1370000.0,1370000.0,0
2023-06-02,1380000.0,1380000.0,1380000.0,1380000.0,0
2023-06-05,1380000.0,1380000.0,1380000.0,1380000.0,0
2023-06-06,1380000.0,1380000.0,1380000.0,1380000.0,0
2023-06-07,1280000.0,1280000.0,1280000.0,1280000.0,0
2023-06-08,1400000.0,1400000.0,1400000.0,1400000.0,0
2023-06-13,1390000.0,1390000.0,1390000.0,1390000.0,0
2023-06-14,1400000.0,1400000.0,1400000.0,1400000.0,0
2023-06-15,1400000.0,1400000.0,1400000.0,1400000.0,0
2023-06-16,1390000.0,1390000.0,1390000.0,1390000.0,0
2023-06-20,1390000.0,1390000.0,1390000.0,1390000.0,0
2023-06-21,1400000.0,1400000.0,1400000.0,1400000.0,0
2023-06-22,1400000.0,1400000.0,1400000.0,1400000.0,0
2023-06-23,1350000.0,1350000.0,1350000.0,1350000.0,0
2023-06-26,1300000.0,1300000.0,1300000.0,1300000.0,0
2023-06-27,1300000.0,1300000.0,1300000.0,1300000.0,0
2023-06-28,1300000.0,1300000.0,1300000.0,1300000.0,0
2023-06-29,1400000.0,1400000.0,1400000.0,1400000.0,0
2023-06-30,1420000.0,1420000.0,1420000.0,1420000.0,0
2023-07-04,1420000.0,1420000.0,1420000.0,1420000.0,0
2023-07-06,1420000.0,1420000.0,1420000.0,1420000.0,0
2023-07-07,1420000.0,1420000.0,1420000.0,1420000.0,0
2023-07-10,1420000.0,1420000.0,1420000.0,1420000.0,0
2023-07-11,1420000.0,1420000.0,1420000.0,1420000.0,0
2023-07-12,1420000.0,1420000.0,1420000.0,1420000.0,0
2023-07-13,1420000.0,1420000.0,1420000.0,1420000.0,0
2023-07-14,1420000.0,1420000.0,1420000.0,1420000.0,0
2023-07-17,1420000.0,1420000.0,1420000.0,1420000.0,0
2023-07-18,1420000.0,1420000.0,1420000.0,1420000.0,0
2023-07-19,1420000.0,1420000.0,1420000.0,1420000.0,0
2023-07-20,1420000.0,1420000.0,1420000.0,1420000.0,0
2023-07-21,1400000.0,1400000.0,1400000.0,1400000.0,0
2023-07-25,1400000.0,1400000.0,1400000.0,1400000.0,0
2023-07-26,1400000.0,1400000.0,1400000.0,1400000.0,0
2023-07-27,1400000.0,1400000.0,1400000.0,1400000.0,0
2023-07-28,1400000.0,1400000.0,1400000.0,1400000.0,0
2023-07-31,1400000.0,1400000.0,1400000.0,1400000.0,0
2023-08-01,1400000.0,1400000.0,1400000.0,1400000.0,0
2023-08-02,1400000.0,1400000.0,1400000.0,1400000.0,0
2023-08-03,1400000.0,1400000.0,1400000.0,1400000.0,0
2023-08-04,1400000.0,1400000.0,1400000.0,1400000.0,0
2023-08-07,1400000.0,1400000.0,1400000.0,1400000.0,0
2023-08-08,1400000.0,1400000.0,1400000.0,1400000.0,0
2023-08-09,1400000.0,1400000.0,1400000.0,1400000.0,0
2023-08-10,1400000.0,1400000.0,1400000.0,1400000.0,0
2023-08-11,1400000.0,1400000.0,1400000.0,1400000.0,0
2023-08-15,1420000.0,1420000.0,1420000.0,1420000.0,0
2023-08-16,1420000.0,1420000.0,1420000.0,1420000.0,0
2023-08-17,1420000.0,1420000.0,1420000.0,1420000.0,0
2023-08-18,1420000.0,1420000.0,1420000.0,1420000.0,0
2023-08-21,1420000.0,1420000.0,1420000.0,1420000.0,0
2023-08-22,1420000.0,1420000.0,1420000.0,1420000.0,0
2023-08-23,1400000.0,1400000.0,1400000.0,1400000.0,0
2023-08-24,1500000.0,1500000.0,1500000.0,1500000.0,0
2023-08-25,1520000.0,1520000.0,1520000.0,1520000.0,0
2023-08-28,1510000.0,1510000.0,1510000.0,1510000.0,0
2023-08-29,1510000.0,1510000.0,1510000.0,1510000.0,0
2023-08-30,1510000.0,1510000.0,1510000.0,1510000.0,0
2023-08-31,1510000.0,1510000.0,1510000.0,1510000.0,0
2023-09-01,1500000.0,1500000.0,1500000.0,1500000.0,0
2023-09-04,1500000.0,1500000.0,1500000.0,1500000.0,0
2023-09-05,1500000.0,1500000.0,1500000.0,1500000.0,0
2023-09-06,1500000.0,1500000.0,1500000.0,1500000.0,0
2023-09-07,1560000.0,1560000.0,1560000.0,1560000.0,0
2023-09-08,1560000.0,1560000.0,1560000.0,1560000.0,0
2023-09-12,1560000.0,1560000.0,1560000.0,1560000.0,0
2023-09-13,1560000.0,1560000.0,1560000.0,1560000.0,0
2023-09-14,1560000.0,1560000.0,1560000.0,1560000.0,0
2023-09-15,1560000.0,1560000.0,1560000.0,1560000.0,0
2023-09-18,1560000.0,1560000.0,1560000.0,1560000.0,0
2023-09-19,1620000.0,1620000.0,1620000.0,1620000.0,0
2023-09-20,1620000.0,1620000.0,1620000.0,1620000.0,0
2023-09-21,1600000.0,1600000.0,1600000.0,1600000.0,0
2023-09-22,1620000.0,1620000.0,1620000.0,1620000.0,0
2023-09-25,1640000.0,1640000.0,1640000.0,1640000.0,0
2023-09-26,1650000.0,1650000.0,1650000.0,1650000.0,0
2023-09-27,1660000.0,1660000.0,1660000.0,1660000.0,0
2023-09-28,1700000.0,1700000.0,1700000.0,1700000.0,0
2023-09-29,1700000.0,1700000.0,1700000.0,1700000.0,0
2023-10-02,1760000.0,1760000.0,1760000.0,1760000.0,0
2023-10-03,1760000.0,1760000.0,1760000.0,1760000.0,0
2023-10-04,1890000.0,1890000.0,1890000.0,1890000.0,0
2023-10-05,1700000.0,1700000.0,1700000.0,1700000.0,0
2023-10-06,1890000.0,1890000.0,1890000.0,1890000.0,0
2023-10-09,1890000.0,1890000.0,1890000.0,1890000.0,0
2023-10-10,1700000.0,1700000.0,1700000.0,1700000.0,0
2023-10-11,1700000.0,1700000.0,1700000.0,1700000.0,0
2023-10-13,1700000.0,1700000.0,1700000.0,1700000.0,0
2023-10-16,1700000.0,1700000.0,1700000.0,1700000.0,0
2023-10-17,1730000.0,1730000.0,1730000.0,1730000.0,0
2023-10-18,1730000.0,1730000.0,1730000.0,1730000.0,0
2023-10-19,2000000.0,2000000.0,2000000.0,2000000.0,0
2023-10-20,2010000.0,2010000.0,2010000.0,2010000.0,0
2023-10-23,2500000.0,2500000.0,2500000.0,2500000.0,0
2023-10-24,2900000.0,2900000.0,2900000.0,2900000.0,0
2023-10-25,2500000.0,2500000.0,2500000.0,2500000.0,0
2023-10-26,2500000.0,2500000.0,2500000.0,2500000.0,0
2023-10-27,2500000.0,2500000.0,2500000.0,2500000.0,0
2023-10-31,2500000.0,2500000.0,2500000.0,2500000.0,0
2023-11-01,2100000.0,2100000.0,2100000.0,2100000.0,0
2023-11-02,2200000.0,2200000.0,2200000.0,2200000.0,0
2023-11-03,2200000.0,2200000.0,2200000.0,2200000.0,0
2023-11-07,2200000.0,2200000.0,2200000.0,2200000.0,0
2023-11-08,2200000.0,2200000.0,2200000.0,2200000.0,0
2023-11-09,2500000.0,2500000.0,2500000.0,2500000.0,0
2023-11-10,2500000.0,2500000.0,2500000.0,2500000.0,0
2023-11-13,2500000.0,2500000.0,2500000.0,2500000.0,0
2023-11-14,2500000.0,2500000.0,2500000.0,2500000.0,0
2023-11-15,2500000.0,2500000.0,2500000.0,2500000.0,0
2023-11-16,2500000.0,2500000.0,2500000.0,2500000.0,0
2023-11-17,2510000.0,2510000.0,2510000.0,2510000.0,0
2023-11-20,2510000.0,2510000.0,2510000.0,2510000.0,0
2023-11-21,2620000.0,2620000.0,2620000.0,2620000.0,0
2023-11-22,2690000.0,2690000.0,2690000.0,2690000.0,0
2023-11-23,2690000.0,2690000.0,2690000.0,2690000.0,0
2023-11-24,2690000.0,2690000.0,2690000.0,2690000.0,0
2023-11-27,2690000.0,2690000.0,2690000.0,2690000.0,0
2023-11-28,2690000.0,2690000.0,2690000.0,2690000.0,0
2023-11-29,2690000.0,2690000.0,2690000.0,2690000.0,0
2023-11-30,2700000.0,2700000.0,2700000.0,2700000.0,0
2023-12-01,2750000.0,2750000.0,2750000.0,2750000.0,0
2023-12-04,2780000.0,2780000.0,2780000.0,2780000.0,0
2023-12-05,2790000.0,2790000.0,2790000.0,2790000.0,0
2023-12-06,2250000.0,2250000.0,2250000.0,2250000.0,0
2023-12-07,2800000.0,2800000.0,2800000.0,2800000.0,0
2023-12-08,2800000.0,2800000.0,2800000.0,2800000.0,0
2023-12-12,2800000.0,2800000.0,2800000.0,2800000.0,0
2023-12-13,2800000.0,2800000.0,2800000.0,2800000.0,0
2023-12-14,2800000.0,2800000.0,2800000.0,2800000.0,0
2023-12-15,2800000.0,2800000.0,2800000.0,2800000.0,0
2023-12-18,2800000.0,2800000.0,2800000.0,2800000.0,0
2023-12-19,2800000.0,2800000.0,2800000.0,2800000.0,0
2023-12-20,2800000.0,2800000.0,2800000.0,2800000.0,0
2023-12-21,2800000.0,2800000.0,2800000.0,2800000.0,0
2023-12-22,2800000.0,2800000.0,2800000.0,2800000.0,0
2023-12-26,2800000.0,2800000.0,2260000.0,2800000.0,0
2023-12-27,2800000.0,2800000.0,2800000.0,2800000.0,0
2023-12-28,2800000.0,2800000.0,2800000.0,2800000.0,0
2023-12-29,2800000.0,2800000.0,2800000.0,2800000.0,0
2024-01-02,2790000.0,2790000.0,2250000.0,2800000.0,0
2024-01-03,2800000.0,2800000.0,2360000.0,2790000.0,0
2024-01-04,2800000.0,2800000.0,2750000.0,2800000.0,0
2024-01-05,2800000.0,2800000.0,2800000.0,2800000.0,0
2024-01-08,2800000.0,2800000.0,2800000.0,2800000.0,0
2024-01-09,2800000.0,2790000.0,2790000.0,2800000.0,0
2024-01-10,2800000.0,2800000.0,2800000.0,2800000.0,0
2024-01-11,2790000.0,2790000.0,2790000.0,2800000.0,0
2024-01-12,2800000.0,2800000.0,2800000.0,2790000.0,0
2024-01-15,2800000.0,2800000.0,2800000.0,2800000.0,0
2024-01-16,2800000.0,2800000.0,2660000.0,2800000.0,0
2024-01-17,2800000.0,2800000.0,2800000.0,2800000.0,0
2024-01-18,2790000.0,2790000.0,2750000.0,2800000.0,0
2024-01-19,2750000.0,2750000.0,2750000.0,2750000.0,0
2024-01-22,2700000.0,2700000.0,2700000.0,2750000.0,0
2024-01-23,2700000.0,2700000.0,2700000.0,2700000.0,0
2024-01-24,2700000.0,2700000.0,2700000.0,2700000.0,0
2024-01-25,2700000.0,2700000.0,2700000.0,2700000.0,0
2024-01-26,2700000.0,2700000.0,2700000.0,2700000.0,0
2024-01-29,2700000.0,2700000.0,2700000.0,2700000.0,0
2024-01-30,2700000.0,2700000.0,2700000.0,2700000.0,0
2024-01-31,2640000.0,2650000.0,2600000.0,2700000.0,0
2024-02-01,2640000.0,2590000.0,2590000.0,2640000.0,0
2024-02-02,2600000.0,2600000.0,2590000.0,2640000.0,0
2024-02-05,2600000.0,2600000.0,2600000.0,2600000.0,0
2024-02-06,2600000.0,2600000.0,2600000.0,2600000.0,0
2024-02-07,2600000.0,2600000.0,2600000.0,2600000.0,0
2024-02-08,2600000.0,2600000.0,2600000.0,2600000.0,0
2024-02-09,2600000.0,2600000.0,2600000.0,2600000.0,0
2024-02-14,2600000.0,2600000.0,2600000.0,2600000.0,0
2024-02-15,2600000.0,2600000.0,2600000.0,2600000.0,0
2024-02-16,2600000.0,2600000.0,2600000.0,2600000.0,0
2024-02-19,2590000.0,2590000.0,2140000.0,2600000.0,0
2024-02-20,2590000.0,2600000.0,2600000.0,2590000.0,0
2024-02-21,2590000.0,2210000.0,2210000.0,2590000.0,0
2024-02-22,2590000.0,2590000.0,2590000.0,2590000.0,0
2024-02-23,2590000.0,2590000.0,2590000.0,2590000.0,0
2024-02-26,2540000.0,2590000.0,2140000.0,2540000.0,0
2024-02-27,2570000.0,2570000.0,2570000.0,2570000.0,0
2024-02-28,2570000.0,2570000.0,2570000.0,2570000.0,0
2024-02-29,2570000.0,2490000.0,2490000.0,2570000.0,0
2024-03-01,2100000.0,2100000.0,2100000.0,2570000.0,0
2024-03-04,2100000.0,2120000.0,2100000.0,2100000.0,0
2024-03-05,2450000.0,2490000.0,2450000.0,2100000.0,0
2024-03-06,2450000.0,2450000.0,2450000.0,2450000.0,0
2024-03-07,2450000.0,2450000.0,2450000.0,2450000.0,0
2024-03-08,2450000.0,2450000.0,2450000.0,2450000.0,0
2024-03-11,2450000.0,2450000.0,2450000.0,2450000.0,0
2024-03-12,2450000.0,2450000.0,2450000.0,2450000.0,0
2024-03-13,2500000.0,2500000.0,2500000.0,2450000.0,0
2024-03-14,2500000.0,2500000.0,2500000.0,2500000.0,0
2024-03-15,2400000.0,2500000.0,2400000.0,2500000.0,0
2024-03-18,2210000.0,2210000.0,2210000.0,2400000.0,0
2024-03-20,2210000.0,2530000.0,2300000.0,2210000.0,0
2024-03-21,2210000.0,2210000.0,2210000.0,2210000.0,0
2024-03-22,2230000.0,2400000.0,2230000.0,2210000.0,0
2024-03-25,2300000.0,2300000.0,2230000.0,2230000.0,0
2024-03-26,2230000.0,2230000.0,2230000.0,2300000.0,0
2024-03-27,2300000.0,2300000.0,2300000.0,2230000.0,0
2024-04-01,2300000.0,2300000.0,2300000.0,2300000.0,0
2024-04-02,2300000.0,2500000.0,2300000.0,2300000.0,0
2024-04-03,2300000.0,2300000.0,2300000.0,2300000.0,0
2024-04-04,2300000.0,2300000.0,2300000.0,2300000.0,0
2024-04-05,2300000.0,2300000.0,2300000.0,2300000.0,0
2024-04-08,2200000.0,2290000.0,2200000.0,2300000.0,0
2024-04-09,2200000.0,2290000.0,2200000.0,2200000.0,0
2024-04-10,2300000.0,2300000.0,1900000.0,2200000.0,0
2024-04-11,2300000.0,2300000.0,2300000.0,2300000.0,0
2024-04-12,2300000.0,2300000.0,2300000.0,2300000.0,0
2024-04-15,2300000.0,2300000.0,2300000.0,2300000.0,0
2024-04-16,2290000.0,2300000.0,2290000.0,2300000.0,0
2024-04-17,2290000.0,2290000.0,2290000.0,2290000.0,0
2024-04-18,2290000.0,2290000.0,2290000.0,2290000.0,0
2024-04-22,2300000.0,2300000.0,2300000.0,2290000.0,0
2024-04-23,2300000.0,2300000.0,2300000.0,2300000.0,0
2024-04-24,2290000.0,2290000.0,2290000.0,2300000.0,0
2024-04-25,2350000.0,2350000.0,2280000.0,2290000.0,0
2024-04-26,2350000.0,2500000.0,2290000.0,2350000.0,0
2024-04-29,2350000.0,2350000.0,2350000.0,2350000.0,0
2024-04-30,2350000.0,1890000.0,1890000.0,2350000.0,0
2024-05-02,2700000.0,2750000.0,2700000.0,2350000.0,0
2024-05-03,2500000.0,2600000.0,2500000.0,2700000.0,0
2024-05-06,2500000.0,2500000.0,2100000.0,2500000.0,0
2024-05-07,2600000.0,2650000.0,2500000.0,2500000.0,0
2024-05-08,2600000.0,2650000.0,2600000.0,2600000.0,0
2024-05-09,2600000.0,2600000.0,2600000.0,2600000.0,0
2024-05-10,2600000.0,2600000.0,2590000.0,2600000.0,0
2024-05-14,2600000.0,2600000.0,2590000.0,2600000.0,0
2024-05-15,2590000.0,2590000.0,2580000.0,2600000.0,0
2024-05-16,2590000.0,2590000.0,2590000.0,2590000.0,0
2024-05-17,2590000.0,2590000.0,2450000.0,2590000.0,0
2024-05-20,2590000.0,2590000.0,2590000.0,2590000.0,0
2024-05-21,2590000.0,2590000.0,2590000.0,2590000.0,0
2024-05-22,2580000.0,2580000.0,2580000.0,2590000.0,0
2024-05-23,2580000.0,2580000.0,2580000.0,2580000.0,0
2024-05-24,2580000.0,2580000.0,2580000.0,2580000.0,0
2024-05-27,2450000.0,2500000.0,2450000.0,2580000.0,0
2024-05-28,2520000.0,2520000.0,2450000.0,2450000.0,0
2024-05-29,2400000.0,2530000.0,2400000.0,2520000.0,0
2024-05-30,2400000.0,2400000.0,2400000.0,2400000.0,0
2024-05-31,2400000.0,2530000.0,2400000.0,2400000.0,0
2024-06-04,2400000.0,2400000.0,2400000.0,2400000.0,0
2024-06-05,2500000.0,2500000.0,2400000.0,2400000.0,0
2024-06-06,2500000.0,2500000.0,2500000.0,2500000.0,0
2024-06-07,2400000.0,2400000.0,2400000.0,2500000.0,0
2024-06-10,2500000.0,2500000.0,2400000.0,2400000.0,0
2024-06-11,2500000.0,2530000.0,2450000.0,2500000.0,0
2024-06-12,2530000.0,2530000.0,2530000.0,2500000.0,0
2024-06-13,2540000.0,2540000.0,2530000.0,2530000.0,0
2024-06-14,2540000.0,2550000.0,2400000.0,2540000.0,0
2024-06-18,2580000.0,2580000.0,2550000.0,2540000.0,0
2024-06-19,2590000.0,2590000.0,2570000.0,2580000.0,0
2024-06-20,2650000.0,2650000.0,2650000.0,2590000.0,0
2024-06-21,2680000.0,2680000.0,2650000.0,2650000.0,0
2024-06-25,2680000.0,2700000.0,2680000.0,2680000.0,0
2024-06-26,2760000.0,2760000.0,2700000.0,2680000.0,0
2024-06-27,2800000.0,2800000.0,2800000.0,2760000.0,0
2024-06-28,3250000.0,3250000.0,3250000.0,2800000.0,0
2024-07-01,3240000.0,3250000.0,3240000.0,3250000.0,0
2024-07-02,4000000.0,4000000.0,3310000.0,3240000.0,0
2024-07-03,4400000.0,4400000.0,4400000.0,4000000.0,0
2024-07-04,4550000.0,4700000.0,4400000.0,4400000.0,0
2024-07-08,5250000.0,5250000.0,4550000.0,4550000.0,0
2024-07-09,4950000.0,5000000.0,4300000.0,5250000.0,0
2024-07-10,4950000.0,4950000.0,4950000.0,4950000.0,0
2024-07-11,4950000.0,4950000.0,4950000.0,4950000.0,0
2024-07-12,4900000.0,4900000.0,4900000.0,4950000.0,0
2024-07-15,4700000.0,4700000.0,4700000.0,4900000.0,0
2024-07-16,4690000.0,4700000.0,4650000.0,4700000.0,0
2024-07-17,4680000.0,4680000.0,3960000.0,4690000.0,0
2024-07-18,4650000.0,4670000.0,4650000.0,4680000.0,0
2024-07-19,4630000.0,4640000.0,4630000.0,4650000.0,0
2024-07-22,4370000.0,4650000.0,4370000.0,4630000.0,0
2024-07-23,4640000.0,4640000.0,4640000.0,4370000.0,0
2024-07-25,4640000.0,4640000.0,4640000.0,4640000.0,0
2024-07-26,4630000.0,4640000.0,4630000.0,4640000.0,0
2024-07-29,4630000.0,5000000.0,5000000.0,4630000.0,0
2024-07-30,4630000.0,4630000.0,4630000.0,4630000.0,0
2024-07-31,4630000.0,5500000.0,5500000.0,4630000.0,0
2024-08-01,5050000.0,5050000.0,4890000.0,4630000.0,0
2024-08-02,5030000.0,5030000.0,5030000.0,5050000.0,0
2024-08-05,5000000.0,5100000.0,5000000.0,5030000.0,0
2024-08-06,4990000.0,4990000.0,4990000.0,5000000.0,0
2024-08-07,4990000.0,5000000.0,4990000.0,4990000.0,0
2024-08-08,5000000.0,5000000.0,5000000.0,4990000.0,0
2024-08-09,4990000.0,5090000.0,4990000.0,5000000.0,0
2024-08-12,4990000.0,4990000.0,4980000.0,4990000.0,0
2024-08-13,4900000.0,4970000.0,4900000.0,4990000.0,0
2024-08-14,4980000.0,4980000.0,4100000.0,4900000.0,0
2024-08-15,4500000.0,4970000.0,4500000.0,4980000.0,0
2024-08-16,4400000.0,4700000.0,4400000.0,4500000.0,0
2024-08-20,4400000.0,4500000.0,4000000.0,4400000.0,0
2024-08-21,4400000.0,4400000.0,4340000.0,4400000.0,0
2024-08-22,4280000.0,4280000.0,4150000.0,4400000.0,0
2024-08-23,4400000.0,4450000.0,4400000.0,4280000.0,0
2024-08-26,4400000.0,4400000.0,4400000.0,4400000.0,0
2024-08-27,4280000.0,4400000.0,4280000.0,4400000.0,0
2024-08-28,4280000.0,4280000.0,4000000.0,4280000.0,0
2024-08-29,4280000.0,4280000.0,4280000.0,4280000.0,0
2024-08-30,4280000.0,4280000.0,4280000.0,4280000.0,0
2024-09-02,4590000.0,4850000.0,4590000.0,4280000.0,0
2024-09-03,4480000.0,4500000.0,4480000.0,4590000.0,0
2024-09-04,4500000.0,4500000.0,4500000.0,4480000.0,0
2024-09-05,4500000.0,4500000.0,4500000.0,4500000.0,0
2024-09-06,4500000.0,4500000.0,4350000.0,4500000.0,0
2024-09-09,4500000.0,4590000.0,4500000.0,4500000.0,0
2024-09-10,4500000.0,4590000.0,4500000.0,4500000.0,0
2024-09-11,4500000.0,4500000.0,4500000.0,4500000.0,0
2024-09-12,4490000.0,4500000.0,4490000.0,4500000.0,0
2024-09-13,4490000.0,4500000.0,4490000.0,4490000.0,0
2024-09-17,4280000.0,4500000.0,4280000.0,4490000.0,0
2024-09-18,4050000.0,4250000.0,4050000.0,4280000.0,0
2024-09-19,4100000.0,4150000.0,4000000.0,4050000.0,0
2024-09-20,4100000.0,4150000.0,4100000.0,4100000.0,0
2024-09-23,4100000.0,4100000.0,4100000.0,4100000.0,0
2024-09-24,4100000.0,4100000.0,4100000.0,4100000.0,0
2024-09-25,3980000.0,4010000.0,3500000.0,4100000.0,0
2024-09-26,3980000.0,3990000.0,3980000.0,3980000.0,0
2024-09-27,3980000.0,3980000.0,3980000.0,3980000.0,0
2024-09-30,3980000.0,3980000.0,3980000.0,3980000.0,0
2024-10-01,3200000.0,3950000.0,3200000.0,3950000.0,0
2024-10-02,3200000.0,3200000.0,3200000.0,3200000.0,0
2024-10-03,3700000.0,3700000.0,3700000.0,3200000.0,0
2024-10-04,3640000.0,3650000.0,3600000.0,3700000.0,0
2024-10-07,3640000.0,3950000.0,3640000.0,3640000.0,0
2024-10-08,3640000.0,3950000.0,3640000.0,3640000.0,0
2024-10-09,3640000.0,3650000.0,3650000.0,3640000.0,0
2024-10-10,3640000.0,3640000.0,3640000.0,3640000.0,0
2024-10-11,3750000.0,3750000.0,3750000.0,3640000.0,0
2024-10-14,3750000.0,3750000.0,3750000.0,3750000.0,0
2024-10-15,3250000.0,3750000.0,3250000.0,3750000.0,0
2024-10-16,3300000.0,3750000.0,3300000.0,3250000.0,0
2024-10-17,3500000.0,3500000.0,3300000.0,3300000.0,0
2024-10-18,3500000.0,3500000.0,3500000.0,3500000.0,0
2024-10-21,3750000.0,3750000.0,3750000.0,3500000.0,0
2024-10-22,3750000.0,3750000.0,3250000.0,3750000.0,0
2024-10-23,3750000.0,3750000.0,3750000.0,3750000.0,0
2024-10-24,3750000.0,3900000.0,3900000.0,3750000.0,0
2024-10-25,3750000.0,3750000.0,3750000.0,3750000.0,0
2024-10-28,3750000.0,3750000.0,3750000.0,3750000.0,0
2024-10-29,3750000.0,3750000.0,3750000.0,3750000.0,0
2024-10-30,3750000.0,3750000.0,3750000.0,3750000.0,0
2024-10-31,3750000.0,3750000.0,3750000.0,3750000.0,0
2024-11-01,3850000.0,3850000.0,3850000.0,3750000.0,0
2024-11-05,3500000.0,3750000.0,3500000.0,3850000.0,0
2024-11-06,3440000.0,3450000.0,3440000.0,3500000.0,0
2024-11-07,3440000.0,3440000.0,3350000.0,3440000.0,0
2024-11-08,3440000.0,3450000.0,3440000.0,3440000.0,0
2024-11-11,3300000.0,3600000.0,3150000.0,3440000.0,0
2024-11-12,3700000.0,3750000.0,3600000.0,3300000.0,0
2024-11-13,3680000.0,3700000.0,3680000.0,3700000.0,0
2024-11-14,3680000.0,3680000.0,3650000.0,3680000.0,0
2024-11-15,3650000.0,3650000.0,3650000.0,3680000.0,0
2024-11-19,3740000.0,3740000.0,3500000.0,3650000.0,0
2024-11-20,3700000.0,3700000.0,3500000.0,3740000.0,0
2024-11-21,3700000.0,3740000.0,3740000.0,3700000.0,0
2024-11-22,3700000.0,3800000.0,3740000.0,3700000.0,0
2024-11-25,3840000.0,3840000.0,3840000.0,3700000.0,0
2024-11-26,3840000.0,3850000.0,3740000.0,3840000.0,0
2024-11-27,3850000.0,3850000.0,3850000.0,3840000.0,0
2024-11-28,3850000.0,3880000.0,3880000.0,3850000.0,0
2024-11-29,3880000.0,3880000.0,3800000.0,3850000.0,0
2024-12-02,3740000.0,3750000.0,3740000.0,3880000.0,0
2024-12-03,3740000.0,3740000.0,3740000.0,3740000.0,0
2024-12-04,3740000.0,3750000.0,3740000.0,3740000.0,0
2024-12-05,3740000.0,3740000.0,3740000.0,3740000.0,0
2024-12-06,3740000.0,3600000.0,3600000.0,3740000.0,0
2024-12-09,3740000.0,3600000.0,3600000.0,3740000.0,0
2024-12-10,3740000.0,3600000.0,3400000.0,3740000.0,0
2024-12-11,3600000.0,3600000.0,3600000.0,3740000.0,0
2024-12-12,3600000.0,3650000.0,3590000.0,3600000.0,0
2024-12-13,3600000.0,3650000.0,3590000.0,3600000.0,0
2024-12-16,3600000.0,3650000.0,3200000.0,3650000.0,0
2024-12-17,3600000.0,3650000.0,3600000.0,3600000.0,0
2024-12-18,3600000.0,3600000.0,3500000.0,3600000.0,0
2024-12-19,3650000.0,3650000.0,3620000.0,3600000.0,0
2024-12-20,3650000.0,3650000.0,3650000.0,3650000.0,0
2024-12-23,3650000.0,3650000.0,3650000.0,3650000.0,0
2024-12-26,3650000.0,3650000.0,3650000.0,3650000.0,0
2024-12-27,3840000.0,4010000.0,3840000.0,3650000.0,0
2024-12-30,4500000.0,4500000.0,4000000.0,3840000.0,0
2025-01-02,4500000.0,4500000.0,4500000.0,4500000.0,0
2025-01-03,4500000.0,4500000.0,4250000.0,4500000.0,0
2025-01-07,4300000.0,4300000.0,4200000.0,4500000.0,0
2025-01-08,4350000.0,4350000.0,4200000.0,4300000.0,0
2025-01-09,4300000.0,4330000.0,4300000.0,4350000.0,0
2025-01-10,4600000.0,4660000.0,4300000.0,4300000.0,0
2025-01-14,4750000.0,4760000.0,4600000.0,4600000.0,0
2025-01-15,5020000.0,5020000.0,4920000.0,4750000.0,0
2025-01-16,4990000.0,5000000.0,4900000.0,5020000.0,0
2025-01-17,4900000.0,4900000.0,4900000.0,4990000.0,0
2025-01-20,4890000.0,4900000.0,4890000.0,4890000.0,0
2025-01-21,4980000.0,5000000.0,4980000.0,4890000.0,0
2025-01-22,4950000.0,4990000.0,4940000.0,4980000.0,0
2025-01-23,5000000.0,5000000.0,4990000.0,4950000.0,0
2025-01-24,4990000.0,4990000.0,4990000.0,5000000.0,0
2025-01-27,4990000.0,4990000.0,4900000.0,4990000.0,0
2025-01-28,5000000.0,5010000.0,4990000.0,5000000.0,0
2025-01-29,5010000.0,5010000.0,5000000.0,5000000.0,0
2025-01-30,5000000.0,5000000.0,5000000.0,5010000.0,0
2025-01-31,5000000.0,5000000.0,5000000.0,5000000.0,0
2025-02-03,5000000.0,5000000.0,5000000.0,5000000.0,0
2025-02-04,5000000.0,5000000.0,5000000.0,5000000.0,0
2025-02-05,4900000.0,5000000.0,4900000.0,5000000.0,0
2025-02-06,4900000.0,5000000.0,5000000.0,4900000.0,0
2025-02-07,4900000.0,5000000.0,5000000.0,4900000.0,0
2025-02-10,4900000.0,4900000.0,4700000.0,4900000.0,0
2025-02-11,4900000.0,4900000.0,4850000.0,4900000.0,0
2025-02-12,4900000.0,4900000.0,4700000.0,4900000.0,0
2025-02-13,4500000.0,4900000.0,4500000.0,4900000.0,0
2025-02-14,4500000.0,4900000.0,4900000.0,4500000.0,0
2025-02-17,4900000.0,4900000.0,4900000.0,4500000.0,0
2025-02-18,4850000.0,4900000.0,4850000.0,4900000.0,0
2025-02-19,4900000.0,4900000.0,4650000.0,4850000.0,0
2025-02-20,4900000.0,4900000.0,4900000.0,4900000.0,0
2025-02-21,5750000.0,5750000.0,4900000.0,4900000.0,0
2025-02-24,6700000.0,6700000.0,5750000.0,5750000.0,0
2025-02-25,7250000.0,7250000.0,6930000.0,6700000.0,0
2025-02-26,7350000.0,7350000.0,7000000.0,7250000.0,0
2025-02-27,7300000.0,7300000.0,7300000.0,7350000.0,0
2025-02-28,7250000.0,7250000.0,7240000.0,7300000.0,0
2025-03-05,7250000.0,7250000.0,7240000.0,7250000.0,0
2025-03-06,7250000.0,7310000.0,7150000.0,7250000.0,0
2025-03-07,7250000.0,7250000.0,7250000.0,7250000.0,0
2025-03-10,7250000.0,7280000.0,7250000.0,7250000.0,0
2025-03-11,7200000.0,7200000.0,7200000.0,7250000.0,0
2025-03-12,7150000.0,7250000.0,7150000.0,7200000.0,0
2025-03-13,7140000.0,7250000.0,7120000.0,7150000.0,0
2025-03-14,7140000.0,7200000.0,7160000.0,7140000.0,0
2025-03-17,7090000.0,7130000.0,7090000.0,7140000.0,0
2025-03-18,7080000.0,7080000.0,7080000.0,7090000.0,0
2025-03-20,7000000.0,7050000.0,6750000.0,7080000.0,0
2025-03-21,7250000.0,7280000.0,7080000.0,7000000.0,0
2025-03-24,7250000.0,7250000.0,7200000.0,7250000.0,0
2025-03-25,7250000.0,7250000.0,7150000.0,7250000.0,0
2025-03-26,7250000.0,7150000.0,7150000.0,7250000.0,0
2025-03-27,7150000.0,7150000.0,7150000.0,7250000.0,0
2025-03-28,7150000.0,7150000.0,7150000.0,7150000.0,0
2025-03-31,7090000.0,8000000.0,6740000.0,7090000.0,0
2025-04-01,7050000.0,7050000.0,7000000.0,7090000.0,0
2025-04-02,7250000.0,7250000.0,7000000.0,7050000.0,0
2025-04-03,7150000.0,7150000.0,7150000.0,7250000.0,0
2025-04-04,7100000.0,7150000.0,7100000.0,7150000.0,0
2025-04-07,6900000.0,6900000.0,6250000.0,7100000.0,0
2025-04-08,6200000.0,6850000.0,6200000.0,6900000.0,0
2025-04-09,6850000.0,6850000.0,6500000.0,6200000.0,0
2025-04-10,6200000.0,6850000.0,6200000.0,6850000.0,0
2025-04-11,6190000.0,6200000.0,6190000.0,6200000.0,0
2025-04-14,6180000.0,6190000.0,6180000.0,6190000.0,0
2025-04-15,6180000.0,6180000.0,6150000.0,6180000.0,0
2025-04-16,6130000.0,6140000.0,6130000.0,6180000.0,0
2025-04-21,6120000.0,6130000.0,5260000.0,6130000.0,0
2025-04-22,6120000.0,6120000.0,6120000.0,6120000.0,0
2025-04-23,5840000.0,6120000.0,5840000.0,6120000.0,0
2025-04-24,5590000.0,5590000.0,5590000.0,5840000.0,0
2025-04-25,5500000.0,5950000.0,5310000.0,5590000.0,0
2025-04-28,5500000.0,6160000.0,5500000.0,5500000.0,0
2025-04-29,6090000.0,6090000.0,6090000.0,5500000.0,0
2025-04-30,6080000.0,6090000.0,6000000.0,6090000.0,0
2025-05-02,6000000.0,6100000.0,6000000.0,6080000.0,0
2025-05-05,6050000.0,6050000.0,6050000.0,6000000.0,0
2025-05-06,6000000.0,6000000.0,5900000.0,6050000.0,0
2025-05-07,5850000.0,6100000.0,5850000.0,6000000.0,0
2025-05-08,6000000.0,6050000.0,5850000.0,5850000.0,0
2025-05-09,5600000.0,5900000.0,5600000.0,6000000.0,0
2025-05-12,5600000.0,6000000.0,6000000.0,5600000.0,0
2025-05-13,5900000.0,5940000.0,5900000.0,5600000.0,0
2025-05-14,5700000.0,5890000.0,5700000.0,5900000.0,0
2025-05-15,5900000.0,5900000.0,5510000.0,5700000.0,0
2025-05-16,6100000.0,6100000.0,6000000.0,5900000.0,0
2025-05-19,6990000.0,7000000.0,6100000.0,6100000.0,0
2025-05-20,7000000.0,7000000.0,6000000.0,6990000.0,0
2025-05-21,6750000.0,7500000.0,6750000.0,7000000.0,0
2025-05-22,6750000.0,7480000.0,6750000.0,6750000.0,0
2025-05-23,7400000.0,7400000.0,6750000.0,7400000.0,0
2025-05-26,7000000.0,7200000.0,7000000.0,7400000.0,0
2025-05-27,7000000.0,7000000.0,6750000.0,7000000.0,0
2025-05-28,7900000.0,7950000.0,7000000.0,7000000.0,0
2025-05-29,7200000.0,7900000.0,7000000.0,7900000.0,0
2025-05-30,7010000.0,7900000.0,7010000.0,7200000.0,0
2025-06-03,7000000.0,7000000.0,7000000.0,7010000.0,0
2025-06-04,6990000.0,7000000.0,6600000.0,7000000.0,0
2025-06-05,6990000.0,7000000.0,6990000.0,6990000.0,0
2025-06-06,6790000.0,6990000.0,6750000.0,6990000.0,0
2025-06-09,6700000.0,6900000.0,6700000.0,6790000.0,0
2025-06-10,6500000.0,6850000.0,6500000.0,6700000.0,0
2025-06-11,6500000.0,6800000.0,6500000.0,6500000.0,0
2025-06-12,6020000.0,6500000.0,6000000.0,6500000.0,0
2025-06-13,6500000.0,6900000.0,6000000.0,6020000.0,0
2025-06-17,6510000.0,6900000.0,6000000.0,6500000.0,0
2025-06-18,6500000.0,6500000.0,6500000.0,6500000.0,0
2025-06-19,6000000.0,6500000.0,6000000.0,6500000.0,0
2025-06-20,6200000.0,6490000.0,6200000.0,6000000.0,0
2025-06-25,6200000.0,6490000.0,6200000.0,6200000.0,0
2025-06-26,6400000.0,6490000.0,6200000.0,6200000.0,0
2025-06-27,6450000.0,6490000.0,6450000.0,6400000.0,0
2025-06-30,6500000.0,7000000.0,6300000.0,6450000.0,0
2025-07-01,6500000.0,7000000.0,6000000.0,6500000.0,0
2025-07-02,6500000.0,7000000.0,6250000.0,6500000.0,0
2025-07-03,6500000.0,6500000.0,6400000.0,6500000.0,0
2025-07-04,6500000.0,6500000.0,6500000.0,6500000.0,0
2025-07-07,6900000.0,7000000.0,6500000.0,6500000.0,0
2025-07-08,6900000.0,6990000.0,6900000.0,6900000.0,0
2025-07-09,6500000.0,6900000.0,6300000.0,6900000.0,0
2025-07-10,6250000.0,6500000.0,6250000.0,6500000.0,0
2025-07-11,6450000.0,6450000.0,6350000.0,6250000.0,0
2025-07-14,6450000.0,6450000.0,6430000.0,6450000.0,0
2025-07-15,6400000.0,6450000.0,6200000.0,6450000.0,0
2025-07-16,6400000.0,6800000.0,6400000.0,6400000.0,0
2025-07-17,6750000.0,6750000.0,6200000.0,6400000.0,0
2025-07-18,6940000.0,6970000.0,6500000.0,6750000.0,0
2025-07-21,7500000.0,7500000.0,6250000.0,6940000.0,0
2025-07-22,7450000.0,7500000.0,6250000.0,7500000.0,0
2025-07-23,7500000.0,8000000.0,6500000.0,7450000.0,0
2025-07-25,7900000.0,8000000.0,7500000.0,7500000.0,0
2025-07-28,7500000.0,7900000.0,7000000.0,7900000.0,0
2025-07-29,7490000.0,7500000.0,7400000.0,7500000.0,0
2025-07-30,7490000.0,7490000.0,7490000.0,7490000.0,0
2025-07-31,7490000.0,7490000.0,7480000.0,7490000.0,0
2025-08-01,7490000.0,7800000.0,7200000.0,7490000.0,0
2025-08-04,7000000.0,7500000.0,7000000.0,7490000.0,0
2025-08-05,7000000.0,7480000.0,6950000.0,7000000.0,0
2025-08-06,7300000.0,7300000.0,7290000.0,7000000.0,0
2025-08-07,7450000.0,7450000.0,7000000.0,7300000.0,0
2025-08-08,8900000.0,8900000.0,7450000.0,7450000.0,0
2025-08-11,9000000.0,9000000.0,8100000.0,8900000.0,0
2025-08-12,9000000.0,9000000.0,8500000.0,9000000.0,0
2025-08-13,9500000.0,9750000.0,9000000.0,9000000.0,0
2025-08-14,9500000.0,10000000.0,9000000.0,9500000.0,0
2025-08-15,9500000.0,9500000.0,9490000.0,9500000.0,0
2025-08-19,9750000.0,10000000.0,9500000.0,9500000.0,0
2025-08-20,10000000.0,11700000.0,9800000.0,9750000.0,0
2025-08-21,11000000.0,11500000.0,9990000.0,11000000.0,0
2025-08-22,10500000.0,11000000.0,10500000.0,11000000.0,0
2025-08-25,10500000.0,11000000.0,10250000.0,10500000.0,0
2025-08-26,10500000.0,10500000.0,10250000.0,10500000.0,0
2025-08-27,10500000.0,11000000.0,10300000.0,10500000.0,0
2025-08-28,10500000.0,10500000.0,10500000.0,10500000.0,0
2025-08-29,10500000.0,11000000.0,10500000.0,10500000.0,0
2025-09-01,11000000.0,11500000.0,10270000.0,10500000.0,0
2025-09-02,11500000.0,11500000.0,10300000.0,11000000.0,0
2025-09-03,11500000.0,11500000.0,11500000.0,11500000.0,0
2025-09-04,12000000.0,13150000.0,11500000.0,11500000.0,0
2025-09-05,13500000.0,14150000.0,11500000.0,12000000.0,0
2025-09-08,13500000.0,13500000.0,13000000.0,13500000.0,0
2025-09-09,14000000.0,14000000.0,13300000.0,13500000.0,0
2025-09-10,14000000.0,14000000.0,13250000.0,14000000.0,0
2025-09-11,14500000.0,14500000.0,14000000.0,14000000.0,0
2025-09-12,13940000.0,14000000.0,13940000.0,14500000.0,0
2025-09-16,13000000.0,14500000.0,12000000.0,13940000.0,0
2025-09-17,12600000.0,14000000.0,12000000.0,13000000.0,0
2025-09-18,13000000.0,13000000.0,11500000.0,12600000.0,0
2025-09-19,13000000.0,13000000.0,12500000.0,13000000.0,0
2025-09-22,12900000.0,13000000.0,12000000.0,13000000.0,0
2025-09-23,12010000.0,14000000.0,12010000.0,12900000.0,0
2025-09-24,13000000.0,13000000.0,13000000.0,12010000.0,0
2025-09-25,13000000.0,13970000.0,13000000.0,13000000.0,0
2025-09-26,13000000.0,13500000.0,12000000.0,13000000.0,0
2025-09-29,12950000.0,13000000.0,12250000.0,13000000.0,0
2025-09-30,11000000.0,11500000.0,10270000.0,10500000.0,0
2025-10-01,12000000.0,13000000.0,10500000.0,12250000.0,0
2025-10-02,13000000.0,13000000.0,11000000.0,12000000.0,0
2025-10-03,13500000.0,14000000.0,11500000.0,13000000.0,1
2025-10-06,13500000.0,14000000.0,13000000.0,13500000.0,0
2025-10-07,13500000.0,13500000.0,11550000.0,13500000.0,0
2025-10-08,13500000.0,13500000.0,13000000.0,13500000.0,0
2025-10-09,13000000.0,13500000.0,13000000.0,13500000.0,1
2025-10-10,13000000.0,13500000.0,13000000.0,13000000.0,0
2025-10-13,13000000.0,13500000.0,12500000.0,13000000.0,0
2025-10-14,13000000.0,13000000.0,12500000.0,13000000.0,0
2025-10-15,12900000.0,13000000.0,11510000.0,13000000.0,0
2025-10-16,13000000.0,13250000.0,12900000.0,12900000.0,0
2025-10-17,12500000.0,13500000.0,11000000.0,13000000.0,0
2025-10-21,13000000.0,14000000.0,12700000.0,12500000.0,0
2025-10-22,13250000.0,14000000.0,13000000.0,13000000.0,0
2025-10-23,13490000.0,13490000.0,13000000.0,13250000.0,0
2025-10-24,13490000.0,13500000.0,13000000.0,13490000.0,0
2025-10-27,13490000.0,13490000.0,13000000.0,13490000.0,0
2025-10-28,14000000.0,14000000.0,13490000.0,13490000.0,0
2025-10-29,14500000.0,15000000.0,14000000.0,14000000.0,0
2025-10-30,14990000.0,16000000.0,14000000.0,14500000.0,0
2025-10-31,15000000.0,15000000.0,13490000.0,14990000.0,0
2025-11-03,15000000.0,15000000.0,14950000.0,15000000.0,0
2025-11-04,15000000.0,15000000.0,13490000.0,15000000.0,0
2025-11-05,15000000.0,16000000.0,14500000.0,15000000.0,0
2025-11-06,15300000.0,16000000.0,14800000.0,15000000.0,0
2025-11-07,15500000.0,16000000.0,15000000.0,15300000.0,0
2025-11-10,15500000.0,15500000.0,15000000.0,15500000.0,0
2025-11-11,16000000.0,16000000.0,15100000.0,15500000.0,0
2025-11-12,16000000.0,16500000.0,15950000.0,16000000.0,0
2025-11-13,17000000.0,18000000.0,16100000.0,16000000.0,0
2025-11-14,16950000.0,17000000.0,16950000.0,17000000.0,0
2025-11-17,16500000.0,16950000.0,16000000.0,16950000.0,0
2025-11-18,16500000.0,16900000.0,16000000.0,16500000.0,0
2025-11-19,16000000.0,16500000.0,15550000.0,16500000.0,0
2025-11-20,15600000.0,16000000.0,15600000.0,16000000.0,0
2025-11-21,15950000.0,16000000.0,15950000.0,15600000.0,0
2025-11-25,15000000.0,17000000.0,15000000.0,15950000.0,0
2025-11-26,15840000.0,16990000.0,15500000.0,15000000.0,0
2025-11-27,15000000.0,16500000.0,15000000.0,15840000.0,0
2025-11-28,15500000.0,16000000.0,15000000.0,15000000.0,0
2025-12-01,15900000.0,16500000.0,15200000.0,15500000.0,0
2025-12-02,15200000.0,16000000.0,15000000.0,15900000.0,0
2025-12-03,15900000.0,15950000.0,15200000.0,15200000.0,0
2025-12-04,15500000.0,15500000.0,15500000.0,15900000.0,0
2025-12-05,15940000.0,15950000.0,15000000.0,15500000.0,0
2025-12-09,16500000.0,17000000.0,13010000.0,15940000.0,0
2025-12-10,16800000.0,17000000.0,13210000.0,16500000.0,0
2025-12-11,16010000.0,17000000.0,15900000.0,16800000.0,0
2025-12-12,16500000.0,17000000.0,16000000.0,16010000.0,0
2025-12-15,16250000.0,17500000.0,16250000.0,16500000.0,0
2025-12-16,16490000.0,16980000.0,15020000.0,16250000.0,0
2025-12-17,16500000.0,17500000.0,16490000.0,16490000.0,0
2025-12-18,17350000.0,17350000.0,17250000.0,16500000.0,0
2025-12-19,18000000.0,18500000.0,17500000.0,17350000.0,0
2025-12-22,18750000.0,19000000.0,17700000.0,18000000.0,0
2025-12-23,18750000.0,21000000.0,18750000.0,18750000.0,0
2025-12-26,21000000.0,21000000.0,18750000.0,18750000.0,0
2025-12-29,24000000.0,25000000.0,22000000.0,21000000.0,0
2025-12-30,27000000.0,27000000.0,25850000.0,24000000.0,0
2026-01-02,28500000.0,31000000.0,28000000.0,27000000.0,0
2026-01-05,28500000.0,28500000.0,28500000.0,28500000.0,0
2026-01-06,40700000.0,40710000.0,34000000.0,28500000.0,0
2026-01-07,48800000.0,48800000.0,40710000.0,40700000.0,0
2026-01-08,47000000.0,58500000.0,45000000.0,48800000.0,0
2026-01-09,56400000.0,56400000.0,55000000.0,47000000.0,0
2026-01-13,56000000.0,60000000.0,55000000.0,56000000.0,0
2026-01-14,55000000.0,57000000.0,53000000.0,56000000.0,0
2026-01-15,53000000.0,56000000.0,50500000.0,55000000.0,0
2026-01-16,47880000.0,53800000.0,47710000.0,53000000.0,0
2026-01-20,45000000.0,47880000.0,44850000.0,47880000.0,0
2026-01-21,45000000.0,49000000.0,41990000.0,45000000.0,0
2026-01-22,45000000.0,45000000.0,42000000.0,45000000.0,0
2026-01-23,40550000.0,45000000.0,40540000.0,45000000.0,0
2026-01-26,39000000.0,43000000.0,36600000.0,40550000.0,0
2026-01-27,39500000.0,42000000.0,37000000.0,39000000.0,0
2026-01-28,39500000.0,43000000.0,38990000.0,39500000.0,0
2026-01-29,43000000.0,43000000.0,39500000.0,39500000.0,0
2026-01-30,43000000.0,46800000.0,43000000.0,43000000.0,0
2026-02-02,43000000.0,50000000.0,47010000.0,43000000.0,0
2026-02-03,43000000.0,43000000.0,43000000.0,43000000.0,0
2026-02-04,50050000.0,52020000.0,47300000.0,43000000.0,0
2026-02-05,61000000.0,61000000.0,52050000.0,50050000.0,0
2026-02-06,76000000.0,76000000.0,67080000.0,61000000.0,0
2026-02-09,80000000.0,91000000.0,76000000.0,76000000.0,0
2026-02-10,75000000.0,80000000.0,69400000.0,80000000.0,0
2026-02-11,79000000.0,85000000.0,75000000.0,75000000.0,0
2026-02-12,80000000.0,80000000.0,68000000.0,79000000.0,0
2026-02-13,79500000.0,80000000.0,76500000.0,80000000.0,0
2026-02-18,79500000.0,79500000.0,79500000.0,79500000.0,0
2026-02-19,75990000.0,80000000.0,65000000.0,79500000.0,0
2026-02-20,78000000.0,80640000.0,74900000.0,74900000.0,0
2026-02-23,92000000.0,92000000.0,80320000.0,78000000.0,0
2026-02-24,92000000.0,105000000.0,91000000.0,92000000.0,0
2026-02-25,100000000.0,105000000.0,73610000.0,92000000.0,0
2026-02-26,93000000.0,100000000.0,89990000.0,100000000.0,0
2026-02-27,96990000.0,100000000.0,78000000.0,93000000.0,0
2026-03-02,99000000.0,100000000.0,95000000.0,96990000.0,0
2026-03-03,104000000.0,107000000.0,80000000.0,99000000.0,0
2026-03-04,98000000.0,106500000.0,85000000.0,104000000.0,0
2026-03-05,102000000.0,107000000.0,99000000.0,98000000.0,0
2026-03-06,105000000.0,107000000.0,88000000.0,102000000.0,0
2026-03-09,102000000.0,105000000.0,91000000.0,105000000.0,0
2026-03-10,102000000.0,105000000.0,100000000.0,102000000.0,0
2026-03-11,102000000.0,110000000.0,101000000.0,102000000.0,0
2026-03-12,102750000.0,104000000.0,102000000.0,102000000.0,0
2026-03-13,102750000.0,103000000.0,88500000.0,102750000.0,0
2026-03-16,100000000.0,102000000.0,92000000.0,102750000.0,0
2026-03-17,99500000.0,101750000.0,95000000.0,100000000.0,0
2026-03-18,101750000.0,102000000.0,99500000.0,99500000.0,0
2026-03-20,100000000.0,102000000.0,100000000.0,101750000.0,0
2026-03-23,99000000.0,100000000.0,90020000.0,100000000.0,0
2026-03-24,99000000.0,100000000.0,90000000.0,99000000.0,0
2026-03-25,95000000.0,100000000.0,90000000.0,99000000.0,0
2026-03-26,95000000.0,98700000.0,81000000.0,95000000.0,0
2026-03-27,100000000.0,103000000.0,76500000.0,95000000.0,0
2026-03-30,100000000.0,99000000.0,80030000.0,100000000.0,0
2026-03-31,99000000.0,104650000.0,83000000.0,100000000.0,0
2026-04-01,107350000.0,113850000.0,100000000.0,99000000.0,0
2026-04-06,105000000.0,115000000.0,100000000.0,107350000.0,0
2026-04-07,100000000.0,120000000.0,88000000.0,105000000.0,0
2026-04-08,100000000.0,110000000.0,90000000.0,100000000.0,0
2026-04-09,100000000.0,115000000.0,99000000.0,100000000.0,0
2026-04-10,103500000.0,104000000.0,87000000.0,100000000.0,0
2026-04-13,100500000.0,104420000.0,91500000.0,103500000.0,0
2026-04-14,95000000.0,102000000.0,91500000.0,100500000.0,0
2026-04-15,95000000.0,103500000.0,95000000.0,95000000.0,0
2026-04-16,103500000.0,104420000.0,95000000.0,95000000.0,0
2026-04-17,101500000.0,102500000.0,86000000.0,103500000.0,0
2026-04-20,101500000.0,102000000.0,92000000.0,101500000.0,0
2026-04-21,101500000.0,101500000.0,95000000.0,101500000.0,0
2026-04-22,101500000.0,101500000.0,100000000.0,101500000.0,0
2026-04-23,101500000.0,102500000.0,101500000.0,101500000.0,0
2026-04-24,101500000.0,108680000.0,101500000.0,101500000.0,0
2026-04-27,101500000.0,108680000.0,96000000.0,101500000.0,0
2026-04-28,101500000.0,110130000.0,100000000.0,101500000.0,0
2026-04-29,101500000.0,110000000.0,101500000.0,101500000.0,0
2026-04-30,100000000.0,105000000.0,100000000.0,101500000.0,0
2026-05-01,100000000.0,100000000.0,100000000.0,100000000.0,0
2026-05-04,100000000.0,103000000.0,100000000.0,100000000.0,0
2026-05-05,103000000.0,111900000.0,98000000.0,100000000.0,0
2026-05-06,103000000.0,110000000.0,98000000.0,103000000.0,0
2026-05-07,103000000.0,103000000.0,101950000.0,103000000.0,0
2026-05-08,103000000.0,106000000.0,95800000.0,103000000.0,0
2026-05-11,103000000.0,103000000.0,95000000.0,103000000.0,0
2026-05-12,100010000.0,103000000.0,100000000.0,103000000.0,0
2026-05-13,100010000.0,103420000.0,97600000.0,100010000.0,0
2026-05-14,100010000.0,103000000.0,100000000.0,100010000.0,0
2026-05-15,99500000.0,103420000.0,97000000.0,100010000.0,0
2026-05-18,99500000.0,99500000.0,99500000.0,99500000.0,0
2026-05-19,100000000.0,107700000.0,99500000.0,99500000.0,0
2026-05-20,101000000.0,107000000.0,97500000.0,100000000.0,0
2026-05-21,100000000.0,109000000.0,100000000.0,101000000.0,0
2026-05-22,100000000.0,111900000.0,101000000.0,100000000.0,0
2026-05-25,100000000.0,113660000.0,101000000.0,100000000.0,0
2026-05-26,100000000.0,107000000.0,101500000.0,100000000.0,0
2026-05-27,100000000.0,105000000.0,101500000.0,100000000.0,2
2026-05-28,108900000.0,113700000.0,105000000.0,100000000.0,0
2026-05-29,114350000.0,114990000.0,109000000.0,108900000.0,0
2026-06-01,117000000.0,135000000.0,109000000.0,114350000.0,2
2026-06-02,114500000.0,125000000.0,110000000.0,117000000.0,0
2026-06-03,100000000.0,115000000.0,100000000.0,114500000.0,0
2026-06-04,100000000.0,105000000.0,98500000.0,100000000.0,0
2026-06-05,100010000.0,109980000.0,99370000.0,100000000.0,0
2026-06-08,100010000.0,100010000.0,100010000.0,100010000.0,0
2026-06-09,106000000.0,110000000.0,102000000.0,100010000.0,0
2026-06-10,106400000.0,112000000.0,102000000.0,106000000.0,0
2026-06-11,106400000.0,114000000.0,101010000.0,106400000.0,0
2026-06-12,106400000.0,111000000.0,106000000.0,106400000.0,0
2026-06-15,106400000.0,119450000.0,105800000.0,106400000.0,0
2026-06-16,103500000.0,107500000.0,97010000.0,106400000.0,0
2026-06-17,103500000.0,106000000.0,105000000.0,103500000.0,0
2026-06-18,103500000.0,110000000.0,96500000.0,103500000.0,0
2026-06-19,107000000.0,110000000.0,104000000.0,103500000.0,0
2026-06-22,104000000.0,110000000.0,100000000.0,107000000.0,0
2026-06-23,104000000.0,114000000.0,104000000.0,104000000.0,0
2026-06-24,104000000.0,104000000.0,104000000.0,104000000.0,0
2026-06-25,104000000.0,104000000.0,104000000.0,104000000.0,0
2026-06-26,104000000.0,104000000.0,104000000.0,104000000.0,0
2026-06-29,104000000.0,104000000.0,104000000.0,104000000.0,0
2026-06-30,104000000.0,112000000.0,102000000.0,104000000.0,0
2026-07-01,104000000.0,115000000.0,102000000.0,104000000.0,0
2026-07-02,104000000.0,110000000.0,100000000.0,104000000.0,0
2026-07-03,104000000.0,107900000.0,99000000.0,104000000.0,0
2026-07-06,104000000.0,124000000.0,90000000.0,104000000.0,0
2026-07-07,104000000.0,115000000.0,96000000.0,104000000.0,0
2026-07-08,104000000.0,100000000.0,90000000.0,104000000.0,0
2026-07-09,104000000.0,99900000.0,88000000.0,104000000.0,0
2026-07-10,104000000.0,99900000.0,98000000.0,104000000.0,0
2026-07-13,104000000.0,98000000.0,88000000.0,104000000.0,0
2026-07-14,104000000.0,102970000.0,90050000.0,104000000.0,0
2026-07-15,104000000.0,104000000.0,92000000.0,104000000.0,0
2026-07-16,104000000.0,104000000.0,104000000.0,104000000.0,0
2026-07-17,104000000.0,108500000.0,94000000.0,104000000.0,0
2026-07-20,104000000.0,106880000.0,92010000.0,104000000.0,0
2026-07-21,104000000.0,123000000.0,92000000.0,104000000.0,0
2026-07-22,104000000.0,102990000.0,92000000.0,104000000.0,0
2026-07-23,104000000.0,102980000.0,92030000.0,104000000.0,0
2026-07-24,104000000.0,104000000.0,104000000.0,104000000.0,0
2026-07-27,104000000.0,102980000.0,91060000.0,104000000.0,0
2026-07-28,104000000.0,100990000.0,92010000.0,104000000.0,0
2026-07-29,104000000.0,123000000.0,91060000.0,104000000.0,0
2026-07-30,104000000.0,115000000.0,90110000.0,104000000.0,0
2026-07-31,104000000.0,104900000.0,90110000.0,104000000.0,0
2026-08-03,104.0,104.94999694824219,90.20999908447266,104.0,1439
2026-08-04,104.0,113.0,93.52999877929688,104.0,2202
2026-08-05,104.0,103.5,95.0,104.0,2896
2026-08-06,104.0,105.0,93.0,104.0,1120
2026-08-07,104.0,104.0,93.0,104.0,5108
