Date,Close,High,Low,Open,Volume
,RFM,RFM,RFM,RFM,RFM
2020-03-27,11.70876407623291,11.720473108301483,11.67949261269623,11.70876407623291,131500
2020-03-30,11.720476150512695,11.732185185620512,11.708767115404878,11.732185185620512,8200
2020-03-31,11.720476150512695,11.767311174308913,11.70291259785097,11.726330668066604,35100
2020-04-01,11.70876407623291,11.767308119941026,11.70876407623291,11.70876407623291,16500
2020-04-02,11.70876407623291,11.70876407623291,11.70876407623291,11.70876407623291,600
2020-04-03,11.714620590209961,11.767310126870054,11.708766073177179,11.708766073177179,4000
2020-04-06,11.70876407623291,11.767308119941026,11.70876407623291,11.767308119941026,8900
2020-04-07,11.710521697998047,11.732768414469165,11.644366665255413,11.72047426457472,21500
2020-04-08,11.70876407623291,11.767308119941026,11.70876407623291,11.70876407623291,8200
2020-04-09,11.767306327819824,11.767306327819824,11.738033752106503,11.738033752106503,1500
2020-04-13,11.70876407623291,11.819997647614853,11.70876407623291,11.732182140370059,12400
2020-04-14,11.716375350952148,11.738035832521,11.708764368254279,11.738035832521,47700
2020-04-15,11.720476150512695,11.81414619810513,11.720476150512695,11.787801427430068,2400
2020-04-16,11.774922370910645,11.774922370910645,11.720476361650029,11.767311386289952,5800
2020-04-17,11.767306327819824,11.767306327819824,11.720471323313097,11.753255714804347,4700
2020-04-20,11.720476150512695,11.738038586539371,11.720476150512695,11.738038586539371,1700
2020-04-21,11.72633171081543,11.745650615489692,11.708768156591889,11.720477192740915,7400
2020-04-22,11.72633171081543,11.72633171081543,11.72633171081543,11.72633171081543,0
2020-04-23,11.767306327819824,11.790723271755894,11.767306327819824,11.790723271755894,500
2020-04-24,11.767306327819824,11.767306327819824,11.767306327819824,11.767306327819824,0
2020-04-27,11.790729522705078,11.814147595691013,11.767312566354322,11.814147595691013,5700
2020-04-28,11.849271774291992,12.61619568099474,11.767310764660634,12.61619568099474,5500
2020-04-29,11.70876407623291,11.790725067443416,11.70876407623291,11.767308119941026,10300
2020-04-30,11.770237922668457,11.770237922668457,11.708767163054832,11.708767163054832,3700
2020-05-01,11.770237922668457,11.770237922668457,11.770237922668457,11.770237922668457,0
2020-05-04,11.70876407623291,11.714618592267197,11.70876407623291,11.70876407623291,54000
2020-05-05,11.70876407623291,11.714618592267197,11.70876407623291,11.70876407623291,22000
2020-05-06,11.70876407623291,11.75559908787245,11.70876407623291,11.75559908787245,5200
2020-05-07,11.70876407623291,11.743890055803876,11.70876407623291,11.714618592267197,6800
2020-05-08,11.474005699157715,11.71462042770198,11.331157942136329,11.71462042770198,17500
2020-05-11,11.205286026000977,11.570599759461889,11.205286026000977,11.50385962162176,4700
2020-05-12,11.328231811523438,11.339940846015264,11.328231811523438,11.33408632876935,3700
2020-05-13,11.190657615661621,11.281400991817094,9.847076114785647,11.281400991817094,36800
2020-05-14,11.163575172424316,11.163575172424316,10.889857053951465,10.889857053951465,5400
2020-05-15,11.243040084838867,11.257755881049754,11.243040084838867,11.257755881049754,2100
2020-05-18,11.301911354064941,11.325456417956756,11.084113618659783,11.325456417956756,17500
2020-05-19,11.042908668518066,11.243046759483008,10.778019688492716,11.08823384176277,24400
2020-05-20,11.184181213378906,11.1900677592731,11.04879402604389,11.072339086876845,18400
2020-05-21,11.319565773010254,11.319565773010254,11.27247453953219,11.313679228482549,10100
2020-05-22,11.160632133483887,11.178291766583586,11.160632133483887,11.178291766583586,1000
2020-05-26,11.319565773010254,11.513817251450208,11.190065161631473,11.190065161631473,14100
2020-05-27,11.540898323059082,11.540898323059082,11.493217637878345,11.493217637878345,1800
2020-05-28,11.655094146728516,11.655094146728516,11.360773576126848,11.360773576126848,10500
2020-05-29,11.766935348510742,11.861117833844737,11.537365680852107,11.861117833844737,11300
2020-06-01,11.750454902648926,11.7728233298493,11.59623142899913,11.7728233298493,5200
2020-06-02,11.713958740234375,11.772823080184075,11.713958740234375,11.772823080184075,7800
2020-06-03,11.694525718688965,11.772814594428011,11.694525718688965,11.772814594428011,4300
2020-06-04,11.77281665802002,11.77281665802002,11.62565644979477,11.631542992852975,3000
2020-06-05,11.796367645263672,11.831685795285683,11.713957131553984,11.743389858858782,17300
2020-06-08,11.77281665802002,11.802248250567756,11.752214318687948,11.787532454293887,4400
2020-06-09,11.684525489807129,11.796367607721931,11.684525489807129,11.7169009283675,5200
2020-06-10,11.504987716674805,11.772819311092416,11.38431636364585,11.772819311092416,20200
2020-06-11,11.613885879516602,11.613885879516602,11.184178247872577,11.360770086899468,21600
2020-06-12,11.507929801940918,11.566794119845309,11.478498204360463,11.48438474842525,11500
2020-06-15,11.362351417541504,11.480708562855552,11.362351417541506,11.480708562855552,27900
2020-06-16,11.462957382202148,11.711508893120394,11.368270071080042,11.569478490811399,11700
2020-06-17,11.539884567260742,11.53988456726074,11.386019304247522,11.391937329218937,7500
2020-06-18,11.528050422668457,11.528050422668457,11.458811889429684,11.49846142166878,6200
2020-06-19,11.551725387573242,11.581314395901462,11.495504691501985,11.569478341070848,11500
2020-06-22,11.554679870605469,11.557639447671363,11.445199222873802,11.539885371519771,15000
2020-06-23,11.575397491455078,11.628658614611568,11.490771835828165,11.557644536235198,4600
2020-06-24,11.622735977172852,11.628654002815264,11.456443181489423,11.51325532465819,1100
2020-06-25,11.520950317382812,11.59314843328831,11.42744708074007,11.59314843328831,12100
2020-06-26,11.56651782989502,11.627472485533447,11.56651782989502,11.593148384142593,3900
2020-06-29,11.581311225891113,11.652326406688365,11.33275978622274,11.646408380892927,18100
2020-06-30,11.612677574157715,11.640492186898507,11.59906712855961,11.634574160171782,12900
2020-07-01,11.628657341003418,11.634575368344692,11.42153089905205,11.599068333045352,13200
2020-07-02,11.628657341003418,11.658247477709786,11.45703906309969,11.658247477709786,16700
2020-07-06,11.729264259338379,11.729264259338379,11.602029463963484,11.62866002878029,11200
2020-07-07,11.61208724975586,11.705590500967372,11.5357466163607,11.705590500967372,11800
2020-07-08,11.726303100585938,11.73517957722489,11.634575369906338,11.634575369906338,12000
2020-07-09,11.806187629699707,11.829858595990446,11.729254449572666,11.729254449572666,10400
2020-07-10,11.835782051086426,11.924550190719946,11.791397416895597,11.806193047457963,23000
2020-07-13,11.806187629699707,11.954134837446583,11.806187629699707,11.89495572859831,43800
2020-07-14,11.729264259338379,11.757078881396435,11.71742820192012,11.71742820192012,1800
2020-07-15,11.68783950805664,11.747018668024367,11.676003450313376,11.747018668024367,21500
2020-07-16,11.749711036682129,11.749711036682129,11.690218601956698,11.714016029736394,11300
2020-07-17,11.749711036682129,11.749711036682129,11.660472951955887,11.70806667279147,1300
2020-07-20,11.842511177062988,11.868688103466761,11.755652665272136,11.767551371339582,30500
2020-07-21,11.898438453674316,11.898438453674316,11.803251036822802,11.856794100642219,16300
2020-07-22,11.898438453674316,11.922235875248953,11.898438453674316,11.898438453674316,26000
2020-07-23,11.850842475891113,11.916284237966185,11.844893121636716,11.916284237966185,16400
2020-07-24,11.892488479614258,11.89843783469842,11.838945418580238,11.89843783469842,15900
2020-07-27,11.892488479614258,11.922235255035076,11.889514369433904,11.910336544866748,22700
2020-07-28,11.919260025024414,11.951980910666473,11.892488494473954,11.89843784956555,40500
2020-07-29,11.898438453674316,11.95793087288739,11.898438453674316,11.904387809067975,14400
2020-07-30,11.898438453674316,11.95793087288739,11.85084474524856,11.95793087288739,25900
2020-07-31,11.838946342468262,12.018612795026385,11.838946342468262,11.916286829874435,14900
2020-08-03,11.891297340393066,11.946029582638978,11.844892832231881,11.946029582638978,48800
2020-08-04,11.898438453674316,11.940082806706414,11.898438453674316,11.898438453674316,26500
2020-08-05,11.898438453674316,11.95793087288739,11.892489098280658,11.922235875248953,90800
2020-08-06,12.005523681640625,12.035269321656319,11.896058046992191,11.946031266885806,106300
2020-08-07,12.267289161682129,12.368425922522503,11.999573872774262,12.005523227497035,52300
2020-08-10,12.279181480407715,12.451709289348958,12.237537149897182,12.34462321962307,23500
2020-08-11,12.255389213562012,12.421966590069838,12.195896807070671,12.368424672423231,22600
2020-08-12,12.338675498962402,12.338675498962402,12.24348812100251,12.24348812100251,29300
2020-08-13,12.424781799316406,12.424781799316406,12.2962288688807,12.412823121963728,9700
2020-08-14,12.335089683532715,12.424778600142167,12.293235464017343,12.406840588731887,16800
2020-08-17,12.353026390075684,12.484568371863595,12.31117217498143,12.31117217498143,46900
2020-08-18,12.335089683532715,12.341069020669474,12.310575883846532,12.310575883846532,7100
2020-08-19,12.30519962310791,12.400269187206597,12.293240943504028,12.329116982315675,25200
2020-08-20,12.400859832763672,12.55033982275423,12.376943627394928,12.39488049631103,158500
2020-08-21,12.30221176147461,12.400868027028876,12.233449917053592,12.400868027028876,50300
2020-08-24,12.221491813659668,12.311179634697893,12.13180399262144,12.311179634697893,51800
2020-08-25,12.065427780151367,12.209526029945259,12.065427780151367,12.209526029945259,31100
2020-08-26,12.119841575622559,12.161695803173231,12.077987348071888,12.113862237337868,23000
2020-08-27,12.072006225585938,12.19756888968022,12.024172666820212,12.137776656112562,16700
2020-08-28,12.072006225585938,12.149735330914494,12.036130201180143,12.089943097346834,14600
2020-08-31,12.095927238464355,12.21551175309087,12.066031680028951,12.21551175309087,26500
2020-09-01,12.101906776428223,12.219099785152228,12.077990557376724,12.077990557376724,24000
2020-09-02,12.173654556274414,12.203550107443645,12.137778526340725,12.16169587962985,27300
2020-09-03,12.08397102355957,12.222688769495312,12.048096118031552,12.209534903571663,42800
2020-09-04,12.077984809875488,12.191588792084168,12.04808812473484,12.161693247385449,14700
2020-09-08,12.060050964355469,12.107884536660384,11.95421905733108,12.049886201940913,38100
2020-09-09,12.19757080078125,12.221488154132455,12.066028778676154,12.066028778676154,10100
2020-09-10,12.311174392700195,12.311174392700195,12.160498050776418,12.17963238721648,19300
2020-09-11,12.329113006591797,12.329113006591797,12.263341430422022,12.323133668717992,8400
2020-09-14,12.281280517578125,12.394884525784557,12.254374065015089,12.329114084307726,24900
2020-09-15,12.343783378601074,12.349792001271688,12.301714996183259,12.319744302933751,21300
2020-09-16,12.379837036132812,12.451951948449986,12.366615090086169,12.379837036132814,46500
2020-09-17,12.331762313842773,12.451954238558518,12.319742777497376,12.319742777497376,25300
2020-09-18,12.331762313842773,12.427916312113798,12.331762313842773,12.378636900845317,43400
2020-09-21,12.133440017700195,12.366612745989995,12.133440017700197,12.319738176493512,37300
2020-09-22,12.169500350952148,12.217577343525827,12.163490583599698,12.217577343525827,5800
2020-09-23,12.1935396194458,12.205558008101004,12.139452858636599,12.139452858636599,19000
2020-09-24,12.019264221191406,12.373832607416261,11.983206749476812,12.337775135701667,31900
2020-09-25,12.025270462036133,12.104597564277517,12.007241158346355,12.089573717659047,14700
2020-09-28,12.187525749206543,12.199544133815897,12.113606666069861,12.199544133815897,10200
2020-09-29,12.217576026916504,12.265653014309235,12.181518572933404,12.199546726802057,8100
2020-09-30,12.223587989807129,12.259645450268595,12.211568454237973,12.259645450268595,12100
2020-10-01,12.17851448059082,12.283683690336558,12.169500402646815,12.226591473368725,11500
2020-10-02,12.151471138000488,12.229596967909304,12.091375756527157,12.157480905397007,8200
2020-10-05,12.103394508361816,12.319741556146512,12.02526982235399,12.1695008054618,41200
2020-10-06,12.169500350952148,12.265654336099503,12.154476505693983,12.265654336099503,5100
2020-10-07,12.210365295410156,12.307720538187368,12.199547027327512,12.307720538187368,4100
2020-10-08,12.145466804504395,12.233809163887207,12.139458180665537,12.233809163887207,16300
2020-10-09,12.289692878723145,12.307721033761814,12.19053344102698,12.19053344102698,5300
2020-10-12,12.293296813964844,12.307720024560636,12.276469925977382,12.298705947780432,6200
2020-10-13,12.331762313842773,12.331762313842773,12.295703704806582,12.319742777497376,24800
2020-10-14,12.175511360168457,12.379838886008834,11.959164298397228,12.379838886008834,70600
2020-10-15,12.141682624816895,12.26249469366387,12.00878785127688,12.153764177349672,16700
2020-10-16,12.153759002685547,12.262489472705946,12.153759002685547,12.262489472705946,6700
2020-10-19,12.153759002685547,12.401424963358265,12.153759002685547,12.153759002685547,5800
2020-10-20,12.238334655761719,12.298136391484038,12.2081307697036,12.298136391484038,13900
2020-10-21,12.341029167175293,12.371231909891083,12.233506066600578,12.301764679916143,6000
2020-10-22,12.244375228881836,12.36518731461926,12.232293674659966,12.312030089067626,2100
2020-10-23,12.310823440551758,12.334986552857748,12.262498368100392,12.334986552857748,9700
2020-10-26,12.232292175292969,12.383308128074363,12.232292175292969,12.292698786837583,7100
2020-10-27,12.25826644897461,12.274576429921957,12.25826644897461,12.268535653565152,1000
2020-10-28,12.126578330993652,12.304777155246342,12.126578330993652,12.23228900971983,12300
2020-10-29,12.17792797088623,12.256456922058263,12.165846416527389,12.165846416527389,2400
2020-10-30,12.1024169921875,12.244372340405812,11.869852313000969,12.171884184335143,23600
2020-11-02,12.08127498626709,12.202088196993827,12.051072259665489,12.051072259665489,13600
2020-11-03,12.199670791625977,12.202088023620707,12.081274814610541,12.087315590277065,37800
2020-11-04,12.286656379699707,12.286656379699707,12.18396549935177,12.18396549935177,3300
2020-11-05,12.389349937438965,12.389349937438965,12.258267498806594,12.286659034899087,15100
2020-11-06,12.359147071838379,12.413512916026798,12.292700825066236,12.377269403954676,13800
2020-11-09,12.498083114624023,12.498083114624023,12.409889835580952,12.41955415800947,6000
2020-11-10,12.492036819458008,12.516198767017805,12.425589447388546,12.49807759438796,15400
2020-11-11,12.486000061035156,12.516202793240547,12.425593444463995,12.425593444463995,24200
2020-11-12,12.628063201904297,12.640205848729813,12.476283590544934,12.476283590544934,12600
2020-11-13,12.573426246643066,12.615925523368148,12.54307077839775,12.615925523368148,8800
2020-11-16,12.628063201904297,12.652348495555332,12.579493772588762,12.628063201904297,10700
2020-11-17,12.637779235839844,12.652350182375766,12.482356578114457,12.652350182375766,15000
2020-11-18,12.58556842803955,12.652351845274318,12.530927660845075,12.530927660845075,7000
2020-11-19,12.494501113891602,12.591640000146421,12.494501113891602,12.585568675007138,11200
2020-11-20,12.55459976196289,12.5794906764464,12.518779773234428,12.518779773234428,3300
2020-11-23,12.561285018920898,12.591640487806087,12.518786899286871,12.591640487806087,19600
2020-11-24,12.579496383666992,12.579496383666992,12.552176001632057,12.579496383666992,6100
2020-11-25,12.558246612548828,12.579495668703096,12.52485490773877,12.579495668703096,11200
2020-11-27,12.579496383666992,12.579496383666992,12.525463562655164,12.579496383666992,13700
2020-11-30,12.706992149353027,12.731276290561716,12.579496644550307,12.579496644550307,30600
2020-12-01,12.743420600891113,12.743420600891113,12.634139056243361,12.706993805337513,14000
2020-12-02,12.773770332336426,12.79198314128673,12.678451845819682,12.79198314128673,3700
2020-12-03,12.969870567321777,13.034831289502316,12.779841521865741,13.016618479090972,10000
2020-12-04,13.053050994873047,13.053050994873045,12.94680569415606,13.034837018470022,7300
2020-12-07,13.156261444091797,13.156261444091797,12.992339127531713,13.059122550868105,15700
2020-12-08,13.250967979431152,13.75730456579746,13.092510251825862,13.320179680198043,13400
2020-12-09,13.247330665588379,13.308042770929456,13.1866185602473,13.1866185602473,5600
2020-12-10,13.294678688049316,13.308034903293137,13.186610764396258,13.216967378113683,6400
2020-12-11,13.213933944702148,13.308037730236428,13.14411545530058,13.308037730236428,5600
2020-12-14,13.156261444091797,13.295898458352486,13.107691997479952,13.24125768616579,15600
2020-12-15,13.107686996459961,13.356605460123339,13.107686996459961,13.156256424540949,16900
2020-12-16,13.22447681427002,13.304813082576846,13.205938582104613,13.304813082576846,4200
2020-12-17,13.162686347961426,13.288134182753499,13.045273558313886,13.18740557442044,29800
2020-12-18,13.008193016052246,13.224481504549402,13.008193016052246,13.181224042585459,13800
2020-12-21,13.08853816986084,13.203479335334617,13.02056143867342,13.02056143867342,13600
2020-12-22,13.162686347961426,13.227573728077543,13.131788493565251,13.199765187649948,15800
2020-12-23,13.22447681427002,13.236836421498303,13.212117207041734,13.22447681427002,9400
2020-12-24,13.234375,13.267744550984435,13.16269016542081,13.21212745399911,3800
2020-12-28,13.205947875976562,13.273923406216824,13.137971167058453,13.261563790290285,9500
2020-12-29,13.416059494018555,13.446958543141148,13.212130484522259,13.212130484522259,21900
2020-12-30,13.589090347290039,13.595270156984595,13.348083662593238,13.348083662593238,18700
2020-12-31,13.502571105957031,13.595265864753882,13.298642165132835,13.5643680047142,15400
2021-01-04,13.416059494018555,13.59465281551599,13.378981813749649,13.558192762626074,16300
2021-01-05,13.54582405090332,13.576721900608804,13.378972833667904,13.409871862050803,22300
2021-01-06,13.521106719970703,13.57054399362283,13.43459178574888,13.57054399362283,8900
2021-01-07,13.484034538269043,13.562516816686234,13.40987918699865,13.40987918699865,18400
2021-01-08,13.785594940185547,13.904244141302827,13.44694914209682,13.502566212956221,20100
2021-01-11,13.780656814575195,13.805376048118264,13.687962046144552,13.799196239732497,8000
2021-01-12,13.7744779586792,14.055652752885864,13.76211834211062,13.76211834211062,34600
2021-01-13,13.564369201660156,14.050090582117551,13.348080626263245,13.83009388601177,40300
2021-01-14,13.473714828491211,13.684202060032975,13.411623742072239,13.573060093045978,32600
2021-01-15,13.55443286895752,13.55443286895752,13.46129682833253,13.46129682833253,10100
2021-01-19,13.579265594482422,13.647564704944537,13.53580101691189,13.622728987764308,10200
2021-01-20,13.5730562210083,13.653773781324078,13.554428545109907,13.566846995708836,9400
2021-01-21,13.542011260986328,13.610311560875026,13.5109663161035,13.535802035152015,19900
2021-01-22,13.529600143432617,13.578651036528724,13.268818461297899,13.535808187800038,22100
2021-01-25,13.566848754882812,13.628939831639999,13.56622818755899,13.610312153326207,6100
2021-01-26,13.594786643981934,13.62272756306797,13.535799601306678,13.55132325524555,6900
2021-01-27,13.659984588623047,13.684821492697335,13.560639340903435,13.604102738744668,16500
2021-01-28,13.659984588623047,13.883511988136558,13.57926701895915,13.883511988136558,7800
2021-01-29,13.641358375549316,13.65998605560551,13.585476519669637,13.65998605560551,16900
2021-02-01,13.815210342407227,13.895927904219677,13.591682964636359,13.591682964636359,39500
2021-02-02,13.846261978149414,13.9145623064361,13.815217020358682,13.877308120229374,13600
2021-02-03,13.846261978149414,13.989071863138777,13.815217020358682,13.815217020358682,13300
2021-02-04,13.933189392089844,13.97044357669339,13.84005333843639,13.84005333843639,24100
2021-02-05,14.094622611999512,14.094622611999513,13.908349362153691,13.908349362153691,22600
2021-02-08,14.175334930419922,14.215072545770887,13.995272158446179,14.094617381112066,14800
2021-02-09,14.529252052307129,14.656538189520155,14.21879794356429,14.280889002170547,35800
2021-02-10,14.188722610473633,14.54422008554684,14.188722610473633,14.54422008554684,33600
2021-02-11,14.095179557800293,14.095179557800293,14.032811269797076,14.095179557800293,11400
2021-02-12,13.970440864562988,14.187481379511471,13.970440864562988,14.076466581227335,23600
2021-02-16,13.708495140075684,14.120748643311924,13.708495140075684,13.995388747543455,39300
2021-02-17,13.752148628234863,13.920542576231773,13.73967592768281,13.752148628234863,28200
2021-02-18,13.689781188964844,13.817635585399705,13.683544244068557,13.752148258776499,18700
2021-02-19,13.646126747131348,13.720968919194927,13.646126747131346,13.689785374754416,35200
2021-02-22,13.471498489379883,13.658602155930897,13.352998866123656,13.621181660535914,35800
2021-02-23,13.122234344482422,13.471494986360904,13.056747007599874,13.471494986360904,80400
2021-02-24,13.190834045410156,13.246965350292466,13.072334491816903,13.159650515842385,300900
2021-02-25,13.066105842590332,13.256327379712168,13.066105842590332,13.153420724520096,31400
2021-02-26,13.268799781799316,13.30310239286398,13.13470840558795,13.13470840558795,16300
2021-03-01,13.493319511413574,13.524503041519768,13.315570772742335,13.315570772742335,15600
2021-03-02,13.540103912353516,13.540103912353516,13.409131570337504,13.468380793214811,12400
2021-03-03,13.596230506896973,13.982912828901656,13.502678696765846,13.502678696765846,19900
2021-03-04,13.720966339111328,13.845702872569909,13.552572375814965,13.552572375814965,12500
2021-03-05,13.820755004882812,13.820755004882812,13.552572292302454,13.727203200153225,13000
2021-03-08,13.696017265319824,13.802042951890725,13.696017265319824,13.739675880617186,5400
2021-03-09,13.74903678894043,13.749036788940431,13.749036788940431,13.749036788940431,900
2021-03-10,13.770857810974121,13.83946300886841,13.764620866658687,13.789568643920427,19500
2021-03-11,13.795811653137207,13.901837373959534,13.783337759022576,13.839469092962398,5800
2021-03-12,13.870649337768555,13.870649337768555,13.752149751031848,13.79580837004328,10100
2021-03-15,13.867530822753906,13.901833427042163,13.845702109038777,13.85193786474966,11900
2021-03-16,13.910770416259766,13.942100501117174,13.848109051378822,13.935834245112467,4100
2021-03-17,13.848104476928711,13.848104476928711,13.816773207254847,13.848104476928711,8700
2021-03-18,13.910770416259766,14.01729437800753,13.848109051378822,13.85437530738353,10000
2021-03-19,13.942095756530762,14.048619682027738,13.942095756530762,13.97342583072634,1400
2021-03-22,13.904499053955078,14.092481884396806,13.860636473196386,13.91076530765856,3600
2021-03-23,13.885703086853027,14.022304576677536,13.885703086853027,13.917033166508828,3200
2021-03-24,13.898236274719238,13.92956635590328,13.85437368299519,13.91076878525925,3900
2021-03-25,13.816774368286133,14.023555984846679,13.791710545606646,13.961522097461431,6500
2021-03-26,13.910770416259766,14.02355943884611,13.910770416259766,14.02355943884611,12300
2021-03-29,13.772912979125977,13.973428358650521,13.760380469114208,13.973428358650521,29100
2021-03-30,13.848104476928711,13.848104476928711,13.777924345124427,13.804241894551033,22000
2021-03-31,13.823041915893555,13.992227216679247,13.78544558077427,13.992227216679247,13600
2021-04-01,13.939594268798828,13.960899300229062,13.855001605296044,13.866906655115217,10900
2021-04-05,13.954632759094238,14.07368803551799,13.891971395353993,13.960899014984873,25700
2021-04-06,14.12695026397705,14.19274415645402,13.948366158587518,13.970297456079841,17900
2021-04-07,14.161416053771973,14.318068883581029,14.123819709264346,14.123819709264346,8000
2021-04-08,14.283600807189941,14.39952353200767,14.236604494205677,14.236604494205677,4500
2021-04-09,14.111284255981445,14.318065900440201,14.111284255981444,14.318065900440201,5400
2021-04-12,14.279214859008789,14.474717708624038,14.19148968104012,14.224073489309326,14700
2021-04-13,14.308667182922363,14.358797229801336,14.28047082430209,14.358797229801336,11000
2021-04-14,14.333731651306152,14.524848264550137,14.24287273760556,14.52422199753823,11500
2021-04-15,14.477879524230957,14.477879524230957,14.301626645624191,14.320511268532794,6900
2021-04-16,14.547119140625,14.553414013716107,14.383456042129032,14.383456042129032,17000
2021-04-19,14.447665214538574,14.531384765095844,14.358279916683445,14.509353304422877,29600
2021-04-20,14.257562637329102,14.484173292428846,14.257562637329102,14.408636007187459,27600
2021-04-21,14.263858795166016,14.446406550567845,14.263858795166016,14.358279509749071,9400
2021-04-22,14.452702522277832,14.452702522277832,14.24497643691734,14.257566187696696,8200
2021-04-23,14.440113067626953,14.553418416294525,14.370870643302407,14.38975526828855,31900
2021-04-26,14.326805114746094,14.465288737598087,14.318621658677158,14.345689736299537,18400
2021-04-27,14.320511817932129,14.484174954212016,14.276448896746114,14.43381715848163,27600
2021-04-28,14.320511817932129,14.414932534848528,14.219796226471363,14.320511817932129,23900
2021-04-29,14.458992958068848,14.458992958068848,14.35198251055106,14.38345687783532,4500
2021-04-30,14.540824890136719,14.547119763497358,14.35198229119054,14.547119763497358,33000
2021-05-03,14.50934886932373,14.521938614609825,14.427517926212495,14.503055197304874,40200
2021-05-04,14.704489707946777,14.704489707946777,14.427521250947926,14.50305853944742,13300
2021-05-05,14.761146545410156,14.761146545410156,14.761146545410156,14.761146545410156,100
2021-05-06,14.71078872680664,14.786324835963972,14.643434875714401,14.735967029650816,15100
2021-05-07,14.89962387084961,14.943686782577254,14.710782477552755,14.710782477552755,9700
2021-05-10,14.868155479431152,14.905923530092371,14.85556572900252,14.85556572900252,7700
2021-05-11,14.817795753479004,14.924805016347618,14.798911130289204,14.868153548027275,10900
2021-05-12,14.798906326293945,14.943684788544424,14.792611453940777,14.86814872155467,13100
2021-05-13,14.649693489074707,14.745798783076927,14.630724958113495,14.745798783076927,8100
2021-05-14,14.776152610778809,14.83937865534008,14.55485783693587,14.6560209553853,28200
2021-05-17,14.940544128417969,14.97848120828501,14.594692979277237,14.776154939499547,36800
2021-05-18,14.896272659301758,14.940531341976044,14.808387216288919,14.89627265930176,12700
2021-05-19,14.92156982421875,14.934215511600659,14.873517176934802,14.934215511600659,3400
2021-05-20,14.92156982421875,14.921569824218752,14.836213243329562,14.836213243329562,2300
2021-05-21,15.092288970947266,15.098610611185984,14.889961510479784,14.934221433868036,9300
2021-05-24,15.066993713378906,15.07963940252514,14.965830612127629,15.07963940252514,10400
2021-05-25,15.11125373840332,15.332548493940735,15.018942370305233,15.018942370305233,5500
2021-05-26,15.142867088317871,15.231384503030126,15.079639846683692,15.231384503030126,1900
2021-05-27,15.250358581542969,15.250358581542969,15.079645328856051,15.117581205244333,4600
2021-05-28,15.174481391906738,15.237708638898237,15.111254144915241,15.237708638898237,4900
2021-06-01,15.142867088317871,15.1997714851927,15.04802562288694,15.19344864043335,17100
2021-06-02,15.174481391906738,15.174481391906738,15.048026897923744,15.142868371390705,12100
2021-06-03,15.117573738098145,15.300932594333148,14.9911192713182,15.300932594333148,14800
2021-06-04,15.142867088317871,15.174480106155297,15.016412605049513,15.12389855403982,4100
2021-06-07,15.125161170959473,15.174477663801788,15.066991732111495,15.136541807310842,5300
2021-06-08,15.098609924316406,15.098609924316408,14.58647146514671,15.058145157639505,20600
2021-06-09,15.11125373840332,15.149189603193923,15.016413473447113,15.082801538320517,8400
2021-06-10,15.237709999084473,15.313581737479376,15.085965316335129,15.085965316335129,17400
2021-06-11,15.300936698913574,15.300936698913574,15.168159352580288,15.22506375730034,19800
2021-06-14,15.43371295928955,15.629716351538447,15.237709567040655,15.629716351538447,24900
2021-06-15,15.398154258728027,15.493400331506564,15.239410400390625,15.493400331506564,13100
2021-06-16,15.264802932739258,15.512442849550858,15.239403345825778,15.512442849550858,25800
2021-06-17,15.239410400390625,15.341006372837,15.201312213503115,15.341006372837,12600
2021-06-18,15.201312065124512,15.229250170046873,15.201312065124512,15.229250170046873,1400
2021-06-21,15.226714134216309,15.398157831670673,15.222905162427402,15.398157831670673,14300
2021-06-22,15.201312065124512,15.23242572540956,15.17591246670108,15.220360552822575,10600
2021-06-23,15.112409591674805,15.20130694509534,15.042563141774727,15.20130694509534,26200
2021-06-24,15.023516654968262,15.111778189691236,14.947320291342912,15.017166756146256,39300
2021-06-25,14.909221649169922,15.093365090922628,14.883823263722313,15.093365090922628,10200
2021-06-28,15.02987003326416,15.09781263415731,14.934623951122948,14.934623951122948,9700
2021-06-29,15.087013244628906,15.131461321765252,15.058439307738501,15.058439307738501,6800
2021-06-30,15.017172813415527,15.131468616074836,15.017172813415527,15.131468616074836,26000
2021-07-01,15.017172813415527,15.125118714691556,15.017172813415527,15.112418911925,9400
2021-07-02,15.163207054138184,15.163207054138184,15.048912536902591,15.048912536902591,15500
2021-07-06,15.264802932739258,15.264802932739258,15.14415731713816,15.169555692932676,18000
2021-07-07,15.410849571228027,15.410849571228026,15.239405963470382,15.245755861289464,23300
2021-07-08,15.379105567932129,15.417204968436844,15.290209388993667,15.296559289077786,11700
2021-07-09,15.391812324523926,15.512458058409559,15.258467995850449,15.512458058409559,32000
2021-07-12,15.48069953918457,15.499749236966172,15.423552868078657,15.499749236966172,9500
2021-07-13,15.588641166687012,15.652138930911384,15.272424020638788,15.499745023444362,24000
2021-07-14,15.601344108581543,15.620393805026957,15.493398250962926,15.620393805026957,11100
2021-07-15,15.61664867401123,15.623025565091954,15.552880979471619,15.552880979471619,17900
2021-07-16,15.591143608093262,15.699548332844978,15.559259150067634,15.654910091609098,9000
2021-07-19,15.552876472473145,15.584122378326747,15.520993242576443,15.559253361705938,20000
2021-07-20,15.56563663482666,15.632592174830366,15.53375339185378,15.53375339185378,5100
2021-07-21,15.578398704528809,15.670223320193442,15.552891123569053,15.616658859700038,14700
2021-07-22,15.62939453125,15.686785305608757,15.183022112074553,15.584757532585854,15100
2021-07-23,15.559255599975586,15.572009380275858,15.533749255642471,15.533749255642471,2600
2021-07-26,15.457235336303711,15.635784698872728,15.253179616949422,15.635784698872728,15100
2021-07-27,15.457235336303711,15.552886302717532,15.313758278548969,15.489119802620337,8400
2021-07-28,15.444480895996094,15.463611574976248,15.342453040637896,15.45085778898948,30500
2021-07-29,15.495492935180664,15.55288374885871,15.342451170795146,15.45723279815124,21800
2021-07-30,15.48911190032959,15.552878367894179,15.342445862635776,15.552878367894179,12400
2021-08-02,15.501232147216797,15.591144744253167,15.36158149481072,15.495492579473614,19000
2021-08-03,15.457235336303711,15.687435953157225,15.399844513201815,15.572016982507506,11900
2021-08-04,15.399837493896484,15.491024715089292,15.399837493896484,15.491024715089292,8300
2021-08-05,15.427896499633789,15.43172287733232,15.399838423623805,15.40621531436551,6800
2021-08-06,15.469983100891113,15.520359686673865,15.425346081691542,15.425346081691542,8600
2021-08-09,15.591143608093262,15.795199274386444,15.52099901670459,15.52099901670459,39200
2021-08-10,15.610272407531738,15.743546152528857,15.584766058455893,15.584766058455893,13700
2021-08-11,15.707834243774414,15.73780550705629,15.434272578077785,15.705283730865474,7000
2021-08-12,15.591143608093262,15.68233084713791,15.412594291952873,15.68233084713791,16800
2021-08-13,15.635774612426758,15.63577461242676,15.53374681856649,15.57200693719728,10600
2021-08-16,15.497447967529297,15.638333413980385,15.497447967529297,15.587102231502922,15100
2021-08-17,15.459036827087402,15.619134561324675,15.433421824762803,15.619134561324675,23700
2021-08-18,15.420604705810547,15.548683306970077,15.420604705810547,15.516663045956161,16200
2021-08-19,15.369375228881836,15.505778013859981,15.362971175962684,15.407798324948544,25900
2021-08-20,15.388593673706055,15.446228952073579,15.369381507100648,15.446228952073579,14600
2021-08-23,15.369375228881836,15.446222642463454,15.36233113710523,15.43341453662515,15500
2021-08-24,15.370016098022461,15.433415370333128,15.177259346970608,15.375780112395528,40400
2021-08-25,15.32455062866211,15.484648313923604,15.243861747067454,15.484648313923604,13900
2021-08-26,15.31494140625,15.337354978979413,15.273315676274759,15.273315676274759,5600
2021-08-27,15.433416366577148,15.452627306164258,15.301495059407378,15.343760836526704,22900
2021-08-30,15.375782012939453,15.414205115831104,15.350165796712743,15.350165796712743,11600
2021-08-31,15.362972259521484,15.39178988896609,15.362972259521484,15.388588473004816,5200
2021-09-01,15.35720443725586,15.432770532257365,15.31814009092123,15.36937127966219,39100
2021-09-02,15.343767166137695,15.420614620532284,15.33736433126626,15.375787447739128,17400
2021-09-03,15.375782012939453,15.414205115831104,15.311742693821092,15.343761742656064,19100
2021-09-07,15.375782012939453,15.433417278001137,15.362973904826099,15.369377958882776,29900
2021-09-08,15.382182121276855,15.439817371554387,15.324546870999322,15.439817371554387,27600
2021-09-09,15.369375228881836,15.41100096213222,15.333513509693148,15.350163070124381,3200
2021-09-10,15.369375228881836,15.414202377867696,15.330952132815128,15.414202377867696,10800
2021-09-13,15.428933143615723,15.542282324954785,15.330953446309778,15.542282324954785,19200
2021-09-14,15.420604705810547,15.484644006390312,15.420604705810547,15.47823995418753,9800
2021-09-15,15.500362396240234,15.500362396240234,15.42382567199184,15.468203232493295,7100
2021-09-16,15.461770057678223,15.545381416035788,15.460483200643479,15.477204981616408,18900
2021-09-17,15.4681978225708,15.533801757621925,15.457907875167965,15.500356975070245,4200
2021-09-20,15.416746139526367,15.474631393790565,15.397451872602549,15.468199562567168,18900
2021-09-21,15.455343246459961,15.468205687253308,15.397457969275901,15.397457969275901,7900
2021-09-22,15.448907852172852,15.468202122289542,15.41674869073408,15.41674869073408,2100
2021-09-23,15.397456169128418,15.481067544870854,15.397456169128416,15.436045940490564,22500
2021-09-24,15.413534164428711,15.448908630420082,15.394882708577247,15.448908630420082,9800
2021-09-27,15.312560081481934,15.436048103190377,15.288119603287388,15.371730990744373,8300
2021-09-28,14.953664779663086,15.237944839454176,14.940801117691569,15.210931885361786,26000
2021-09-29,15.1594820022583,15.1594820022583,14.972963767125556,14.972963767125556,7500
2021-09-30,15.056571006774902,15.159477844849908,15.05013917605193,15.159477844849908,3900
2021-10-01,14.998693466186523,15.054006257437264,14.947240020702486,15.017988968273128,9000
2021-10-04,14.850761413574219,15.005121713125314,14.825034083609063,14.934372782467749,16400
2021-10-05,14.953664779663086,14.953664779663084,14.850757937383603,14.850757937383603,1900
2021-10-06,15.011555671691895,15.011555671691895,14.895785123945426,14.895785123945426,5600
2021-10-07,15.005117416381836,15.01154924703136,14.97939132053001,14.97939132053001,2900
2021-10-08,14.960100173950195,15.082302538293964,14.928585053335915,14.979395671503406,18600
2021-10-11,14.992256164550781,15.02119879375199,14.921508469528403,15.017983491283616,8800
2021-10-12,14.967815399169922,15.050141125643638,14.967815399169922,15.050141125643638,1300
2021-10-13,15.056571006774902,15.063002837497875,15.008976931520436,15.01154941846037,5300
2021-10-14,15.149606704711914,15.162526541112559,15.01393794862727,15.059160456581841,7100
2021-10-15,15.272350311279297,15.406080758904546,15.04236124737448,15.081123213788192,20600
2021-10-18,15.240044593811035,15.262655837214467,15.107606782925078,15.149599620197314,28700
2021-10-19,15.149606704711914,15.220670117688702,15.094047095415897,15.220670117688702,5100
2021-10-20,15.033315658569336,15.278809737702016,15.026855125931553,15.101149402935135,21800
2021-10-21,14.878267288208008,15.052696748943243,14.858885689361575,15.052696748943243,18200
2021-10-22,14.904109001159668,15.052697570429398,14.846612349552558,14.891187934556891,6400
2021-10-25,14.910567283630371,14.955789777692775,14.826582827831697,14.826582827831697,10400
2021-10-26,14.71676254272461,14.891192061318408,14.71676254272461,14.891192061318408,9600
2021-10-27,14.794282913208008,14.84596594919307,14.658615405830009,14.774902544851594,11400
2021-10-28,14.742599487304688,14.809787555530331,14.655384135345207,14.716758586105994,16100
2021-10-29,14.729684829711914,14.86535362475409,14.729684829711914,14.774908582873492,6200
2021-11-01,14.703838348388672,14.826586024609938,14.503566731979836,14.826586024609938,51800
2021-11-02,14.723217010498047,14.91702805449923,14.645691853565234,14.645691853565234,33900
2021-11-03,14.761981964111328,14.85888750574813,14.665076422474526,14.800743934321886,22000
2021-11-04,14.781360626220703,14.878267388887963,14.697376161759175,14.76198025946379,15800
2021-11-05,14.981635093688965,15.030087248110254,14.665076335697467,14.768442410461189,18000
2021-11-08,15.03978157043457,15.07208301295602,14.897652266009676,14.904112800958176,31600
2021-11-09,15.007474899291992,15.078539532580356,14.94674736561273,15.078539532580356,12400
2021-11-10,14.958149909973145,15.087939128766143,14.899744885292465,15.023044519369643,30800
2021-11-11,15.023054122924805,15.029543711789126,14.976979651079393,14.976979651079393,800
2021-11-12,15.061984062194824,15.061984062194824,15.016558197076794,15.036026955453947,4500
2021-11-15,15.068473815917969,15.107411333105352,15.049006295086281,15.08794257451166,11700
2021-11-16,15.042520523071289,15.074967224525958,15.042520523071289,15.074967224525958,2600
2021-11-17,15.110657691955566,15.178796500241688,14.997741598863655,15.178796500241688,17400
2021-11-18,15.016559600830078,15.100922990588733,15.003581665127452,15.055497121224276,6100
2021-11-19,15.036026000976562,15.094431034638514,14.932195105080183,15.093132622390996,12900
2021-11-22,15.042520523071289,15.06847763668256,14.880284540273301,15.03603093522789,8200
2021-11-23,14.958149909973145,15.0035770029839,14.880277368906722,15.0035770029839,8300
2021-11-24,14.92570686340332,14.9386860359996,14.880280997078366,14.9386860359996,2800
2021-11-26,14.948423385620117,15.055499728604975,14.880284569772837,14.984115499948404,3700
2021-11-29,15.0490083694458,15.055497956538225,14.925708690214101,14.925708690214101,8300
2021-11-30,14.847833633422852,15.068474624949628,14.847833633422852,15.068474624949628,7900
2021-12-01,14.873793601989746,14.997093284294886,14.873793601989746,14.893262363752308,5900
2021-12-02,14.789430618286133,14.906239469059523,14.692088052665099,14.906239469059523,13100
2021-12-03,14.65314769744873,14.808894026298635,14.65314769744873,14.776447338615577,6600
2021-12-06,14.734272003173828,14.802410819325223,14.666133187022437,14.666133187022437,6500
2021-12-07,14.838101387023926,14.886772672208258,14.698578356441857,14.763472990766898,21400
2021-12-08,14.815387725830078,14.876388357292983,14.776451442244895,14.867303183197702,6400
2021-12-09,14.828367233276367,14.860813930700436,14.782941361777802,14.854324343663189,9200
2021-12-10,14.789430618286133,14.860165011215601,14.679110116642814,14.828366901877262,24200
2021-12-13,14.89975357055664,15.061989569736548,14.867306865825638,14.867306865825638,18500
2021-12-14,15.036026000976562,15.036026000976562,14.839396381121011,14.854321314276943,12100
2021-12-15,15.084268569946289,15.084268569946287,14.908264647933285,15.019082576860127,16500
2021-12-16,15.149454116821289,15.188565956979634,15.037333176809243,15.090785734912284,22100
2021-12-17,14.973445892333984,15.233542000426203,14.914777522488057,15.214638217627545,22600
2021-12-20,15.205010414123535,15.300638992546167,15.053370066715265,15.300638992546167,15400
2021-12-21,15.054731369018555,15.266480846806184,14.90445645336697,15.266480846806184,17000
2021-12-22,15.095721244812012,15.140120788973126,15.027414554450704,15.030146613610476,17300
2021-12-23,15.102550506591797,15.164026391374144,15.02741302455968,15.02741302455968,32600
2021-12-27,14.931783676147461,15.075226531315995,14.842984601464655,15.061564934773786,50800
2021-12-28,14.856643676757812,14.931781142147193,14.754184325762232,14.918119547923427,103300
2021-12-29,14.788345336914062,14.972773054276079,14.774683734996417,14.918127949447562,67000
2021-12-30,15.006917953491211,15.054733535341608,14.815660837455173,14.815660837455173,39900
2021-12-31,14.965936660766602,15.095719224802263,14.959105862360348,15.082057627989755,60700
2022-01-03,14.986424446105957,15.102545377609886,14.890794600676076,15.034238717400308,51500
2022-01-04,14.972769737243652,15.054738027748396,14.924955443966626,14.993262135580283,42100
2022-01-05,15.109381675720215,15.300638830540414,14.972768305555796,14.972768305555796,57300
2022-01-06,15.143527030944824,15.286969827572769,15.061558787985268,15.10937435636894,67500
2022-01-07,15.239164352416992,15.300640244387461,15.102552272470668,15.102552272470668,26700
2022-01-10,15.332740783691406,15.366210779954631,15.150362526513227,15.239160289662802,10900
2022-01-11,15.266489028930664,15.334795726941381,15.25282742876014,15.259658228845403,9200
2022-01-12,15.041071891784668,15.21115392615963,14.87030586568223,15.205007120502042,53600
2022-01-13,14.907915115356445,15.017733909974138,14.873597232967153,14.983416027584846,32700
2022-01-14,14.708867073059082,14.887322917722052,14.695139398282748,14.887322917722052,31600
2022-01-18,14.228415489196777,14.688282333085542,14.19409759557643,14.688282333085542,97200
2022-01-19,14.001913070678711,14.228414557515292,13.97445901940888,14.16664130572862,81300
2022-01-20,13.898959159851074,14.242143336637522,13.898959159851076,14.015641832324217,47300
2022-01-21,13.885228157043457,14.015638479586572,13.830318754258476,13.830318754258476,80300
2022-01-24,13.624417304992676,13.885236803347157,13.607258351401923,13.878372960082007,72500
2022-01-25,13.871504783630371,13.885232465872413,13.6264723322435,13.679322468817139,25200
2022-01-26,13.953864097595215,14.173501690787841,13.878363184006503,13.94700025916503,24300
2022-01-27,14.001913070678711,14.10486805394195,13.981322859512247,13.995049230575342,42400
2022-01-28,14.004659652709961,14.098006839518035,13.981324165151705,13.981324165151705,31200
2022-01-31,14.049959182739258,14.098006065311123,13.981323397352543,13.981323397352543,16000
2022-02-01,14.187231063842773,14.221548950953348,14.084276093367572,14.084276093367572,17000
2022-02-02,14.262738227844238,14.400011145500757,14.173509587680654,14.269602070098673,18400
2022-02-03,14.255867004394531,14.612778761964195,14.207821442633879,14.207821442633879,27900
2022-02-04,14.132320404052734,14.235275365385704,14.11859272677011,14.228411526744392,30300
2022-02-07,14.132320404052734,14.2009574813225,14.084274842706908,14.2009574813225,8000
2022-02-08,14.001913070678711,14.207824346348827,14.001913070678711,14.070550162568749,23900
2022-02-09,14.063684463500977,14.180367111547618,14.00191121987961,14.04995678510879,26800
2022-02-10,13.929837226867676,14.261006880927079,13.874642284524441,14.005729450120104,28700
2022-02-11,13.757351875305176,13.85325313005786,13.751831460303153,13.798747750089127,34200
2022-02-14,13.56417179107666,13.780812923860294,13.529675440813397,13.722857107809926,20100
2022-02-15,13.577973365783691,13.688363286159847,13.577973365783691,13.577973365783691,23800
2022-02-16,13.598666191101074,13.722855139760645,13.543471249024734,13.57796891029196,56500
2022-02-17,13.722854614257812,13.791848618198989,13.678009630254543,13.736653678236282,35300
2022-02-18,13.971236228942871,14.129921559171635,13.73665734253882,13.73665734253882,23700
2022-02-22,13.76425552368164,13.90914178673334,13.709060568811728,13.90914178673334,19600
2022-02-23,13.688359260559082,13.857393200695139,13.674560195582307,13.729755139538138,9200
2022-02-24,13.68145751953125,13.7635597057725,13.626262584485302,13.653860709983801,24600
2022-02-25,13.722854614257812,13.76425180619322,13.68835827026281,13.757352274203985,6000
2022-02-28,13.791848182678223,13.936735717974532,13.72285418091575,13.72285418091575,11000
2022-03-01,13.874641418457031,13.967783124588106,13.784948820278451,13.784948820278451,24400
2022-03-02,13.874641418457031,13.960883592731975,13.874641418457031,13.881540950313164,3900
2022-03-03,13.94363784790039,13.948467389900925,13.87533470130753,13.936739630143766,5500
2022-03-04,13.94363784790039,14.129921310165187,13.77253388617406,14.129921310165187,3800
2022-03-07,13.757351875305176,13.886370356265473,13.693876972415396,13.853942688451438,9800
2022-03-08,13.660761833190918,13.702159030250337,13.557271472445038,13.681460431720627,14500
2022-03-09,13.619362831115723,13.798746696078872,13.557268365707285,13.750451293194761,20400
2022-03-10,13.426180839538574,13.844283514703694,13.391684496774124,13.653861439207995,19600
2022-03-11,13.46757984161377,13.58486926512188,13.384786765510452,13.439981710928896,20500
2022-03-14,13.129511833190918,13.481380135788152,13.101913699990467,13.481380135788152,18500
2022-03-15,13.205402374267578,13.450331169184524,13.103982011258982,13.315792261011307,24800
2022-03-16,13.195691108703613,13.28241357709949,13.133250825596194,13.133250825596194,25400
2022-03-17,13.29975700378418,13.346934574229858,13.147125944996006,13.334445459737926,11800
2022-03-18,13.278943061828613,13.299756929252084,13.181814327078612,13.195690238694258,11200
2022-03-21,13.015308380126953,13.278944105138963,12.973681965289238,13.202629231816466,21900
2022-03-22,13.070807456970215,13.195687993705526,12.91817642500458,12.91817642500458,19200
2022-03-23,13.119379997253418,13.181820304558492,13.056939689948342,13.056939689948342,15600
2022-03-24,13.056934356689453,13.154063095810471,12.938991749208292,13.084686181169644,26600
2022-03-25,12.91124153137207,13.095092741108948,12.8557392044734,12.994494360080152,16400
2022-03-28,12.6961669921875,13.008368362191971,12.494971582957687,13.001430406938576,50000
2022-03-29,12.807173728942871,12.904303795131606,12.55741391528011,12.661480614579583,42900
2022-03-30,12.689229965209961,13.01253099493208,12.647602234985424,12.807171231007295,67100
2022-03-31,12.890425682067871,12.950091038218908,12.675354363789095,12.68923027420183,34800
2022-04-01,13.001431465148926,13.036121244239364,12.821048583717944,12.959805053520165,27400
2022-04-04,12.973681449890137,13.0430583641036,12.973681449890138,13.00143195091956,54000
2022-04-05,12.98061466217041,13.2650654932653,12.907074729033079,13.015304433415869,43300
2022-04-06,12.800230979919434,13.049990674247749,12.744728678593226,13.049990674247749,17400
2022-04-07,12.6961669921875,12.980616541178392,12.6961669921875,12.800234997708763,29200
2022-04-08,12.640666007995605,12.821048893789063,12.637197691642566,12.758608613195952,22400
2022-04-11,12.564349174499512,12.74473203209334,12.43253067793487,12.640664031854122,41000
2022-04-12,12.578227043151855,12.633729373564927,12.515788079307095,12.630954455536264,30700
2022-04-13,12.603346824645996,12.610325581935625,12.257906990711456,12.561475611970081,67300
2022-04-14,12.400970458984375,12.868536634538888,12.387012941848516,12.868536634538888,18800
2022-04-18,12.324203491210938,12.481222206431331,12.317224733749821,12.442839705926136,35600
2022-04-19,12.526585578918457,12.614515541859934,12.15671935741623,12.338163088847768,57500
2022-04-20,12.41492748260498,12.610327390491133,12.352119989052419,12.54054113864806,50100
2022-04-21,12.442840576171875,12.501460545670836,12.366075569792583,12.49866930870355,18500
2022-04-22,12.345139503479004,12.526583200459296,12.317224474222717,12.317224474222717,18100
2022-04-25,12.36607837677002,12.393993414903283,12.33118591016572,12.373057136303336,12600
2022-04-26,12.296292304992676,12.400971026175181,12.22650604718362,12.317227250591882,15000
2022-04-27,12.031105041503906,12.282335042411512,12.031105041503906,12.21254878315249,32700
2022-04-28,12.07297420501709,12.261396673553422,11.982253015200685,12.261396673553422,46800
2022-04-29,11.992725372314453,12.21255167516492,11.97527913613386,12.086936644964654,22300
2022-05-02,11.912469863891602,12.03110611590776,11.891534915987886,12.010169836941742,26600
2022-05-03,11.968295097351074,12.038081342359744,11.933402640377695,11.933402640377695,21200
2022-05-04,12.038082122802734,12.065997155040732,11.912467139855742,11.968295873269739,24800
2022-05-05,12.010168075561523,12.072975572186087,12.00319064799178,12.045061868720785,24600
2022-05-06,12.010168075561523,12.128804310178797,11.989233130728074,11.989233130728074,17800
2022-05-09,11.863619804382324,12.114849826179766,11.863619804382324,12.114849826179766,26500
2022-05-10,12.010168075561523,12.086933089449792,11.863618137478948,11.884554413374506,27600
2022-05-11,11.661235809326172,12.008770732284786,11.451878416288865,11.982251987186798,47900
2022-05-12,11.644383430480957,11.707591891901803,11.595221591500222,11.68652195824164,30100
2022-05-13,11.465290069580078,11.679494966267372,11.405592612802895,11.679494966267372,40400
2022-05-16,11.447735786437988,11.54606081298996,11.426667190402384,11.503920941799214,23700
2022-05-17,11.447735786437988,11.503920941799214,11.426667190402384,11.454759098303112,9600
2022-05-18,11.222993850708008,11.447734445834335,11.173832012969074,11.447734445834335,12000
2022-05-19,11.244064331054688,11.293226171186197,11.06848556512234,11.222994396901322,27000
2022-05-20,11.356437683105469,11.405599536436137,11.282694903109467,11.3002525165047,23300
2022-05-23,11.349411964416504,11.461782273802035,11.300250121505304,11.356435276198068,14000
2022-05-24,11.41262149810791,11.47582997049299,11.370482963037816,11.426668122984568,25000
2022-05-25,11.623311996459961,11.841030597499154,11.447733257301596,11.447733257301596,45700
2022-05-26,12.114934921264648,12.185166695966526,11.728662169743853,11.784847321593416,98300
2022-05-27,12.54334831237793,12.550371624235806,12.13600560153944,12.171120821269058,50400
2022-05-31,12.423954010009766,12.536324314466771,12.290513771132188,12.536324314466771,28000
2022-06-01,12.60655403137207,12.641669243446744,12.511741351299083,12.613576002139427,45500
2022-06-02,12.754042625427246,12.754042625427248,12.647993694736979,12.676787532638974,18000
2022-06-03,12.747016906738281,12.747016906738281,12.536322943807551,12.669763168095438,14300
2022-06-06,12.703472137451172,12.754039166629731,12.641668883717003,12.754039166629731,7700
2022-06-07,12.739992141723633,12.739992141723633,12.655715101995641,12.655715101995641,20700
2022-06-08,12.683807373046875,12.73296920425273,12.676784062937548,12.73296920425273,10700
2022-06-09,12.620603561401367,12.697858661446228,12.515256550151058,12.648696812166744,27400
2022-06-10,12.452044486999512,12.560903793003865,12.409905962555055,12.508229632778637,55400
2022-06-13,12.21325969696045,12.395861791730692,12.0798207865805,12.360746571011715,35200
2022-06-14,11.855077743530273,12.304560297385798,11.777823997047978,12.276467051712466,40400
2022-06-15,11.746236801147461,11.986531608541656,11.746236801147461,11.859317186282796,10700
2022-06-16,11.640223503112793,11.802070033716213,11.548346189838508,11.668494275212332,9900
2022-06-17,11.329252243041992,11.696762816424318,11.31511685805915,11.619020895067706,35700
2022-06-21,11.272712707519531,11.491806482525073,11.244442608229688,11.35045531206352,24600
2022-06-22,11.406993865966797,11.406993865966797,11.16669839365543,11.279778774510717,86500
2022-06-23,11.534209251403809,11.631741514785936,11.414061182200667,11.477669062839063,28200
2022-06-24,11.696762084960938,11.710897469059816,11.520073827798239,11.541276903946555,15700
2022-06-27,11.68970012664795,11.732104946829493,11.63386628212688,11.710901862726256,23400
2022-06-28,11.661429405212402,11.739172699281797,11.661429405212402,11.661429405212402,5800
2022-06-29,11.795710563659668,11.831047682287467,11.675562473090618,11.795710563659668,16300
2022-06-30,11.803484916687012,11.872746425820994,11.802778551743723,11.845183364760999,41800
2022-07-01,11.8946533203125,11.92292408827743,11.819738211649382,11.845180824398287,20400
2022-07-05,12.014806747436523,12.014806747436523,11.873455540609617,11.915861711472697,21600
2022-07-06,12.043074607849121,12.149087313251203,11.972399021572839,12.014803834128733,21500
2022-07-07,12.078413963317871,12.099617047533956,12.050850897454415,12.099617047533956,10200
2022-07-08,12.290436744689941,12.290436744689941,12.050140567850864,12.142019231478852,19600
2022-07-11,12.4812593460083,12.495394731203326,12.318706460339081,12.339908190107092,12800
2022-07-12,12.396452903747559,12.52366735898963,12.396452903747557,12.424722333348615,16000
2022-07-13,12.375248908996582,12.46641986848249,12.304573318162424,12.346978133453009,14700
2022-07-14,12.2088623046875,12.287079095557992,12.194640823395574,12.287079095557992,10700
2022-07-15,12.279963493347168,12.315515826266923,12.102199116279264,12.315515826266923,21100
2022-07-18,12.219526290893555,12.308408504092851,12.219526290893555,12.308408504092851,1900
2022-07-19,12.258635520935059,12.336852307900406,12.13775564845908,12.322630827318518,9000
2022-07-20,12.1946382522583,12.255078856888042,12.144864434466054,12.144864434466054,14000
2022-07-21,12.258635520935059,12.258635520935057,12.194640214551598,12.251524780644115,14200
2022-07-22,12.2088623046875,12.297744528409385,12.180419342103647,12.23019452662539,17200
2022-07-25,12.144157409667969,12.22308487476307,12.097938269469742,12.180420427086911,6300
2022-07-26,12.251523971557617,12.287077670664383,12.149842968958664,12.151976326528565,9100
2022-07-27,12.294190406799316,12.301299791540137,12.230195094250615,12.287079665823331,7600
2022-07-28,12.400847434997559,12.429289039515103,12.215972258810972,12.215972258810972,47300
2022-07-29,12.400847434997559,12.465553407604112,12.351073609915597,12.400847434997559,55400
2022-08-01,12.422179222106934,12.4790637916027,12.38022680124499,12.39373761547661,43500
2022-08-02,12.407955169677734,12.443507505771779,12.35818000041751,12.443507505771779,22500
2022-08-03,12.521726608276367,12.550168211209737,12.42217760742222,12.42217760742222,16400
2022-08-04,12.507503509521484,12.53452377473947,12.432130762470864,12.507503509521484,26700
2022-08-05,12.315519332885742,12.457731417526183,12.315519332885742,12.457731417526183,26800
2022-08-08,12.443511962890625,12.50750727577002,12.38662739102396,12.415068998839706,13800
2022-08-09,12.365294456481934,12.450621987489738,12.365294456481934,12.415068284471863,13300
2022-08-10,12.57149887084961,12.585720348669318,12.432842852694392,12.436397544031934,44500
2022-08-11,12.486173629760742,12.69949176712658,12.43924382941316,12.585722636358806,27000
2022-08-12,12.658244132995605,12.692375127609127,12.564384575925619,12.685264390711778,18800
2022-08-15,12.756372451782227,12.788370094841065,12.607049665429434,12.607049665429434,19100
2022-08-16,12.66052532196045,12.724900980813816,12.588996660534962,12.724900980813816,25000
2022-08-17,12.50316333770752,12.753512997454482,12.50316333770752,12.703443338364268,27700
2022-08-18,12.589000701904297,12.717752060943281,12.467402347733719,12.503166007779578,36200
2022-08-19,12.467399597167969,12.631914579957414,12.431634580716429,12.631914579957414,10300
2022-08-22,12.267121315002441,12.417331676532662,12.245663666423887,12.374413650783417,19900
2022-08-23,12.338650703430176,12.453096050086417,12.3064628644146,12.453096050086417,5700
2022-08-24,12.460249900817871,12.531778588408727,12.410180228793145,12.410180228793145,14700
2022-08-25,12.428055763244629,12.488854230102236,12.338645290127761,12.488854230102236,16200
2022-08-26,12.3958740234375,12.508889593626721,12.352957357276532,12.374415008208906,7100
2022-08-29,12.264260292053223,12.410178577029816,12.252815212415351,12.410178577029816,14300
2022-08-30,12.188440322875977,12.338649311809846,12.152675303394584,12.338649311809846,18600
2022-08-31,12.131214141845703,12.267118463198422,12.131214141845703,12.166979154988919,12700
2022-09-01,12.016769409179688,12.129784946160525,12.016769409179688,12.12406308949936,14800
2022-09-02,12.102608680725098,12.29573574155228,12.102608680725098,12.116914692111482,4100
2022-09-06,11.888019561767578,12.045381535815123,11.837948540470066,12.045381535815123,13300
2022-09-07,12.124066352844238,12.145524003247115,11.938092318340926,11.959549968743802,20200
2022-09-08,11.95954704284668,12.073992364650316,11.91663038824428,12.052534719497041,19500
2022-09-09,12.088299751281738,12.159828426650648,12.009619436242343,12.059689099711777,13000
2022-09-12,11.902322769165039,12.152672388298745,11.902322769165039,12.145519386118277,22700
2022-09-13,11.837946891784668,12.152672160343416,11.737807591727828,11.959545197980392,33100
2022-09-14,11.861552238464355,11.981004510673008,11.837947194678046,11.981004510673008,8500
2022-09-15,11.82772159576416,11.870914350839001,11.770130797973394,11.798925510332314,14900
2022-09-16,11.705337524414062,12.07247926688382,11.564960082043498,12.07247926688382,13900
2022-09-19,11.59015941619873,11.626153150017956,11.518170575487348,11.626153150017956,6300
2022-09-20,11.500170707702637,11.590156391842607,11.4317813955261,11.554161294343075,19600
2022-09-21,11.467055320739746,11.512407906601004,11.374190305918239,11.504489397286385,20000
2022-09-22,11.338201522827148,11.388593309903554,11.30220709497117,11.388593309903554,18700
2022-09-23,11.244610786437988,11.376350231855584,11.165423633106382,11.237411767079767,17700
2022-09-26,11.300765037536621,11.388590901161795,11.158227710065024,11.158227710065024,59200
2022-09-27,11.228055953979492,11.330279853462185,11.208618734929177,11.280607570588193,14400
2022-09-28,11.374194145202637,11.683744527939778,11.158228298884666,11.345398744796006,51200
2022-09-29,11.366991996765137,11.366991996765137,11.23021405409108,11.338196604279215,19200
2022-09-30,11.194219589233398,11.438980767481452,11.179821549789956,11.366991943336856,10000
2022-10-03,11.61175537109375,11.705341278066808,11.338199417862503,11.539767901819658,7100
2022-10-04,11.762210845947266,11.870912897072602,11.634070203770339,11.690941504382467,14700
2022-10-05,11.698141098022461,11.89251054118862,11.642710148018804,11.791725622654598,20600
2022-10-06,11.604557037353516,11.726937650194808,11.554163889535316,11.726937650194808,5100
2022-10-07,11.604557037353516,11.683743523493495,11.546966241491312,11.683743523493495,1700
2022-10-10,11.40298843383789,11.676544367761398,11.309403220006615,11.546966108369968,8500
2022-10-11,11.273406982421875,11.604555031186134,11.244611589468851,11.604555031186134,35500
2022-10-12,11.313000679016113,11.568559700548075,11.201418619370912,11.280605776774554,5300
2022-10-13,11.320972442626953,11.436936199134507,11.219503810083587,11.226751717664936,8200
2022-10-14,11.234002113342285,11.407947786628938,11.234002113342285,11.407947786628938,4200
2022-10-17,11.168771743774414,11.248497358366084,11.139780799704342,11.234001540731732,15300
2022-10-18,11.147027015686035,11.226751926971708,11.125283983735129,11.168770047636942,7800
2022-10-19,10.994824409484863,11.172394001345015,10.95858556210149,11.125283983585597,13600
2022-10-20,11.009319305419922,11.154274691947489,10.98757627392019,11.009319305419922,15900
2022-10-21,10.980329513549805,11.089046064803897,10.921623253247205,11.089046064803897,19800
2022-10-24,10.767972946166992,11.07092809851781,10.724486180337449,10.980331303305066,30000
2022-10-25,10.900604248046875,10.951338222295426,10.810007470489571,10.835374457613847,24800
2022-10-26,10.72666072845459,10.933221311660855,10.66867883461419,10.922349447366269,49200
2022-10-27,10.69766902923584,10.828127935603053,10.640411515655748,10.712164156077241,21200
2022-10-28,10.7991361618042,10.7991361618042,10.55996071209112,10.588951654747294,12600
2022-10-31,10.63968563079834,10.799135459437514,10.63968563079834,10.799135459437514,6200
2022-11-01,10.77739429473877,11.139781462784587,10.661430511555894,10.668678420804492,21600
2022-11-02,11.067302703857422,11.096293645095091,10.726658625915892,10.726658625915892,35100
2022-11-03,11.067302703857422,11.067302703857422,10.813631449628899,11.031063854510695,12700
2022-11-04,11.10353946685791,11.10353946685791,10.878859873296364,11.060053406064664,11800
2022-11-07,11.125286102294922,11.205011028762408,10.994826503349346,11.0238174485374,18100
2022-11-08,11.05280876159668,11.287635909274748,11.05280876159668,11.234002347852362,17900
2022-11-09,11.205013275146484,11.205013275146484,10.980332886496083,11.04556269904616,12700
2022-11-10,11.581891059875488,11.60943255611843,11.248495600762778,11.32822051169862,20500
2022-11-11,11.60363483428955,11.668864621343287,11.536230536681085,11.596386926572798,10100
2022-11-14,11.411020278930664,11.59852870598134,11.38913163211616,11.520460729781522,18500
2022-11-15,11.447500228881836,11.761231244863529,11.367973842696742,11.629901448369349,28900
2022-11-16,11.411020278930664,11.632090184474913,11.38183611231674,11.54234868079061,12500
2022-11-17,11.279693603515625,11.491279030854695,11.279693603515625,11.440206902264233,21900
2022-11-18,11.381836891174316,11.476684917305942,11.323468553952333,11.411021059785309,19900
2022-11-21,11.805008888244629,11.805008888244629,11.40372600705183,11.40372600705183,24200
2022-11-22,12.11143970489502,12.250065003645341,11.673676555732898,11.805005639642603,37500
2022-11-23,12.366802215576172,12.395985684644026,12.023887060656325,12.169808580827846,34600
2022-11-25,12.366802215576172,12.366802215576172,12.096847820742084,12.337617354897567,6700
2022-11-28,12.37409496307373,12.461648138809576,12.162510325095424,12.366800140738718,27800
2022-11-29,12.293841361999512,12.417874235718847,12.111440158977592,12.417874235718847,7400
2022-11-30,12.388690948486328,12.476244149363845,12.082256832831394,12.468947933323141,28800
2022-12-01,12.366802215576172,12.403281899813678,12.220880695404652,12.308433885829714,26400
2022-12-02,12.40328311920166,12.40328311920166,12.10049642214204,12.330322351943002,24000
2022-12-05,11.965521812438965,12.357320179125061,11.86337755697973,12.315731881108723,12300
2022-12-06,11.892557144165039,12.038478654193463,11.813759974065098,11.972814113841737,28500
2022-12-07,11.885266304016113,12.00200299451453,11.87067386980103,11.891831925285114,39000
2022-12-08,11.76852798461914,11.907153323645097,11.608015386322993,11.907153323645097,12200
2022-12-09,11.680974960327148,11.783119204022684,11.622606622270993,11.761231947008469,7200
2022-12-12,11.746639251708984,11.805007588458892,11.637198098448813,11.680974698913975,25500
2022-12-13,11.783121109008789,11.89985780399401,11.688273066187488,11.819602195948654,58000
2022-12-14,11.70673942565918,11.963789271143906,11.61860847030596,11.83159248791279,21200
2022-12-15,11.670018196105957,11.743460305404778,11.596575386404593,11.721427742655386,21100
2022-12-16,11.60391902923584,11.633296011065703,11.493754822071983,11.60391902923584,40700
2022-12-19,11.60391902923584,11.6736896237327,11.545165065576114,11.61126344979393,19700
2022-12-20,11.545166969299316,11.66267491599507,11.530478125761043,11.581888377742391,29300
2022-12-21,11.662672996520996,11.7177547499188,11.53047622804427,11.58923019172226,26200
2022-12-22,11.544870376586914,11.589046782421587,11.493330300218048,11.522781471498266,23300
2022-12-23,11.47860336303711,11.662673331778125,11.456515163396125,11.662673331778125,29600
2022-12-27,11.463879585266113,11.544870836139115,11.375526067908478,11.463879585266113,45200
2022-12-28,11.522780418395996,11.566957522364499,11.353436374554436,11.522780418395996,38700
2022-12-29,11.500691413879395,11.589044913471398,11.309258480344454,11.566956714116197,73900
2022-12-30,11.544870376586914,11.589046782421587,11.450626347621688,11.508056236943812,19600
2023-01-03,11.677399635314941,11.709059835746302,11.51541855352761,11.655311433647809,6200
2023-01-04,11.809929847717285,11.927734515156754,11.684761510848842,11.684761510848842,20300
2023-01-05,11.773117065429688,11.868834252137598,11.625861205439302,11.773117065429688,15500
2023-01-06,11.75102710723877,11.911535724900196,11.714212972195652,11.883557010354277,27400
2023-01-09,11.817291259765625,11.892392682230621,11.787840795452947,11.787840795452947,40500
2023-01-10,11.795204162597656,11.872513213925217,11.751027060288179,11.802567130011106,19600
2023-01-11,11.854107856750488,11.927736134984734,11.773116610258556,11.878404388092507,54700
2023-01-12,11.95708179473877,11.986715886245095,11.84966103909085,11.860773823405722,31800
2023-01-13,11.92004108428955,12.031166105952217,11.882999881412434,11.934858130652923,26200
2023-01-17,11.927449226379395,11.97930747396297,11.875590978795818,11.927449226379395,31100
2023-01-18,12.105252265930176,12.127477839773727,11.957084599703004,11.971901648932038,41200
2023-01-19,12.038576126098633,12.097842905890474,11.934859614720784,12.083025857684643,21500
2023-01-20,12.075614929199219,12.157107265073824,11.971898438472417,11.971898438472417,49500
2023-01-23,12.246009826660156,12.320092237178583,12.090433655902372,12.090433655902372,13300
2023-01-24,12.28304672241211,12.333424100399885,12.22377996697227,12.2460055301488,27100
2023-01-25,12.186741828918457,12.259343375247065,12.149699214340714,12.201557461718291,22300
2023-01-26,12.127476692199707,12.216376153098544,12.075617024805355,12.157109374822168,37700
2023-01-27,12.112656593322754,12.112656593322754,12.045981307927699,12.097839549228054,12400
2023-01-30,12.112656593322754,12.145252394693777,12.008938697690946,12.134880746433707,18800
2023-01-31,12.1941499710083,12.196372669374238,12.045983739249206,12.14970024278371,48500
2023-02-01,12.305276870727539,12.305276870727539,12.112659490518075,12.216375997926464,32000
2023-02-02,12.371947288513184,12.453438192296684,12.283046450803782,12.379354396377328,71400
2023-02-03,12.260824203491211,12.334908019443105,12.186741800570578,12.297866817982788,14300
2023-02-06,12.186741828918457,12.216374507549387,12.112658012794235,12.216374507549387,9700
2023-02-07,12.216377258300781,12.223785782884502,12.157110474662606,12.179336048413765,14700
2023-02-08,12.231192588806152,12.27564231703105,12.1571087664104,12.194149971092584,53100
2023-02-09,12.320094108581543,12.441592219392458,12.164519327223598,12.23119463724318,36100
2023-02-10,12.342316627502441,12.371950719300175,12.206002913901656,12.246008655222344,36000
2023-02-13,12.297865867614746,12.349724110864136,12.231190579713774,12.312682912266329,19700
2023-02-14,12.259858131408691,12.274762652961941,12.185329837606563,12.274762652961941,21100
2023-02-15,12.23749828338623,12.259857196274108,12.162969995268831,12.23749828338623,14100
2023-02-16,12.051177024841309,12.192780615437428,12.028818114270749,12.192780615437428,18900
2023-02-17,11.97665023803711,11.99155618027638,11.924480861708558,11.99155618027638,17000
2023-02-21,11.782878875732422,11.998265208923725,11.753067699702132,11.931934755883868,36400
2023-02-22,11.79033088684082,11.961744967694148,11.771699168749628,11.782878626057034,30100
2023-02-23,11.730708122253418,11.872311733467692,11.693443976631006,11.797783442222867,32000
2023-02-24,11.693442344665527,11.710584318357405,11.618914774576414,11.693442344665527,32300
2023-02-27,11.738162994384766,11.775427146041663,11.64127648437866,11.734436508143618,10700
2023-02-28,11.887215614318848,11.887215614318848,11.738159759523395,11.760517960054118,11600
2023-03-01,11.812689781188965,11.894670335705841,11.768718244244884,11.835047985010934,11700
2023-03-02,11.730708122253418,11.775425239151204,11.626369367416016,11.775425239151204,13100
2023-03-03,11.767972946166992,11.871566836300554,11.738161770101676,11.827595298297625,2500
2023-03-06,11.827594757080078,11.879764135118544,11.790330611014973,11.842500699807907,11100
2023-03-07,11.730708122253418,11.812689384773616,11.59655819306898,11.812689384773616,13600
2023-03-08,11.872312545776367,11.872312545776367,11.633822423928011,11.671086572100052,7000
2023-03-09,11.753067016601562,11.86485874252907,11.673321787747028,11.86485874252907,3000
2023-03-10,11.663634300231934,11.842502080040415,11.633823122056278,11.782879723689105,9600
2023-03-13,11.544388771057129,11.648728242669831,11.507124623284414,11.611464094897116,8600
2023-03-14,11.53613567352295,11.588640613093084,11.53613567352295,11.588640613093084,2600
2023-03-15,11.573641777038574,11.656149657582985,11.446129142807752,11.626146726900808,5400
2023-03-16,11.581138610839844,11.637394715446485,11.491129844925736,11.491129844925736,6600
2023-03-17,11.588643074035645,11.678651867552611,11.551139231238665,11.678651867552611,3500
2023-03-20,11.50613784790039,11.581144835480572,11.476134909803024,11.551141897383205,7900
2023-03-21,11.44612979888916,11.581142637034617,11.34862008975135,11.581142637034617,30800
2023-03-22,11.44612979888916,11.603645372830803,11.356121001683412,11.453630710821223,3900
2023-03-23,11.326116561889648,11.416125347116136,11.283362227958664,11.371120596839773,21100
2023-03-24,11.528636932373047,11.528636932373047,11.30361459636936,11.498634001927641,10100
2023-03-27,11.363619804382324,11.506134252304786,11.303613946939048,11.423625661825598,13800
2023-03-28,11.401122093200684,11.489630828188448,11.35611806390333,11.35611806390333,12600
2023-03-29,11.453630447387695,11.49113357553277,11.39362386863768,11.39362386863768,6800
2023-03-30,11.53613567352295,11.53613567352295,11.412373519303236,11.453627809151858,11700
2023-03-31,11.618645668029785,11.693653351446988,11.528636877124914,11.528636877124914,26500
2023-04-03,11.49863338470459,11.678650957714051,11.45362934911535,11.61114418900394,32400
2023-04-04,11.716155052185059,11.72740641898999,11.506134545776876,11.588642423034239,35900
2023-04-05,11.813667297363281,11.820417832770286,11.686154640737056,11.738659599820885,21900
2023-04-06,11.918676376342773,11.948679308381264,11.776161912665206,11.776161912665206,33300
2023-04-10,11.843667030334473,11.903672886009947,11.783661174659,11.843667030334473,9300
2023-04-11,11.956177711486816,11.956177711486816,11.851167822766596,11.903672767126707,8600
2023-04-12,11.941176414489746,12.038685390935115,11.888671470968978,11.963678430952047,14500
2023-04-13,12.200515747070312,12.254705618046831,12.076652762963061,12.076652762963061,26000
2023-04-14,12.169548034667969,12.169548034667969,11.99923608989897,12.099874932795128,17200
2023-04-17,12.061171531677246,12.115361411688435,12.010852462849963,12.115361411688435,7300
2023-04-18,11.782479286193848,12.061171035432864,11.68184041439822,12.037946907566708,31300
2023-04-19,11.774737358093262,11.821186350899977,11.565717997885589,11.720547481720175,20900
2023-04-20,11.797961235046387,11.844410226867625,11.581200995871194,11.674098241231992,19300
2023-04-21,11.790217399597168,11.813442260287859,11.720545032369715,11.728285914318406,7700
2023-04-24,11.828926086425781,11.89085757863626,11.782477836408733,11.797960340320541,10500
2023-04-25,11.7360258102417,11.859888762600752,11.717446219731555,11.859888762600752,12300
2023-04-26,11.821186065673828,11.88311756240068,11.728288082301878,11.728288082301878,18400
2023-04-27,11.852149963378906,11.898598209530528,11.84440834292645,11.898598209530528,8500
2023-04-28,11.914080619812012,11.952787242812635,11.87537325852988,11.898597379986555,12600
2023-05-01,11.85989761352539,12.30890152005486,11.759258705057478,11.914088249335487,29300
2023-05-02,11.890856742858887,11.945047348445357,11.834344241731902,11.945047348445357,3200
2023-05-03,11.867633819580078,11.937306935035725,11.84828050452313,11.937306935035725,19400
2023-05-04,11.945049285888672,11.99149754017473,11.778608108419967,11.828927173610145,9600
2023-05-05,11.921822547912598,11.956659102296236,11.867632680329859,11.945047409689407,14800
2023-05-08,11.921822547912598,11.968271533184641,11.898598424417363,11.968271533184641,8500
2023-05-09,11.906338691711426,11.92956281256696,11.883114570855891,11.914080311423767,13300
2023-05-10,11.937307357788086,12.068911972024637,11.90634160963135,11.991497232491959,24600
2023-05-11,11.991496086120605,12.003108517424876,11.906340471400762,11.906340471400762,3200
2023-05-12,11.928389549255371,11.975136576224163,11.91280671157871,11.92059813041704,6200
2023-05-15,11.897220611572266,11.951759039018288,11.897220611572266,11.9283855334029,12800
2023-05-16,11.866060256958008,11.905016612437462,11.866060256958008,11.897225935766114,18200
2023-05-17,11.873847961425781,11.9128043047161,11.866056544161628,11.9128043047161,7300
2023-05-18,11.823208808898926,11.881642969981224,11.781914879341958,11.881642969981224,11000
2023-05-19,11.788145065307617,11.897222682214329,11.788145065307617,11.819309992562324,16400
2023-05-22,11.764772415161133,11.897223551428166,11.756980997020595,11.795937344692756,10000
2023-05-23,11.690753936767578,11.741396662156363,11.679066811048427,11.741396662156363,8700
2023-05-24,11.577780723571777,11.69075404413649,11.577780723571777,11.671275501092344,9600
2023-05-25,11.569989204406738,11.629981477934384,11.46870301706563,11.585571294673622,33000
2023-05-26,11.710234642028809,11.729713189726883,11.577783489804379,11.624531261249139,9000
2023-05-30,11.792040824890137,11.852033105780498,11.686858916315979,11.718023843704934,14600
2023-05-31,11.73360824584961,11.912806416509056,11.71802540855892,11.912806416509056,6200
2023-06-01,11.838789939880371,11.905015515182395,11.74139943167331,11.74139943167331,5100
2023-06-02,11.710234642028809,11.850477213332468,11.710234642028809,11.850477213332468,12400
2023-06-05,11.771005630493164,11.819311534098935,11.702443227408827,11.819311534098935,8500
2023-06-06,11.86683464050293,12.1231667410672,11.702439915799195,11.780351850534537,10700
2023-06-07,11.9205961227417,12.033568704748184,11.889431195667793,11.889431195667793,6500
2023-06-08,11.959552764892578,12.045256130720484,11.928387837043296,12.014091202871201,15800
2023-06-09,11.873847961425781,12.177706547453731,11.873847961425781,11.936177813478112,15000
2023-06-12,11.827103614807129,12.119275140919711,11.795938681743012,11.975136861104033,22600
2023-06-13,11.842681884765625,11.889429640778088,11.820087074107068,11.842681884765625,10800
2023-06-14,11.81837272644043,11.887385356666165,11.790924733709089,11.887385356666165,14600
2023-06-15,11.834056854248047,11.873268590092739,11.802687615152625,11.84974109984493,21700
2023-06-16,11.755637168884277,11.826218166557538,11.755637168884277,11.810533915908978,7000
2023-06-20,11.763479232788086,11.92032547297822,11.763479232788086,11.92032547297822,16100
2023-06-21,11.90463924407959,11.990904474869389,11.763477277421968,11.787004022564323,18500
2023-06-22,12.030115127563477,12.077168613593424,11.942280806858337,11.950907852688445,24800
2023-06-23,12.108540534973145,12.155594779324762,12.100698784166077,12.139909781906942,13800
2023-06-26,12.108540534973145,12.220686172385395,12.030117791589575,12.186964026258558,22900
2023-06-27,12.2810697555542,12.320281494774449,12.16343528579517,12.16343528579517,34700
2023-06-28,12.34381103515625,12.38929693219942,12.194807289850361,12.281072537353573,22500
2023-06-29,12.414389610290527,12.484970593524675,12.30459688660388,12.30459688660388,14400
2023-06-30,12.469286918640137,12.53202541084724,12.36733742972996,12.524183660247719,14900
2023-07-03,12.579078674316406,12.673185651801125,12.39086247564181,12.39086247564181,5000
2023-07-05,12.547708511352539,12.688870471433802,12.500654275358215,12.571236003300555,28300
2023-07-06,12.477910041809082,12.547706461555466,12.422229516604165,12.51633722531764,26200
2023-07-07,12.484969139099121,12.524180874983683,12.422230660844486,12.469284145584636,18000
2023-07-10,12.649659156799316,12.657501654841901,12.469286189230536,12.469286189230536,27900
2023-07-11,12.571235656738281,12.673185127428987,12.53202317123926,12.618289143533731,7000
2023-07-12,12.814350128173828,12.814350128173828,12.56417994572475,12.579081142495758,11200
2023-07-13,12.70309829711914,12.821449840819321,12.600526608097294,12.821449840819321,15500
2023-07-14,12.608413696289062,12.789886128175436,12.601312725447873,12.608413696289062,3000
2023-07-17,12.59105396270752,12.789884124961585,12.569750301060013,12.655753526252983,7800
2023-07-18,12.624195098876953,12.663645106592412,12.604470095019224,12.63208540140431,3600
2023-07-19,12.66285514831543,12.701516573042749,12.608413120252548,12.608413120252548,9000
2023-07-20,12.482172012329102,12.683370953981633,12.482172012329102,12.63681922494265,13500
2023-07-21,12.561073303222656,12.64786512001936,12.561073303222656,12.592633758659472,5000
2023-07-24,12.497955322265625,12.584746406948296,12.466394859430036,12.584746406948296,19700
2023-07-25,12.497955322265625,12.576856103124202,12.458504555605941,12.497955322265625,22800
2023-07-26,12.592635154724121,12.61630531081074,12.51373363115447,12.561074695788399,10800
2023-07-27,12.592635154724121,12.76621805510094,12.553184392939295,12.576854549025914,24200
2023-07-28,12.726767539978027,12.781999664257789,12.62419660473006,12.632086908198596,15300
2023-07-31,12.845122337341309,12.947693286565437,12.651813638325969,12.742549883195467,26000
2023-08-01,12.829340934753418,12.947692485744765,12.799358381310638,12.864846550542985,10100
2023-08-02,12.821447372436523,12.821447372436523,12.758326460953684,12.758326460953684,9500
2023-08-03,12.655756950378418,12.797777888304468,12.639976344523943,12.774108484444163,15700
2023-08-04,12.718877792358398,12.805668114193066,12.639976268482103,12.639976268482103,14000
2023-08-07,12.592635154724121,12.76621805510094,12.545294090090191,12.703097137229495,15600
2023-08-08,12.695207595825195,12.695207595825195,12.576855303372074,12.632086674167827,3600
2023-08-09,12.679424285888672,12.75043549572859,12.600523526869214,12.71098549244915,14700
2023-08-10,12.691259384155273,12.699149686043,12.679424683784287,12.679424683784287,900
2023-08-11,12.70309829711914,12.734658006475808,12.663646779271394,12.671537082840944,22800
2023-08-14,12.607035636901855,12.892837177726483,12.607035636901855,12.73405930105127,17700
2023-08-15,12.678486824035645,12.678486824035645,12.575280517805009,12.621326058838854,5200
2023-08-16,12.583220481872559,12.654670307479211,12.583220481872559,12.6229145770597,9000
2023-08-17,12.440319061279297,12.614975953562626,12.440319061279297,12.614975953562626,18300
2023-08-18,12.432378768920898,12.527645949255145,12.339493476301978,12.376806436338319,7200
2023-08-21,12.329171180725098,12.424438351115594,12.305354577406515,12.384744264623347,21400
2023-08-22,12.305355072021484,12.34504991722544,12.281538467745593,12.34504991722544,8500
2023-08-23,12.345053672790527,12.363313049719636,12.297419692631514,12.321237061269235,4800
2023-08-24,12.13070011138916,12.27360127370622,12.13070011138916,12.27360127370622,11500
2023-08-25,12.202152252197266,12.218030497647042,12.130701661906095,12.194213129472375,17400
2023-08-28,12.186272621154785,12.233905834895955,12.16245525716792,12.218028349354325,4600
2023-08-29,12.297418594360352,12.319647530743834,12.170395668102525,12.170395668102525,20300
2023-08-30,12.368865966796875,12.384744207012847,12.265659676741548,12.273598796849534,15200
2023-08-31,12.281539916992188,12.384746223854542,12.280745702005586,12.384746223854542,19600
2023-09-01,12.297418594360352,12.345052570265217,12.241846253401643,12.289479472190147,6300
2023-09-05,12.337113380432129,12.345052502558792,12.305357649041836,12.321235893295162,17600
2023-09-06,12.321233749389648,12.337111233763919,12.241844056169615,12.329172113018672,15400
2023-09-07,12.202152252197266,12.305358576271576,12.194213129472375,12.305358576271576,10700
2023-09-08,12.186272621154785,12.3212346552819,12.186272621154785,12.194210985367459,11600
2023-09-11,12.321233749389648,12.321233749389648,12.17039348369483,12.17833260444008,24600
2023-09-12,12.24978256225586,12.24978256225586,12.194209476943845,12.241843441908973,7000
2023-09-13,12.241844177246094,12.265660782601168,12.241844177246094,12.241844177246094,6300
2023-09-14,12.161140441894531,12.360896358920355,12.161140441894531,12.217071854819089,6600
2023-09-15,12.185113906860352,12.37048772343632,12.065260632252025,12.153152982830896,17500
2023-09-18,11.977371215820312,12.193108091100845,11.96139112987848,12.193108091100845,26000
2023-09-19,11.905454635620117,12.027705944781783,11.905454635620117,12.027705944781783,15400
2023-09-20,11.929426193237305,12.073249966490874,11.929426193237305,11.929426193237305,10700
2023-09-21,11.857518196105957,11.977371510650668,11.833547685598774,11.905459217120326,10100
2023-09-22,11.833542823791504,11.961386509983667,11.833542823791504,11.889474245998455,5600
2023-09-25,11.76961898803711,11.817560746350544,11.705697151624795,11.793590248198026,22600
2023-09-26,11.521926879882812,11.761634247657415,11.505946033093771,11.761634247657415,14400
2023-09-27,11.338147163391113,11.521923030015726,11.338147163391113,11.521923030015726,7600
2023-09-28,11.450011253356934,11.537903599032127,11.306186722244352,11.354128486618043,43400
2023-09-29,11.426040649414062,11.617806181167198,11.242264776644276,11.617806181167198,19700
2023-10-02,11.513934135437012,11.537904638779732,11.362119931588365,11.46199791785969,10100
2023-10-03,11.17834186553955,11.809570585470441,11.170351445310555,11.458000477487131,23000
2023-10-04,11.30618953704834,11.370111397455005,11.187135586396787,11.346140890304676,10300
2023-10-05,11.226287841796875,11.33016105776613,11.226287841796875,11.33016105776613,3400
2023-10-06,11.0824613571167,11.242265984074145,11.0824613571167,11.154373629749692,11100
2023-10-09,11.215895652770996,11.218292931182933,11.082458838635171,11.082458838635171,3500
2023-10-10,11.338147163391113,11.394079346455193,11.162362479499611,11.162362479499611,49400
2023-10-11,11.473982810974121,11.481174647798714,11.378100035407094,11.402071300805273,18700
2023-10-12,11.368584632873535,11.561681426060296,11.328355942468347,11.537544518736564,14200
2023-10-13,11.352496147155762,11.44099944521289,11.280085404152663,11.392724849245486,33600
2023-10-16,11.272037506103516,11.312266201040568,11.14330629614378,11.312266201040568,9200
2023-10-17,11.111124038696289,11.231809362128976,11.05480355610227,11.231809362128976,10400
2023-10-18,10.950207710266113,11.159396290926805,10.950207710266113,11.070893784015805,22000
2023-10-19,10.934115409851074,11.046754811362282,10.934115409851074,10.958252314846565,3100
2023-10-20,10.765153884887695,10.942159617998668,10.755498970914497,10.942159617998668,39900
2023-10-23,10.612287521362305,10.76515638874503,10.531830909269996,10.76515638874503,70200
2023-10-24,10.65251636505127,10.684699163813118,10.604242550557723,10.65251636505127,17400
2023-10-25,10.523784637451172,10.644469934876248,10.499647731425839,10.644469934876248,10600
2023-10-26,10.486776351928711,10.628380527269865,10.419191930619334,10.58010594062031,37900
2023-10-27,10.395050048828125,10.539872972207185,10.3693033591639,10.491598408648112,22800
2023-10-30,10.451372146606445,10.499646721311283,10.366892599995897,10.39505244886608,39800
2023-10-31,10.539876937866211,10.636425334012811,10.491602356143687,10.555967953574754,15900
2023-11-01,10.813429832458496,10.877796194147258,10.57205923714388,10.57205923714388,13800
2023-11-02,11.006525039672852,11.038707830016412,10.86170209947771,10.942159458985731,37500
2023-11-03,11.288127899169922,11.291346716349805,11.030665493494869,11.151350804330427,38200
2023-11-06,11.159395217895508,11.336400981995993,11.14330420332186,11.304218185550305,23900
2023-11-07,11.424907684326172,11.424907684326172,11.202041947940765,11.263993642887513,19000
2023-11-08,11.416858673095703,11.481225039394827,11.328356166294414,11.449041472596033,17200
2023-11-09,11.357319831848145,11.457086270585778,11.344446866736579,11.400766568661178,23500
2023-11-10,11.5455904006958,11.5455904006958,11.368584623438938,11.457087128418145,12200
2023-11-13,11.529497146606445,11.617999640293828,11.457085666635699,11.505360242382313,19300
2023-11-14,11.65831470489502,11.774978909208611,11.65831470489502,11.721507847758058,10500
2023-11-15,11.642109870910645,11.689909778043456,11.496279436231253,11.666414685811832,10800
2023-11-16,11.901366233825684,11.933772919254569,11.65831647942721,11.706926121252375,26200
2023-11-17,11.877058982849121,11.982380882103062,11.86085602976799,11.909465661647552,24700
2023-11-20,11.875439643859863,11.921619338409123,11.731229410318472,11.860856907743772,33000
2023-11-21,11.885160446166992,11.912706469905926,11.771736687867344,11.877058583580702,14900
2023-11-22,11.941876411437988,11.974283101283877,11.91757158721268,11.91757158721268,29200
2023-11-24,11.949974060058594,11.97103843965688,11.941872197297062,11.941872197297062,8300
2023-11-27,11.949974060058594,11.998584463991623,11.925669244410159,11.998584463991623,13900
2023-11-28,11.949974060058594,11.990482601230092,11.903794369481256,11.925669244410159,17900
2023-11-29,12.025321006774902,12.030992156658842,11.941873204041256,11.949975067485804,22500
2023-11-30,11.998586654663086,12.103907799247626,11.949976241854891,12.103907799247626,19800
2023-12-01,12.193025588989258,12.306448586915675,12.006686592538935,12.039093273751657,18800
2023-12-04,12.274043083190918,12.298348675909342,12.217331578787196,12.233535307266145,9800
2023-12-05,12.257840156555176,12.27404311243643,12.209229743638803,12.27404311243643,9100
2023-12-06,12.13631534576416,12.306450643725169,12.132265185992352,12.306450643725169,39200
2023-12-07,12.46848201751709,12.492786833809307,12.112007772929072,12.128211498881337,59300
2023-12-08,12.168721199035645,12.427974657851596,12.168721199035645,12.411770930357472,20400
2023-12-11,12.249737739562988,12.371263380052282,12.136313962966902,12.209229192733224,13500
2023-12-12,12.233534812927246,12.298348178951432,12.217331085103066,12.22138201705911,16000
2023-12-13,12.322652816772461,12.427974728171437,12.136313812716965,12.201127950423936,28700
2023-12-14,12.460467338562012,12.542015212182621,12.362610356836178,12.362610356836178,29000
2023-12-15,12.39522933959961,12.542015200905459,12.313682243750485,12.525705315116738,20600
2023-12-18,12.387075424194336,12.484933191647494,12.3014508497956,12.452314195062515,50500
2023-12-19,12.370768547058105,12.476780499513714,12.297375597073579,12.427851606957908,31100
2023-12-20,12.30552864074707,12.422957187038358,12.27290964331606,12.378921579391406,21100
2023-12-21,12.207671165466309,12.31775979137899,12.207671165466309,12.28921826696836,41800
2023-12-22,12.452313423156738,12.49961069307867,12.248444512713686,12.281063507276647,43600
2023-12-26,12.346303939819336,12.493089055553337,12.346303939819336,12.476779943893261,57300
2023-12-27,12.615409851074219,12.656183793405464,12.34630292046557,12.403385973110355,54100
2023-12-28,12.55832290649414,12.55832290649414,12.476775819752117,12.55832290649414,38000
2023-12-29,12.615409851074219,12.648028849399562,12.419695083423894,12.623564017381856,39500
2024-01-02,12.59094524383545,12.62356424274312,12.54201713432308,12.615410076289912,24100
2024-01-03,12.725497245788574,12.73446799440125,12.574634684854159,12.62356278873087,8100
2024-01-04,12.770350456237793,12.786660344961673,12.639874457239948,12.72957651212639,18300
2024-01-05,12.81112289428711,12.827432003395408,12.558325092673702,12.737729959054242,28600
2024-01-08,12.860053062438965,12.884517117395829,12.811124174826949,12.811124174826949,8900
2024-01-09,12.95790958404541,12.96606375026602,12.851897646194896,12.851897646194896,14300
2024-01-10,12.949752807617188,12.957907750382056,12.851895827533205,12.957907750382056,18800
2024-01-11,12.88451862335205,12.966065741972344,12.876363678180509,12.892673568523593,7900
2024-01-12,12.757352828979492,12.92963865199423,12.7409442827864,12.888618068914045,31100
2024-01-16,12.74094295501709,12.79016780606396,12.683514614131127,12.757351499500201,22700
2024-01-17,12.533378601074219,12.757349884579986,12.470206651693971,12.71632931096736,17200
2024-01-18,12.478412628173828,12.675310469539289,12.478412628173828,12.552249514286494,13200
2024-01-19,12.445598602294922,12.593272401585741,12.429190054639223,12.503026954284634,13400
2024-01-22,12.486615180969238,12.568655545705852,12.462002367386127,12.470206638580496,13900
2024-01-23,12.519437789916992,12.560458384150298,12.4866214710109,12.519437789916992,12100
2024-01-24,12.503024101257324,12.568656712098377,12.470207795836798,12.527636917124546,15300
2024-01-25,12.576863288879395,12.667107949723395,12.552251250904227,12.576863288879395,17700
2024-01-26,12.511228561401367,12.568656901150492,12.486616527566378,12.568656901150492,23100
2024-01-29,12.6506986618042,12.661363590094883,12.488257822404657,12.511229159402271,31200
2024-01-30,12.691722869873047,12.716334911920134,12.642498003376163,12.642498003376163,17900
2024-01-31,12.749149322509766,12.814781946423638,12.708128736962948,12.71633301055283,15700
2024-02-01,12.872211456298828,12.92143631986979,12.781966785888505,12.806578826472654,14400
2024-02-02,12.773761749267578,12.831190883740314,12.708129123358123,12.773761749267578,22200
2024-02-05,12.749149322509766,12.827088356808462,12.654802523433899,12.71633301055283,22000
2024-02-06,12.8475980758667,12.880414387357444,12.79016972635854,12.79016972635854,8600
2024-02-07,12.839397430419922,12.896826578558407,12.831193937031111,12.831193937031111,6500
2024-02-08,12.83528995513916,12.864004124316262,12.820522109274915,12.839391308676664,13500
2024-02-09,12.864006996154785,12.929639621041076,12.83119068371164,12.880414761175055,4200
2024-02-12,12.970660209655762,12.986248016749407,12.896823311044027,12.94604738851678,16400
2024-02-13,12.913232803344727,12.99445324620118,12.83119240244886,12.896825036126637,16500
2024-02-14,12.94707202911377,13.00815120676629,12.90085037421647,12.975135626532,29100
2024-02-15,13.074183464050293,13.131960537518934,12.9338670394948,12.95862852995942,57900
2024-02-16,13.020529747009277,13.10719612504515,12.991641216715125,12.991641216715125,8500
2024-02-20,12.98338794708252,13.181482200626203,12.98338794708252,13.041165798478099,48100
2024-02-21,12.966883659362793,13.115454188337754,12.966883659362793,13.041168923850273,49400
2024-02-22,12.975136756896973,13.060151706297036,12.95862857176491,13.032913830552006,41500
2024-02-23,12.98338794708252,13.023832679205464,12.950372369350816,13.008150220746396,28900
2024-02-26,12.87608814239502,13.008150455707218,12.83811979438335,13.008150455707218,41500
2024-02-27,12.887642860412598,12.950371904845436,12.835642717306378,12.91735632829794,14400
2024-02-28,13.032912254333496,13.07418192501885,12.884341754727625,12.884341754727625,11600
2024-02-29,13.04116439819336,13.095640134959053,12.975133249819995,12.983386553001631,11700
2024-03-01,13.197990417480469,13.214498600950673,13.016405122229283,13.016405122229283,15100
2024-03-04,13.255765914916992,13.28052818718873,13.164973278047547,13.164973278047547,18100
2024-03-05,13.313545227050781,13.352339302738706,13.272276340593383,13.272276340593383,4500
2024-03-06,13.37132453918457,13.37132453918457,13.29208651000941,13.313545891231826,17600
2024-03-07,13.396081924438477,13.531445545494595,13.354813046144336,13.354813046144336,26800
2024-03-08,13.37132453918457,13.445609797959488,13.37132453918457,13.429101612830133,9300
2024-03-11,13.495131492614746,13.499257751350155,13.387829873809661,13.387829873809661,8500
2024-03-12,13.486878395080566,13.495132487466908,13.437355415069668,13.495132487466908,13500
2024-03-13,13.412591934204102,13.511639459644078,13.3713230502832,13.495131276352915,19400
2024-03-14,13.325413703918457,13.441648924494878,13.283902143146937,13.441648924494878,10400
2024-03-15,13.275601387023926,13.325415583689775,13.242391658652565,13.28390401706236,16600
2024-03-18,13.345340728759766,13.350322623178354,13.275600541158175,13.275600541158175,15500
2024-03-19,13.372740745544434,13.39183536989431,13.366929062731026,13.366929062731026,13100
2024-03-20,13.322094917297363,13.342020912779725,13.308811976018967,13.325415652616963,19000
2024-03-21,13.342015266418457,13.342015266418457,13.296351612078173,13.308806343711767,14800
2024-03-22,13.408440589904785,13.416743220122417,13.35862639216379,13.35862639216379,13900
2024-03-25,13.338700294494629,13.391835227203956,13.338700294494629,13.366928920306052,8500
2024-03-26,13.346171379089355,13.39183346357701,13.283902452915484,13.39183346357701,13300
2024-03-27,13.449954986572266,13.449954986572266,13.342022367312378,13.342022367312378,7500
2024-03-28,13.499767303466797,13.532976239209795,13.416742588762222,13.483162043812937,8700
2024-04-01,13.437498092651367,13.541278587986936,13.408439680642584,13.541278587986936,9100
2024-04-02,13.416742324829102,13.433347584156303,13.337869718371929,13.433347584156303,14200
2024-04-03,13.416742324829102,13.449952843483505,13.342020241421384,13.342020241421384,13500
2024-04-04,13.425045013427734,13.425045013427734,13.387683971559863,13.408439754027638,6400
2024-04-05,13.516374588012695,13.557886159801482,13.387686181763522,13.425047229799413,14600
2024-04-08,13.640909194946289,13.640909194946289,13.51637291146226,13.532976587979306,13400
2024-04-09,13.607699394226074,13.640909916145539,13.591095716831186,13.61600202470594,12600
2024-04-10,13.532976150512695,13.59939560512809,13.441650390144476,13.541278780285209,14200
2024-04-11,13.532976150512695,13.57448929937526,13.40013724128191,13.566186669602747,13800
2024-04-12,13.420233726501465,13.578905264997797,13.420233726501465,13.553851361178003,8100
2024-04-15,13.211456298828125,13.403531454303625,13.144647479843261,13.378479142714232,27100
2024-04-16,13.194754600524902,13.343403945237153,13.182227648203508,13.211456407196144,18600
2024-04-17,13.23651123046875,13.303320054638231,13.226489827200927,13.24486173617193,8100
2024-04-18,13.23651123046875,13.42858640085001,13.20310681838401,13.20310681838401,14400
2024-04-19,13.228160858154297,13.306661192250058,13.20310774643575,13.286618384305596,8100
2024-04-22,13.261565208435059,13.336725339651181,13.198932031229644,13.244862603087451,8300
2024-04-23,13.537153244018555,13.537153244018555,13.194758539029149,13.428589477190402,22800
2024-04-24,13.474520683288574,13.474520683288574,13.395185685176708,13.411886700198751,7600
2024-04-25,13.32002067565918,13.432760058635136,13.32002067565918,13.353425084767599,11500
2024-04-26,13.345078468322754,13.357605424795114,13.332552308274607,13.357605424795114,5000
2024-04-29,13.161351203918457,13.44528910700265,13.144648599537499,13.361777677945883,25900
2024-04-30,13.186403274536133,13.186403274536133,13.10289185206286,13.16135016636373,17400
2024-05-01,13.274090766906738,13.33672393752737,13.211456799862134,13.33672393752737,9400
2024-05-02,13.253212928771973,13.303319944696993,13.236511121079632,13.253212928771973,8700
2024-05-03,13.30332088470459,13.332549647549477,13.219809451070002,13.332549647549477,33300
2024-05-06,13.445290565490723,13.453641868587114,13.278267689259255,13.278267689259255,12300
2024-05-07,13.570556640625,13.612311562379967,13.378481451995098,13.495396507187532,11500
2024-05-08,13.570556640625,13.620662865300591,13.537151428942497,13.612311562379967,11700
2024-05-09,13.595611572265625,13.620663890064174,13.570557661618793,13.570557661618793,7100
2024-05-10,13.512100219726562,13.5455038412968,13.461993990947061,13.5455038412968,8100
2024-05-13,13.520450592041016,13.53715160525162,13.495396682952833,13.528801895070409,13100
2024-05-14,13.491048812866211,13.524651199035846,13.457448028946537,13.495249912262397,7600
2024-05-15,13.55825138092041,13.600254361767371,13.491048213815162,13.521290680474952,18700
2024-05-16,13.524650573730469,13.684258696156915,13.474248599056287,13.684258696156915,21400
2024-05-17,13.583453178405762,13.765741148427386,13.423845055581605,13.60025437075565,6000
2024-05-20,13.726261138916016,13.768262520692682,13.625455579502,13.633856176307336,11500
2024-05-21,13.764900207519531,13.776660720550833,13.684257376269061,13.726258750738072,6100
2024-05-22,13.541450500488281,13.734659387224067,13.381842392978411,13.717858196486242,19300
2024-05-23,13.356642723083496,13.503650761956658,13.356642723083496,13.369243618133337,17200
2024-05-24,13.382681846618652,13.499447397329414,13.382681846618652,13.390242061929985,5800
2024-05-28,13.39024543762207,13.549852782750772,13.37344504393092,13.49945080055226,8200
2024-05-29,13.314640045166016,13.356641422325122,13.262557312048829,13.356641422325122,14000
2024-05-30,13.339841842651367,13.390243818756334,13.272638673761433,13.339841842651367,9900
2024-05-31,13.432246208190918,13.659057507560455,13.356642441734406,13.356642441734406,13400
2024-06-03,13.608658790588379,13.651499760192866,13.524654407485915,13.651499760192866,7200
2024-06-04,13.701058387756348,13.717859580188888,13.415445326527708,13.549850860363284,14900
2024-06-05,13.743061065673828,13.785062443578756,13.575052349554399,13.67585789967603,20800
2024-06-06,13.688457489013672,13.793462532162826,13.684257992277619,13.793462532162826,10500
2024-06-07,13.684259414672852,13.734661391993477,13.533051880461,13.587653354954192,7600
2024-06-10,13.768260955810547,13.768260955810547,13.663255911053602,13.759860359960012,8800
2024-06-11,13.633853912353516,13.894267563326194,13.504488267983035,13.852264586274273,29200
2024-06-12,13.608658790588379,13.726263965581625,13.566655797911977,13.726263965581625,19500
2024-06-13,13.650656700134277,13.691818500885766,13.61705431456167,13.61705431456167,6300
2024-06-14,13.676006317138672,13.676006317138672,13.595733765243086,13.595733765243086,11600
2024-06-17,13.701354026794434,13.730928204763256,13.578831511396848,13.663329853452833,7200
2024-06-18,13.667553901672363,13.806976406350335,13.6126313498342,13.756278046318258,18900
2024-06-20,13.57883071899414,13.637979071480137,13.545032351147169,13.637979071480137,22400
2024-06-21,13.511234283447266,13.60418262860401,13.460535918667205,13.587282636453336,13500
2024-06-24,13.485885620117188,13.555173817762636,13.452086440350918,13.494335616517757,14100
2024-06-25,13.502786636352539,13.582214679271868,13.452932779005714,13.502786636352539,20200
2024-06-26,13.477433204650879,13.492643356609035,13.443634030951229,13.477433204650879,5800
2024-06-27,13.561933517456055,13.773178597862984,13.510390633266494,13.528135142660418,8400
2024-06-28,13.6802339553833,13.762197162291857,13.570385594197335,13.57883559210951,8800
2024-07-01,13.612635612487793,13.663333988395534,13.570385622837751,13.663333988395534,5800
2024-07-02,13.612635612487793,13.671783986325542,13.595735616627776,13.595735616627776,18900
2024-07-03,13.637980461120605,13.646430456861292,13.536583735576157,13.536583735576157,8700
2024-07-05,13.57883071899414,13.680229045878512,13.557706537630818,13.570380724114466,12200
2024-07-08,13.570382118225098,13.595732105468374,13.542498582762198,13.570382118225098,8500
2024-07-09,13.502786636352539,13.545036624079142,13.477437449552697,13.543345979901183,19000
2024-07-10,13.46898365020752,13.595731160102801,13.44363447056282,13.595731160102801,22800
2024-07-11,13.57883071899414,13.57883071899414,13.51123237162847,13.51123237162847,9100
2024-07-12,13.5281343460083,13.595732703290865,13.4858851712477,13.595732703290865,22200
2024-07-15,13.50943374633789,13.557885259896704,13.430381959496637,13.515383889547943,25700
2024-07-16,13.540884971618652,13.587635748638599,13.447381796286358,13.532384535561862,19500
2024-07-17,13.430380821228027,13.59188504208985,13.396379889959952,13.59188504208985,19700
2024-07-18,13.311376571655273,13.415929653638942,13.311376571655273,13.387878866308988,17700
2024-07-19,13.311376571655273,13.345377501429578,13.294376512091175,13.345377501429578,5000
2024-07-22,13.383630752563477,13.430382342344439,13.336879162782514,13.336879162782514,18100
2024-07-23,13.4346342086792,13.481384993549149,13.362382111356911,13.396383050647028,18300
2024-07-24,13.345376968383789,13.498381551579856,13.332627126881503,13.40317846562677,22300
2024-07-25,13.430380821228027,13.430380821228027,13.345378087734767,13.345378087734767,8100
2024-07-26,13.421879768371582,13.472881568250793,13.404879708842584,13.468631350707017,8600
2024-07-29,13.387882232666016,13.455884109313565,13.362381731584762,13.455884109313565,23000
2024-07-30,13.379382133483887,13.498385825947155,13.362382069215611,13.413383072666774,11600
2024-07-31,13.464381217956543,13.566384007711232,13.404879793261172,13.404879793261172,7100
2024-08-01,13.523884773254395,13.54938527204898,13.481383401499256,13.481383401499256,9600
2024-08-02,13.53238296508789,13.70238842390925,13.48138116531226,13.591884389287703,18600
2024-08-05,13.217874526977539,13.447380605667215,13.217874526977539,13.430380545705004,49800
2024-08-06,13.41337776184082,13.472879989836606,13.137120139029145,13.260374001420546,23900
2024-08-07,13.566384315490723,13.608885681514263,13.481381583443644,13.515382514133249,27800
2024-08-08,13.583386421203613,13.583386421203613,13.532385422811396,13.583386421203613,13100
2024-08-09,13.583386421203613,13.600387294431854,13.562136140314564,13.570636576928685,13300
2024-08-12,13.574884414672852,13.61738577964394,13.540883484825203,13.540883484825203,19300
2024-08-13,13.614837646484375,13.659888500621312,13.583386193668224,13.583386193668224,9900
2024-08-14,13.62588882446289,13.642888076673325,13.579137232975993,13.583386640705468,7600
2024-08-15,13.587407112121582,13.67291579098114,13.578855999591934,13.613059634231552,11700
2024-08-16,13.638710975646973,13.698567942693755,13.613058455757725,13.638710975646973,6800
2024-08-19,13.570305824279785,13.681467848405564,13.570305824279785,13.681467848405564,17200
2024-08-20,13.636144638061523,13.636144638061523,13.561751764135344,13.561751764135344,18600
2024-08-21,13.595959663391113,13.66436694401232,13.561756023080509,13.587409364922793,13200
2024-08-22,13.578856468200684,13.636147130072693,13.570305355375934,13.636147130072693,7900
2024-08-23,13.64726448059082,13.724222053753675,13.626742134889108,13.626742134889108,5100
2024-08-26,13.662654876708984,13.701134883818105,13.618190069291009,13.672916048842286,6500
2024-08-27,13.570305824279785,13.801180170172533,13.548928856958264,13.672916735285343,25600
2024-08-28,13.604509353637695,13.672916627100136,13.544653193227814,13.595958240585134,12900
2024-08-29,13.595959663391113,13.66436694401232,13.536103496717335,13.595959663391113,21700
2024-08-30,13.621611595153809,13.638713005799254,13.553204321613974,13.553204321613974,29000
2024-09-03,13.655813217163086,13.655813217163086,13.613058473638912,13.621609585439527,13900
2024-09-04,13.64726448059082,13.672917004978439,13.621611956203203,13.621611956203203,10100
2024-09-05,13.570305824279785,13.681467848405564,13.561754711159564,13.63016198516327,17100
2024-09-06,13.578856468200684,13.630161514191169,13.570305355375934,13.595957878371177,9400
2024-09-09,13.578856468200684,13.587407581025431,13.553203945205441,13.587407581025431,14800
2024-09-10,13.672916412353516,13.672916412353516,13.604509139965478,13.604509139965478,12000
2024-09-11,13.795194625854492,13.795194625854492,13.655815395569112,13.655815395569112,11400
2024-09-12,13.946547508239746,13.963649736536569,13.78835597388979,13.843937400375331,27200
2024-09-13,13.985250473022461,14.02825489146704,13.957727579597394,14.011054108397254,6600
2024-09-16,14.008471488952637,14.035994378267768,13.959444753112933,14.019651586150145,8300
2024-09-17,14.011053085327148,14.019652655977408,13.985249451836507,14.011053085327148,9300
2024-09-18,13.989553451538086,14.02481793577813,13.98525366491764,14.019656879422566,11700
2024-09-19,13.916443824768066,14.054059946306074,13.916443824768066,13.993853098197391,25400
2024-09-20,13.899238586425781,13.972348058985345,13.899238586425781,13.933643430103986,14900
2024-09-23,13.913861274719238,13.942243795911054,13.9078405907834,13.9078405907834,12900
2024-09-24,13.968046188354492,13.968046188354492,13.907839354348601,13.917300193904786,14500
2024-09-25,13.959446907043457,14.002452966215236,13.933644912053804,14.002452966215236,20600
2024-09-26,13.957727432250977,14.036855955076888,13.942244266881508,13.989550110979199,32400
2024-09-27,14.011053085327148,14.105663127099591,13.986968709761245,14.0024518741636,19500
2024-09-30,14.006755828857422,14.019656829186319,13.959449973633099,13.959449973633099,21800
2024-10-01,14.116846084594727,14.14867040459642,14.019653866516459,14.019653866516459,18800
2024-10-02,14.07986068725586,14.122865101195435,14.07986068725586,14.122865101195435,5500
2024-10-03,14.019655227661133,14.148671778267094,13.99385322995081,14.148671778267094,19400
2024-10-04,14.017931938171387,14.045454826720427,13.968045574823487,14.036853616452643,11300
2024-10-07,14.012773513793945,14.105664305401186,13.899240141772495,13.976649408197432,21900
2024-10-08,14.02653694152832,14.06266105011391,13.925044929641123,13.925044929641123,12000
2024-10-09,14.036855697631836,14.056638648232177,13.95084522271474,13.976648857343877,11500
2024-10-10,14.011053085327148,14.075559708283821,13.985249451836507,13.993850663000055,12600
2024-10-11,14.04545783996582,14.071261476304961,14.01965420362668,14.062660264191914,8400
2024-10-14,13.985250473022461,14.054058526841832,13.976649261230865,14.002452896605655,13600
2024-10-15,14.006881713867188,14.067442394106022,13.998229952382385,14.032835348166817,21300
2024-10-16,13.987846374511719,14.04148630254138,13.976600570367188,14.02418278056639,11300
2024-10-17,13.98957633972168,14.02418173092694,13.980924579381727,13.980924579381727,8600
2024-10-18,14.063114166259766,14.096856527445045,14.01553195847526,14.01553195847526,14600
2024-10-21,14.006881713867188,14.084745917075624,14.002555008047398,14.084745917075624,8800
2024-10-22,13.99822998046875,14.058790660829096,13.972274695962268,13.972274695962268,15700
2024-10-23,13.833849906921387,13.954971268471079,13.833849906921387,13.94632115706449,12400
2024-10-24,13.738679885864258,13.877105564187097,13.711859926159406,13.738679885864258,10100
2024-10-25,13.634860038757324,13.746464922417081,13.62620827992616,13.695420700421202,27700
2024-10-28,13.626209259033203,13.755982350516929,13.591603046299063,13.704073443954316,17200
2024-10-29,13.53104305267334,13.600255481580948,13.53104305267334,13.582951961815429,6400
2024-10-30,13.600255012512207,13.617557706603728,13.531042585991715,13.531042585991715,11500
2024-10-31,13.686768531799316,13.695420290371441,13.582949904165151,13.6002534213094,21400
2024-11-01,13.59160327911377,13.746466145632526,13.59160327911377,13.712725438296593,12100
2024-11-04,13.65216064453125,13.747328326972854,13.591599992124415,13.591599992124415,25500
2024-11-05,13.691097259521484,13.703209394011546,13.6521651629242,13.678120444040577,10400
2024-11-06,13.548345565795898,13.68677042175604,13.514604857813433,13.68677042175604,28900
2024-11-07,13.70407485961914,13.730029315581607,13.591604450345418,13.608907145961302,26500
2024-11-08,13.73002815246582,13.76463436584326,13.691096059281547,13.7559826062296,31000
2024-11-11,13.773287773132324,13.825196686869658,13.708401218422003,13.763771331465184,29500
2024-11-12,13.717050552368164,13.792319871130154,13.665141644691799,13.792319871130154,27500
2024-11-13,13.7559814453125,13.824329185384228,13.712724301049231,13.824329185384228,12000
2024-11-14,13.786263465881348,13.83644218541334,13.773285826742311,13.816543798795237,13700
2024-11-15,13.739264488220215,13.821076787377315,13.707931853428489,13.821076787377315,17200
2024-11-18,13.629603385925293,13.786265760944207,13.629603385925293,13.70793457343475,14100
2024-11-19,13.626119613647461,13.673118151027069,13.620897092813305,13.664414502987182,23000
2024-11-20,13.607840538024902,13.647006118673618,13.54256484695219,13.647006118673618,11300
2024-11-21,13.636563301086426,13.682691139878619,13.612193751531981,13.655710330007473,23100
2024-11-22,13.664412498474121,13.760150952817327,13.647006034973364,13.69835638884003,12700
2024-11-25,13.70793342590332,13.760154489879953,13.660934883337177,13.73404354287881,31300
2024-11-26,13.681822776794434,13.70793289275441,13.673119128132567,13.673119128132567,25600
2024-11-27,13.829779624938965,13.864593384881129,13.700967966130001,13.700967966130001,37800
2024-11-29,13.925517082214355,13.942924376979363,13.86894503427908,13.908109787449348,20400
2024-12-02,13.916814804077148,13.975127421221078,13.855890926456452,13.934222100554823,34600
2024-12-03,13.989922523498535,14.01255233941937,13.951628465864891,13.960332113522824,15700
2024-12-04,14.021258354187012,14.056071290644914,13.950759294271212,13.995147406805085,28100
2024-12-05,13.908111572265625,14.029960991206513,13.89070510529236,14.003850045708207,13200
2024-12-06,13.899408340454102,13.925518455150346,13.821077166339789,13.882001043972885,11200
2024-12-09,13.855892181396484,13.925519713562243,13.829782064340739,13.899409596506498,22300
2024-12-10,13.899408340454102,13.90811115866913,13.847187281036032,13.882001043972885,20500
2024-12-11,13.899408340454102,13.942925751631563,13.890704692213493,13.890704692213493,16200
2024-12-12,13.864595413208008,13.982092181461615,13.855891764442786,13.942926592043747,39400
2024-12-13,13.755147933959961,13.868971664146118,13.755147933959961,13.825193177919877,11500
2024-12-16,13.702614784240723,13.860217014463725,13.658837129183441,13.755149139316806,45100
2024-12-17,13.601923942565918,13.689480916903795,13.597546010348506,13.658836226387097,15000
2024-12-18,13.42243480682373,13.606303811095506,13.42243480682373,13.545014421340017,29700
2024-12-19,13.326119422912598,13.474965761864707,13.308607695974656,13.474965761864707,28900
2024-12-20,13.26483154296875,13.439945503078173,13.247320647960956,13.247320647960956,33300
2024-12-23,13.115984916687012,13.264831278812744,13.115984916687012,13.212297759830268,64200
2024-12-24,13.115984916687012,13.168519270674718,12.967139389566508,13.142252511183479,45300
2024-12-26,13.098472595214844,13.194784592861632,13.063449974706455,13.098472595214844,37600
2024-12-27,13.059072494506836,13.133495670037254,13.003036132753975,13.115983941674724,80500
2024-12-30,13.002161979675293,13.09847398755988,12.96713935544406,13.05469549851953,109700
2024-12-31,13.019673347473145,13.133497089112753,12.940872231337627,13.010917482345809,140200
2025-01-02,13.133496284484863,13.158012037335235,13.063451037768028,13.098473661126446,34200
2025-01-03,13.238564491271973,13.29109884514837,13.15976337795999,13.15976337795999,38900
2025-01-06,13.26483154296875,13.282343272981791,13.203542157933601,13.247320647960956,29000
2025-01-07,13.212299346923828,13.26483287221676,13.142254089863032,13.256077841338158,35700
2025-01-08,13.26483154296875,13.282343272981791,13.19478629292708,13.19478629292708,18300
2025-01-10,13.177273750305176,13.203540507035239,13.115983537928173,13.177273750305176,37900
2025-01-13,13.151009559631348,13.177276321486644,13.08971933529525,13.177276321486644,16200
2025-01-14,13.218425750732422,13.22105267699482,13.168518326772706,13.168518326772706,5900
2025-01-15,13.40080451965332,13.40080451965332,13.295078352347279,13.295078352347279,20400
2025-01-16,13.387588500976562,13.387588500976562,13.339131199198993,13.347941083007802,14500
2025-01-17,13.462477684020996,13.524151910771476,13.391993573652055,13.391993573652055,26400
2025-01-21,13.524154663085938,13.524154663085938,13.4536705383727,13.524154663085938,10200
2025-01-22,13.51269817352295,13.554988977002724,13.48009950264548,13.48009950264548,10800
2025-01-23,13.453669548034668,13.488911607797084,13.444858823034817,13.444858823034817,14100
2025-01-24,13.43604564666748,13.4651203616728,13.414019678423413,13.44485637005984,7200
2025-01-27,13.410494804382324,13.458071534083759,13.374372183069529,13.374372183069529,10800
2025-01-28,13.422831535339355,13.440452984715218,13.391994839168547,13.40961628854441,12400
2025-01-29,13.418426513671875,13.462479297993024,13.409616628997226,13.44485868840675,4300
2025-01-30,13.497718811035156,13.497718811035156,13.45278546684178,13.453666875261453,12000
2025-01-31,13.553227424621582,13.612257429403863,13.42723641874165,13.532962590514781,39300
2025-02-03,13.577013969421387,13.629877469964761,13.572608607689702,13.577013969421387,12000
2025-02-04,13.656310081481934,13.656310081481934,13.5770152433451,13.5770152433451,8800
2025-02-05,13.735603332519531,13.744414055791559,13.665119226816955,13.691550556396217,8900
2025-02-06,13.691553115844727,13.713579087905428,13.684504367862074,13.700363840763798,7300
2025-02-07,13.735603332519531,13.782298653435001,13.68273983312419,13.68273983312419,18700
2025-02-10,13.77701473236084,13.911815625177477,13.732961949814442,13.779658117775227,20600
2025-02-11,13.867764472961426,13.867764472961426,13.805209665634086,13.82371168523607,6400
2025-02-12,13.665120124816895,13.753224842616486,13.60344589809662,13.60344589809662,23500
2025-02-13,13.765560150146484,13.867762366881617,13.709173531486877,13.709173531486877,12800
2025-02-14,13.827608108520508,13.863063479247064,13.765560575756995,13.765560575756995,7400
2025-02-18,13.78328800201416,13.880790055358734,13.747832633041345,13.854198739959791,16400
2025-02-19,13.858631134033203,13.92865513034818,13.858631134033203,13.880790423232483,5500
2025-02-20,13.907382011413574,13.969429543966283,13.898518802754085,13.898518802754085,49300
2025-02-21,13.925108909606934,13.951700223920655,13.916244856394812,13.925108909606934,13200
2025-02-24,13.898518562316895,13.925109878480775,13.889654508488036,13.916245824651915,13700
2025-02-25,13.907382011413574,13.933974173360184,13.872813384334782,13.933974173360184,15300
2025-02-26,13.792153358459473,13.880791366603335,13.721241768492526,13.863064103103664,60900
2025-02-27,13.738967895507812,13.809878629923332,13.730103842375215,13.765559209582975,10500
2025-02-28,13.792153358459473,13.80101656754793,13.685786396170428,13.80101656754793,14900
2025-03-03,13.787721633911133,13.809880925102833,13.623740004995119,13.765561497396657,19000
2025-03-04,13.71237850189209,13.7655611374908,13.648558324786336,13.7655611374908,21300
2025-03-05,13.67160415649414,13.69908221745306,13.650330764440605,13.69908221745306,5200
2025-03-06,13.668055534362793,13.703510897350766,13.646782147505503,13.668055534362793,9800
2025-03-07,13.62108039855957,13.685786474551048,13.588284411437561,13.65919515648787,10200
2025-03-10,13.490779876708984,13.606010027635373,13.481915823870969,13.606010027635373,32900
2025-03-11,13.437597274780273,13.504075984723155,13.437597274780273,13.504075984723155,26100
2025-03-12,13.426961898803711,13.51737339277576,13.393279168788188,13.508509338493203,7600
2025-03-13,13.384415626525879,13.481917685237756,13.366687518402236,13.46418957711411,12600
2025-03-14,13.343385696411133,13.62880543838209,13.298788649073689,13.334466116820058,28900
2025-03-17,13.352304458618164,13.378170046983774,13.298787834965756,13.361223187045335,7800
2025-03-18,13.280949592590332,13.370142831624358,13.263110434412798,13.370142831624358,33200
2025-03-19,13.227432250976562,13.289867599974528,13.147157744768988,13.289867599974528,13400
2025-03-20,13.28986930847168,13.307708467974626,13.191756483059303,13.191756483059303,26400
2025-03-21,13.334464073181152,13.361221957235536,13.254189570400202,13.289867032678647,36400
2025-03-24,13.343385696411133,13.62880543838209,13.319303001638819,13.387982743748577,49800
2025-03-25,13.379063606262207,13.468257703884472,13.35230571722271,13.405821495301705,34700
2025-03-26,13.263110160827637,13.370142555831382,13.245271853635943,13.325545511925355,13900
2025-03-27,13.18283748626709,13.254192426198381,13.18283748626709,13.245273696670456,9400
2025-03-28,13.222972869873047,13.254190545335732,13.19175519441036,13.19175519441036,3700
2025-03-31,13.18283748626709,13.230110580546011,13.164999176593255,13.200676646558902,15200
2025-04-01,13.245272636413574,13.267570734375445,13.191756010440011,13.209595169303837,23700
2025-04-02,13.280949592590332,13.289868321061219,13.237243995302528,13.245272126853145,22800
2025-04-03,13.276491165161133,13.32554715394654,13.209596016367968,13.32554715394654,8600
2025-04-04,12.830521583557129,13.245272671440848,12.826061793829378,13.218513933074346,53600
2025-04-07,12.594156265258789,12.808221041858383,12.505854481115122,12.799302314130092,15400
2025-04-08,12.112512588500977,12.821603051392653,12.112512588500977,12.62983633052512,96800
2025-04-09,12.371173858642578,12.371173858642578,11.720951295558418,12.094673691310026,61900
2025-04-10,12.20170783996582,12.284657561771077,12.0233196219309,12.273062786932563,42700
2025-04-11,12.148188591003418,12.201705215024527,11.982288332464805,12.112511125195306,46400
2025-04-14,12.295360565185547,12.335497828124929,12.166030046194905,12.166030046194905,34800
2025-04-15,12.375285148620605,12.48305240771875,12.303440309221841,12.339362728921223,41900
2025-04-16,12.39324951171875,12.433662349823758,12.33038462107861,12.375287869690643,38900
2025-04-17,12.366308212280273,12.421089851493456,12.330384927331824,12.40223064077047,18600
2025-04-21,12.249557495117188,12.375285539810337,12.204654254959033,12.366305576945162,14400
2025-04-22,12.267518043518066,12.329484496626236,12.249557261671933,12.285479681822254,13500
2025-04-23,12.375285148620605,12.474072445137438,12.330381909881867,12.366305186039291,33600
2025-04-24,12.492033958435059,12.509995597565812,12.402228332155577,12.402228332155577,6000
2025-04-25,12.545918464660645,12.545918464660645,12.483053581929846,12.483053581929846,5700
2025-04-28,12.599801063537598,12.612373868185923,12.501014618949604,12.545917859747085,40700
2025-04-29,12.545918464660645,12.599801671049189,12.50999604158224,12.527956824892382,31900
2025-04-30,12.608782768249512,12.6626668322813,12.412107433335239,12.527957100430903,36400
2025-05-01,12.689606666564941,12.707567447765568,12.65368424770567,12.65368424770567,23700
2025-05-02,12.788394927978516,12.797375748088532,12.69858929625278,12.69858929625278,22300
2025-05-05,12.79737377166748,12.79737377166748,12.680625697642219,12.680625697642219,15300
2025-05-06,12.80725383758545,12.833297872713723,12.713855366119487,12.797375449569747,18000
2025-05-07,12.860240936279297,12.87820257811995,12.800071320321198,12.815338544594109,14900
2025-05-08,12.900651931762695,12.905142341581634,12.815336714577185,12.815336714577185,16000
2025-05-09,12.905141830444336,12.923103469008673,12.87370981941481,12.914122649726504,3600
2025-05-12,12.959028244018555,13.003930635670939,12.842280141514271,12.923105816821716,7400
2025-05-13,13.003929138183594,13.012909958063158,12.959026751702014,12.959026751702014,23600
2025-05-14,12.976987838745117,13.003929442556291,12.968007018655346,13.003929442556291,21000
2025-05-15,13.03484058380127,13.125235106955266,12.935407297984721,12.998682946952883,6700
2025-05-16,13.01676082611084,13.061958085923132,13.01676082611084,13.061958085923132,1400
2025-05-19,12.935406684875488,12.980603082244217,12.935406684875488,12.962524695709929,3200
2025-05-20,12.881168365478516,12.980601635499879,12.872128742185867,12.953483627687858,13400
2025-05-21,12.808855056762695,12.863995387951892,12.781737044814873,12.808855056762695,24300
2025-05-22,12.83597183227539,12.83597183227539,12.691341299730581,12.781735813604074,10900
2025-05-23,12.790775299072266,12.881169818060503,12.694957522736425,12.790775299072266,6700
2025-05-27,12.83597183227539,12.899248336813224,12.777216001703803,12.790774575338645,27200
2025-05-28,12.722978591918945,12.799813666896661,12.664222763790544,12.763656035263969,47900
2025-05-29,12.799814224243164,12.81789347187971,12.682301700803539,12.763656591036046,18000
2025-05-30,12.791679382324219,12.791679382324219,12.718459805984635,12.754617440533538,14700
2025-06-02,12.736538887023926,12.790774907102001,12.726595817825013,12.781736145132985,18400
2025-06-03,12.70942211151123,12.763658136857506,12.686823049228549,12.745579749097441,34800
2025-06-04,12.737441062927246,12.815180442576173,12.691340364248125,12.709419610516587,17600
2025-06-05,12.655183792114258,12.76365669259875,12.655183792114258,12.709420673389495,14100
2025-06-06,12.718459129333496,12.736538376679094,12.65879899239856,12.682301496708261,27500
2025-06-09,12.718459129333496,12.738346129000462,12.679590299259191,12.718459129333496,11300
2025-06-10,12.727500915527344,12.790776567856138,12.67236058105995,12.727500915527344,53900
2025-06-11,12.745577812194824,12.754616573668228,12.71845894157677,12.726595120001756,19900
2025-06-12,12.772695541381836,12.799813549340815,12.727498286739584,12.79077392599918,16700
2025-06-13,12.70353889465332,12.758139013723051,12.685338565683594,12.758139013723051,18500
2025-06-16,12.70353889465332,12.758139013723051,12.64893877558359,12.712639059138183,85500
2025-06-17,12.71263599395752,12.730835450699672,12.680786293779322,12.730835450699672,9100
2025-06-18,12.658037185668945,12.730836755778956,12.658037185668945,12.730836755778956,14700
2025-06-20,12.639838218688965,12.724467310009828,12.612537727956358,12.693527968821316,21900
2025-06-23,12.648937225341797,12.658037388711353,12.612537439702917,12.612537439702917,20800
2025-06-24,12.639838218688965,12.66349812328694,12.598888350429418,12.639838218688965,30500
2025-06-25,12.598888397216797,12.63528818382275,12.594338315411132,12.603438479022461,10900
2025-06-26,12.594337463378906,12.621637084526656,12.580687218885378,12.604347121970576,17400
2025-06-27,12.71263599395752,12.71263599395752,12.58523632540549,12.58523632540549,21000
2025-06-30,12.694437026977539,12.776336760674061,12.658037241761233,12.694437026977539,36800
2025-07-01,12.758136749267578,12.849135774446346,12.739936423528247,12.739936423528247,24800
2025-07-02,12.794537544250488,12.830937330767075,12.73083726696694,12.812737003589099,25200
2025-07-03,12.862786293029785,12.876435669786039,12.749036858251324,12.749036858251324,53200
2025-07-07,12.821836471557617,12.862786337647051,12.785436687015821,12.862786337647051,25000
2025-07-08,12.799087524414062,12.82183793474847,12.74630813454919,12.799997887963205,72200
2025-07-09,12.848226547241211,12.858236205903351,12.810916399399813,12.821836421503653,27200
2025-07-10,12.803635597229004,12.842765602592047,12.785436139656905,12.803635597229004,21500
2025-07-11,12.730835914611816,12.767235697261771,12.703536294584168,12.74903623985643,33400
2025-07-14,12.849137306213379,12.849137306213379,12.758138270186466,12.803637354280223,49700
2025-07-15,12.880284309387207,12.907766889639161,12.779513392370912,12.885780475975407,16500
2025-07-16,12.843640327453613,12.92608806660221,12.834479176329728,12.92608806660221,30900
2025-07-17,12.72454833984375,12.915095221350436,12.72454833984375,12.806996081299244,13000
2025-07-18,12.733708381652832,12.76943652191155,12.72454810409781,12.72454810409781,3100
2025-07-21,12.706225395202637,12.77401668887394,12.687903967023232,12.72454769703748,4400
2025-07-22,12.623775482177734,12.761190110799113,12.614615205860588,12.761190110799113,12900
2025-07-23,12.535831451416016,12.621944169450556,12.5321673406736,12.611867428081215,16900
2025-07-24,12.532166481018066,12.5688102068948,12.532166481018066,12.5688102068948,6700
2025-07-25,12.554152488708496,12.61461467814907,12.532166079156413,12.532166079156413,42000
2025-07-28,12.560565948486328,12.621028141921254,12.54132718361579,12.577970910738308,30300
2025-07-29,12.66958236694336,12.806996143694134,12.541328867961946,12.587133751430699,16000
2025-07-30,12.568811416625977,12.660420303307376,12.541327964331677,12.57797169373532,17300
2025-07-31,12.596295356750488,12.646680817747256,12.568812775141124,12.632939090114816,18900
2025-08-01,12.733708381652832,12.806995844025804,12.64209949051435,12.64209949051435,34000
2025-08-04,12.788675308227539,12.788675308227539,12.692484961111871,12.692484961111871,28200
2025-08-05,12.752030372619629,12.825317833202636,12.642099181745117,12.806995531229163,38700
2025-08-06,12.76119327545166,12.816158441606763,12.742870970962917,12.770353554040469,10300
2025-08-07,12.788675308227539,12.82531904197267,12.761192726332574,12.77035300452721,20400
2025-08-08,12.86104679107666,12.889445838678776,12.825319520645328,12.825319520645328,13300
2025-08-11,12.907766342163086,12.953571223077205,12.879367298523224,12.889444040335263,39900
2025-08-12,12.907766342163086,12.935248921249382,12.870206147609313,12.92608777033547,17800
2025-08-13,12.981053352355957,13.008535930489952,12.92608732243256,12.953570774221962,15100
2025-08-14,12.889443397521973,12.990214305238544,12.889443397521973,12.962730853867447,20900
2025-08-15,12.93924617767334,13.003804669530666,12.874688565347515,13.003804669530666,9200
2025-08-18,12.8839111328125,12.994581700596227,12.87099961054764,12.920801322073743,37600
2025-08-19,12.82857608795166,12.911579238064261,12.82857608795166,12.902356470378075,9900
2025-08-20,12.690238952636719,12.856244384604569,12.671793416011628,12.837799727511072,40100
2025-08-21,12.644125938415527,12.70868355727369,12.625680401866571,12.662570595432891,44300
2025-08-22,12.699460983276367,12.842410365690954,12.657959407812205,12.690238215499544,44800
2025-08-25,12.699460983276367,12.736351174852118,12.662569912169074,12.671792679945897,41900
2025-08-26,12.681015968322754,12.72805067866502,12.653348543387983,12.699461504633653,29400
2025-08-27,12.625679969787598,12.693004592730423,12.616458081360307,12.671792930050307,26100
2025-08-28,12.644125938415527,12.67179336370737,12.625680401866571,12.63490317014105,37400
2025-08-29,12.71790599822998,12.71790599822998,12.625680076921986,12.653348381033325,25500
2025-09-02,12.773241996765137,12.800909421929402,12.690238841740753,12.690238841740753,49400
2025-09-03,12.782464027404785,12.837799757879363,12.736351944796166,12.837799757879363,30200
2025-09-04,12.782464027404785,12.810132332407873,12.764019370267656,12.764019370267656,32100
2025-09-05,12.856243133544922,12.902356091088738,12.810131055532617,12.819352943416172,48700
2025-09-08,12.985359191894531,13.017637998199248,12.930024346666876,12.930024346666876,31300
2025-09-09,13.013025283813477,13.077583769352751,12.966913210682959,12.985357864028883,46100
2025-09-10,13.142142295837402,13.16058783000667,13.054527767596339,13.059139151138655,38900
2025-09-11,13.234368324279785,13.24359021191423,13.146753795266413,13.151365178849378,40100
2025-09-12,13.206701278686523,13.252814239369851,13.143066290065734,13.234369582815463,24800
2025-09-15,13.238265037536621,13.331099463028172,13.191847382119276,13.293965515762924,64100
2025-09-16,13.293964385986328,13.321815508075714,13.228980205130554,13.238263912493682,43000
2025-09-17,13.228981018066406,13.36823309569828,13.219697310132783,13.312532618782777,35400
2025-09-18,13.266115188598633,13.340383082636192,13.228981241579854,13.266115188598633,40800
2025-09-19,13.368231773376465,13.368231773376465,13.203913877645977,13.275397359252327,42200
2025-09-22,13.331100463867188,13.377518122769361,13.299537093260817,13.349667881565338,31800
2025-09-23,13.386801719665527,13.405368251865204,13.228982211923892,13.358951478694413,37500
2025-09-24,13.331100463867188,13.386801831618437,13.247549740255119,13.386801831618437,20000
2025-09-25,13.303250312805176,13.33110055419791,13.275400071412442,13.303250312805176,11000
2025-09-26,13.386801719665527,13.386801719665527,13.267044886680864,13.331100352380103,28600
2025-09-29,13.414651870727539,13.414651870727539,13.367306372859652,13.386801629943086,19300
2025-09-30,13.42393684387207,13.433220553455742,13.34038522830558,13.386802890880661,26000
2025-10-01,13.44250202178955,13.44250202178955,13.336670753377732,13.414651781190987,18600
2025-10-02,13.42393684387207,13.46107079686348,13.37751918129699,13.45178708727981,23900
2025-10-03,13.396085739135742,13.414652271766036,13.321817837928128,13.414652271766036,19600
2025-10-06,13.293964385986328,13.358949452185165,13.247547619856812,13.358949452185165,16600
2025-10-07,13.321816444396973,13.368233213788884,13.31253273638134,13.349666683100745,17700
2025-10-08,13.386801719665527,13.423935669408076,13.32831594802323,13.358951478694413,18600
2025-10-09,13.349666595458984,13.423934488410216,13.349666595458984,13.423934488410216,22500
2025-10-10,13.42393684387207,13.442503377696138,13.368235471713318,13.405369424704729,18100
2025-10-13,13.433218955993652,13.472209469196436,13.358951058842681,13.414651539034324,7400
2025-10-14,13.470351219177246,13.470351219177246,13.386799624000473,13.396083331318572,7000
2025-10-15,13.511467933654785,13.567532507895322,13.38065118783765,13.483436092092605,25800
2025-10-16,13.53015422821045,13.554448726189404,13.35261806058953,13.520810876000152,26400
2025-10-17,13.343273162841797,13.427369566422596,13.296552839617346,13.427369566422596,40200
2025-10-20,13.352617263793945,13.446057909249728,13.305896941066054,13.343273021025158,32200
2025-10-21,13.427369117736816,13.48717102253186,13.389993038629417,13.408681523741125,27100
2025-10-22,13.389994621276855,13.42737070480197,13.352618537751741,13.42737070480197,19200
2025-10-23,13.343273162841797,13.380649243198146,13.319913446787595,13.371305891446095,14300
2025-10-24,13.361963272094727,13.418026953883126,13.311505602038705,13.37130751609818,29900
2025-10-27,13.361963272094727,13.399339356992378,13.333931431200527,13.399339356992378,19400
2025-10-28,13.380648612976074,13.418024691572029,13.338600413166123,13.371305261664089,36000
2025-10-29,13.380648612976074,13.426435044426823,13.361961019236098,13.380648612976074,12800
2025-10-30,13.333930969238281,13.371307052841015,13.315242481878853,13.361962809161302,20800
2025-10-31,13.48343563079834,13.569400714282015,13.362897023084086,13.389994973966287,26300
2025-11-03,13.469417572021484,13.483433936119475,13.455401207923494,13.483433936119475,32000
2025-11-04,13.548842430114746,13.57687426838869,13.380649618238937,13.492777862450785,43500
2025-11-05,13.50212287902832,13.548843206238574,13.441387077436277,13.548843206238574,10500
2025-11-06,13.44605827331543,13.548842273206942,13.427369787271848,13.548842273206942,6200
2025-11-07,13.361963272094727,13.43671544189003,13.361963272094727,13.43671544189003,20600
2025-11-10,13.408681869506836,13.441385828179635,13.3152412237708,13.389993383913213,26900
2025-11-11,13.436714172363281,13.520810578216444,13.389993847876404,13.389993847876404,31800
2025-11-12,13.53015422821045,13.548842714863227,13.455402063831526,13.455402063831526,11900
2025-11-13,13.492778778076172,13.520811509368501,13.408683257547585,13.511467265604391,18300
2025-11-14,13.722268104553223,13.722268104553223,13.487136713856849,13.524757700490065,77400
2025-11-17,13.571783065795898,13.694051486752754,13.571783065795898,13.694051486752754,4000
2025-11-18,13.449514389038086,13.618808363565794,13.402487936186784,13.618808363565794,17300
2025-11-19,13.383676528930664,13.487134900981946,13.383676528930664,13.487134900981946,7300
2025-11-20,13.18616771697998,13.470205559263226,13.156070392019803,13.402488147774074,68000
2025-11-21,13.18616771697998,13.261409683947926,13.14854583654101,13.14854583654101,21400
2025-11-24,13.233192443847656,13.261408852407609,13.176761420637634,13.186166890157617,46300
2025-11-25,13.261408805847168,13.346055340365009,13.195571416393372,13.214382355367295,63100
2025-11-26,13.223788261413574,13.29903022588337,13.209680056717374,13.214382791616108,34100
2025-11-28,13.270813941955566,13.294327616671536,13.242598429251382,13.261409369024156,20000
2025-12-01,13.270813941955566,13.34417499255043,13.242598429251382,13.252003899137769,42500
2025-12-02,13.299030303955078,13.346055859308537,13.176761886735145,13.308434876852786,45400
2025-12-03,13.327244758605957,13.37897394173433,13.247300065114338,13.247300065114338,38100
2025-12-04,13.346057891845703,13.402489822601115,13.308436903660466,13.346057891845703,31400
2025-12-05,13.421298027038574,13.446691717981508,13.308434188553555,13.393081618939856,43000
2025-12-08,13.336652755737305,13.41189472893837,13.308436343070602,13.402489258049469,55400
2025-12-09,13.378035545349121,13.421300173179121,13.352640953390523,13.421300173179121,35400
2025-12-10,13.430704116821289,13.487136042439353,13.361105788339875,13.440109587250138,21500
2025-12-11,13.440108299255371,13.493718399216203,13.383676379045301,13.48713474993794,32400
2025-12-12,13.402487754821777,13.421298694489739,13.327245790059877,13.421298694489739,32200
2025-12-15,13.406275749206543,13.406275749206543,13.340002075386886,13.377872875128274,41300
2025-12-16,13.368404388427734,13.396807261314008,13.321065665009911,13.387340238959283,57000
2025-12-17,13.340002059936523,13.368404933981896,13.273728386193623,13.368404933981896,56800
2025-12-18,13.354202270507812,13.368404158161852,13.321065435559422,13.368404158161852,28800
2025-12-19,13.368404388427734,13.377872313693508,13.311598642655186,13.368404388427734,32600
2025-12-22,13.358936309814453,13.368404234971544,13.330533437254216,13.330533437254216,30500
2025-12-23,13.268993377685547,13.41574260208479,13.264259415232535,13.377871805371727,66100
2025-12-24,13.264260292053223,13.279408431157599,13.254792366521336,13.264260292053223,23700
2025-12-26,13.207453727722168,13.264260378372095,13.160115002665743,13.254792452778593,50100
2025-12-29,13.160114288330078,13.21692093589652,13.122243490922793,13.21692093589652,111800
2025-12-30,13.245325088500977,13.254793014495714,13.167690081748596,13.179051412360057,47600
2025-12-31,13.226388931274414,13.292662601361647,13.216921006144512,13.292662601361647,91600
2026-01-02,13.302132606506348,13.321067556815914,13.226390999445723,13.283196753285601,20900
2026-01-05,13.31159782409668,13.343787503945432,13.283194050045966,13.283194050045966,26700
2026-01-06,13.31159782409668,13.3400006952364,13.226388307766523,13.31159782409668,25700
2026-01-07,13.347575187683105,13.35893651746601,13.254792047852291,13.254792047852291,35900
2026-01-08,13.330535888671875,13.377874620251648,13.255741433163022,13.377874620251648,13200
2026-01-09,13.396808624267578,13.472550228277413,13.368405748491677,13.377873674720691,33500
2026-01-12,13.425211906433105,13.444146855279698,13.393021319609456,13.406276054675404,14800
2026-01-13,13.453614234924316,13.482017108496565,13.443200058627074,13.472549183002124,33300
2026-01-14,13.463083267211914,13.491486143119149,13.406276612486298,13.406276612486298,20500
2026-01-15,13.51833724975586,13.565970756513705,13.460224716754047,13.480230626056299,56000
2026-01-16,13.537389755249023,13.537389755249023,13.432596776967115,13.527862873077899,22400
2026-01-20,13.499281883239746,13.537388499856934,13.489755001952098,13.537388499856934,19500
2026-01-21,13.508809089660645,13.558347783308637,13.43259585459195,13.537388825678047,26400
2026-01-22,13.423069953918457,13.499283194556165,13.41354307170537,13.451649692024224,29600
2026-01-23,13.537389755249023,13.604076113379922,13.44212275060475,13.470703397118125,85100
2026-01-26,13.470703125,13.582164736843392,13.461176243021326,13.556442337207663,20300
2026-01-27,13.432596206665039,13.48022879843137,13.423069324898393,13.48022879843137,26600
2026-01-28,13.585023880004883,13.594550762612508,13.437359925187296,13.4897568709957,14100
2026-01-29,13.680289268493652,13.680289268493652,13.608839469722115,13.623129792889817,24100
2026-01-30,13.752692222595215,13.775556376422555,13.556442628866282,13.689816253836774,17700
2026-02-02,13.760313987731934,13.80413619237049,13.66885737190626,13.70887009559674,31600
2026-02-03,13.880349159240723,13.94703642505296,13.718395798535042,13.813662801961964,34700
2026-02-04,13.880349159240723,14.127090498239086,13.813662801961964,13.880349159240723,62400
2026-02-05,13.954658508300781,14.04230383257429,13.813664093217369,13.956563703182054,53100
2026-02-06,14.023250579833984,14.051830319314385,13.851770325884502,13.956563309668331,37700
2026-02-09,14.051830291748047,14.14709730120721,14.0327765264428,14.14709730120721,24500
2026-02-10,14.028014183044434,14.099463986836694,14.004196976091315,14.099463986836694,13400
2026-02-11,13.985142707824707,14.080408800423257,13.975615826004814,14.080408800423257,16600
2026-02-12,14.013724327087402,14.194730563310992,13.92893724798198,14.194730563310992,16400
2026-02-13,14.050141334533691,14.074101878638384,13.944717682476949,14.011805377967486,15500
2026-02-17,13.973470687866211,14.01180664790694,13.906382986295279,14.01180664790694,14800
2026-02-18,13.906381607055664,14.270573648322603,13.879546529088804,14.270573648322603,17300
2026-02-19,13.944717407226562,14.165148924630898,13.781789366535843,14.165148924630898,39300
2026-02-20,13.915966987609863,14.030974865937049,13.896798550887981,13.992638906494653,17100
2026-02-23,13.75303840637207,14.03864097341279,13.75303840637207,13.954302414260487,23000
2026-02-24,13.915966987609863,13.915966987609863,13.599694179708395,13.743454713118402,51300
2026-02-25,14.059725761413574,14.08847750076579,13.84408543126867,13.954302107787907,115100
2026-02-26,13.935134887695312,14.155567345959446,13.915967364455742,14.059726987757406,29600
2026-02-27,14.01180648803711,14.1268143668471,13.97347052843378,13.97347052843378,11800
2026-03-02,13.944717407226562,14.074101600834124,13.944717407226562,14.011805101392875,24300
2026-03-03,13.935134887695312,13.992639285416816,13.933218226771496,13.992639285416816,14900
2026-03-04,14.040558815002441,14.050143033803465,13.973471111398101,13.973471111398101,7600
2026-03-05,14.021390914916992,14.040558438002966,13.909257568758989,14.040558438002966,19600
2026-03-06,13.918840408325195,14.040557046966693,13.892005330262625,14.040557046966693,6100
2026-03-09,13.915966987609863,13.97347046977277,13.915966987609863,13.97347046977277,7200
2026-03-10,13.651448249816895,13.925549941633614,13.647614014168157,13.925549941633614,56100
2026-03-11,13.733870506286621,13.781790684130184,13.669657340016053,13.753038943024594,13500
2026-03-12,13.762622833251953,13.791375489582883,13.733871090922433,13.74345530969941,6400
2026-03-13,13.791373252868652,13.896796900313333,13.762620601200888,13.781789035646064,19800
2026-03-16,13.866589546203613,13.876232735923288,13.847303166764261,13.876232735923288,4900
2026-03-17,13.721944808959961,13.905161739801956,13.687230796484814,13.905161739801956,18000
2026-03-18,13.712303161621094,13.783660563506675,13.62551628723975,13.760518194013535,31400
2026-03-19,13.693016052246094,13.741231082073146,13.688194457300868,13.731587892182695,14200
2026-03-20,13.529086112976074,13.866590417366792,13.529086112976074,13.72194532135995,22000
2026-03-23,13.567657470703125,13.664087531268086,13.471228329763376,13.635158880948683,26700
2026-03-24,13.302477836608887,13.567659156677253,13.297656241018965,13.567659156677253,33300
2026-03-25,13.389264106750488,13.56765853730714,13.355513858787083,13.355513858787083,18200
2026-03-26,13.239795684814453,13.509799472607039,13.230153414955918,13.432655795987776,11600
2026-03-27,13.249439239501953,13.307297458373771,13.230153779628141,13.239796049752451,19900
2026-03-30,13.259082794189453,13.369976720485349,13.230154143769917,13.26872598420437,23000
2026-03-31,13.529086112976074,13.533907708138827,13.230154569887377,13.326583714266691,14800
2026-04-01,13.538727760314941,13.779801973226265,13.442297707300355,13.442297707300355,9700
2026-04-02,13.625515937805176,13.635159127961408,13.509800414806062,13.586944096805471,5700
2026-04-06,13.567657470703125,13.663122844419847,13.519443360045857,13.586943850666202,9100
2026-04-07,13.480871200561523,13.529086232991515,13.394085245737841,13.471228929775727,12700
2026-04-08,13.818374633789062,13.818374633789062,13.606229056292682,13.606229056292682,11300
2026-04-09,13.924448013305664,13.934091203834246,13.83766205742422,13.8665907093847,14200
2026-04-10,13.924448013305664,14.011234888812373,13.876233899913284,14.011234888812373,7000
2026-04-13,13.876233100891113,14.04016365193649,13.876233100891113,14.04016365193649,12000
2026-04-14,13.905162811279297,13.982306497696566,13.693017213819166,13.95337784519641,12400
2026-04-15,13.854710578918457,13.971136609381588,13.787766235960648,13.971136609381588,21100
2026-04-16,13.874114990234375,13.942029941445478,13.85956138985836,13.942029941445478,8000
2026-04-17,13.980838775634766,14.097264804147002,13.922626224014559,14.00024357635605,10300
2026-04-20,13.903221130371094,14.009944756274166,13.883817255330447,14.009944756274166,13900
2026-04-21,13.922624588012695,13.980837132792537,13.906130694392111,13.980837132792537,4100
2026-04-22,13.893518447875977,14.048753146133754,13.835305898665204,14.048753146133754,8400
2026-04-23,13.836275100708008,13.951731435539882,13.825603016288499,13.951731435539882,5600
2026-04-24,13.864412307739258,13.9032209826801,13.747986282916727,13.9032209826801,7300
2026-04-27,13.845008850097656,13.864412725516878,13.806199248715565,13.864412725516878,11400
2026-04-28,13.845008850097656,13.942030077737416,13.835306449752133,13.942030077737416,2400
2026-04-29,13.786794662475586,13.883816810384893,13.689772514566279,13.883816810384893,8300
2026-04-30,13.932327270507812,13.994421335525193,13.845008445763664,13.845008445763664,19000
2026-05-01,13.961434364318848,14.0099445137165,13.883817014956458,13.883817014956458,60300
2026-05-04,13.79649829864502,14.00994556273797,13.771272611949831,14.00994556273797,9200
2026-05-05,13.922624588012695,14.00024193123363,13.767388976299113,13.767388976299113,10400
2026-05-06,14.037111282348633,14.037111282348633,13.961434228664837,14.000242902968955,7100
2026-05-07,14.145774841308594,14.156446925758067,14.009944022055326,14.009944022055326,3000
2026-05-08,14.20398998260498,14.276756137968166,14.116670226060414,14.126372626848003,14600
2026-05-11,14.236005783081055,14.26802296235466,14.10405555088526,14.20398860380745,13800
2026-05-12,14.087563514709473,14.213691019972684,14.087563514709473,14.145776067096826,14100
2026-05-13,14.087563514709473,14.233095820949694,14.087563514709473,14.09726498992614,10600
2026-05-14,14.330116271972656,14.388328817440701,14.097263314285295,14.126370512291045,36600
2026-05-15,14.230561256408691,14.318404376517746,14.123197960062969,14.318404376517746,3100
2026-05-18,14.20128059387207,14.20128059387207,14.035354906395632,14.171999863969646,10100
2026-05-19,14.006073951721191,14.079276240711298,13.840148266907558,14.060731561546593,7600
2026-05-20,14.030475616455078,14.191521038472116,14.0060751616231,14.0060751616231,3100
2026-05-21,13.99631404876709,13.99631404876709,13.95727276410346,13.95727276410346,1500
2026-05-22,14.035354614257812,14.093916072843738,13.986552778224475,13.986552778224475,1900
2026-05-26,14.025594711303711,14.191520403021057,13.98655342683008,14.152479118547426,11800
2026-05-27,14.137838363647461,14.17200030221057,14.064636071218954,14.17200030221057,5700
2026-05-28,14.259841918945312,14.259841918945312,14.123197893479976,14.171999730068002,6100
2026-05-29,14.186639785766602,14.269602629634964,14.09391638830958,14.240321899686608,42900
2026-06-01,14.250082015991211,14.272530543902166,14.191519627073946,14.250082015991211,9700
2026-06-02,14.24032211303711,14.250082666772004,14.201280828915172,14.201280828915172,10800
2026-06-03,14.279363632202148,14.288147758381088,14.215920962698688,14.288147758381088,7600
2026-06-04,14.278387069702148,14.278387069702148,14.07439652162596,14.240322213013513,26600
2026-06-05,14.13295841217041,14.239346217897397,14.08415750330603,14.172000628570188,1900
2026-06-08,14.13295841217041,14.230562091534514,14.074396949206085,14.13295841217041,9100
2026-06-09,14.238370895385742,14.289124660345939,14.123198961885116,14.123198961885116,3100
2026-06-10,14.264721870422363,14.289123253568782,14.220800311576399,14.269602147051646,16300
2026-06-11,14.259841918945312,14.289123579388693,14.250082296281796,14.259841918945312,8100
2026-06-12,14.303763389587402,14.33304504984817,14.259841830013858,14.259841830013858,4400
2026-06-15,14.355805397033691,14.370534672773484,14.228154483277576,14.326347781994803,10800
2026-06-16,14.336167335510254,14.395082565737438,14.262521893065225,14.395082565737438,10600
2026-06-17,14.277252197265625,14.316529332393202,14.247794580030133,14.306709814501117,11500
2026-06-18,14.336167335510254,14.39999232432982,14.306708783955962,14.306708783955962,4000
2026-06-22,14.336167335510254,14.336167335510254,14.237974036544015,14.336167335510254,2700
2026-06-23,14.350895881652832,14.424540388718428,14.24779375904914,14.24779375904914,24200
2026-06-24,14.345985412597656,14.44417870811654,14.28707018443886,14.355804929437678,23700
2026-06-25,14.345985412597656,14.412757377957272,14.306708281678237,14.306708281678237,5400
2026-06-26,14.362679481506348,14.39508314035699,14.296890773911832,14.30670935504783,5400
2026-06-29,14.532552719116211,14.532552719116211,14.237973764291018,14.395082290480273,21000
2026-06-30,14.512913703918457,14.601287484124539,14.444178957731808,14.48345608932999,39600
2026-07-01,14.542373657226562,14.596379133106229,14.53255413926998,14.552192238742373,18700
2026-07-02,14.59146785736084,14.61601664970048,14.5315703023572,14.532552628627055,18500
2026-07-06,14.59146785736084,14.59146785736084,14.532552628627055,14.59146785736084,13900
2026-07-07,14.571830749511719,14.640565499849178,14.465782581436569,14.630745982246472,9100
2026-07-08,14.601287841796875,14.601287841796875,14.512914059425993,14.542372611176758,8700
2026-07-09,14.640564918518066,14.660203952943673,14.532553038499339,14.532553038499339,9800
2026-07-10,14.670022010803223,14.679841527666008,14.61110678250784,14.640564396655531,5300
2026-07-13,14.640564918518066,14.728938700551891,14.61110730332036,14.728938700551891,10300
2026-07-14,14.699481964111328,14.728939581070057,14.640565793753114,14.670023410711842,4600
2026-07-15,14.766646385192871,14.84566515437557,14.756768803550525,14.766646385192871,3700
2026-07-16,14.697505950927734,14.776524724160296,14.697505950927734,14.776524724160296,2200
2026-07-17,14.746892929077148,14.825911702359996,14.648118991484548,14.737015346922272,8300
2026-07-20,14.771585464477539,14.835788804428534,14.674787800030753,14.756769091724683,24300
2026-07-21,14.618486404418945,14.756768779272145,14.608608822792851,14.756768779272145,2200
2026-07-22,14.559222221374512,14.657996156153855,14.539467999605476,14.657996156153855,9300
2026-07-23,14.490081787109375,14.54934539748201,14.450572399534918,14.54934539748201,3400
2026-07-24,14.391307830810547,14.52959115815287,14.381431190411748,14.52959115815287,7700
2026-07-27,14.45057201385498,14.534529577957173,14.45057201385498,14.470326236125926,2700
2026-07-28,14.440693855285645,14.519712625171302,14.411062052073031,14.519712625171302,8900
2026-07-29,14.45057201385498,14.470326236125926,14.371553240815045,14.470326236125926,11100
2026-07-30,14.420940399169922,14.50983581352573,14.341921625090478,14.50983581352573,5000
2026-07-31,14.391307830810547,14.539468740529772,14.391307830810547,14.391307830810547,6900
2026-08-03,14.373529434204102,14.490082272751794,14.373529434204102,14.490082272751794,3100
2026-08-04,14.509836196899414,14.509836196899414,14.41106319767941,14.41106319767941,1100
2026-08-05,14.34192180633545,14.519713579271983,14.34192180633545,14.519713579271983,12700
2026-08-06,14.391307830810547,14.52959115815287,14.371553608034844,14.46044996547076,7400
2026-08-07,14.727137565612793,14.733064491616801,14.490081248969956,14.490081248969956,16600
2026-08-10,14.737014770507812,14.737014770507812,14.707382967180266,14.717259606970751,13100
2026-08-11,14.765660285949707,14.796279284144163,14.73701567385633,14.746893256230337,6400
2026-08-12,14.737014770507812,14.83578870423703,14.638240836778596,14.737014770507812,17700
2026-08-13,14.715285301208496,14.816034569894349,14.677751241463216,14.697506406372568,6000
2026-08-14,14.665604591369629,14.874261601930485,14.610956033401838,14.874261601930485,14400
2026-08-17,14.725220680236816,14.824581524742358,14.615924509340914,14.755029502133622,11300
2026-08-18,14.556307792663574,14.79477362962666,14.437075347969651,14.784837355675023,13300
2026-08-19,14.5543212890625,14.6109569156822,14.52650047898446,14.545379021191026,8200
2026-08-20,14.397331237792969,14.546372504735743,14.36752336343451,14.536436230757843,13200
2026-08-21,14.377459526062012,14.41720367409056,14.377459526062012,14.41720367409056,12600
2026-08-24,14.352619171142578,14.456948154349588,14.337715707523902,14.456948154349588,6300
2026-08-25,14.377459526062012,14.48675569624671,14.347650704359175,14.41720367409056,3200
2026-08-26,14.317843437194824,14.38739546229943,14.218483536698997,14.248291412090218,30300
2026-08-27,14.238354682922363,14.407267550702132,14.119122237591098,14.407267550702132,17800
2026-08-28,14.278099060058594,14.354606286455047,14.258227459306054,14.268162785894695,9400
2026-08-31,14.332747459411621,14.456948042339668,14.24829102511754,14.24829102511754,8600
2026-09-01,14.248291015625,14.327779312839974,14.248291015625,14.327779312839974,24300
2026-09-02,14.188673973083496,14.307906415999717,14.148929825444755,14.307906415999717,17100
2026-09-03,14.109186172485352,14.238354893733824,14.090307630626912,14.238354893733824,10700
2026-09-04,14.049570083618164,14.129058379764004,14.024729398838067,14.129058379764004,6100
2026-09-08,13.999889373779297,14.079377668290766,13.980016826363823,14.029697247327295,8300
2026-09-09,13.930337905883789,14.019761530077087,13.930337905883789,14.009826203550222,5600
2026-09-10,13.830976486206055,14.156878872147793,13.771359791641926,13.93033732795453,31000
2026-09-11,13.771360397338867,14.019761565060115,13.771360397338867,13.960145815449158,12900
2026-09-14,13.67199993133545,13.880656941463942,13.64219111019194,13.880656941463942,24700
2026-09-15,13.479999542236328,13.720000267028809,13.479999542236328,13.720000267028809,22500
2026-09-16,13.5,13.550000190734863,13.229999542236328,13.229999542236328,51400
2026-09-17,13.619999885559082,13.84000015258789,13.489999771118164,13.520000457763672,40200
2026-09-18,13.5,13.609999656677246,13.449999809265137,13.609999656677246,17300
2026-09-21,13.470000267028809,13.539999961853027,13.470000267028809,13.5,9700
2026-09-22,13.4399995803833,13.505000114440918,13.420000076293945,13.420000076293945,23600
2026-09-23,13.3149995803833,13.430000305175781,13.279999732971191,13.430000305175781,47300
2026-09-24,13.125,13.414999961853027,13.050000190734863,13.34000015258789,39000
2026-09-25,13.039999961853027,13.1899995803833,13.010000228881836,13.1899995803833,11200
2026-09-28,12.739999771118164,13.140000343322754,12.520000457763672,12.949999809265137,81200
2026-09-29,12.680000305175781,12.795000076293945,12.675000190734863,12.75,37300
2026-09-30,12.850000381469727,12.972000122070312,12.789999961853027,12.789999961853027,41400
2026-10-01,12.970000267028809,13.024999618530273,12.800999641418457,12.890000343322754,16200
2026-10-02,13.0,13.140000343322754,12.9399995803833,13.100000381469727,17300
2026-10-05,12.779999732971191,13.0600004196167,12.699999809265137,13.0600004196167,22800
2026-10-06,12.930000305175781,12.96500015258789,12.739999771118164,12.779999732971191,41500
2026-10-07,12.850000381469727,12.999899864196777,12.829999923706055,12.920000076293945,30716
