Date,Close,High,Low,Open,Volume
,TDV-D.CR,TDV-D.CR,TDV-D.CR,TDV-D.CR,TDV-D.CR
2008-01-02,1344858279116800.0,1344858279116800.0,1344858279116800.0,1344858279116800.0,1040
2008-01-03,1344858279116800.0,1344858279116800.0,1344858279116800.0,1344858279116800.0,0
2008-01-04,1344858279116800.0,1344858279116800.0,1344858279116800.0,1344858279116800.0,0
2008-01-07,1344858279116800.0,1344858279116800.0,1344858279116800.0,1344858279116800.0,66
2008-01-08,1344858279116800.0,1344858279116800.0,1344858279116800.0,1344858279116800.0,272
2008-01-09,1344858279116800.0,1344858279116800.0,1344858279116800.0,1344858279116800.0,0
2008-01-10,1344858279116800.0,1344858279116800.0,1344858279116800.0,1344858279116800.0,400
2008-01-11,1344858279116800.0,1344858279116800.0,1344858279116800.0,1344858279116800.0,500
2008-01-14,1344858279116800.0,2017287418675200.0,1344858279116800.0,1344858279116800.0,2437
2008-01-15,2017287351566336.0,2017287351566336.0,2017287351566336.0,2017287351566336.0,2000
2008-01-16,1344858279116800.0,1344858279116800.0,1344858279116800.0,1344858279116800.0,5080
2008-01-17,1344858279116800.0,1344858279116800.0,1344858279116800.0,1344858279116800.0,16136
2008-01-18,1344858279116800.0,1344858279116800.0,1344858279116800.0,1344858279116800.0,13064
2008-01-21,1344858279116800.0,1344858279116800.0,1344858279116800.0,1344858279116800.0,8100
2008-01-22,1344858279116800.0,1344858279116800.0,1344858279116800.0,1344858279116800.0,7922
2008-01-23,1344858279116800.0,1344858279116800.0,1344858279116800.0,1344858279116800.0,19117
2008-01-24,1344858279116800.0,1344858279116800.0,1344858279116800.0,1344858279116800.0,1472
2008-01-25,1344858279116800.0,1344858279116800.0,1344858279116800.0,1344858279116800.0,5190
2008-01-28,1344858279116800.0,1344858279116800.0,1344858279116800.0,1344858279116800.0,12069
2008-01-29,1344858279116800.0,1344858279116800.0,1344858279116800.0,1344858279116800.0,5215
2008-01-30,1344858279116800.0,1344858279116800.0,1344858279116800.0,1344858279116800.0,0
2008-01-31,1344858279116800.0,1344858279116800.0,1344858279116800.0,1344858279116800.0,3444
2008-02-01,1344858279116800.0,2017287418675200.0,1344858279116800.0,1344858279116800.0,9342
2008-02-06,1344858279116800.0,1344858279116800.0,1344858279116800.0,1344858279116800.0,700
2008-02-07,2017287351566336.0,2017287351566336.0,2017287351566336.0,2017287351566336.0,10804
2008-02-08,2017287351566336.0,2017287351566336.0,2017287351566336.0,2017287351566336.0,3371
2008-02-11,2017287351566336.0,2017287351566336.0,2017287351566336.0,2017287351566336.0,3137
2008-02-12,2017287351566336.0,2017287351566336.0,2017287351566336.0,2017287351566336.0,0
2008-02-13,2017287351566336.0,2017287351566336.0,2017287351566336.0,2017287351566336.0,0
2008-02-14,2017287351566336.0,2017287351566336.0,2017287351566336.0,2017287351566336.0,1160
2008-02-15,2017287351566336.0,2017287351566336.0,2017287351566336.0,2017287351566336.0,1066
2008-02-18,2017287351566336.0,2017287351566336.0,2017287351566336.0,2017287351566336.0,2116
2008-02-19,2017287351566336.0,2017287351566336.0,2017287351566336.0,2017287351566336.0,0
2008-02-20,2017287351566336.0,2017287351566336.0,2017287351566336.0,2017287351566336.0,0
2008-02-21,2017287351566336.0,2017287351566336.0,2017287351566336.0,2017287351566336.0,0
2008-02-22,1344858279116800.0,1344858279116800.0,1344858279116800.0,1344858279116800.0,19244
2008-02-25,1344858279116800.0,1344858279116800.0,1344858279116800.0,1344858279116800.0,0
2008-02-26,1344858279116800.0,1344858279116800.0,1344858279116800.0,1344858279116800.0,8501
2008-02-27,1344858279116800.0,2017287418675200.0,1344858279116800.0,1344858279116800.0,5053
2008-02-28,1344858279116800.0,1344858279116800.0,1344858279116800.0,1344858279116800.0,15
2008-02-29,1344858279116800.0,1344858279116800.0,1344858279116800.0,1344858279116800.0,6474
2008-03-03,2017287351566336.0,2017287351566336.0,1344858234377557.5,2017287351566336.0,8271
2008-03-04,2017287351566336.0,2017287351566336.0,2017287351566336.0,2017287351566336.0,8423
2008-03-05,2017287351566336.0,2017287351566336.0,2017287351566336.0,2017287351566336.0,714
2008-03-06,2017287351566336.0,2017287351566336.0,2017287351566336.0,2017287351566336.0,200
2008-03-07,2017287351566336.0,2017287351566336.0,2017287351566336.0,2017287351566336.0,2285
2008-03-10,2017287351566336.0,2017287351566336.0,2017287351566336.0,2017287351566336.0,150
2008-03-11,2017287351566336.0,2017287351566336.0,2017287351566336.0,2017287351566336.0,3837
2008-03-12,2689716558233600.0,2689716558233600.0,2017287418675200.0,2689716558233600.0,43437
2008-03-13,2689716558233600.0,2689716558233600.0,2689716558233600.0,2689716558233600.0,40000
2008-03-14,2689716558233600.0,2689716558233600.0,2689716558233600.0,2689716558233600.0,146
2008-03-17,2689716558233600.0,2689716558233600.0,2689716558233600.0,2689716558233600.0,0
2008-03-18,2689716558233600.0,2689716558233600.0,2689716558233600.0,2689716558233600.0,0
2008-03-24,2689716558233600.0,2689716558233600.0,2689716558233600.0,2689716558233600.0,0
2008-03-25,2689716558233600.0,2689716558233600.0,2689716558233600.0,2689716558233600.0,6000
2008-03-26,2689716558233600.0,2689716558233600.0,2689716558233600.0,2689716558233600.0,24238
2008-03-27,2689716558233600.0,2689716558233600.0,2689716558233600.0,2689716558233600.0,12137
2008-03-28,2689716558233600.0,2689716558233600.0,2689716558233600.0,2689716558233600.0,6570
2008-03-31,2689716558233600.0,2689716558233600.0,2689716558233600.0,2689716558233600.0,40522
2008-04-01,2689716558233600.0,2689716558233600.0,2689716558233600.0,2689716558233600.0,0
2008-04-02,3362145496465408.0,3362145496465408.0,2689716397172326.5,3362145496465408.0,24639
2008-04-03,4034574703132672.0,4034574703132672.0,3362145585943893.5,4034574703132672.0,45467
2008-04-04,3362145496465408.0,4034574595758489.5,3362145496465408.0,3362145496465408.0,45950
2008-04-07,4034574703132672.0,4034574703132672.0,3362145585943893.5,4034574703132672.0,42916
2008-04-08,4034574703132672.0,4034574703132672.0,4034574703132672.0,4034574703132672.0,70990
2008-04-09,3362145496465408.0,3362145496465408.0,3362145496465408.0,3362145496465408.0,43214
2008-04-10,3362145496465408.0,3362145496465408.0,3362145496465408.0,3362145496465408.0,133288
2008-04-11,3362145496465408.0,3362145496465408.0,3362145496465408.0,3362145496465408.0,1496
2008-04-14,3362145496465408.0,3362145496465408.0,3362145496465408.0,3362145496465408.0,0
2008-04-15,3362145496465408.0,3362145496465408.0,3362145496465408.0,3362145496465408.0,19655
2008-04-16,3362145496465408.0,3362145496465408.0,3362145496465408.0,3362145496465408.0,2399
2008-04-17,3362145496465408.0,3362145496465408.0,3362145496465408.0,3362145496465408.0,0
2008-04-18,3362145496465408.0,3362145496465408.0,3362145496465408.0,3362145496465408.0,0
2008-04-21,3362145496465408.0,3362145496465408.0,3362145496465408.0,3362145496465408.0,6500
2008-04-22,2689716558233600.0,3362145697792000.0,2689716558233600.0,2689716558233600.0,10472
2008-04-23,2689716558233600.0,2689716558233600.0,2689716558233600.0,2689716558233600.0,21715
2008-04-24,2689716558233600.0,2689716558233600.0,2689716558233600.0,2689716558233600.0,4063
2008-04-25,2689716558233600.0,2689716558233600.0,2689716558233600.0,2689716558233600.0,0
2008-04-28,2689716558233600.0,3362145697792000.0,2689716558233600.0,2689716558233600.0,2085
2008-04-29,2689716558233600.0,2689716558233600.0,2689716558233600.0,2689716558233600.0,0
2008-04-30,3362145496465408.0,3362145496465408.0,3362145496465408.0,3362145496465408.0,2719
2008-05-02,3362145496465408.0,3362145496465408.0,2689716397172326.5,3362145496465408.0,5072
2008-05-06,2689716558233600.0,2689716558233600.0,2689716558233600.0,2689716558233600.0,16360
2008-05-07,2689716558233600.0,2689716558233600.0,2689716558233600.0,2689716558233600.0,8685
2008-05-08,2689716558233600.0,2689716558233600.0,2689716558233600.0,2689716558233600.0,3557
2008-05-09,2689716558233600.0,3362145697792000.0,2689716558233600.0,2689716558233600.0,1135
2008-05-12,2689716558233600.0,2689716558233600.0,2689716558233600.0,2689716558233600.0,0
2008-05-13,2689716558233600.0,2689716558233600.0,2689716558233600.0,2689716558233600.0,227
2008-05-14,2689716558233600.0,2689716558233600.0,2689716558233600.0,2689716558233600.0,4000
2008-05-15,2689716558233600.0,2689716558233600.0,2689716558233600.0,2689716558233600.0,0
2008-05-16,2689716558233600.0,2689716558233600.0,2689716558233600.0,2689716558233600.0,9451
2008-05-19,2689716558233600.0,2689716558233600.0,2689716558233600.0,2689716558233600.0,7596
2008-05-20,2689716558233600.0,2689716558233600.0,2689716558233600.0,2689716558233600.0,150
2008-05-21,2689716558233600.0,2689716558233600.0,2689716558233600.0,2689716558233600.0,3276
2008-05-22,2689716558233600.0,2689716558233600.0,2689716558233600.0,2689716558233600.0,8864
2008-05-23,2689716558233600.0,2689716558233600.0,2689716558233600.0,2689716558233600.0,4034
2008-05-27,2689716558233600.0,2689716558233600.0,2689716558233600.0,2689716558233600.0,200
2008-05-28,2689716558233600.0,2689716558233600.0,2689716558233600.0,2689716558233600.0,2384
2008-05-29,2689716558233600.0,2689716558233600.0,2689716558233600.0,2689716558233600.0,8045
2008-05-30,2689716558233600.0,2689716558233600.0,2689716558233600.0,2689716558233600.0,5045
2008-06-02,2689716558233600.0,2689716558233600.0,2689716558233600.0,2689716558233600.0,5342
2008-06-03,2689716558233600.0,2689716558233600.0,2689716558233600.0,2689716558233600.0,2573
2008-06-04,2689716558233600.0,2689716558233600.0,2689716558233600.0,2689716558233600.0,1216
2008-06-05,2689716558233600.0,2689716558233600.0,2689716558233600.0,2689716558233600.0,4641
2008-06-06,2689716558233600.0,2689716558233600.0,2689716558233600.0,2689716558233600.0,10910
2008-06-09,2689716558233600.0,2689716558233600.0,2689716558233600.0,2689716558233600.0,0
2008-06-10,2689716558233600.0,2689716558233600.0,2689716558233600.0,2689716558233600.0,10500
2008-06-11,2689716558233600.0,2689716558233600.0,2689716558233600.0,2689716558233600.0,766
2008-06-12,2689716558233600.0,2689716558233600.0,2689716558233600.0,2689716558233600.0,0
2008-06-13,2689716558233600.0,2689716558233600.0,2689716558233600.0,2689716558233600.0,8919
2008-06-16,2689716558233600.0,2689716558233600.0,2689716558233600.0,2689716558233600.0,4266
2008-06-17,2689716558233600.0,2689716558233600.0,2689716558233600.0,2689716558233600.0,0
2008-06-18,2689716558233600.0,2689716558233600.0,2017287418675200.0,2689716558233600.0,5202
2008-06-19,2689716558233600.0,2689716558233600.0,2689716558233600.0,2689716558233600.0,817
2008-06-20,2689716558233600.0,2689716558233600.0,2689716558233600.0,2689716558233600.0,0
2008-06-23,2689716558233600.0,2689716558233600.0,2689716558233600.0,2689716558233600.0,30000
2008-06-25,2689716558233600.0,2689716558233600.0,2689716558233600.0,2689716558233600.0,21000
2008-06-26,2689716558233600.0,2689716558233600.0,2689716558233600.0,2689716558233600.0,42
2008-06-27,2689716558233600.0,2689716558233600.0,2689716558233600.0,2689716558233600.0,0
2008-06-30,2689716558233600.0,2689716558233600.0,2689716558233600.0,2689716558233600.0,0
2008-07-01,2689716558233600.0,2689716558233600.0,2689716558233600.0,2689716558233600.0,116
2008-07-02,2689716558233600.0,2689716558233600.0,2689716558233600.0,2689716558233600.0,400
2008-07-03,2689716558233600.0,2689716558233600.0,2689716558233600.0,2689716558233600.0,3674
2008-07-04,2689716558233600.0,2689716558233600.0,2689716558233600.0,2689716558233600.0,0
2008-07-07,2689716558233600.0,2689716558233600.0,2689716558233600.0,2689716558233600.0,529
2008-07-08,2689716558233600.0,2689716558233600.0,2689716558233600.0,2689716558233600.0,250
2008-07-09,2689716558233600.0,2689716558233600.0,2689716558233600.0,2689716558233600.0,749
2008-07-10,2689716558233600.0,2689716558233600.0,2689716558233600.0,2689716558233600.0,11304
2008-07-11,2689716558233600.0,2689716558233600.0,2017287418675200.0,2689716558233600.0,4062
2008-07-14,2689716558233600.0,2689716558233600.0,2689716558233600.0,2689716558233600.0,19213
2008-07-15,2689716558233600.0,2689716558233600.0,2689716558233600.0,2689716558233600.0,2500
2008-07-16,2689716558233600.0,2689716558233600.0,2689716558233600.0,2689716558233600.0,0
2008-07-17,2689716558233600.0,2689716558233600.0,2689716558233600.0,2689716558233600.0,2800
2008-07-18,2689716558233600.0,2689716558233600.0,2689716558233600.0,2689716558233600.0,0
2008-07-21,2689716558233600.0,2689716558233600.0,2689716558233600.0,2689716558233600.0,28567
2008-07-22,2689716558233600.0,2689716558233600.0,2017287418675200.0,2689716558233600.0,8270
2008-07-23,2689716558233600.0,2689716558233600.0,2017287418675200.0,2689716558233600.0,4758
2008-07-25,2689716558233600.0,2689716558233600.0,2689716558233600.0,2689716558233600.0,2780
2008-07-28,2689716558233600.0,2689716558233600.0,2689716558233600.0,2689716558233600.0,4228
2008-07-29,2689716558233600.0,2689716558233600.0,2689716558233600.0,2689716558233600.0,2800
2008-07-30,2689716558233600.0,2689716558233600.0,2689716558233600.0,2689716558233600.0,6600
2008-07-31,2689716558233600.0,2689716558233600.0,2689716558233600.0,2689716558233600.0,2600
2008-08-01,2689716558233600.0,2689716558233600.0,2689716558233600.0,2689716558233600.0,0
2008-08-04,2689716558233600.0,2689716558233600.0,2689716558233600.0,2689716558233600.0,0
2008-08-05,2689716558233600.0,2689716558233600.0,2689716558233600.0,2689716558233600.0,1200
2008-08-06,2689716558233600.0,2689716558233600.0,2689716558233600.0,2689716558233600.0,1100
2008-08-07,2689716558233600.0,2689716558233600.0,2689716558233600.0,2689716558233600.0,500
2008-08-08,2689716558233600.0,2689716558233600.0,2689716558233600.0,2689716558233600.0,2100
2008-08-11,2689716558233600.0,2689716558233600.0,2689716558233600.0,2689716558233600.0,500
2008-08-12,2689716558233600.0,2689716558233600.0,2689716558233600.0,2689716558233600.0,0
2008-08-13,2689716558233600.0,2689716558233600.0,2689716558233600.0,2689716558233600.0,0
2008-08-14,2689716558233600.0,2689716558233600.0,2689716558233600.0,2689716558233600.0,0
2008-08-15,2689716558233600.0,2689716558233600.0,2689716558233600.0,2689716558233600.0,0
2008-08-19,2689716558233600.0,2689716558233600.0,2689716558233600.0,2689716558233600.0,0
2008-08-20,2689716558233600.0,2689716558233600.0,2689716558233600.0,2689716558233600.0,21000
2008-08-21,2689716558233600.0,2689716558233600.0,2689716558233600.0,2689716558233600.0,4889
2008-08-22,2689716558233600.0,2689716558233600.0,2689716558233600.0,2689716558233600.0,0
2008-08-25,2689716558233600.0,2689716558233600.0,2689716558233600.0,2689716558233600.0,11088
2008-08-26,2689716558233600.0,2689716558233600.0,2689716558233600.0,2689716558233600.0,0
2008-08-27,2689716558233600.0,2689716558233600.0,2689716558233600.0,2689716558233600.0,11362
2008-08-28,3362145496465408.0,3362145496465408.0,2689716397172326.5,3362145496465408.0,44843
2008-08-29,2689716558233600.0,3362145697792000.0,2689716558233600.0,2689716558233600.0,4708
2008-09-01,2689716558233600.0,2689716558233600.0,2689716558233600.0,2689716558233600.0,0
2008-09-02,3362145496465408.0,3362145496465408.0,3362145496465408.0,3362145496465408.0,3932
2008-09-03,3362145496465408.0,3362145496465408.0,3362145496465408.0,3362145496465408.0,4016
2008-09-04,3362145496465408.0,3362145496465408.0,3362145496465408.0,3362145496465408.0,1117
2008-09-05,3362145496465408.0,3362145496465408.0,3362145496465408.0,3362145496465408.0,146
2008-09-08,3362145496465408.0,3362145496465408.0,3362145496465408.0,3362145496465408.0,4249
2008-09-09,3362145496465408.0,3362145496465408.0,3362145496465408.0,3362145496465408.0,13490
2008-09-10,3362145496465408.0,3362145496465408.0,3362145496465408.0,3362145496465408.0,0
2008-09-11,3362145496465408.0,3362145496465408.0,2689716397172326.5,3362145496465408.0,14594
2008-09-12,3362145496465408.0,3362145496465408.0,3362145496465408.0,3362145496465408.0,9457
2008-09-15,3362145496465408.0,3362145496465408.0,3362145496465408.0,3362145496465408.0,20557
2008-09-16,3362145496465408.0,3362145496465408.0,3362145496465408.0,3362145496465408.0,0
2008-09-17,3362145496465408.0,3362145496465408.0,3362145496465408.0,3362145496465408.0,6615
2008-09-18,3362145496465408.0,3362145496465408.0,3362145496465408.0,3362145496465408.0,0
2008-09-19,3362145496465408.0,3362145496465408.0,3362145496465408.0,3362145496465408.0,8491
2008-09-22,3362145496465408.0,3362145496465408.0,3362145496465408.0,3362145496465408.0,8697
2008-09-23,3362145496465408.0,3362145496465408.0,3362145496465408.0,3362145496465408.0,2
2008-09-24,3362145496465408.0,3362145496465408.0,3362145496465408.0,3362145496465408.0,410
2008-09-25,2689716558233600.0,2689716558233600.0,2689716558233600.0,2689716558233600.0,12918
2008-09-26,2689716558233600.0,2689716558233600.0,2689716558233600.0,2689716558233600.0,0
2008-09-29,2689716558233600.0,2689716558233600.0,2689716558233600.0,2689716558233600.0,0
2008-09-30,2689716558233600.0,2689716558233600.0,2689716558233600.0,2689716558233600.0,0
2008-10-01,2689716558233600.0,2689716558233600.0,2689716558233600.0,2689716558233600.0,0
2008-10-02,2689716558233600.0,2689716558233600.0,2689716558233600.0,2689716558233600.0,0
2008-10-03,2689716558233600.0,2689716558233600.0,2689716558233600.0,2689716558233600.0,0
2008-10-06,2689716558233600.0,2689716558233600.0,2689716558233600.0,2689716558233600.0,0
2008-10-07,2689716558233600.0,2689716558233600.0,2689716558233600.0,2689716558233600.0,200
2008-10-08,2689716558233600.0,2689716558233600.0,2689716558233600.0,2689716558233600.0,0
2008-10-09,2689716558233600.0,2689716558233600.0,2689716558233600.0,2689716558233600.0,0
2008-10-10,2689716558233600.0,2689716558233600.0,2689716558233600.0,2689716558233600.0,0
2008-10-13,2689716558233600.0,2689716558233600.0,2689716558233600.0,2689716558233600.0,0
2008-10-14,2689716558233600.0,2689716558233600.0,2689716558233600.0,2689716558233600.0,160
2008-10-15,2689716558233600.0,2689716558233600.0,2689716558233600.0,2689716558233600.0,9227
2008-10-16,2689716558233600.0,2689716558233600.0,2689716558233600.0,2689716558233600.0,4127
2008-10-17,2689716558233600.0,2689716558233600.0,2689716558233600.0,2689716558233600.0,8172
2008-10-20,2689716558233600.0,2689716558233600.0,2689716558233600.0,2689716558233600.0,6021
2008-10-21,2689716558233600.0,2689716558233600.0,2689716558233600.0,2689716558233600.0,4179
2008-10-22,2689716558233600.0,2689716558233600.0,2689716558233600.0,2689716558233600.0,0
2008-10-23,2689716558233600.0,2689716558233600.0,2689716558233600.0,2689716558233600.0,0
2008-10-24,2689716558233600.0,2689716558233600.0,2689716558233600.0,2689716558233600.0,0
2008-10-27,2689716558233600.0,2689716558233600.0,2017287418675200.0,2689716558233600.0,4013
2008-10-28,2689716558233600.0,2689716558233600.0,2689716558233600.0,2689716558233600.0,0
2008-10-29,2689716558233600.0,2689716558233600.0,2689716558233600.0,2689716558233600.0,1333
2008-10-30,2689716558233600.0,2689716558233600.0,2689716558233600.0,2689716558233600.0,0
2008-10-31,2689716558233600.0,2689716558233600.0,2017287418675200.0,2689716558233600.0,5306
2008-11-03,2689716558233600.0,2689716558233600.0,2689716558233600.0,2689716558233600.0,0
2008-11-04,2689716558233600.0,2689716558233600.0,2689716558233600.0,2689716558233600.0,1084
2008-11-05,2689716558233600.0,2689716558233600.0,2689716558233600.0,2689716558233600.0,200
2008-11-06,2689716558233600.0,2689716558233600.0,2689716558233600.0,2689716558233600.0,8293
2008-11-07,2689716558233600.0,2689716558233600.0,2689716558233600.0,2689716558233600.0,0
2008-11-10,2689716558233600.0,2689716558233600.0,2689716558233600.0,2689716558233600.0,0
2008-11-11,2689716558233600.0,2689716558233600.0,2689716558233600.0,2689716558233600.0,0
2008-11-12,2689716558233600.0,2689716558233600.0,2689716558233600.0,2689716558233600.0,6664
2008-11-13,2689716558233600.0,2689716558233600.0,2689716558233600.0,2689716558233600.0,0
2008-11-14,2689716558233600.0,2689716558233600.0,2689716558233600.0,2689716558233600.0,5502
2008-11-17,2689716558233600.0,2689716558233600.0,2689716558233600.0,2689716558233600.0,1040
2008-11-18,2689716558233600.0,2689716558233600.0,2689716558233600.0,2689716558233600.0,10136
2008-11-19,2689716558233600.0,2689716558233600.0,2689716558233600.0,2689716558233600.0,228
2008-11-20,2689716558233600.0,2689716558233600.0,2689716558233600.0,2689716558233600.0,0
2008-11-21,2689716558233600.0,2689716558233600.0,2689716558233600.0,2689716558233600.0,0
2008-11-24,2689716558233600.0,2689716558233600.0,2689716558233600.0,2689716558233600.0,0
2008-11-25,2689716558233600.0,2689716558233600.0,2689716558233600.0,2689716558233600.0,0
2008-11-26,2689716558233600.0,2689716558233600.0,2689716558233600.0,2689716558233600.0,0
2008-11-27,2689716558233600.0,2689716558233600.0,2689716558233600.0,2689716558233600.0,0
2008-11-28,2689716558233600.0,2689716558233600.0,2689716558233600.0,2689716558233600.0,0
2008-12-01,2689716558233600.0,2689716558233600.0,2689716558233600.0,2689716558233600.0,0
2008-12-02,2689716558233600.0,2689716558233600.0,2689716558233600.0,2689716558233600.0,0
2008-12-03,2689716558233600.0,2689716558233600.0,2689716558233600.0,2689716558233600.0,22
2008-12-04,2689716558233600.0,2689716558233600.0,2689716558233600.0,2689716558233600.0,10
2008-12-05,2689716558233600.0,2689716558233600.0,2689716558233600.0,2689716558233600.0,0
2008-12-09,2689716558233600.0,2689716558233600.0,2689716558233600.0,2689716558233600.0,0
2008-12-10,2689716558233600.0,2689716558233600.0,2689716558233600.0,2689716558233600.0,7000
2008-12-11,2689716558233600.0,2689716558233600.0,2689716558233600.0,2689716558233600.0,2032
2008-12-12,2689716558233600.0,2689716558233600.0,2689716558233600.0,2689716558233600.0,0
2008-12-15,2689716558233600.0,2689716558233600.0,2689716558233600.0,2689716558233600.0,0
2008-12-16,2689716558233600.0,2689716558233600.0,2689716558233600.0,2689716558233600.0,0
2008-12-17,2689716558233600.0,2689716558233600.0,2689716558233600.0,2689716558233600.0,0
2008-12-18,2689716558233600.0,2689716558233600.0,2689716558233600.0,2689716558233600.0,83
2008-12-19,2689716558233600.0,2689716558233600.0,2689716558233600.0,2689716558233600.0,0
2008-12-22,2689716558233600.0,2689716558233600.0,2689716558233600.0,2689716558233600.0,0
2008-12-23,2689716558233600.0,2689716558233600.0,2689716558233600.0,2689716558233600.0,0
2008-12-24,2689716558233600.0,2689716558233600.0,2689716558233600.0,2689716558233600.0,0
2008-12-26,2689716558233600.0,2689716558233600.0,2689716558233600.0,2689716558233600.0,0
2008-12-29,2689716558233600.0,2689716558233600.0,2689716558233600.0,2689716558233600.0,0
2008-12-30,2689716558233600.0,2689716558233600.0,2689716558233600.0,2689716558233600.0,0
2008-12-31,2689716558233600.0,2689716558233600.0,2689716558233600.0,2689716558233600.0,0
2009-01-02,2689716558233600.0,2689716558233600.0,2689716558233600.0,2689716558233600.0,0
2009-01-06,2017287351566336.0,2017287351566336.0,2017287351566336.0,2017287351566336.0,8571
2009-01-07,2017287351566336.0,2017287351566336.0,2017287351566336.0,2017287351566336.0,3902
2009-01-08,2017287351566336.0,2017287351566336.0,2017287351566336.0,2017287351566336.0,0
2009-01-09,2017287351566336.0,2017287351566336.0,2017287351566336.0,2017287351566336.0,0
2009-01-12,2017287351566336.0,2017287351566336.0,2017287351566336.0,2017287351566336.0,1141
2009-01-13,2017287351566336.0,2017287351566336.0,2017287351566336.0,2017287351566336.0,0
2009-01-14,2017287351566336.0,2017287351566336.0,2017287351566336.0,2017287351566336.0,3525
2009-01-15,2017287351566336.0,2017287351566336.0,2017287351566336.0,2017287351566336.0,4064
2009-01-16,2017287351566336.0,2017287351566336.0,2017287351566336.0,2017287351566336.0,483
2009-01-19,2017287351566336.0,2017287351566336.0,2017287351566336.0,2017287351566336.0,0
2009-01-20,2689716558233600.0,2689716558233600.0,2689716558233600.0,2689716558233600.0,5650
2009-01-21,2689716558233600.0,2689716558233600.0,2689716558233600.0,2689716558233600.0,0
2009-01-22,2689716558233600.0,2689716558233600.0,2689716558233600.0,2689716558233600.0,0
2009-01-23,2689716558233600.0,2689716558233600.0,2689716558233600.0,2689716558233600.0,10000
2009-01-26,2689716558233600.0,2689716558233600.0,2689716558233600.0,2689716558233600.0,1519
2009-01-27,2689716558233600.0,2689716558233600.0,2689716558233600.0,2689716558233600.0,0
2009-01-28,2689716558233600.0,2689716558233600.0,2689716558233600.0,2689716558233600.0,180
2009-01-29,2689716558233600.0,2689716558233600.0,2689716558233600.0,2689716558233600.0,3801
2009-01-30,2689716558233600.0,2689716558233600.0,2689716558233600.0,2689716558233600.0,0
2009-02-02,2689716558233600.0,2689716558233600.0,2689716558233600.0,2689716558233600.0,0
2009-02-03,2689716558233600.0,2689716558233600.0,2689716558233600.0,2689716558233600.0,0
2009-02-04,2689716558233600.0,2689716558233600.0,2689716558233600.0,2689716558233600.0,0
2009-02-05,2689716558233600.0,2689716558233600.0,2689716558233600.0,2689716558233600.0,5705
2009-02-06,2689716558233600.0,2689716558233600.0,2689716558233600.0,2689716558233600.0,0
2009-02-09,2689716558233600.0,2689716558233600.0,2689716558233600.0,2689716558233600.0,0
2009-02-10,2017287351566336.0,2017287351566336.0,2017287351566336.0,2017287351566336.0,3310
2009-02-11,2017287351566336.0,2017287351566336.0,2017287351566336.0,2017287351566336.0,2510
2009-02-12,2017287351566336.0,2017287351566336.0,2017287351566336.0,2017287351566336.0,1862
2009-02-13,2689716558233600.0,2689716558233600.0,2689716558233600.0,2689716558233600.0,3034
2009-02-16,2689716558233600.0,2689716558233600.0,2689716558233600.0,2689716558233600.0,4000
2009-02-17,2689716558233600.0,2689716558233600.0,2689716558233600.0,2689716558233600.0,6500
2009-02-18,3362145496465408.0,3362145496465408.0,3362145496465408.0,3362145496465408.0,3220
2009-02-19,3362145496465408.0,3362145496465408.0,3362145496465408.0,3362145496465408.0,4745
2009-02-20,3362145496465408.0,3362145496465408.0,3362145496465408.0,3362145496465408.0,13467
2009-02-25,3362145496465408.0,3362145496465408.0,3362145496465408.0,3362145496465408.0,0
2009-02-26,3362145496465408.0,3362145496465408.0,3362145496465408.0,3362145496465408.0,2528
2009-02-27,3362145496465408.0,3362145496465408.0,3362145496465408.0,3362145496465408.0,5840
2009-03-02,3362145496465408.0,3362145496465408.0,3362145496465408.0,3362145496465408.0,7190
2009-03-03,3362145496465408.0,4034574595758489.5,3362145496465408.0,3362145496465408.0,5708
2009-03-04,3362145496465408.0,3362145496465408.0,3362145496465408.0,3362145496465408.0,1135
2009-03-05,3362145496465408.0,3362145496465408.0,3362145496465408.0,3362145496465408.0,2134
2009-03-06,3362145496465408.0,3362145496465408.0,3362145496465408.0,3362145496465408.0,0
2009-03-09,3362145496465408.0,3362145496465408.0,3362145496465408.0,3362145496465408.0,1275
2009-03-10,3362145496465408.0,3362145496465408.0,3362145496465408.0,3362145496465408.0,0
2009-03-11,3362145496465408.0,3362145496465408.0,3362145496465408.0,3362145496465408.0,0
2009-03-12,3362145496465408.0,3362145496465408.0,3362145496465408.0,3362145496465408.0,0
2009-03-13,3362145496465408.0,3362145496465408.0,3362145496465408.0,3362145496465408.0,0
2009-03-16,4707003372929024.0,4707003372929024.0,3362145091643404.5,4707003372929024.0,19208
2009-03-17,5379433116467200.0,5379433116467200.0,4707004221537102.0,5379433116467200.0,86368
2009-03-18,5379433116467200.0,5379433116467200.0,4707004221537102.0,5379433116467200.0,80314
2009-03-20,5379433116467200.0,5379433116467200.0,5379433116467200.0,5379433116467200.0,118337
2009-03-23,5379433116467200.0,5379433116467200.0,4707004221537102.0,5379433116467200.0,205344
2009-03-24,5379433116467200.0,6051862500653902.0,4707004221537102.0,5379433116467200.0,173007
2009-03-25,6051862860005376.0,6051862860005376.0,5379433435890719.0,6051862860005376.0,89888
2009-03-26,6051862860005376.0,6051862860005376.0,5379433435890719.0,6051862860005376.0,82441
2009-03-27,6051862860005376.0,6051862860005376.0,6051862860005376.0,6051862860005376.0,60372
2009-03-30,6051862860005376.0,6051862860005376.0,6051862860005376.0,6051862860005376.0,0
2009-03-31,6051862860005376.0,6051862860005376.0,6051862860005376.0,6051862860005376.0,46
2009-04-01,6051862860005376.0,6051862860005376.0,6051862860005376.0,6051862860005376.0,0
2009-04-02,6051862860005376.0,6051862860005376.0,6051862860005376.0,6051862860005376.0,0
2009-04-03,6051862860005376.0,6051862860005376.0,6051862860005376.0,6051862860005376.0,0
2009-04-06,6051862860005376.0,6051862860005376.0,6051862860005376.0,6051862860005376.0,0
2009-04-07,6051862860005376.0,6051862860005376.0,6051862860005376.0,6051862860005376.0,0
2009-04-08,6051862860005376.0,6051862860005376.0,6051862860005376.0,6051862860005376.0,0
2009-04-13,6051862860005376.0,6051862860005376.0,6051862860005376.0,6051862860005376.0,0
2009-04-14,6051862860005376.0,6051862860005376.0,6051862860005376.0,6051862860005376.0,0
2009-04-15,6051862860005376.0,6051862860005376.0,6051862860005376.0,6051862860005376.0,0
2009-04-16,6051862860005376.0,6051862860005376.0,6051862860005376.0,6051862860005376.0,0
2009-04-17,6051862860005376.0,6051862860005376.0,6051862860005376.0,6051862860005376.0,0
2009-04-20,6051862860005376.0,6051862860005376.0,6051862860005376.0,6051862860005376.0,0
2009-04-21,6051862860005376.0,6051862860005376.0,6051862860005376.0,6051862860005376.0,0
2009-04-22,6051862860005376.0,6051862860005376.0,6051862860005376.0,6051862860005376.0,0
2009-04-23,6051862860005376.0,6051862860005376.0,6051862860005376.0,6051862860005376.0,0
2009-04-24,6051862860005376.0,6051862860005376.0,6051862860005376.0,6051862860005376.0,0
2009-04-27,6051862860005376.0,6051862860005376.0,6051862860005376.0,6051862860005376.0,0
2009-04-28,6051862860005376.0,6051862860005376.0,6051862860005376.0,6051862860005376.0,0
2009-04-29,6051862860005376.0,6051862860005376.0,6051862860005376.0,6051862860005376.0,0
2009-04-30,6051862860005376.0,6051862860005376.0,6051862860005376.0,6051862860005376.0,0
2009-05-04,6051862860005376.0,6051862860005376.0,6051862860005376.0,6051862860005376.0,0
2009-05-05,6051862860005376.0,6051862860005376.0,6051862860005376.0,6051862860005376.0,0
2009-05-06,6051862860005376.0,6051862860005376.0,6051862860005376.0,6051862860005376.0,0
2009-05-07,6051862860005376.0,6051862860005376.0,6051862860005376.0,6051862860005376.0,0
2009-05-08,6051862860005376.0,6051862860005376.0,6051862860005376.0,6051862860005376.0,0
2009-05-11,6051862860005376.0,6051862860005376.0,6051862860005376.0,6051862860005376.0,0
2009-05-12,6051862860005376.0,6051862860005376.0,6051862860005376.0,6051862860005376.0,0
2009-05-13,6051862860005376.0,6051862860005376.0,6051862860005376.0,6051862860005376.0,0
2009-05-14,6051862860005376.0,6051862860005376.0,6051862860005376.0,6051862860005376.0,0
2009-05-15,2017287351566336.0,2017287351566336.0,2017287351566336.0,2017287351566336.0,1175
2009-05-18,2017287351566336.0,2017287351566336.0,2017287351566336.0,2017287351566336.0,0
2009-05-19,2017287351566336.0,2017287351566336.0,2017287351566336.0,2017287351566336.0,366
2009-05-20,2017287351566336.0,2017287351566336.0,2017287351566336.0,2017287351566336.0,1461
2009-05-21,2017287351566336.0,2017287351566336.0,2017287351566336.0,2017287351566336.0,0
2009-05-22,2017287351566336.0,2017287351566336.0,2017287351566336.0,2017287351566336.0,0
2009-05-26,2017287351566336.0,2017287351566336.0,2017287351566336.0,2017287351566336.0,0
2009-05-27,2017287351566336.0,2017287351566336.0,2017287351566336.0,2017287351566336.0,3217
2009-05-28,2017287351566336.0,2017287351566336.0,2017287351566336.0,2017287351566336.0,0
2009-05-29,2017287351566336.0,2017287351566336.0,2017287351566336.0,2017287351566336.0,0
2009-06-01,2017287351566336.0,2017287351566336.0,2017287351566336.0,2017287351566336.0,1900
2009-06-02,2017287351566336.0,2017287351566336.0,2017287351566336.0,2017287351566336.0,0
2009-06-03,2017287351566336.0,2017287351566336.0,2017287351566336.0,2017287351566336.0,4159
2009-06-04,2017287351566336.0,2017287351566336.0,2017287351566336.0,2017287351566336.0,0
2009-06-05,2017287351566336.0,2017287351566336.0,2017287351566336.0,2017287351566336.0,0
2009-06-08,2017287351566336.0,2017287351566336.0,2017287351566336.0,2017287351566336.0,1236
2009-06-09,2017287351566336.0,2017287351566336.0,2017287351566336.0,2017287351566336.0,1791
2009-06-10,2017287351566336.0,2017287351566336.0,2017287351566336.0,2017287351566336.0,0
2009-06-11,2017287351566336.0,2017287351566336.0,2017287351566336.0,2017287351566336.0,0
2009-06-12,2017287351566336.0,2017287351566336.0,2017287351566336.0,2017287351566336.0,0
2009-06-16,2017287351566336.0,2017287351566336.0,2017287351566336.0,2017287351566336.0,0
2009-06-17,2017287351566336.0,2017287351566336.0,2017287351566336.0,2017287351566336.0,9540
2009-06-18,2017287351566336.0,2017287351566336.0,2017287351566336.0,2017287351566336.0,362
2009-06-19,2017287351566336.0,2017287351566336.0,2017287351566336.0,2017287351566336.0,0
2009-06-22,2017287351566336.0,2017287351566336.0,2017287351566336.0,2017287351566336.0,3209
2009-06-23,2017287351566336.0,2017287351566336.0,2017287351566336.0,2017287351566336.0,2677
2009-06-25,2017287351566336.0,2017287351566336.0,2017287351566336.0,2017287351566336.0,0
2009-06-26,2017287351566336.0,2017287351566336.0,2017287351566336.0,2017287351566336.0,2000
2009-06-30,2017287351566336.0,2017287351566336.0,2017287351566336.0,2017287351566336.0,0
2009-07-01,2017287351566336.0,2017287351566336.0,2017287351566336.0,2017287351566336.0,0
2009-07-02,2017287351566336.0,2017287351566336.0,2017287351566336.0,2017287351566336.0,2289
2009-07-03,2017287351566336.0,2017287351566336.0,2017287351566336.0,2017287351566336.0,1900
2009-07-06,2017287351566336.0,2017287351566336.0,2017287351566336.0,2017287351566336.0,0
2009-07-07,2017287351566336.0,2017287351566336.0,2017287351566336.0,2017287351566336.0,0
2009-07-08,2017287351566336.0,2017287351566336.0,2017287351566336.0,2017287351566336.0,6369
2009-07-09,2017287351566336.0,2017287351566336.0,2017287351566336.0,2017287351566336.0,0
2009-07-10,2017287351566336.0,2017287351566336.0,2017287351566336.0,2017287351566336.0,132
2009-07-13,2017287351566336.0,2017287351566336.0,2017287351566336.0,2017287351566336.0,1062
2009-07-14,2017287351566336.0,2017287351566336.0,2017287351566336.0,2017287351566336.0,0
2009-07-15,2017287351566336.0,2017287351566336.0,2017287351566336.0,2017287351566336.0,0
2009-07-16,2017287351566336.0,2017287351566336.0,2017287351566336.0,2017287351566336.0,1890
2009-07-17,2017287351566336.0,2017287351566336.0,2017287351566336.0,2017287351566336.0,0
2009-07-20,2017287351566336.0,2017287351566336.0,2017287351566336.0,2017287351566336.0,1780
2009-07-21,2017287351566336.0,2017287351566336.0,2017287351566336.0,2017287351566336.0,5422
2009-07-22,2017287351566336.0,2017287351566336.0,2017287351566336.0,2017287351566336.0,1337
2009-07-23,2017287351566336.0,2017287351566336.0,2017287351566336.0,2017287351566336.0,577
2009-07-27,2017287351566336.0,2017287351566336.0,2017287351566336.0,2017287351566336.0,0
2009-07-28,2017287351566336.0,2017287351566336.0,2017287351566336.0,2017287351566336.0,7915
2009-07-29,2017287351566336.0,2017287351566336.0,2017287351566336.0,2017287351566336.0,0
2009-07-30,2017287351566336.0,2017287351566336.0,2017287351566336.0,2017287351566336.0,1264
2009-07-31,2017287351566336.0,2017287351566336.0,2017287351566336.0,2017287351566336.0,1175
2009-08-03,2017287351566336.0,2017287351566336.0,2017287351566336.0,2017287351566336.0,0
2009-08-04,2017287351566336.0,2017287351566336.0,2017287351566336.0,2017287351566336.0,5566
2009-08-05,2017287351566336.0,2017287351566336.0,2017287351566336.0,2017287351566336.0,2500
2009-08-06,2017287351566336.0,2017287351566336.0,2017287351566336.0,2017287351566336.0,0
2009-08-07,2017287351566336.0,2017287351566336.0,2017287351566336.0,2017287351566336.0,0
2009-08-10,2017287351566336.0,2017287351566336.0,2017287351566336.0,2017287351566336.0,0
2009-08-11,2017287351566336.0,2017287351566336.0,2017287351566336.0,2017287351566336.0,0
2009-08-12,2017287351566336.0,2017287351566336.0,2017287351566336.0,2017287351566336.0,4469
2009-08-13,2017287351566336.0,2017287351566336.0,2017287351566336.0,2017287351566336.0,0
2009-08-14,2017287351566336.0,2017287351566336.0,2017287351566336.0,2017287351566336.0,1500
2009-08-17,2017287351566336.0,2017287351566336.0,2017287351566336.0,2017287351566336.0,0
2009-08-18,2017287351566336.0,2017287351566336.0,2017287351566336.0,2017287351566336.0,8897
2009-08-19,2017287351566336.0,2017287351566336.0,2017287351566336.0,2017287351566336.0,2000
2009-08-20,2017287351566336.0,2017287351566336.0,2017287351566336.0,2017287351566336.0,240
2009-08-21,2017287351566336.0,2017287351566336.0,2017287351566336.0,2017287351566336.0,1672
2009-08-24,2017287351566336.0,2017287351566336.0,2017287351566336.0,2017287351566336.0,1959
2009-08-25,2017287351566336.0,2017287351566336.0,2017287351566336.0,2017287351566336.0,0
2009-08-26,2017287351566336.0,2017287351566336.0,2017287351566336.0,2017287351566336.0,2000
2009-08-27,2017287351566336.0,2017287351566336.0,2017287351566336.0,2017287351566336.0,0
2009-08-28,2017287351566336.0,2017287351566336.0,2017287351566336.0,2017287351566336.0,452
2009-08-31,2017287351566336.0,2017287351566336.0,2017287351566336.0,2017287351566336.0,3190
2009-09-01,2017287351566336.0,2017287351566336.0,2017287351566336.0,2017287351566336.0,1066
2009-09-02,2017287351566336.0,2017287351566336.0,2017287351566336.0,2017287351566336.0,5495
2009-09-03,2017287351566336.0,2017287351566336.0,2017287351566336.0,2017287351566336.0,2000
2009-09-04,2017287351566336.0,2017287351566336.0,2017287351566336.0,2017287351566336.0,0
2009-09-07,2017287351566336.0,2017287351566336.0,2017287351566336.0,2017287351566336.0,3900
2009-09-08,2017287351566336.0,2017287351566336.0,2017287351566336.0,2017287351566336.0,0
2009-09-09,2017287351566336.0,2017287351566336.0,2017287351566336.0,2017287351566336.0,0
2009-09-10,2017287351566336.0,2017287351566336.0,2017287351566336.0,2017287351566336.0,783
2009-09-11,2017287351566336.0,2017287351566336.0,2017287351566336.0,2017287351566336.0,2000
2009-09-14,2017287351566336.0,2017287351566336.0,2017287351566336.0,2017287351566336.0,3523
2009-09-15,2017287351566336.0,2017287351566336.0,2017287351566336.0,2017287351566336.0,0
2009-09-16,2017287351566336.0,2017287351566336.0,2017287351566336.0,2017287351566336.0,0
2009-09-17,2017287351566336.0,2017287351566336.0,2017287351566336.0,2017287351566336.0,0
2009-09-18,2017287351566336.0,2017287351566336.0,2017287351566336.0,2017287351566336.0,439
2009-09-21,2017287351566336.0,2017287351566336.0,2017287351566336.0,2017287351566336.0,0
2009-09-22,2017287351566336.0,2017287351566336.0,2017287351566336.0,2017287351566336.0,2576
2009-09-23,2017287351566336.0,2017287351566336.0,2017287351566336.0,2017287351566336.0,72
2009-09-24,2017287351566336.0,2017287351566336.0,2017287351566336.0,2017287351566336.0,0
2009-09-25,2017287351566336.0,2017287351566336.0,2017287351566336.0,2017287351566336.0,2860
2009-09-28,2017287351566336.0,2017287351566336.0,2017287351566336.0,2017287351566336.0,8004
2009-09-29,2017287351566336.0,2017287351566336.0,2017287351566336.0,2017287351566336.0,0
2009-09-30,2017287351566336.0,2017287351566336.0,2017287351566336.0,2017287351566336.0,5388
2009-10-01,2017287351566336.0,2017287351566336.0,2017287351566336.0,2017287351566336.0,0
2009-10-02,2017287351566336.0,2017287351566336.0,2017287351566336.0,2017287351566336.0,0
2009-10-05,2017287351566336.0,2017287351566336.0,2017287351566336.0,2017287351566336.0,0
2009-10-06,2017287351566336.0,2017287351566336.0,2017287351566336.0,2017287351566336.0,0
2009-10-07,2017287351566336.0,2017287351566336.0,2017287351566336.0,2017287351566336.0,352
2009-10-08,2017287351566336.0,2017287351566336.0,2017287351566336.0,2017287351566336.0,0
2009-10-09,2017287351566336.0,2017287351566336.0,2017287351566336.0,2017287351566336.0,116
2009-10-13,2017287351566336.0,2017287351566336.0,2017287351566336.0,2017287351566336.0,2612
2009-10-14,2017287351566336.0,2017287351566336.0,2017287351566336.0,2017287351566336.0,0
2009-10-15,2017287351566336.0,2017287351566336.0,2017287351566336.0,2017287351566336.0,400
2009-10-16,2017287351566336.0,2017287351566336.0,2017287351566336.0,2017287351566336.0,0
2009-10-19,2017287351566336.0,2017287351566336.0,2017287351566336.0,2017287351566336.0,2576
2009-10-20,2017287351566336.0,2017287351566336.0,2017287351566336.0,2017287351566336.0,7300
2009-10-21,2017287351566336.0,2017287351566336.0,2017287351566336.0,2017287351566336.0,350
2009-10-22,2017287351566336.0,2017287351566336.0,2017287351566336.0,2017287351566336.0,4
2009-10-23,2017287351566336.0,2017287351566336.0,2017287351566336.0,2017287351566336.0,1269
2009-10-26,2017287351566336.0,2017287351566336.0,2017287351566336.0,2017287351566336.0,21979
2009-10-27,2017287351566336.0,2017287351566336.0,2017287351566336.0,2017287351566336.0,5369
2009-10-28,2017287351566336.0,2017287351566336.0,2017287351566336.0,2017287351566336.0,0
2009-10-29,2017287351566336.0,2017287351566336.0,2017287351566336.0,2017287351566336.0,368
2009-10-30,2017287351566336.0,2017287351566336.0,2017287351566336.0,2017287351566336.0,0
2009-11-02,2017287351566336.0,2017287351566336.0,2017287351566336.0,2017287351566336.0,3150
2009-11-03,2017287351566336.0,2017287351566336.0,2017287351566336.0,2017287351566336.0,9712
2009-11-04,2017287351566336.0,2017287351566336.0,2017287351566336.0,2017287351566336.0,0
2009-11-05,2017287351566336.0,2017287351566336.0,2017287351566336.0,2017287351566336.0,0
2009-11-06,2017287351566336.0,2017287351566336.0,2017287351566336.0,2017287351566336.0,0
2009-11-09,2017287351566336.0,2017287351566336.0,2017287351566336.0,2017287351566336.0,0
2009-11-10,2017287351566336.0,2017287351566336.0,2017287351566336.0,2017287351566336.0,15000
2009-11-11,2017287351566336.0,2017287351566336.0,2017287351566336.0,2017287351566336.0,6778
2009-11-12,2017287351566336.0,2017287351566336.0,2017287351566336.0,2017287351566336.0,0
2009-11-13,2017287351566336.0,2017287351566336.0,2017287351566336.0,2017287351566336.0,0
2009-11-16,2017287351566336.0,2017287351566336.0,2017287351566336.0,2017287351566336.0,1405
2009-11-17,2017287351566336.0,2017287351566336.0,2017287351566336.0,2017287351566336.0,0
2009-11-18,2017287351566336.0,2017287351566336.0,2017287351566336.0,2017287351566336.0,0
2009-11-19,2017287351566336.0,2017287351566336.0,2017287351566336.0,2017287351566336.0,0
2009-11-20,2017287351566336.0,2017287351566336.0,2017287351566336.0,2017287351566336.0,1
2009-11-23,2017287351566336.0,2017287351566336.0,2017287351566336.0,2017287351566336.0,68
2009-11-24,2017287351566336.0,2017287351566336.0,2017287351566336.0,2017287351566336.0,0
2009-11-25,2017287351566336.0,2017287351566336.0,2017287351566336.0,2017287351566336.0,1927
2009-11-26,2017287351566336.0,2017287351566336.0,2017287351566336.0,2017287351566336.0,2576
2009-11-27,2017287351566336.0,2017287351566336.0,2017287351566336.0,2017287351566336.0,0
2009-11-30,2017287351566336.0,2017287351566336.0,2017287351566336.0,2017287351566336.0,517
2009-12-01,2017287351566336.0,2017287351566336.0,2017287351566336.0,2017287351566336.0,0
2009-12-02,2017287351566336.0,2017287351566336.0,2017287351566336.0,2017287351566336.0,2244
2009-12-03,2017287351566336.0,2017287351566336.0,2017287351566336.0,2017287351566336.0,0
2009-12-04,2017287351566336.0,2017287351566336.0,2017287351566336.0,2017287351566336.0,2300
2009-12-08,2017287351566336.0,2017287351566336.0,2017287351566336.0,2017287351566336.0,0
2009-12-09,2017287351566336.0,2017287351566336.0,2017287351566336.0,2017287351566336.0,1666
2009-12-10,2017287351566336.0,2017287351566336.0,2017287351566336.0,2017287351566336.0,0
2009-12-11,2017287351566336.0,2017287351566336.0,2017287351566336.0,2017287351566336.0,0
2009-12-14,2017287351566336.0,2017287351566336.0,2017287351566336.0,2017287351566336.0,0
2009-12-15,2017287351566336.0,2017287351566336.0,2017287351566336.0,2017287351566336.0,0
2009-12-16,2017287351566336.0,2017287351566336.0,2017287351566336.0,2017287351566336.0,1057
2009-12-17,2017287351566336.0,2017287351566336.0,2017287351566336.0,2017287351566336.0,0
2009-12-18,2017287351566336.0,2017287351566336.0,2017287351566336.0,2017287351566336.0,4542
2009-12-21,2017287351566336.0,2017287351566336.0,2017287351566336.0,2017287351566336.0,0
2009-12-22,2017287351566336.0,2017287351566336.0,2017287351566336.0,2017287351566336.0,2075
2009-12-23,2017287351566336.0,2017287351566336.0,2017287351566336.0,2017287351566336.0,0
2009-12-24,2017287351566336.0,2017287351566336.0,2017287351566336.0,2017287351566336.0,0
2009-12-28,2017287351566336.0,2017287351566336.0,2017287351566336.0,2017287351566336.0,0
2009-12-29,2017287351566336.0,2017287351566336.0,2017287351566336.0,2017287351566336.0,6890
2009-12-30,2017287351566336.0,2017287351566336.0,2017287351566336.0,2017287351566336.0,0
2009-12-31,2017287351566336.0,2017287351566336.0,2017287351566336.0,2017287351566336.0,0
2010-01-05,2017287351566336.0,2017287351566336.0,2017287351566336.0,2017287351566336.0,0
2010-01-06,2017287351566336.0,2017287351566336.0,2017287351566336.0,2017287351566336.0,675
2010-01-07,2017287351566336.0,2017287351566336.0,2017287351566336.0,2017287351566336.0,6405
2010-01-08,2017287351566336.0,2017287351566336.0,2017287351566336.0,2017287351566336.0,0
2010-01-11,2017287351566336.0,2017287351566336.0,2017287351566336.0,2017287351566336.0,0
2010-01-12,2017287351566336.0,2017287351566336.0,2017287351566336.0,2017287351566336.0,135
2010-01-13,2017287351566336.0,2017287351566336.0,2017287351566336.0,2017287351566336.0,0
2010-01-14,2017287351566336.0,2017287351566336.0,2017287351566336.0,2017287351566336.0,6
2010-01-15,2017287351566336.0,2017287351566336.0,2017287351566336.0,2017287351566336.0,117
2010-01-18,2017287351566336.0,2017287351566336.0,2017287351566336.0,2017287351566336.0,221
2010-01-19,2017287351566336.0,2017287351566336.0,2017287351566336.0,2017287351566336.0,0
2010-01-20,2017287351566336.0,2017287351566336.0,2017287351566336.0,2017287351566336.0,0
2010-01-21,2017287351566336.0,2017287351566336.0,2017287351566336.0,2017287351566336.0,0
2010-01-22,2017287351566336.0,2017287351566336.0,2017287351566336.0,2017287351566336.0,6626
2010-01-25,2017287351566336.0,2017287351566336.0,2017287351566336.0,2017287351566336.0,920
2010-01-26,2017287351566336.0,2017287351566336.0,2017287351566336.0,2017287351566336.0,200
2010-01-27,2017287351566336.0,2017287351566336.0,2017287351566336.0,2017287351566336.0,0
2010-01-28,2017287351566336.0,2017287351566336.0,2017287351566336.0,2017287351566336.0,0
2010-01-29,2017287351566336.0,2017287351566336.0,2017287351566336.0,2017287351566336.0,0
2010-02-01,2017287351566336.0,2017287351566336.0,2017287351566336.0,2017287351566336.0,4100
2010-02-02,2017287351566336.0,2017287351566336.0,2017287351566336.0,2017287351566336.0,0
2010-02-03,2017287351566336.0,2017287351566336.0,2017287351566336.0,2017287351566336.0,2066
2010-02-04,2017287351566336.0,2017287351566336.0,2017287351566336.0,2017287351566336.0,119
2010-02-05,2017287351566336.0,2017287351566336.0,2017287351566336.0,2017287351566336.0,367
2010-02-08,2017287351566336.0,2017287351566336.0,2017287351566336.0,2017287351566336.0,37758
2010-02-09,2017287351566336.0,2017287351566336.0,2017287351566336.0,2017287351566336.0,0
2010-02-10,2017287351566336.0,2017287351566336.0,2017287351566336.0,2017287351566336.0,119
2010-02-11,2017287351566336.0,2017287351566336.0,2017287351566336.0,2017287351566336.0,267
2010-02-12,2017287351566336.0,2017287351566336.0,2017287351566336.0,2017287351566336.0,0
2010-02-17,2017287351566336.0,2017287351566336.0,2017287351566336.0,2017287351566336.0,528
2010-02-18,2017287351566336.0,2017287351566336.0,2017287351566336.0,2017287351566336.0,9356
2010-02-19,2017287351566336.0,2017287351566336.0,2017287351566336.0,2017287351566336.0,0
2010-02-22,2017287351566336.0,2017287351566336.0,2017287351566336.0,2017287351566336.0,0
2010-02-23,2017287351566336.0,2017287351566336.0,2017287351566336.0,2017287351566336.0,0
2010-02-24,2017287351566336.0,2017287351566336.0,2017287351566336.0,2017287351566336.0,0
2010-02-25,2017287351566336.0,2017287351566336.0,2017287351566336.0,2017287351566336.0,613
2010-02-26,2017287351566336.0,2017287351566336.0,2017287351566336.0,2017287351566336.0,0
2010-03-01,2017287351566336.0,2017287351566336.0,2017287351566336.0,2017287351566336.0,100
2010-03-02,2017287351566336.0,2017287351566336.0,2017287351566336.0,2017287351566336.0,6356
2010-03-03,2017287351566336.0,2017287351566336.0,2017287351566336.0,2017287351566336.0,0
2010-03-04,2017287351566336.0,2017287351566336.0,2017287351566336.0,2017287351566336.0,66
2010-03-05,2017287351566336.0,2017287351566336.0,2017287351566336.0,2017287351566336.0,81
2010-03-08,2017287351566336.0,2017287351566336.0,2017287351566336.0,2017287351566336.0,2000
2010-03-09,2017287351566336.0,2017287351566336.0,2017287351566336.0,2017287351566336.0,0
2010-03-10,2017287351566336.0,2017287351566336.0,2017287351566336.0,2017287351566336.0,0
2010-03-11,2017287351566336.0,2017287351566336.0,2017287351566336.0,2017287351566336.0,528
2010-03-12,2017287351566336.0,2017287351566336.0,2017287351566336.0,2017287351566336.0,3213
2010-03-15,2017287351566336.0,2017287351566336.0,2017287351566336.0,2017287351566336.0,0
2010-03-16,2017287351566336.0,2017287351566336.0,2017287351566336.0,2017287351566336.0,0
2010-03-17,2017287351566336.0,2017287351566336.0,2017287351566336.0,2017287351566336.0,0
2010-03-18,2017287351566336.0,2017287351566336.0,2017287351566336.0,2017287351566336.0,0
2010-03-22,2017287351566336.0,2017287351566336.0,2017287351566336.0,2017287351566336.0,0
2010-03-23,2017287351566336.0,2017287351566336.0,2017287351566336.0,2017287351566336.0,0
2010-03-24,2017287351566336.0,2017287351566336.0,2017287351566336.0,2017287351566336.0,0
2010-03-25,2689716558233600.0,2689716558233600.0,2689716558233600.0,2689716558233600.0,9605
2010-03-26,2689716558233600.0,2689716558233600.0,2689716558233600.0,2689716558233600.0,0
2010-03-29,2689716558233600.0,2689716558233600.0,2689716558233600.0,2689716558233600.0,0
2010-03-30,2689716558233600.0,2689716558233600.0,2689716558233600.0,2689716558233600.0,0
2010-03-31,2689716558233600.0,2689716558233600.0,2689716558233600.0,2689716558233600.0,0
2010-04-05,2689716558233600.0,2689716558233600.0,2689716558233600.0,2689716558233600.0,0
2010-04-06,2689716558233600.0,2689716558233600.0,2689716558233600.0,2689716558233600.0,2524
2010-04-07,2689716558233600.0,2689716558233600.0,2689716558233600.0,2689716558233600.0,0
2010-04-08,2689716558233600.0,2689716558233600.0,2689716558233600.0,2689716558233600.0,6097
2010-04-09,2689716558233600.0,2689716558233600.0,2689716558233600.0,2689716558233600.0,0
2010-04-12,2689716558233600.0,2689716558233600.0,2689716558233600.0,2689716558233600.0,0
2010-04-13,2689716558233600.0,2689716558233600.0,2689716558233600.0,2689716558233600.0,0
2010-04-14,2689716558233600.0,2689716558233600.0,2689716558233600.0,2689716558233600.0,0
2010-04-15,2689716558233600.0,2689716558233600.0,2689716558233600.0,2689716558233600.0,0
2010-04-16,2017287351566336.0,2017287351566336.0,2017287351566336.0,2017287351566336.0,2066
2010-04-20,2017287351566336.0,2017287351566336.0,2017287351566336.0,2017287351566336.0,0
2010-04-21,2017287351566336.0,2017287351566336.0,2017287351566336.0,2017287351566336.0,1
2010-04-22,2017287351566336.0,2017287351566336.0,2017287351566336.0,2017287351566336.0,0
2010-04-23,2017287351566336.0,2017287351566336.0,2017287351566336.0,2017287351566336.0,0
2010-04-26,2017287351566336.0,2017287351566336.0,2017287351566336.0,2017287351566336.0,0
2010-04-27,2017287351566336.0,2017287351566336.0,2017287351566336.0,2017287351566336.0,8558
2010-04-28,2017287351566336.0,2017287351566336.0,2017287351566336.0,2017287351566336.0,0
2010-04-29,2017287351566336.0,2017287351566336.0,2017287351566336.0,2017287351566336.0,0
2010-04-30,2017287351566336.0,2017287351566336.0,2017287351566336.0,2017287351566336.0,0
2010-05-03,2017287351566336.0,2017287351566336.0,2017287351566336.0,2017287351566336.0,0
2010-05-04,2017287351566336.0,2017287351566336.0,2017287351566336.0,2017287351566336.0,0
2010-05-05,2017287351566336.0,2017287351566336.0,2017287351566336.0,2017287351566336.0,0
2010-05-06,2017287351566336.0,2017287351566336.0,2017287351566336.0,2017287351566336.0,179
2010-05-07,2017287351566336.0,2017287351566336.0,2017287351566336.0,2017287351566336.0,10343
2010-05-10,2017287351566336.0,2017287351566336.0,2017287351566336.0,2017287351566336.0,0
2010-05-11,2017287351566336.0,2017287351566336.0,2017287351566336.0,2017287351566336.0,3364
2010-05-12,2689716558233600.0,2689716558233600.0,2689716558233600.0,2689716558233600.0,721
2010-05-13,2689716558233600.0,2689716558233600.0,2689716558233600.0,2689716558233600.0,2822
2010-05-14,2689716558233600.0,2689716558233600.0,2689716558233600.0,2689716558233600.0,0
2010-05-18,2689716558233600.0,2689716558233600.0,2689716558233600.0,2689716558233600.0,0
2010-05-19,2017287351566336.0,2017287351566336.0,2017287351566336.0,2017287351566336.0,66
2010-05-20,2017287351566336.0,2017287351566336.0,2017287351566336.0,2017287351566336.0,120
2010-05-21,2017287351566336.0,2017287351566336.0,2017287351566336.0,2017287351566336.0,0
2010-05-24,2017287351566336.0,2017287351566336.0,2017287351566336.0,2017287351566336.0,0
2010-05-25,2017287351566336.0,2017287351566336.0,2017287351566336.0,2017287351566336.0,0
2010-05-26,2017287351566336.0,2017287351566336.0,2017287351566336.0,2017287351566336.0,0
2010-05-27,2017287351566336.0,2017287351566336.0,2017287351566336.0,2017287351566336.0,0
2010-05-28,2689716558233600.0,2689716558233600.0,2689716558233600.0,2689716558233600.0,1000
2010-05-31,2689716558233600.0,2689716558233600.0,2689716558233600.0,2689716558233600.0,0
2010-06-01,2689716558233600.0,2689716558233600.0,2689716558233600.0,2689716558233600.0,0
2010-06-02,2017287351566336.0,2017287351566336.0,2017287351566336.0,2017287351566336.0,1704
2010-06-03,2017287351566336.0,2017287351566336.0,2017287351566336.0,2017287351566336.0,0
2010-06-04,2017287351566336.0,2017287351566336.0,2017287351566336.0,2017287351566336.0,0
2010-06-08,2017287351566336.0,2017287351566336.0,2017287351566336.0,2017287351566336.0,0
2010-06-09,2017287351566336.0,2017287351566336.0,2017287351566336.0,2017287351566336.0,0
2010-06-10,2017287351566336.0,2017287351566336.0,2017287351566336.0,2017287351566336.0,1311
2010-06-11,2017287351566336.0,2017287351566336.0,2017287351566336.0,2017287351566336.0,0
2010-06-14,2017287351566336.0,2017287351566336.0,2017287351566336.0,2017287351566336.0,0
2010-06-15,2017287351566336.0,2017287351566336.0,2017287351566336.0,2017287351566336.0,0
2010-06-16,2017287351566336.0,2017287351566336.0,2017287351566336.0,2017287351566336.0,0
2010-06-17,2017287351566336.0,2017287351566336.0,2017287351566336.0,2017287351566336.0,0
2010-06-18,2017287351566336.0,2017287351566336.0,2017287351566336.0,2017287351566336.0,0
2010-06-21,2017287351566336.0,2017287351566336.0,2017287351566336.0,2017287351566336.0,2982
2010-06-22,2017287351566336.0,2017287351566336.0,2017287351566336.0,2017287351566336.0,0
2010-06-23,2017287351566336.0,2017287351566336.0,2017287351566336.0,2017287351566336.0,0
2010-06-25,2017287351566336.0,2017287351566336.0,2017287351566336.0,2017287351566336.0,0
2010-06-29,2017287351566336.0,2017287351566336.0,2017287351566336.0,2017287351566336.0,1552
2010-06-30,2017287351566336.0,2017287351566336.0,2017287351566336.0,2017287351566336.0,0
2010-07-01,2017287351566336.0,2017287351566336.0,2017287351566336.0,2017287351566336.0,0
2010-07-02,2017287351566336.0,2017287351566336.0,2017287351566336.0,2017287351566336.0,0
2010-07-06,2017287351566336.0,2017287351566336.0,2017287351566336.0,2017287351566336.0,0
2010-07-07,2017287351566336.0,2017287351566336.0,2017287351566336.0,2017287351566336.0,0
2010-07-08,2017287351566336.0,2017287351566336.0,2017287351566336.0,2017287351566336.0,66
2010-07-09,2017287351566336.0,2017287351566336.0,2017287351566336.0,2017287351566336.0,0
2010-07-12,2017287351566336.0,2017287351566336.0,2017287351566336.0,2017287351566336.0,0
2010-07-13,2689716558233600.0,2689716558233600.0,2689716558233600.0,2689716558233600.0,141
2010-07-14,2689716558233600.0,2689716558233600.0,2689716558233600.0,2689716558233600.0,0
2010-07-15,2689716558233600.0,2689716558233600.0,2689716558233600.0,2689716558233600.0,0
2010-07-16,2689716558233600.0,2689716558233600.0,2689716558233600.0,2689716558233600.0,481
2010-07-19,2017287351566336.0,2017287351566336.0,2017287351566336.0,2017287351566336.0,270
2010-07-20,2017287351566336.0,2017287351566336.0,2017287351566336.0,2017287351566336.0,0
2010-07-21,2017287351566336.0,2017287351566336.0,2017287351566336.0,2017287351566336.0,2523
2010-07-22,2017287351566336.0,2017287351566336.0,2017287351566336.0,2017287351566336.0,116
2010-07-23,2017287351566336.0,2017287351566336.0,2017287351566336.0,2017287351566336.0,2747
2010-07-26,2017287351566336.0,2017287351566336.0,2017287351566336.0,2017287351566336.0,3687
2010-07-27,2017287351566336.0,2017287351566336.0,2017287351566336.0,2017287351566336.0,0
2010-07-28,2017287351566336.0,2017287351566336.0,2017287351566336.0,2017287351566336.0,0
2010-07-29,2017287351566336.0,2017287351566336.0,2017287351566336.0,2017287351566336.0,0
2010-07-30,2017287351566336.0,2017287351566336.0,2017287351566336.0,2017287351566336.0,0
2010-08-02,2017287351566336.0,2017287351566336.0,2017287351566336.0,2017287351566336.0,298
2010-08-03,2017287351566336.0,2017287351566336.0,2017287351566336.0,2017287351566336.0,0
2010-08-04,2017287351566336.0,2017287351566336.0,2017287351566336.0,2017287351566336.0,3852
2010-08-05,2017287351566336.0,2017287351566336.0,2017287351566336.0,2017287351566336.0,0
2010-08-06,2017287351566336.0,2017287351566336.0,2017287351566336.0,2017287351566336.0,0
2010-08-09,2017287351566336.0,2017287351566336.0,2017287351566336.0,2017287351566336.0,0
2010-08-10,2017287351566336.0,2017287351566336.0,2017287351566336.0,2017287351566336.0,0
2010-08-11,2017287351566336.0,2017287351566336.0,2017287351566336.0,2017287351566336.0,0
2010-08-12,2017287351566336.0,2017287351566336.0,2017287351566336.0,2017287351566336.0,292
2010-08-13,2689716558233600.0,2689716558233600.0,2689716558233600.0,2689716558233600.0,266
2010-08-16,2689716558233600.0,2689716558233600.0,2689716558233600.0,2689716558233600.0,1000
2010-08-17,2689716558233600.0,2689716558233600.0,2689716558233600.0,2689716558233600.0,0
2010-08-18,2017287351566336.0,2017287351566336.0,2017287351566336.0,2017287351566336.0,135
2010-08-19,2017287351566336.0,2017287351566336.0,2017287351566336.0,2017287351566336.0,0
2010-08-20,2017287351566336.0,2017287351566336.0,2017287351566336.0,2017287351566336.0,0
2010-08-23,2017287351566336.0,2017287351566336.0,2017287351566336.0,2017287351566336.0,0
2010-08-24,2017287351566336.0,2017287351566336.0,2017287351566336.0,2017287351566336.0,0
2010-08-25,2017287351566336.0,2017287351566336.0,2017287351566336.0,2017287351566336.0,66
2010-08-26,2017287351566336.0,2017287351566336.0,2017287351566336.0,2017287351566336.0,117
2010-08-27,2017287351566336.0,2017287351566336.0,2017287351566336.0,2017287351566336.0,0
2010-08-30,2017287351566336.0,2017287351566336.0,2017287351566336.0,2017287351566336.0,0
2010-08-31,2017287351566336.0,2017287351566336.0,2017287351566336.0,2017287351566336.0,0
2010-09-01,2017287351566336.0,2017287351566336.0,2017287351566336.0,2017287351566336.0,0
2010-09-02,2017287351566336.0,2017287351566336.0,2017287351566336.0,2017287351566336.0,0
2010-09-03,2017287351566336.0,2017287351566336.0,2017287351566336.0,2017287351566336.0,1069
2010-09-06,2017287351566336.0,2017287351566336.0,2017287351566336.0,2017287351566336.0,0
2010-09-07,2017287351566336.0,2017287351566336.0,2017287351566336.0,2017287351566336.0,0
2010-09-08,2017287351566336.0,2017287351566336.0,2017287351566336.0,2017287351566336.0,0
2010-09-09,2017287351566336.0,2017287351566336.0,2017287351566336.0,2017287351566336.0,0
2010-09-10,2017287351566336.0,2017287351566336.0,2017287351566336.0,2017287351566336.0,0
2010-09-13,2017287351566336.0,2017287351566336.0,2017287351566336.0,2017287351566336.0,0
2010-09-14,2017287351566336.0,2017287351566336.0,2017287351566336.0,2017287351566336.0,0
2010-09-15,2017287351566336.0,2017287351566336.0,2017287351566336.0,2017287351566336.0,0
2010-09-16,2017287351566336.0,2017287351566336.0,2017287351566336.0,2017287351566336.0,0
2010-09-17,2017287351566336.0,2017287351566336.0,2017287351566336.0,2017287351566336.0,0
2010-09-20,2017287351566336.0,2017287351566336.0,2017287351566336.0,2017287351566336.0,0
2010-09-21,2017287351566336.0,2017287351566336.0,2017287351566336.0,2017287351566336.0,0
2010-09-22,2017287351566336.0,2017287351566336.0,2017287351566336.0,2017287351566336.0,0
2010-09-23,2017287351566336.0,2017287351566336.0,2017287351566336.0,2017287351566336.0,0
2010-09-24,2017287351566336.0,2017287351566336.0,2017287351566336.0,2017287351566336.0,0
2010-09-27,2017287351566336.0,2017287351566336.0,2017287351566336.0,2017287351566336.0,0
2010-09-28,2017287351566336.0,2017287351566336.0,2017287351566336.0,2017287351566336.0,0
2010-09-29,2017287351566336.0,2017287351566336.0,2017287351566336.0,2017287351566336.0,0
2010-09-30,2017287351566336.0,2017287351566336.0,2017287351566336.0,2017287351566336.0,0
2010-10-01,2017287351566336.0,2017287351566336.0,2017287351566336.0,2017287351566336.0,0
2010-10-04,2017287351566336.0,2017287351566336.0,2017287351566336.0,2017287351566336.0,0
2010-10-05,2017287351566336.0,2017287351566336.0,2017287351566336.0,2017287351566336.0,0
2010-10-06,2017287351566336.0,2017287351566336.0,2017287351566336.0,2017287351566336.0,0
2010-10-07,2017287351566336.0,2017287351566336.0,2017287351566336.0,2017287351566336.0,0
2010-10-08,2017287351566336.0,2017287351566336.0,2017287351566336.0,2017287351566336.0,0
2010-10-11,2017287351566336.0,2017287351566336.0,2017287351566336.0,2017287351566336.0,8926
2010-10-13,2017287351566336.0,2017287351566336.0,2017287351566336.0,2017287351566336.0,3330
2010-10-14,2017287351566336.0,2017287351566336.0,2017287351566336.0,2017287351566336.0,0
2010-10-15,2017287351566336.0,2017287351566336.0,2017287351566336.0,2017287351566336.0,0
2010-10-18,2017287351566336.0,2017287351566336.0,2017287351566336.0,2017287351566336.0,0
2010-10-19,2017287351566336.0,2017287351566336.0,2017287351566336.0,2017287351566336.0,3790
2010-10-20,2017287351566336.0,2017287351566336.0,2017287351566336.0,2017287351566336.0,0
2010-10-21,2017287351566336.0,2017287351566336.0,2017287351566336.0,2017287351566336.0,0
2010-10-22,2017287351566336.0,2017287351566336.0,2017287351566336.0,2017287351566336.0,0
2010-10-25,2017287351566336.0,2017287351566336.0,2017287351566336.0,2017287351566336.0,0
2010-10-26,2017287351566336.0,2017287351566336.0,2017287351566336.0,2017287351566336.0,0
2010-10-27,2017287351566336.0,2017287351566336.0,2017287351566336.0,2017287351566336.0,0
2010-10-28,2017287351566336.0,2017287351566336.0,2017287351566336.0,2017287351566336.0,0
2010-10-29,2017287351566336.0,2017287351566336.0,2017287351566336.0,2017287351566336.0,0
2010-11-02,2017287351566336.0,2017287351566336.0,2017287351566336.0,2017287351566336.0,0
2010-11-03,2017287351566336.0,2017287351566336.0,2017287351566336.0,2017287351566336.0,0
2010-11-04,2017287351566336.0,2017287351566336.0,2017287351566336.0,2017287351566336.0,0
2010-11-05,2017287351566336.0,2017287351566336.0,2017287351566336.0,2017287351566336.0,0
2010-11-08,2017287351566336.0,2017287351566336.0,2017287351566336.0,2017287351566336.0,4597
2010-11-09,2017287351566336.0,2017287351566336.0,2017287351566336.0,2017287351566336.0,7000
2010-11-10,2017287351566336.0,2017287351566336.0,2017287351566336.0,2017287351566336.0,0
2010-11-11,2017287351566336.0,2017287351566336.0,2017287351566336.0,2017287351566336.0,2753
2010-11-12,2017287351566336.0,2017287351566336.0,2017287351566336.0,2017287351566336.0,0
2010-11-15,2017287351566336.0,2017287351566336.0,2017287351566336.0,2017287351566336.0,517
2010-11-16,2017287351566336.0,2017287351566336.0,2017287351566336.0,2017287351566336.0,567
2010-11-17,2017287351566336.0,2017287351566336.0,2017287351566336.0,2017287351566336.0,0
2010-11-18,2017287351566336.0,2017287351566336.0,2017287351566336.0,2017287351566336.0,0
2010-11-19,2017287351566336.0,2017287351566336.0,2017287351566336.0,2017287351566336.0,0
2010-11-22,2017287351566336.0,2017287351566336.0,2017287351566336.0,2017287351566336.0,528
2010-11-23,2017287351566336.0,2017287351566336.0,2017287351566336.0,2017287351566336.0,0
2010-11-24,2017287351566336.0,2017287351566336.0,2017287351566336.0,2017287351566336.0,0
2010-11-25,2017287351566336.0,2017287351566336.0,2017287351566336.0,2017287351566336.0,0
2010-11-26,2017287351566336.0,2017287351566336.0,2017287351566336.0,2017287351566336.0,0
2010-11-29,2017287351566336.0,2017287351566336.0,2017287351566336.0,2017287351566336.0,0
2010-11-30,2017287351566336.0,2017287351566336.0,2017287351566336.0,2017287351566336.0,0
2010-12-01,2017287351566336.0,2017287351566336.0,2017287351566336.0,2017287351566336.0,0
2010-12-02,2017287351566336.0,2017287351566336.0,2017287351566336.0,2017287351566336.0,0
2010-12-03,2017287351566336.0,2017287351566336.0,2017287351566336.0,2017287351566336.0,0
2010-12-07,2017287351566336.0,2017287351566336.0,2017287351566336.0,2017287351566336.0,0
2010-12-08,2017287351566336.0,2017287351566336.0,2017287351566336.0,2017287351566336.0,0
2010-12-09,2017287351566336.0,2017287351566336.0,2017287351566336.0,2017287351566336.0,4314
2010-12-10,2017287351566336.0,2017287351566336.0,2017287351566336.0,2017287351566336.0,0
2010-12-13,2017287351566336.0,2017287351566336.0,2017287351566336.0,2017287351566336.0,0
2010-12-14,2017287351566336.0,2017287351566336.0,2017287351566336.0,2017287351566336.0,584
2010-12-15,2017287351566336.0,2017287351566336.0,2017287351566336.0,2017287351566336.0,0
2010-12-16,2017287351566336.0,2017287351566336.0,2017287351566336.0,2017287351566336.0,0
2010-12-17,2017287351566336.0,2017287351566336.0,2017287351566336.0,2017287351566336.0,1574
2010-12-20,2017287351566336.0,2017287351566336.0,2017287351566336.0,2017287351566336.0,0
2010-12-21,2017287351566336.0,2017287351566336.0,2017287351566336.0,2017287351566336.0,0
2010-12-22,2017287351566336.0,2017287351566336.0,2017287351566336.0,2017287351566336.0,17892
2010-12-23,2017287351566336.0,2017287351566336.0,2017287351566336.0,2017287351566336.0,0
2010-12-24,2017287351566336.0,2017287351566336.0,2017287351566336.0,2017287351566336.0,0
2010-12-27,2017287351566336.0,2017287351566336.0,2017287351566336.0,2017287351566336.0,0
2010-12-28,2017287351566336.0,2017287351566336.0,2017287351566336.0,2017287351566336.0,0
2010-12-29,2017287351566336.0,2017287351566336.0,2017287351566336.0,2017287351566336.0,0
2010-12-30,2017287351566336.0,2017287351566336.0,2017287351566336.0,2017287351566336.0,0
2010-12-31,2017287351566336.0,2017287351566336.0,2017287351566336.0,2017287351566336.0,0
2011-01-03,2017287351566336.0,2017287351566336.0,2017287351566336.0,2017287351566336.0,338
2011-01-05,2017287351566336.0,2017287351566336.0,2017287351566336.0,2017287351566336.0,300
2011-01-06,2017287351566336.0,2017287351566336.0,2017287351566336.0,2017287351566336.0,0
2011-01-07,2017287351566336.0,2017287351566336.0,2017287351566336.0,2017287351566336.0,0
2011-01-11,2689716558233600.0,2689716558233600.0,2689716558233600.0,2689716558233600.0,3482
2011-01-12,2689716558233600.0,2689716558233600.0,2689716558233600.0,2689716558233600.0,1000
2011-01-13,2689716558233600.0,2689716558233600.0,2689716558233600.0,2689716558233600.0,0
2011-01-14,2689716558233600.0,2689716558233600.0,2689716558233600.0,2689716558233600.0,0
2011-01-17,2689716558233600.0,2689716558233600.0,2689716558233600.0,2689716558233600.0,0
2011-01-18,2017287351566336.0,2017287351566336.0,2017287351566336.0,2017287351566336.0,119
2011-01-19,2017287351566336.0,2017287351566336.0,2017287351566336.0,2017287351566336.0,0
2011-01-20,2017287351566336.0,2017287351566336.0,2017287351566336.0,2017287351566336.0,0
2011-01-21,2689716558233600.0,2689716558233600.0,2689716558233600.0,2689716558233600.0,68
2011-01-24,2689716558233600.0,2689716558233600.0,2689716558233600.0,2689716558233600.0,0
2011-01-25,2689716558233600.0,2689716558233600.0,2689716558233600.0,2689716558233600.0,0
2011-01-26,2689716558233600.0,2689716558233600.0,2689716558233600.0,2689716558233600.0,0
2011-01-27,2689716558233600.0,2689716558233600.0,2689716558233600.0,2689716558233600.0,0
2011-01-28,2689716558233600.0,2689716558233600.0,2689716558233600.0,2689716558233600.0,0
2011-01-31,2689716558233600.0,2689716558233600.0,2689716558233600.0,2689716558233600.0,0
2011-02-01,2689716558233600.0,2689716558233600.0,2689716558233600.0,2689716558233600.0,0
2011-02-02,2689716558233600.0,2689716558233600.0,2689716558233600.0,2689716558233600.0,0
2011-02-03,2689716558233600.0,2689716558233600.0,2689716558233600.0,2689716558233600.0,0
2011-02-04,2689716558233600.0,2689716558233600.0,2689716558233600.0,2689716558233600.0,0
2011-02-07,2689716558233600.0,2689716558233600.0,2689716558233600.0,2689716558233600.0,0
2011-02-08,2689716558233600.0,2689716558233600.0,2689716558233600.0,2689716558233600.0,0
2011-02-09,2689716558233600.0,2689716558233600.0,2689716558233600.0,2689716558233600.0,0
2011-02-10,2689716558233600.0,2689716558233600.0,2689716558233600.0,2689716558233600.0,0
2011-02-11,2689716558233600.0,2689716558233600.0,2689716558233600.0,2689716558233600.0,0
2011-02-14,2689716558233600.0,2689716558233600.0,2689716558233600.0,2689716558233600.0,0
2011-02-15,2689716558233600.0,2689716558233600.0,2689716558233600.0,2689716558233600.0,0
2011-02-16,2017287351566336.0,2017287351566336.0,2017287351566336.0,2017287351566336.0,161
2011-02-17,2017287351566336.0,2017287351566336.0,2017287351566336.0,2017287351566336.0,0
2011-02-18,2017287351566336.0,2017287351566336.0,2017287351566336.0,2017287351566336.0,0
2011-02-21,2017287351566336.0,2017287351566336.0,2017287351566336.0,2017287351566336.0,0
2011-02-22,2017287351566336.0,2017287351566336.0,2017287351566336.0,2017287351566336.0,0
2011-02-23,2017287351566336.0,2017287351566336.0,2017287351566336.0,2017287351566336.0,0
2011-02-24,2017287351566336.0,2017287351566336.0,2017287351566336.0,2017287351566336.0,0
2011-02-25,2017287351566336.0,2017287351566336.0,2017287351566336.0,2017287351566336.0,0
2011-02-28,2017287351566336.0,2017287351566336.0,2017287351566336.0,2017287351566336.0,0
2011-03-01,2017287351566336.0,2017287351566336.0,2017287351566336.0,2017287351566336.0,0
2011-03-02,2017287351566336.0,2017287351566336.0,2017287351566336.0,2017287351566336.0,0
2011-03-03,2017287351566336.0,2017287351566336.0,2017287351566336.0,2017287351566336.0,0
2011-03-04,2017287351566336.0,2017287351566336.0,2017287351566336.0,2017287351566336.0,5153
2011-03-09,2017287351566336.0,2017287351566336.0,2017287351566336.0,2017287351566336.0,179
2011-03-10,2017287351566336.0,2017287351566336.0,2017287351566336.0,2017287351566336.0,0
2011-03-11,2017287351566336.0,2017287351566336.0,2017287351566336.0,2017287351566336.0,0
2011-03-14,2017287351566336.0,2017287351566336.0,2017287351566336.0,2017287351566336.0,0
2011-03-15,2017287351566336.0,2017287351566336.0,2017287351566336.0,2017287351566336.0,0
2011-03-16,2017287351566336.0,2017287351566336.0,2017287351566336.0,2017287351566336.0,0
2011-03-17,2017287351566336.0,2017287351566336.0,2017287351566336.0,2017287351566336.0,0
2011-03-18,2017287351566336.0,2017287351566336.0,2017287351566336.0,2017287351566336.0,0
2011-03-21,2017287351566336.0,2017287351566336.0,2017287351566336.0,2017287351566336.0,0
2011-03-22,2017287351566336.0,2017287351566336.0,2017287351566336.0,2017287351566336.0,0
2011-03-23,2017287351566336.0,2017287351566336.0,2017287351566336.0,2017287351566336.0,0
2011-03-24,2017287351566336.0,2017287351566336.0,2017287351566336.0,2017287351566336.0,595
2011-03-25,2017287351566336.0,2017287351566336.0,2017287351566336.0,2017287351566336.0,0
2011-03-28,2017287351566336.0,2017287351566336.0,2017287351566336.0,2017287351566336.0,0
2011-03-29,2017287351566336.0,2017287351566336.0,2017287351566336.0,2017287351566336.0,66
2011-03-30,2017287351566336.0,2017287351566336.0,2017287351566336.0,2017287351566336.0,116
2011-03-31,2017287351566336.0,2017287351566336.0,2017287351566336.0,2017287351566336.0,0
2011-04-01,2017287351566336.0,2017287351566336.0,2017287351566336.0,2017287351566336.0,3383
2011-04-04,2017287351566336.0,2017287351566336.0,2017287351566336.0,2017287351566336.0,196
2011-04-05,2017287351566336.0,2017287351566336.0,2017287351566336.0,2017287351566336.0,0
2011-04-06,2017287351566336.0,2017287351566336.0,2017287351566336.0,2017287351566336.0,0
2011-04-07,2017287351566336.0,2017287351566336.0,2017287351566336.0,2017287351566336.0,0
2011-04-08,2017287351566336.0,2017287351566336.0,2017287351566336.0,2017287351566336.0,0
2011-04-11,2017287351566336.0,2017287351566336.0,2017287351566336.0,2017287351566336.0,0
2011-04-12,2017287351566336.0,2017287351566336.0,2017287351566336.0,2017287351566336.0,0
2011-04-13,2017287351566336.0,2017287351566336.0,2017287351566336.0,2017287351566336.0,0
2011-04-14,2017287351566336.0,2017287351566336.0,2017287351566336.0,2017287351566336.0,0
2011-04-15,2017287351566336.0,2017287351566336.0,2017287351566336.0,2017287351566336.0,0
2011-04-18,2017287351566336.0,2017287351566336.0,2017287351566336.0,2017287351566336.0,0
2011-04-20,2017287351566336.0,2017287351566336.0,2017287351566336.0,2017287351566336.0,0
2011-04-25,2017287351566336.0,2017287351566336.0,2017287351566336.0,2017287351566336.0,0
2011-04-26,2017287351566336.0,2017287351566336.0,2017287351566336.0,2017287351566336.0,0
2011-04-27,1344858279116800.0,1344858279116800.0,1344858279116800.0,1344858279116800.0,1400
2011-04-28,1344858279116800.0,1344858279116800.0,1344858279116800.0,1344858279116800.0,0
2011-04-29,1344858279116800.0,1344858279116800.0,1344858279116800.0,1344858279116800.0,0
2011-05-02,1344858279116800.0,1344858279116800.0,1344858279116800.0,1344858279116800.0,0
2011-05-03,1344858279116800.0,1344858279116800.0,1344858279116800.0,1344858279116800.0,0
2011-05-04,1344858279116800.0,1344858279116800.0,1344858279116800.0,1344858279116800.0,0
2011-05-05,1344858279116800.0,1344858279116800.0,1344858279116800.0,1344858279116800.0,0
2011-05-06,1344858279116800.0,1344858279116800.0,1344858279116800.0,1344858279116800.0,0
2011-05-09,1344858279116800.0,1344858279116800.0,1344858279116800.0,1344858279116800.0,0
2011-05-10,1344858279116800.0,1344858279116800.0,1344858279116800.0,1344858279116800.0,0
2011-05-11,1344858279116800.0,1344858279116800.0,1344858279116800.0,1344858279116800.0,0
2011-05-12,1344858279116800.0,1344858279116800.0,1344858279116800.0,1344858279116800.0,0
2011-05-13,1344858279116800.0,1344858279116800.0,1344858279116800.0,1344858279116800.0,0
2011-05-16,1344858279116800.0,1344858279116800.0,1344858279116800.0,1344858279116800.0,0
2011-05-17,1344858279116800.0,1344858279116800.0,1344858279116800.0,1344858279116800.0,0
2011-05-18,1344858279116800.0,1344858279116800.0,1344858279116800.0,1344858279116800.0,0
2011-05-19,1344858279116800.0,1344858279116800.0,1344858279116800.0,1344858279116800.0,0
2011-05-20,1344858279116800.0,1344858279116800.0,1344858279116800.0,1344858279116800.0,0
2011-05-23,1344858279116800.0,1344858279116800.0,1344858279116800.0,1344858279116800.0,0
2011-05-24,1344858279116800.0,1344858279116800.0,1344858279116800.0,1344858279116800.0,0
2011-05-25,1344858279116800.0,1344858279116800.0,1344858279116800.0,1344858279116800.0,0
2011-05-26,1344858279116800.0,1344858279116800.0,1344858279116800.0,1344858279116800.0,0
2011-05-27,1344858279116800.0,1344858279116800.0,1344858279116800.0,1344858279116800.0,0
2011-05-30,672429139558400.0,672429139558400.0,672429139558400.0,672429139558400.0,1
2011-05-31,672429139558400.0,672429139558400.0,672429139558400.0,672429139558400.0,0
2011-06-01,672429139558400.0,672429139558400.0,672429139558400.0,672429139558400.0,0
2011-06-02,672429139558400.0,672429139558400.0,672429139558400.0,672429139558400.0,0
2011-06-03,672429139558400.0,672429139558400.0,672429139558400.0,672429139558400.0,0
2011-06-07,672429139558400.0,672429139558400.0,672429139558400.0,672429139558400.0,0
2011-06-08,672429139558400.0,672429139558400.0,672429139558400.0,672429139558400.0,0
2011-06-09,2017287351566336.0,2017287351566336.0,2017287351566336.0,2017287351566336.0,2070
2011-06-10,2017287351566336.0,2017287351566336.0,2017287351566336.0,2017287351566336.0,0
2011-06-13,2017287351566336.0,2017287351566336.0,2017287351566336.0,2017287351566336.0,0
2011-06-14,2017287351566336.0,2017287351566336.0,2017287351566336.0,2017287351566336.0,0
2011-06-15,2017287351566336.0,2017287351566336.0,2017287351566336.0,2017287351566336.0,0
2011-06-16,2017287351566336.0,2017287351566336.0,2017287351566336.0,2017287351566336.0,860
2011-06-17,2017287351566336.0,2017287351566336.0,2017287351566336.0,2017287351566336.0,6000
2011-06-20,2017287351566336.0,2017287351566336.0,2017287351566336.0,2017287351566336.0,0
2011-06-21,2017287351566336.0,2017287351566336.0,2017287351566336.0,2017287351566336.0,0
2011-06-22,2017287351566336.0,2017287351566336.0,2017287351566336.0,2017287351566336.0,2577
2011-06-23,2017287351566336.0,2017287351566336.0,2017287351566336.0,2017287351566336.0,0
2011-06-28,2017287351566336.0,2017287351566336.0,2017287351566336.0,2017287351566336.0,0
2011-06-29,2017287351566336.0,2017287351566336.0,2017287351566336.0,2017287351566336.0,0
2011-06-30,2017287351566336.0,2017287351566336.0,2017287351566336.0,2017287351566336.0,0
2011-07-01,2017287351566336.0,2017287351566336.0,2017287351566336.0,2017287351566336.0,0
2011-07-06,2017287351566336.0,2017287351566336.0,2017287351566336.0,2017287351566336.0,0
2011-07-07,2017287351566336.0,2017287351566336.0,2017287351566336.0,2017287351566336.0,0
2011-07-08,2017287351566336.0,2017287351566336.0,2017287351566336.0,2017287351566336.0,0
2011-07-11,2017287351566336.0,2017287351566336.0,2017287351566336.0,2017287351566336.0,0
2011-07-12,2017287351566336.0,2017287351566336.0,2017287351566336.0,2017287351566336.0,0
2011-07-13,2017287351566336.0,2017287351566336.0,2017287351566336.0,2017287351566336.0,0
2011-07-14,2017287351566336.0,2017287351566336.0,2017287351566336.0,2017287351566336.0,0
2011-07-15,4034574703132672.0,4034574703132672.0,4034574703132672.0,4034574703132672.0,5000
2011-07-18,4034574703132672.0,4034574703132672.0,4034574703132672.0,4034574703132672.0,0
2011-07-19,4034574703132672.0,4034574703132672.0,4034574703132672.0,4034574703132672.0,9800
2011-07-20,4034574703132672.0,4034574703132672.0,4034574703132672.0,4034574703132672.0,1000
2011-07-21,4034574703132672.0,4034574703132672.0,4034574703132672.0,4034574703132672.0,0
2011-07-22,4034574703132672.0,4034574703132672.0,4034574703132672.0,4034574703132672.0,0
2011-07-25,4034574703132672.0,4034574703132672.0,4034574703132672.0,4034574703132672.0,0
2011-07-26,4034574703132672.0,4034574703132672.0,4034574703132672.0,4034574703132672.0,11488
2011-07-27,4034574703132672.0,4034574703132672.0,4034574703132672.0,4034574703132672.0,0
2011-07-28,4034574703132672.0,4034574703132672.0,4034574703132672.0,4034574703132672.0,0
2011-07-29,4034574703132672.0,4034574703132672.0,4034574703132672.0,4034574703132672.0,0
2011-08-01,4034574703132672.0,4034574703132672.0,4034574703132672.0,4034574703132672.0,0
2011-08-02,4034574703132672.0,4034574703132672.0,4034574703132672.0,4034574703132672.0,0
2011-08-03,4034574703132672.0,4034574703132672.0,4034574703132672.0,4034574703132672.0,52
2011-08-04,4034574703132672.0,4034574703132672.0,4034574703132672.0,4034574703132672.0,0
2011-08-05,4034574703132672.0,4034574703132672.0,4034574703132672.0,4034574703132672.0,0
2011-08-08,4034574703132672.0,4034574703132672.0,4034574703132672.0,4034574703132672.0,0
2011-08-09,4034574703132672.0,4034574703132672.0,4034574703132672.0,4034574703132672.0,0
2011-08-10,4034574703132672.0,4034574703132672.0,4034574703132672.0,4034574703132672.0,0
2011-08-11,4034574703132672.0,4034574703132672.0,4034574703132672.0,4034574703132672.0,0
2011-08-12,4034574703132672.0,4034574703132672.0,4034574703132672.0,4034574703132672.0,267
2011-08-16,4034574703132672.0,4034574703132672.0,4034574703132672.0,4034574703132672.0,0
2011-08-17,4034574703132672.0,4034574703132672.0,4034574703132672.0,4034574703132672.0,0
2011-08-18,4034574703132672.0,4034574703132672.0,4034574703132672.0,4034574703132672.0,0
2011-08-19,4707003372929024.0,4707003372929024.0,4707003372929024.0,4707003372929024.0,11200
2011-08-22,4707003372929024.0,4707003372929024.0,4707003372929024.0,4707003372929024.0,0
2011-08-23,4707003372929024.0,4707003372929024.0,4707003372929024.0,4707003372929024.0,0
2011-08-24,4034574703132672.0,4034574703132672.0,4034574703132672.0,4034574703132672.0,3116
2011-08-25,4034574703132672.0,4034574703132672.0,4034574703132672.0,4034574703132672.0,0
2011-08-26,4707003372929024.0,4707003372929024.0,4707003372929024.0,4707003372929024.0,700
2011-08-29,4707003372929024.0,4707003372929024.0,4707003372929024.0,4707003372929024.0,0
2011-08-30,4707003372929024.0,4707003372929024.0,4707003372929024.0,4707003372929024.0,0
2011-08-31,4707003372929024.0,4707003372929024.0,4707003372929024.0,4707003372929024.0,0
2011-09-01,4707003372929024.0,4707003372929024.0,4707003372929024.0,4707003372929024.0,0
2011-09-02,4707003372929024.0,4707003372929024.0,4707003372929024.0,4707003372929024.0,0
2011-09-05,4707003372929024.0,4707003372929024.0,4707003372929024.0,4707003372929024.0,0
2011-09-06,4707003372929024.0,4707003372929024.0,4707003372929024.0,4707003372929024.0,0
2011-09-07,4707003372929024.0,4707003372929024.0,4707003372929024.0,4707003372929024.0,0
2011-09-08,4707003372929024.0,4707003372929024.0,4707003372929024.0,4707003372929024.0,0
2011-09-09,4707003372929024.0,4707003372929024.0,4707003372929024.0,4707003372929024.0,0
2011-09-12,3362145496465408.0,3362145496465408.0,3362145496465408.0,3362145496465408.0,3
2011-09-13,3362145496465408.0,3362145496465408.0,3362145496465408.0,3362145496465408.0,0
2011-09-14,3362145496465408.0,3362145496465408.0,3362145496465408.0,3362145496465408.0,0
2011-09-15,4707003372929024.0,4707003372929024.0,4707003372929024.0,4707003372929024.0,5000
2011-09-16,4707003372929024.0,4707003372929024.0,4707003372929024.0,4707003372929024.0,1350
2011-09-19,4707003372929024.0,4707003372929024.0,4707003372929024.0,4707003372929024.0,0
2011-09-20,4707003372929024.0,4707003372929024.0,4707003372929024.0,4707003372929024.0,0
2011-09-21,4707003372929024.0,4707003372929024.0,4707003372929024.0,4707003372929024.0,2000
2011-09-22,4707003372929024.0,4707003372929024.0,4707003372929024.0,4707003372929024.0,0
2011-09-23,4707003372929024.0,4707003372929024.0,4707003372929024.0,4707003372929024.0,0
2011-09-26,4707003372929024.0,4707003372929024.0,4707003372929024.0,4707003372929024.0,0
2011-09-27,4707003372929024.0,4707003372929024.0,4707003372929024.0,4707003372929024.0,12077
2011-09-28,4707003372929024.0,4707003372929024.0,4707003372929024.0,4707003372929024.0,0
2011-09-29,4034574703132672.0,4034574703132672.0,4034574703132672.0,4034574703132672.0,68
2011-09-30,4034574703132672.0,4034574703132672.0,4034574703132672.0,4034574703132672.0,4497
2011-10-03,4034574703132672.0,4034574703132672.0,4034574703132672.0,4034574703132672.0,0
2011-10-04,4034574703132672.0,4034574703132672.0,4034574703132672.0,4034574703132672.0,0
2011-10-05,4034574703132672.0,4034574703132672.0,4034574703132672.0,4034574703132672.0,0
2011-10-06,4034574703132672.0,4034574703132672.0,4034574703132672.0,4034574703132672.0,1353
2011-10-07,4034574703132672.0,4034574703132672.0,4034574703132672.0,4034574703132672.0,0
2011-10-10,4034574703132672.0,4034574703132672.0,4034574703132672.0,4034574703132672.0,3273
2011-10-11,4034574703132672.0,4034574703132672.0,4034574703132672.0,4034574703132672.0,0
2011-10-13,4034574703132672.0,4034574703132672.0,4034574703132672.0,4034574703132672.0,0
2011-10-14,4034574703132672.0,4034574703132672.0,4034574703132672.0,4034574703132672.0,0
2011-10-17,4034574703132672.0,4034574703132672.0,4034574703132672.0,4034574703132672.0,609
2011-10-18,4034574703132672.0,4034574703132672.0,4034574703132672.0,4034574703132672.0,0
2011-10-19,4034574703132672.0,4034574703132672.0,4034574703132672.0,4034574703132672.0,0
2011-10-20,4034574703132672.0,4034574703132672.0,4034574703132672.0,4034574703132672.0,0
2011-10-21,4034574703132672.0,4034574703132672.0,4034574703132672.0,4034574703132672.0,0
2011-10-24,4034574703132672.0,4034574703132672.0,4034574703132672.0,4034574703132672.0,0
2011-10-25,4034574703132672.0,4034574703132672.0,4034574703132672.0,4034574703132672.0,0
2011-10-26,4034574703132672.0,4034574703132672.0,4034574703132672.0,4034574703132672.0,0
2011-10-27,4034574703132672.0,4034574703132672.0,4034574703132672.0,4034574703132672.0,0
2011-10-28,4034574703132672.0,4034574703132672.0,4034574703132672.0,4034574703132672.0,0
2011-11-01,4034574703132672.0,4034574703132672.0,4034574703132672.0,4034574703132672.0,0
2011-11-02,4034574703132672.0,4034574703132672.0,4034574703132672.0,4034574703132672.0,3164
2011-11-03,4034574703132672.0,4034574703132672.0,4034574703132672.0,4034574703132672.0,0
2011-11-04,4034574703132672.0,4034574703132672.0,4034574703132672.0,4034574703132672.0,0
2011-11-07,4034574703132672.0,4034574703132672.0,4034574703132672.0,4034574703132672.0,0
2011-11-08,4034574703132672.0,4034574703132672.0,4034574703132672.0,4034574703132672.0,0
2011-11-09,4034574703132672.0,4034574703132672.0,4034574703132672.0,4034574703132672.0,0
2011-11-10,4034574703132672.0,4034574703132672.0,4034574703132672.0,4034574703132672.0,0
2011-11-11,4034574703132672.0,4034574703132672.0,4034574703132672.0,4034574703132672.0,0
2011-11-14,4034574703132672.0,4034574703132672.0,4034574703132672.0,4034574703132672.0,3162
2011-11-15,4707003372929024.0,4707003372929024.0,4707003372929024.0,4707003372929024.0,5112
2011-11-16,4707003372929024.0,4707003372929024.0,4707003372929024.0,4707003372929024.0,0
2011-11-17,4707003372929024.0,4707003372929024.0,4707003372929024.0,4707003372929024.0,0
2011-11-18,4707003372929024.0,4707003372929024.0,4707003372929024.0,4707003372929024.0,0
2011-11-21,4707003372929024.0,4707003372929024.0,4707003372929024.0,4707003372929024.0,66
2011-11-22,4707003372929024.0,4707003372929024.0,4707003372929024.0,4707003372929024.0,0
2011-11-23,4707003372929024.0,4707003372929024.0,4707003372929024.0,4707003372929024.0,0
2011-11-24,4707003372929024.0,4707003372929024.0,4707003372929024.0,4707003372929024.0,0
2011-11-25,4707003372929024.0,4707003372929024.0,4707003372929024.0,4707003372929024.0,0
2011-11-28,5379433116467200.0,5379433116467200.0,5379433116467200.0,5379433116467200.0,100
2011-11-29,5379433116467200.0,5379433116467200.0,5379433116467200.0,5379433116467200.0,0
2011-11-30,5379433116467200.0,5379433116467200.0,5379433116467200.0,5379433116467200.0,0
2011-12-01,5379433116467200.0,5379433116467200.0,5379433116467200.0,5379433116467200.0,0
2011-12-02,5379433116467200.0,5379433116467200.0,5379433116467200.0,5379433116467200.0,0
2011-12-05,5379433116467200.0,5379433116467200.0,5379433116467200.0,5379433116467200.0,0
2011-12-06,5379433116467200.0,5379433116467200.0,5379433116467200.0,5379433116467200.0,0
2011-12-07,5379433116467200.0,5379433116467200.0,5379433116467200.0,5379433116467200.0,0
2011-12-08,4707003372929024.0,4707003372929024.0,4707003372929024.0,4707003372929024.0,1856
2011-12-09,4707003372929024.0,4707003372929024.0,4707003372929024.0,4707003372929024.0,0
2011-12-13,4707003372929024.0,4707003372929024.0,4707003372929024.0,4707003372929024.0,8258
2011-12-14,4707003372929024.0,4707003372929024.0,4707003372929024.0,4707003372929024.0,0
2011-12-15,4707003372929024.0,4707003372929024.0,4707003372929024.0,4707003372929024.0,0
2011-12-16,4707003372929024.0,4707003372929024.0,4707003372929024.0,4707003372929024.0,0
2011-12-19,4707003372929024.0,4707003372929024.0,4707003372929024.0,4707003372929024.0,0
2011-12-20,4707003372929024.0,4707003372929024.0,4707003372929024.0,4707003372929024.0,1066
2011-12-21,4707003372929024.0,4707003372929024.0,4707003372929024.0,4707003372929024.0,0
2011-12-22,4707003372929024.0,4707003372929024.0,4707003372929024.0,4707003372929024.0,0
2011-12-23,4707003372929024.0,4707003372929024.0,4707003372929024.0,4707003372929024.0,0
2011-12-26,4707003372929024.0,4707003372929024.0,4707003372929024.0,4707003372929024.0,0
2011-12-27,4707003372929024.0,4707003372929024.0,4707003372929024.0,4707003372929024.0,0
2011-12-28,4707003372929024.0,4707003372929024.0,4707003372929024.0,4707003372929024.0,0
2011-12-29,4707003372929024.0,4707003372929024.0,4707003372929024.0,4707003372929024.0,0
2011-12-30,4707003372929024.0,4707003372929024.0,4707003372929024.0,4707003372929024.0,0
2012-01-02,4707003372929024.0,4707003372929024.0,4707003372929024.0,4707003372929024.0,0
2012-01-03,4707003372929024.0,4707003372929024.0,4707003372929024.0,4707003372929024.0,120
2012-01-04,4707003372929024.0,4707003372929024.0,4707003372929024.0,4707003372929024.0,0
2012-01-05,4707003372929024.0,4707003372929024.0,4707003372929024.0,4707003372929024.0,0
2012-01-10,4707003372929024.0,4707003372929024.0,4707003372929024.0,4707003372929024.0,170
2012-01-11,4707003372929024.0,4707003372929024.0,4707003372929024.0,4707003372929024.0,66
2012-01-12,4707003372929024.0,4707003372929024.0,4707003372929024.0,4707003372929024.0,0
2012-01-13,4707003372929024.0,4707003372929024.0,4707003372929024.0,4707003372929024.0,0
2012-01-16,4707003372929024.0,4707003372929024.0,4707003372929024.0,4707003372929024.0,0
2012-01-17,4707003372929024.0,4707003372929024.0,4707003372929024.0,4707003372929024.0,0
2012-01-18,4707003372929024.0,4707003372929024.0,4707003372929024.0,4707003372929024.0,0
2012-01-19,4707003372929024.0,4707003372929024.0,4707003372929024.0,4707003372929024.0,0
2012-01-20,4707003372929024.0,4707003372929024.0,4707003372929024.0,4707003372929024.0,4
2012-01-23,4707003372929024.0,4707003372929024.0,4707003372929024.0,4707003372929024.0,0
2012-01-24,4707003372929024.0,4707003372929024.0,4707003372929024.0,4707003372929024.0,0
2012-01-25,4707003372929024.0,4707003372929024.0,4707003372929024.0,4707003372929024.0,0
2012-01-26,4707003372929024.0,4707003372929024.0,4707003372929024.0,4707003372929024.0,0
2012-01-27,4707003372929024.0,4707003372929024.0,4707003372929024.0,4707003372929024.0,0
2012-01-30,4707003372929024.0,4707003372929024.0,4707003372929024.0,4707003372929024.0,0
2012-01-31,4707003372929024.0,4707003372929024.0,4707003372929024.0,4707003372929024.0,0
2012-02-01,4707003372929024.0,4707003372929024.0,4707003372929024.0,4707003372929024.0,0
2012-02-02,4707003372929024.0,4707003372929024.0,4707003372929024.0,4707003372929024.0,0
2012-02-03,4707003372929024.0,4707003372929024.0,4707003372929024.0,4707003372929024.0,0
2012-02-06,4707003372929024.0,4707003372929024.0,4707003372929024.0,4707003372929024.0,0
2012-02-07,4707003372929024.0,4707003372929024.0,4707003372929024.0,4707003372929024.0,0
2012-02-08,4707003372929024.0,4707003372929024.0,4707003372929024.0,4707003372929024.0,0
2012-02-09,4707003372929024.0,4707003372929024.0,4707003372929024.0,4707003372929024.0,0
2012-02-10,4707003372929024.0,4707003372929024.0,4707003372929024.0,4707003372929024.0,1026
2012-02-13,4707003372929024.0,4707003372929024.0,4707003372929024.0,4707003372929024.0,0
2012-02-14,4707003372929024.0,4707003372929024.0,4707003372929024.0,4707003372929024.0,0
2012-02-15,4707003372929024.0,4707003372929024.0,4707003372929024.0,4707003372929024.0,0
2012-02-16,4707003372929024.0,4707003372929024.0,4707003372929024.0,4707003372929024.0,0
2012-02-17,4707003372929024.0,4707003372929024.0,4707003372929024.0,4707003372929024.0,0
2012-02-22,4707003372929024.0,4707003372929024.0,4707003372929024.0,4707003372929024.0,0
2012-02-23,4707003372929024.0,4707003372929024.0,4707003372929024.0,4707003372929024.0,0
2012-02-24,4707003372929024.0,4707003372929024.0,4707003372929024.0,4707003372929024.0,0
2012-02-27,4707003372929024.0,4707003372929024.0,4707003372929024.0,4707003372929024.0,92
2012-02-28,4707003372929024.0,4707003372929024.0,4707003372929024.0,4707003372929024.0,0
2012-02-29,4707003372929024.0,4707003372929024.0,4707003372929024.0,4707003372929024.0,0
2012-03-01,4707003372929024.0,4707003372929024.0,4707003372929024.0,4707003372929024.0,0
2012-03-02,4707003372929024.0,4707003372929024.0,4707003372929024.0,4707003372929024.0,0
2012-03-05,4707003372929024.0,4707003372929024.0,4707003372929024.0,4707003372929024.0,0
2012-03-06,4707003372929024.0,4707003372929024.0,4707003372929024.0,4707003372929024.0,66
2012-03-07,4707003372929024.0,4707003372929024.0,4707003372929024.0,4707003372929024.0,0
2012-03-08,4707003372929024.0,4707003372929024.0,4707003372929024.0,4707003372929024.0,2768
2012-03-09,4707003372929024.0,4707003372929024.0,4707003372929024.0,4707003372929024.0,0
2012-03-12,4707003372929024.0,4707003372929024.0,4707003372929024.0,4707003372929024.0,0
2012-03-13,4707003372929024.0,4707003372929024.0,4707003372929024.0,4707003372929024.0,1167
2012-03-14,4707003372929024.0,4707003372929024.0,4707003372929024.0,4707003372929024.0,272
2012-03-15,4707003372929024.0,4707003372929024.0,4707003372929024.0,4707003372929024.0,66
2012-03-16,4707003372929024.0,4707003372929024.0,4707003372929024.0,4707003372929024.0,0
2012-03-20,4707003372929024.0,4707003372929024.0,4707003372929024.0,4707003372929024.0,0
2012-03-21,4707003372929024.0,4707003372929024.0,4707003372929024.0,4707003372929024.0,0
2012-03-22,4707003372929024.0,4707003372929024.0,4707003372929024.0,4707003372929024.0,0
2012-03-23,4707003372929024.0,4707003372929024.0,4707003372929024.0,4707003372929024.0,0
2012-03-26,4707003372929024.0,4707003372929024.0,4707003372929024.0,4707003372929024.0,0
2012-03-27,4707003372929024.0,4707003372929024.0,4707003372929024.0,4707003372929024.0,0
2012-03-28,4707003372929024.0,4707003372929024.0,4707003372929024.0,4707003372929024.0,0
2012-03-29,5379433116467200.0,5379433116467200.0,5379433116467200.0,5379433116467200.0,68
2012-03-30,5379433116467200.0,5379433116467200.0,5379433116467200.0,5379433116467200.0,0
2012-04-02,5379433116467200.0,5379433116467200.0,5379433116467200.0,5379433116467200.0,0
2012-04-03,5379433116467200.0,5379433116467200.0,5379433116467200.0,5379433116467200.0,0
2012-04-04,5379433116467200.0,5379433116467200.0,5379433116467200.0,5379433116467200.0,0
2012-04-09,5379433116467200.0,5379433116467200.0,5379433116467200.0,5379433116467200.0,0
2012-04-10,5379433116467200.0,5379433116467200.0,5379433116467200.0,5379433116467200.0,0
2012-04-11,5379433116467200.0,5379433116467200.0,5379433116467200.0,5379433116467200.0,0
2012-04-12,5379433116467200.0,5379433116467200.0,5379433116467200.0,5379433116467200.0,0
2012-04-13,-199271481344.0,-199271481344.0,-199271481344.0,-199271481344.0,0
2012-04-16,-199271481344.0,-199271481344.0,-199271481344.0,-199271481344.0,0
2012-04-17,-199271481344.0,-199271481344.0,-199271481344.0,-199271481344.0,0
2012-04-18,-199271481344.0,-199271481344.0,-199271481344.0,-199271481344.0,0
2012-04-20,-199271481344.0,-199271481344.0,-199271481344.0,-199271481344.0,0
2012-04-23,-199271481344.0,-199271481344.0,-199271481344.0,-199271481344.0,0
2012-04-24,-199271481344.0,-199271481344.0,-199271481344.0,-199271481344.0,0
2012-04-25,-199271481344.0,-199271481344.0,-199271481344.0,-199271481344.0,0
2012-04-26,-199271481344.0,-199271481344.0,-199271481344.0,-199271481344.0,0
2012-04-27,-199271481344.0,-199271481344.0,-199271481344.0,-199271481344.0,502
2012-04-30,-273998282752.0,-273998282751.99997,-273998282751.99997,-273998282751.99997,50
2012-05-02,-273998282752.0,-273998282751.99997,-273998282751.99997,-273998282751.99997,50
2012-05-03,-249089343488.0,-273998286898.61777,-249089343488.0,-273998286898.61777,2350
2012-05-04,-249089343488.0,-249089343488.0,-249089343488.0,-249089343488.0,0
2012-05-07,-249089343488.0,-249089343488.0,-249089343488.0,-249089343488.0,0
2012-05-08,-249089343488.0,-249089343488.0,-249089343488.0,-249089343488.0,0
2012-05-09,-249089343488.0,-249089343488.0,-249089343488.0,-249089343488.0,0
2012-05-10,-249089343488.0,-249089343488.0,-249089343488.0,-249089343488.0,0
2012-05-11,-249089343488.0,-249089343488.0,-249089343488.0,-249089343488.0,0
2012-05-14,-249089343488.0,-249089343488.0,-249089343488.0,-249089343488.0,0
2012-05-15,-249089343488.0,-249089343488.0,-249089343488.0,-249089343488.0,0
2012-05-16,-249089343488.0,-249089343488.0,-249089343488.0,-249089343488.0,0
2012-05-17,-249089343488.0,-249089343488.0,-249089343488.0,-249089343488.0,0
2012-05-22,-249089343488.0,-249089343488.0,-249089343488.0,-249089343488.0,0
2012-05-23,-249089343488.0,-249089343488.0,-249089343488.0,-249089343488.0,0
2012-05-24,-249089343488.0,-249089343488.0,-249089343488.0,-249089343488.0,0
2012-05-25,-249089343488.0,-249089343488.0,-249089343488.0,-249089343488.0,0
2012-05-28,-249089343488.0,-249089343488.0,-249089343488.0,-249089343488.0,0
2012-05-29,-249089343488.0,-249089343488.0,-249089343488.0,-249089343488.0,0
2012-05-30,-249089343488.0,-249089343488.0,-249089343488.0,-249089343488.0,0
2012-05-31,-273998282752.0,-273998282751.99997,-273998282751.99997,-273998282751.99997,266
2012-06-01,-273998282752.0,-273998282751.99997,-273998282751.99997,-273998282751.99997,0
2012-06-04,-273998282752.0,-273998282751.99997,-273998282751.99997,-273998282751.99997,0
2012-06-05,-273998282752.0,-273998282751.99997,-273998282751.99997,-273998282751.99997,0
2012-06-06,-273998282752.0,-273998282751.99997,-273998282751.99997,-273998282751.99997,0
2012-06-08,-273998282752.0,-273998282751.99997,-273998282751.99997,-273998282751.99997,0
2012-06-12,-273998282752.0,-273998282751.99997,-273998282751.99997,-273998282751.99997,0
2012-06-13,-273998282752.0,-273998282751.99997,-273998282751.99997,-273998282751.99997,0
2012-06-14,-273998282752.0,-273998282751.99997,-273998282751.99997,-273998282751.99997,0
2012-06-15,-273998282752.0,-273998282751.99997,-273998282751.99997,-273998282751.99997,0
2012-06-18,-273998282752.0,-273998282751.99997,-273998282751.99997,-273998282751.99997,0
2012-06-19,-273998282752.0,-273998282751.99997,-273998282751.99997,-273998282751.99997,3000
2012-06-20,-273998282752.0,-273998282751.99997,-273998282751.99997,-273998282751.99997,0
2012-06-21,-273998282752.0,-273998282751.99997,-273998282751.99997,-273998282751.99997,0
2012-06-22,-273998282752.0,-273998282751.99997,-273998282751.99997,-273998282751.99997,5109
2012-06-25,-273998282752.0,-273998282751.99997,-273998282751.99997,-273998282751.99997,0
2012-06-26,-273998282752.0,-273998282751.99997,-273998282751.99997,-273998282751.99997,1000
2012-06-27,-273998282752.0,-273998282751.99997,-273998282751.99997,-273998282751.99997,0
2012-06-28,-273998282752.0,-273998282751.99997,-273998282751.99997,-273998282751.99997,0
2012-06-29,-273998282752.0,-273998282751.99997,-273998282751.99997,-273998282751.99997,0
2012-07-03,-273998282752.0,-273998282751.99997,-273998282751.99997,-273998282751.99997,0
2012-07-04,-224180420608.0,-224180420607.99997,-224180420607.99997,-224180420607.99997,120
2012-07-06,-224180420608.0,-224180420607.99997,-224180420607.99997,-224180420607.99997,0
2012-07-09,-224180420608.0,-224180420607.99997,-224180420607.99997,-224180420607.99997,0
2012-07-10,-224180420608.0,-224180420607.99997,-224180420607.99997,-224180420607.99997,0
2012-07-11,-273998282752.0,-273998282751.99997,-273998282751.99997,-273998282751.99997,500
2012-07-12,-273998282752.0,-273998282751.99997,-273998282751.99997,-273998282751.99997,0
2012-07-13,-273998282752.0,-273998282751.99997,-273998282751.99997,-273998282751.99997,0
2012-07-16,-273998282752.0,-273998282751.99997,-273998282751.99997,-273998282751.99997,7653
2012-07-17,-273998282752.0,-273998282751.99997,-273998282751.99997,-273998282751.99997,0
2012-07-18,-273998282752.0,-273998282751.99997,-273998282751.99997,-273998282751.99997,0
2012-07-19,-273998282752.0,-273998282751.99997,-273998282751.99997,-273998282751.99997,0
2012-07-20,-273998282752.0,-273998282751.99997,-273998282751.99997,-273998282751.99997,1250
2012-07-23,-273998282752.0,-273998282751.99997,-273998282751.99997,-273998282751.99997,0
2012-07-25,-273998282752.0,-273998282751.99997,-273998282751.99997,-273998282751.99997,950
2012-07-26,-273998282752.0,-273998282751.99997,-273998282751.99997,-273998282751.99997,2363
2012-07-27,-273998282752.0,-273998282751.99997,-273998282751.99997,-273998282751.99997,0
2012-07-30,-298907205632.0,-298907205632.0,-298907205632.0,-298907205632.0,1191
2012-07-31,-298907205632.0,-298907205632.0,-298907205632.0,-298907205632.0,0
2012-08-01,-298907205632.0,-298907205632.0,-298907205632.0,-298907205632.0,2000
2012-08-02,-298907205632.0,-298907205632.0,-298907205632.0,-298907205632.0,0
2012-08-03,-298907205632.0,-298907205632.0,-298907205632.0,-298907205632.0,2000
2012-08-06,-298907205632.0,-298907205632.0,-298907205632.0,-298907205632.0,0
2012-08-07,-298907205632.0,-298907205632.0,-298907205632.0,-298907205632.0,0
2012-08-08,-298907205632.0,-298907205632.0,-298907205632.0,-298907205632.0,0
2012-08-09,-298907205632.0,-298907205632.0,-298907205632.0,-298907205632.0,0
2012-08-10,-298907205632.0,-298907205632.0,-298907205632.0,-298907205632.0,2576
2012-08-14,-298907205632.0,-298907205632.0,-298907205632.0,-298907205632.0,170
2012-08-16,-298907205632.0,-298907205632.0,-298907205632.0,-298907205632.0,0
2012-08-17,-298907205632.0,-298907205632.0,-298907205632.0,-298907205632.0,586
2012-08-20,-298907205632.0,-298907205632.0,-298907205632.0,-298907205632.0,0
2012-08-21,-298907205632.0,-298907205632.0,-298907205632.0,-298907205632.0,0
2012-08-22,-298907205632.0,-298907205632.0,-298907205632.0,-298907205632.0,0
2012-08-23,-298907205632.0,-298907205632.0,-298907205632.0,-298907205632.0,0
2012-08-24,-298907205632.0,-298907205632.0,-298907205632.0,-298907205632.0,0
2012-08-27,-298907205632.0,-298907205632.0,-298907205632.0,-298907205632.0,7579
2012-08-28,-298907205632.0,-298907205632.0,-298907205632.0,-298907205632.0,0
2012-08-29,-298907205632.0,-298907205632.0,-298907205632.0,-298907205632.0,0
2012-08-30,-298907205632.0,-298907205632.0,-298907205632.0,-298907205632.0,0
2012-08-31,-298907205632.0,-298907205632.0,-298907205632.0,-298907205632.0,0
2012-09-03,-298907205632.0,-298907205632.0,-298907205632.0,-298907205632.0,0
2012-09-04,-298907205632.0,-298907205632.0,-298907205632.0,-298907205632.0,0
2012-09-05,-298907205632.0,-298907205632.0,-298907205632.0,-298907205632.0,0
2012-09-06,-298907205632.0,-298907205632.0,-298907205632.0,-298907205632.0,0
2012-09-07,-298907205632.0,-298907205632.0,-298907205632.0,-298907205632.0,0
2012-09-10,-323816161280.0,-348725105127.832,-323816161280.00006,-348725105127.832,1116
2012-09-11,-323816161280.0,-323816161280.00006,-323816161280.00006,-323816161280.00006,0
2012-09-12,-348725051392.0,-348725051392.0,-348725051392.0,-348725051392.0,1000
2012-09-13,-348725051392.0,-348725051392.0,-348725051392.0,-348725051392.0,0
2012-09-14,-348725051392.0,-348725051392.0,-348725051392.0,-348725051392.0,0
2012-09-17,-348725051392.0,-348725051392.0,-348725051392.0,-348725051392.0,16600
2012-09-18,-348725051392.0,-348725051392.0,-348725051392.0,-348725051392.0,0
2012-09-19,-348725051392.0,-348725051392.0,-348725051392.0,-348725051392.0,0
2012-09-20,-348725051392.0,-348725051392.0,-348725051392.0,-348725051392.0,0
2012-09-21,-348725051392.0,-348725051392.0,-348725051392.0,-348725051392.0,0
2012-09-24,-348725051392.0,-348725051392.0,-348725051392.0,-348725051392.0,210
2012-09-25,-348725051392.0,-348725051392.0,-348725051392.0,-348725051392.0,0
2012-09-26,-348725051392.0,-348725051392.0,-348725051392.0,-348725051392.0,0
2012-09-27,-348725051392.0,-348725051392.0,-348725051392.0,-348725051392.0,0
2012-09-28,-348725051392.0,-348725051392.0,-348725051392.0,-348725051392.0,0
2012-10-01,-348725051392.0,-348725051392.0,-348725051392.0,-348725051392.0,517
2012-10-02,-348725051392.0,-348725051392.0,-348725051392.0,-348725051392.0,5000
2012-10-03,-348725051392.0,-348725051392.0,-348725051392.0,-348725051392.0,0
2012-10-04,-348725051392.0,-348725051392.0,-348725051392.0,-348725051392.0,0
2012-10-05,-348725051392.0,-348725051392.0,-348725051392.0,-348725051392.0,0
2012-10-08,-348725051392.0,-348725051392.0,-348725051392.0,-348725051392.0,0
2012-10-09,-348725051392.0,-348725051392.0,-348725051392.0,-348725051392.0,0
2012-10-10,-348725051392.0,-348725051392.0,-348725051392.0,-348725051392.0,0
2012-10-11,-373634007040.0,-373634007040.00006,-373634007040.00006,-373634007040.00006,200
2012-10-15,-373634007040.0,-373634007040.00006,-373634007040.00006,-373634007040.00006,0
2012-10-16,-373634007040.0,-373634007040.00006,-373634007040.00006,-373634007040.00006,0
2012-10-17,-373634007040.0,-373634007040.00006,-373634007040.00006,-373634007040.00006,0
2012-10-18,-373634007040.0,-373634007040.00006,-373634007040.00006,-373634007040.00006,3000
2012-10-19,-373634007040.0,-373634007040.00006,-373634007040.00006,-373634007040.00006,0
2012-10-22,-373634007040.0,-373634007040.00006,-373634007040.00006,-373634007040.00006,0
2012-10-23,-373634007040.0,-373634007040.00006,-373634007040.00006,-373634007040.00006,0
2012-10-24,-373634007040.0,-373634007040.00006,-373634007040.00006,-373634007040.00006,0
2012-10-25,-373634007040.0,-373634007040.00006,-373634007040.00006,-373634007040.00006,0
2012-10-26,-373634007040.0,-373634007040.00006,-373634007040.00006,-373634007040.00006,0
2012-10-29,-373634007040.0,-373634007040.00006,-373634007040.00006,-373634007040.00006,0
2012-10-30,-373634007040.0,-373634007040.00006,-373634007040.00006,-373634007040.00006,0
2012-10-31,-373634007040.0,-373634007040.00006,-373634007040.00006,-373634007040.00006,2000
2012-11-02,-373634007040.0,-373634007040.00006,-373634007040.00006,-373634007040.00006,3850
2012-11-06,-373634007040.0,-373634007040.00006,-373634007040.00006,-373634007040.00006,15152
2012-11-07,-373634007040.0,-373634007040.00006,-373634007040.00006,-373634007040.00006,8000
2012-11-08,-373634007040.0,-373634007040.00006,-373634007040.00006,-373634007040.00006,0
2012-11-09,-373634007040.0,-373634007040.00006,-373634007040.00006,-373634007040.00006,0
2012-11-12,-373634007040.0,-373634007040.00006,-373634007040.00006,-373634007040.00006,0
2012-11-13,-373634007040.0,-373634007040.00006,-373634007040.00006,-373634007040.00006,0
2012-11-14,-373634007040.0,-373634007040.00006,-373634007040.00006,-373634007040.00006,0
2012-11-15,-423451918336.0,-423451918336.0,-423451918336.0,-423451918336.0,2100
2012-11-16,-423451918336.0,-423451918336.0,-423451918336.0,-423451918336.0,0
2012-11-19,-423451918336.0,-423451918336.0,-423451918336.0,-423451918336.0,0
2012-11-20,-423451918336.0,-423451918336.0,-423451918336.0,-423451918336.0,0
2012-11-21,-423451918336.0,-423451918336.0,-423451918336.0,-423451918336.0,600
2012-11-22,-423451918336.0,-423451918336.0,-423451918336.0,-423451918336.0,327
2012-11-23,-423451918336.0,-423451918336.0,-423451918336.0,-423451918336.0,0
2012-11-26,-423451918336.0,-423451918336.0,-423451918336.0,-423451918336.0,0
2012-11-27,-423451918336.0,-423451918336.0,-423451918336.0,-423451918336.0,0
2012-11-28,-423451918336.0,-423451918336.0,-423451918336.0,-423451918336.0,166
2012-11-29,-423451918336.0,-423451918336.0,-423451918336.0,-423451918336.0,500
2012-11-30,-423451918336.0,-423451918336.0,-423451918336.0,-423451918336.0,0
2012-12-03,-423451918336.0,-423451918336.0,-423451918336.0,-423451918336.0,0
2012-12-04,-423451918336.0,-423451918336.0,-423451918336.0,-423451918336.0,0
2012-12-05,-423451918336.0,-423451918336.0,-423451918336.0,-423451918336.0,0
2012-12-06,-423451918336.0,-423451918336.0,-423451918336.0,-423451918336.0,0
2012-12-07,-423451918336.0,-423451918336.0,-423451918336.0,-423451918336.0,300
2012-12-10,-423451918336.0,-423451918336.0,-423451918336.0,-423451918336.0,0
2012-12-11,-423451918336.0,-423451918336.0,-423451918336.0,-423451918336.0,0
2012-12-12,-423451918336.0,-423451918336.0,-423451918336.0,-423451918336.0,0
2012-12-13,-423451918336.0,-423451918336.0,-423451918336.0,-423451918336.0,0
2012-12-14,-423451918336.0,-423451918336.0,-423451918336.0,-423451918336.0,0
2012-12-17,-423451918336.0,-423451918336.0,-423451918336.0,-423451918336.0,376
2012-12-18,-423451918336.0,-423451918336.0,-423451918336.0,-423451918336.0,0
2012-12-19,-423451918336.0,-423451918336.0,-423451918336.0,-423451918336.0,500
2012-12-20,-423451918336.0,-423451918336.0,-423451918336.0,-423451918336.0,90
2012-12-21,-423451918336.0,-423451918336.0,-423451918336.0,-423451918336.0,0
2012-12-26,-423451918336.0,-423451918336.0,-423451918336.0,-423451918336.0,0
2012-12-27,-423451918336.0,-423451918336.0,-423451918336.0,-423451918336.0,584
2012-12-28,-448360841216.0,-448360841215.99994,-448360841215.99994,-448360841215.99994,600
2013-01-02,-448360841216.0,-448360841215.99994,-448360841215.99994,-448360841215.99994,0
2013-01-03,-448360841216.0,-448360841215.99994,-448360841215.99994,-448360841215.99994,0
2013-01-04,-448360841216.0,-448360841215.99994,-448360841215.99994,-448360841215.99994,0
2013-01-07,-448360841216.0,-448360841215.99994,-448360841215.99994,-448360841215.99994,0
2013-01-08,-448360841216.0,-448360841215.99994,-448360841215.99994,-448360841215.99994,0
2013-01-09,-448360841216.0,-448360841215.99994,-448360841215.99994,-448360841215.99994,0
2013-01-10,-448360841216.0,-448360841215.99994,-448360841215.99994,-448360841215.99994,0
2013-01-11,-448360841216.0,-448360841215.99994,-448360841215.99994,-448360841215.99994,0
2013-01-14,-448360841216.0,-448360841215.99994,-448360841215.99994,-448360841215.99994,0
2013-01-15,-448360841216.0,-448360841215.99994,-448360841215.99994,-448360841215.99994,0
2013-01-16,-448360841216.0,-448360841215.99994,-448360841215.99994,-448360841215.99994,3568
2013-01-17,-423451918336.0,-423451918336.0,-423451918336.0,-423451918336.0,979
2013-01-18,-423451918336.0,-423451918336.0,-423451918336.0,-423451918336.0,2982
2013-01-21,-423451918336.0,-423451918336.0,-423451918336.0,-423451918336.0,1462
2013-01-22,-423451918336.0,-448360863237.4761,-423451918336.0,-448360863237.4761,3150
2013-01-23,-423451918336.0,-423451918336.0,-423451918336.0,-423451918336.0,0
2013-01-24,-448360841216.0,-448360841215.99994,-448360841215.99994,-448360841215.99994,9000
2013-01-25,-448360841216.0,-448360841215.99994,-448360841215.99994,-448360841215.99994,0
2013-01-28,-448360841216.0,-448360841215.99994,-448360841215.99994,-448360841215.99994,0
2013-01-29,-448360841216.0,-448360841215.99994,-448360841215.99994,-448360841215.99994,12850
2013-01-30,-448360841216.0,-448360841215.99994,-448360841215.99994,-448360841215.99994,0
2013-01-31,-448360841216.0,-448360841215.99994,-448360841215.99994,-448360841215.99994,0
2013-02-01,-448360841216.0,-448360841215.99994,-448360841215.99994,-448360841215.99994,0
2013-02-04,-448360841216.0,-448360841215.99994,-448360841215.99994,-448360841215.99994,0
2013-02-05,-448360841216.0,-448360841215.99994,-448360841215.99994,-448360841215.99994,0
2013-02-06,-448360841216.0,-448360841215.99994,-448360841215.99994,-448360841215.99994,66
2013-02-07,-448360841216.0,-448360841215.99994,-448360841215.99994,-448360841215.99994,0
2013-02-08,-473269796864.0,-473269796864.00006,-473269796864.00006,-473269796864.00006,3000
2013-02-13,-473269796864.0,-473269796864.00006,-473269796864.00006,-473269796864.00006,106
2013-02-14,-473269796864.0,-473269796864.00006,-473269796864.00006,-473269796864.00006,0
2013-02-15,-473269796864.0,-473269796864.00006,-473269796864.00006,-473269796864.00006,0
2013-02-18,-473269796864.0,-473269796864.00006,-473269796864.00006,-473269796864.00006,0
2013-02-19,-473269796864.0,-473269796864.00006,-473269796864.00006,-473269796864.00006,0
2013-02-20,-473269796864.0,-473269796864.00006,-473269796864.00006,-473269796864.00006,4391
2013-02-21,-473269796864.0,-473269796864.00006,-473269796864.00006,-473269796864.00006,0
2013-02-22,-473269796864.0,-473269796864.00006,-473269796864.00006,-473269796864.00006,0
2013-02-25,-473269796864.0,-473269796864.00006,-473269796864.00006,-473269796864.00006,0
2013-02-26,-473269796864.0,-473269796864.00006,-473269796864.00006,-473269796864.00006,0
2013-02-27,-498178686976.0,-498178686976.0,-498178686976.0,-498178686976.0,5000
2013-02-28,-498178686976.0,-498178686976.0,-498178686976.0,-498178686976.0,0
2013-03-01,-498178686976.0,-498178686976.0,-498178686976.0,-498178686976.0,0
2013-03-04,-498178686976.0,-498178686976.0,-498178686976.0,-498178686976.0,0
2013-03-05,-498178686976.0,-498178686976.0,-498178686976.0,-498178686976.0,0
2013-03-06,-498178686976.0,-498178686976.0,-498178686976.0,-498178686976.0,578
2013-03-07,-498178686976.0,-498178686976.0,-498178686976.0,-498178686976.0,0
2013-03-11,-498178686976.0,-498178686976.0,-498178686976.0,-498178686976.0,0
2013-03-12,-498178686976.0,-498178686976.0,-498178686976.0,-498178686976.0,578
2013-03-13,-498178686976.0,-498178686976.0,-498178686976.0,-498178686976.0,578
2013-03-14,-572905488384.0,-572905488384.0,-572905488384.0,-572905488384.0,815
2013-03-18,-572905488384.0,-572905488384.0,-572905488384.0,-572905488384.0,0
2013-03-20,-572905488384.0,-572905488384.0,-572905488384.0,-572905488384.0,0
2013-03-21,-572905488384.0,-572905488384.0,-572905488384.0,-572905488384.0,815
2013-03-22,-572905488384.0,-572905488384.0,-572905488384.0,-572905488384.0,815
2013-03-25,-572905488384.0,-572905488384.0,-572905488384.0,-572905488384.0,0
2013-03-26,-572905488384.0,-572905488384.0,-572905488384.0,-572905488384.0,1319
2013-03-27,-572905488384.0,-572905488384.0,-572905488384.0,-572905488384.0,1319
2013-04-01,-572905488384.0,-572905488384.0,-572905488384.0,-572905488384.0,0
2013-04-02,-572905488384.0,-572905488384.0,-572905488384.0,-572905488384.0,1319
2013-04-03,-547996565504.0,-547996565503.99994,-547996565503.99994,-547996565503.99994,500
2013-04-04,-547996565504.0,-547996565503.99994,-547996565503.99994,-547996565503.99994,0
2013-04-05,-547996565504.0,-547996565503.99994,-547996565503.99994,-547996565503.99994,500
2013-04-08,52725620.0,52725620.0,52725620.0,52725620.0,0
2013-04-09,52725620.0,52725620.0,52725620.0,52725620.0,500
2013-04-10,43139144.0,43139144.0,43139144.0,43139144.0,300
2013-04-11,43139144.0,43139144.0,43139144.0,43139144.0,300
2013-04-12,43139144.0,43139144.0,43139144.0,43139144.0,5760
2013-04-15,43139144.0,43139144.0,43139144.0,43139144.0,0
2013-04-16,43139144.0,43139144.0,43139144.0,43139144.0,5760
2013-04-17,43139144.0,43139144.0,43139144.0,43139144.0,5760
2013-04-18,43139144.0,43139144.0,43139144.0,43139144.0,5760
2013-04-22,45535764.0,45535764.0,45535764.0,45535764.0,0
2013-04-23,45535764.0,45535764.0,45535764.0,45535764.0,2982
2013-04-24,45535764.0,45535764.0,45535764.0,45535764.0,2982
2013-04-25,45535764.0,45535764.0,45535764.0,45535764.0,2982
2013-04-26,43139144.0,43139144.0,43139144.0,43139144.0,1521
2013-04-29,43139144.0,43139144.0,43139144.0,43139144.0,0
2013-04-30,47932380.0,47932380.0,47932380.0,47932380.0,50
2013-05-02,50328996.0,50328996.0,50328996.0,50328996.0,0
2013-05-03,50328996.0,50328996.0,50328996.0,50328996.0,100
2013-05-06,50328996.0,50328996.0,50328996.0,50328996.0,0
2013-05-07,52725620.0,52725620.0,52725620.0,52725620.0,100
2013-05-08,50328996.0,50328996.0,50328996.0,50328996.0,870
2013-05-09,50328996.0,50328996.0,50328996.0,50328996.0,870
2013-05-10,50328996.0,50328996.0,50328996.0,50328996.0,870
2013-05-14,50328996.0,50328996.0,50328996.0,50328996.0,0
2013-05-15,52725620.0,52725620.0,52725620.0,52725620.0,200
2013-05-16,55122236.0,55122236.0,55122236.0,55122236.0,3149
2013-05-17,55122236.0,55122236.0,55122236.0,55122236.0,51
2013-05-20,55122236.0,55122236.0,55122236.0,55122236.0,0
2013-05-21,55122236.0,55122236.0,55122236.0,55122236.0,870
2013-05-22,55122236.0,55122236.0,55122236.0,55122236.0,50
2013-05-23,55122236.0,55122236.0,55122236.0,55122236.0,50
2013-05-24,55122236.0,55122236.0,55122236.0,55122236.0,50
2013-05-27,55122236.0,55122236.0,55122236.0,55122236.0,0
2013-05-28,55122236.0,55122236.0,55122236.0,55122236.0,5000
2013-05-29,50328996.0,50328996.0,50328996.0,50328996.0,1646
2013-05-30,50328996.0,50328996.0,50328996.0,50328996.0,1646
2013-05-31,50328996.0,50328996.0,50328996.0,50328996.0,1646
2013-06-04,50328996.0,50328996.0,50328996.0,50328996.0,0
2013-06-05,50328996.0,50328996.0,50328996.0,50328996.0,1646
2013-06-06,50328996.0,50328996.0,50328996.0,50328996.0,556
2013-06-07,50328996.0,50328996.0,50328996.0,50328996.0,556
2013-06-10,50328996.0,50328996.0,50328996.0,50328996.0,0
2013-06-11,55122236.0,55122236.0,55122236.0,55122236.0,24
2013-06-12,55122236.0,55122236.0,55122236.0,55122236.0,24
2013-06-13,55122236.0,55122236.0,55122236.0,55122236.0,14568
2013-06-14,55122236.0,55122236.0,55122236.0,55122236.0,14568
2013-06-17,55122236.0,55122236.0,55122236.0,55122236.0,0
2013-06-18,52725620.0,52725620.0,52725620.0,52725620.0,5520
2013-06-19,55122236.0,55122236.0,55122236.0,55122236.0,1518
2013-06-20,55122236.0,55122236.0,55122236.0,55122236.0,1518
2013-06-21,55122236.0,55122236.0,55122236.0,55122236.0,1518
2013-06-25,55122236.0,55122236.0,55122236.0,55122236.0,0
2013-06-26,55122236.0,55122236.0,55122236.0,55122236.0,1000
2013-06-27,55122236.0,55122236.0,55122236.0,55122236.0,1000
2013-06-28,55122236.0,55122236.0,55122236.0,55122236.0,1000
2013-07-01,55122236.0,55122236.0,55122236.0,55122236.0,0
2013-07-02,55122236.0,55122236.0,55122236.0,55122236.0,1000
2013-07-03,55122236.0,55122236.0,55122236.0,55122236.0,1000
2013-07-04,55122236.0,55122236.0,55122236.0,55122236.0,1000
2013-07-08,55122236.0,55122236.0,55122236.0,55122236.0,0
2013-07-09,64708712.0,64708712.0,64708712.0,64708712.0,10
2013-07-10,64708712.0,64708712.0,64708712.0,64708712.0,10
2013-07-11,55122236.0,55122236.0,55122236.0,55122236.0,2576
2013-07-12,55122236.0,55122236.0,55122236.0,55122236.0,2576
2013-07-15,55122236.0,55122236.0,55122236.0,55122236.0,0
2013-07-16,55122236.0,55122236.0,55122236.0,55122236.0,2195
2013-07-17,55122236.0,55122236.0,55122236.0,55122236.0,2195
2013-07-18,55122236.0,55122236.0,55122236.0,55122236.0,1500
2013-07-19,55122236.0,57518852.22714299,55122236.0,57518852.22714299,1500
2013-07-22,55122236.0,55122236.0,55122236.0,55122236.0,0
2013-07-23,55122236.0,57518852.22714299,55122236.0,57518852.22714299,1500
2013-07-25,55122236.0,55122236.0,55122236.0,55122236.0,0
2013-07-26,55122236.0,57518852.22714299,55122236.0,57518852.22714299,1500
2013-07-29,55122236.0,55122236.0,55122236.0,55122236.0,0
2013-07-30,55122236.0,55122236.0,55122236.0,55122236.0,100
2013-07-31,64708712.0,64708712.0,64708712.0,64708712.0,100
2013-08-01,64708712.0,64708712.0,64708712.0,64708712.0,100
2013-08-02,64708712.0,64708712.0,64708712.0,64708712.0,100
2013-08-05,64708712.0,64708712.0,64708712.0,64708712.0,0
2013-08-06,55122236.0,55122236.0,55122236.0,55122236.0,7000
2013-08-07,55122236.0,55122236.0,55122236.0,55122236.0,5000
2013-08-08,55122236.0,57518852.22714299,55122236.0,57518852.22714299,5000
2013-08-09,55122236.0,57518852.22714299,55122236.0,57518852.22714299,5000
2013-08-12,55122236.0,55122236.0,55122236.0,55122236.0,0
2013-08-13,55122236.0,55122236.0,55122236.0,55122236.0,4050
2013-08-14,55122236.0,55122236.0,55122236.0,55122236.0,4050
2013-08-15,55122236.0,55122236.0,55122236.0,55122236.0,528
2013-08-16,55122236.0,55122236.0,55122236.0,55122236.0,528
2013-08-20,55122236.0,55122236.0,55122236.0,55122236.0,0
2013-08-21,55122236.0,55122236.0,55122236.0,55122236.0,528
2013-08-22,55122236.0,55122236.0,55122236.0,55122236.0,528
2013-08-23,55122236.0,55122236.0,55122236.0,55122236.0,200
2013-08-26,55122236.0,55122236.0,55122236.0,55122236.0,0
2013-08-27,55122236.0,55122236.0,55122236.0,55122236.0,200
2013-08-28,55122236.0,55122236.0,55122236.0,55122236.0,200
2013-08-29,64708712.0,64708712.0,64708712.0,64708712.0,5517
2013-08-30,64708712.0,64708712.0,64708712.0,64708712.0,5517
2013-09-02,64708712.0,64708712.0,64708712.0,64708712.0,0
2013-09-03,64708712.0,64708712.0,64708712.0,64708712.0,5517
2013-09-04,67105324.0,67105324.0,67105324.0,67105324.0,7000
2013-09-05,67105324.0,67105324.0,67105324.0,67105324.0,7000
2013-09-06,67105324.0,67105324.0,67105324.0,67105324.0,7000
2013-09-09,67105324.0,67105324.0,67105324.0,67105324.0,0
2013-09-10,67105324.0,67105324.0,67105324.0,67105324.0,7000
2013-09-11,67105324.0,67105324.0,67105324.0,67105324.0,7000
2013-09-12,81485056.0,81485056.0,81485056.0,81485056.0,1300
2013-09-13,95864760.0,95864760.0,95864760.0,95864760.0,13524
2013-09-16,95864760.0,95864760.0,95864760.0,95864760.0,0
2013-09-17,110244472.0,110244472.0,110244472.0,110244472.0,575
2013-09-18,115037704.0,115037704.0,110244471.56464258,115037704.0,575
2013-09-19,115037704.0,115037704.0,115037704.0,115037704.0,0
2013-09-20,110244472.0,110244472.0,107847848.79777798,110244472.0,50
2013-09-23,110244472.0,110244472.0,110244472.0,110244472.0,0
2013-09-24,110244472.0,110244472.0,107847848.79777798,110244472.0,50
2013-09-25,110244472.0,110244472.0,110244472.0,110244472.0,1000
2013-09-26,110244472.0,110244472.0,110244472.0,110244472.0,1000
2013-09-27,95864760.0,95864760.0,95864760.0,95864760.0,1500
2013-09-30,95864760.0,95864760.0,95864760.0,95864760.0,0
2013-10-01,110244472.0,110244472.0,95864753.71190497,110244472.0,1500
2013-10-02,105451240.0,105451240.0,105451240.0,105451240.0,1471
2013-10-03,105451240.0,105451240.0,105451240.0,105451240.0,1471
2013-10-04,100657992.0,100657992.0,100657992.0,100657992.0,130
2013-10-07,100657992.0,100657992.0,100657992.0,100657992.0,0
2013-10-08,100657992.0,100657992.0,100657992.0,100657992.0,900
2013-10-09,100657992.0,100657992.0,100657992.0,100657992.0,900
2013-10-10,100657992.0,100657992.0,100657992.0,100657992.0,900
2013-10-11,100657992.0,100657992.0,100657992.0,100657992.0,900
2013-10-14,100657992.0,100657992.0,100657992.0,100657992.0,0
2013-10-15,100657992.0,100657992.0,100657992.0,100657992.0,900
2013-10-16,100657992.0,100657992.0,100657992.0,100657992.0,900
2013-10-17,100657992.0,100657992.0,100657992.0,100657992.0,900
2013-10-18,100657992.0,100657992.0,100657992.0,100657992.0,900
2013-10-21,100657992.0,100657992.0,100657992.0,100657992.0,0
2013-10-22,100657992.0,100657992.0,100657992.0,100657992.0,1070
2013-10-23,100657992.0,100657992.0,100657992.0,100657992.0,250
2013-10-24,100657992.0,100657992.0,100657992.0,100657992.0,250
2013-10-25,95864760.0,95864760.0,95864760.0,95864760.0,14577
2013-10-28,95864760.0,95864760.0,95864760.0,95864760.0,0
2013-10-29,100657992.0,100657992.0,95864752.62498121,100657992.0,14577
2013-10-30,100657992.0,100657992.0,95864752.62498121,100657992.0,14577
2013-10-31,95864760.0,95864760.0,95864760.0,95864760.0,5011
2013-11-01,95864760.0,95864760.0,95864760.0,95864760.0,5011
2013-11-05,95864760.0,95864760.0,95864760.0,95864760.0,500
2013-11-06,95864760.0,95864760.0,95864760.0,95864760.0,500
2013-11-07,95864760.0,95864760.0,95864760.0,95864760.0,500
2013-11-08,95864760.0,95864760.0,95864760.0,95864760.0,500
2013-11-11,95864760.0,95864760.0,95864760.0,95864760.0,980
2013-11-12,95864760.0,95864760.0,95864760.0,95864760.0,980
2013-11-13,95864760.0,95864760.0,95864760.0,95864760.0,0
2013-11-14,81485056.0,81485056.0,81485056.0,81485056.0,150
2013-11-15,81485056.0,81485056.0,81485056.0,81485056.0,0
2013-11-18,81485056.0,81485056.0,81485056.0,81485056.0,0
2013-11-19,91071528.0,91071528.0,91071528.0,91071528.0,15105
2013-11-20,91071528.0,91071528.0,91071528.0,91071528.0,200
2013-11-21,91071528.0,91071528.0,91071528.0,91071528.0,200
2013-11-22,95864760.0,95864760.0,95864760.0,95864760.0,622
2013-11-25,95864760.0,95864760.0,95864760.0,95864760.0,0
2013-11-26,95864760.0,95864760.0,95864760.0,95864760.0,4000
2013-11-27,95864760.0,95864760.0,95864760.0,95864760.0,4000
2013-11-28,95864760.0,95864760.0,95864760.0,95864760.0,117
2013-11-29,95864760.0,95864760.0,95864760.0,95864760.0,117
2013-12-02,95864760.0,95864760.0,95864760.0,95864760.0,0
2013-12-03,95864760.0,95864760.0,95864760.0,95864760.0,117
2013-12-04,95864760.0,95864760.0,95864760.0,95864760.0,117
2013-12-05,100657992.0,100657992.0,100657992.0,100657992.0,13300
2013-12-06,95864760.0,100657999.74376987,95864760.0,100657999.74376987,13300
2013-12-09,95864760.0,95864760.0,95864760.0,95864760.0,0
2013-12-10,95864760.0,95864760.0,95864760.0,95864760.0,814
2013-12-11,100657992.0,100657992.0,95864752.62498121,100657992.0,814
2013-12-12,100657992.0,100657992.0,100657992.0,100657992.0,5000
2013-12-13,100657992.0,100657992.0,100657992.0,100657992.0,5000
2013-12-16,100657992.0,100657992.0,100657992.0,100657992.0,0
2013-12-17,107847856.0,107847856.0,107847856.0,107847856.0,3736
2013-12-18,110244472.0,110244472.0,110244472.0,110244472.0,2302
2013-12-19,115037704.0,115037704.0,115037704.0,115037704.0,2698
2013-12-20,119830944.0,119830944.0,119830944.0,119830944.0,5000
2013-12-23,119830944.0,119830944.0,119830944.0,119830944.0,0
2013-12-26,119830944.0,119830944.0,119830944.0,119830944.0,0
2013-12-27,119830944.0,119830944.0,119830944.0,119830944.0,1000
2013-12-30,119830944.0,119830944.0,119830944.0,119830944.0,0
2014-01-02,119830944.0,119830944.0,119830944.0,119830944.0,0
2014-01-03,119830944.0,119830944.0,119830944.0,119830944.0,1000
2014-01-07,119830944.0,119830944.0,119830944.0,119830944.0,0
2014-01-08,119830944.0,119830944.0,119830944.0,119830944.0,1000
2014-01-09,119830944.0,119830944.0,119830944.0,119830944.0,596
2014-01-10,119830944.0,119830944.0,119830944.0,119830944.0,3766
2014-01-13,119830944.0,119830944.0,119830944.0,119830944.0,0
2014-01-14,119830944.0,119830944.0,119830944.0,119830944.0,3766
2014-01-15,119830944.0,119830944.0,119830944.0,119830944.0,3766
2014-01-16,119830944.0,119830944.0,119830944.0,119830944.0,3766
2014-01-17,122227552.0,122227552.0,122227552.0,122227552.0,2100
2014-01-20,122227552.0,122227552.0,122227552.0,122227552.0,0
2014-01-21,122227552.0,122227552.0,119830942.90697058,122227552.0,16386
2014-01-22,122227552.0,122227552.0,119830942.90697058,122227552.0,16386
2014-01-23,127020808.0,127020808.0,127020808.0,127020808.0,21752
2014-01-24,127020808.0,127020808.0,127020808.0,127020808.0,21752
2014-01-27,127020808.0,127020808.0,127020808.0,127020808.0,0
2014-01-28,134210648.0,134210648.0,134210648.0,134210648.0,1108
2014-01-29,127020808.0,127020808.0,127020808.0,127020808.0,13628
2014-01-30,134210648.0,134210648.0,127020793.10269256,134210648.0,13628
2014-01-31,134210648.0,134210648.0,127020793.10269256,134210648.0,13628
2014-02-03,134210648.0,134210648.0,134210648.0,134210648.0,0
2014-02-04,124624192.0,124624192.0,124624192.0,124624192.0,500
2014-02-05,124624192.0,124624192.0,124624192.0,124624192.0,100
2014-02-06,124624192.0,124624192.0,124624192.0,124624192.0,4842
2014-02-07,124624192.0,124624192.0,124624192.0,124624192.0,4842
2014-02-10,124624192.0,124624192.0,124624192.0,124624192.0,0
2014-02-11,124624192.0,124624192.0,124624192.0,124624192.0,4842
2014-02-12,124624192.0,124624192.0,124624192.0,124624192.0,2250
2014-02-13,124624192.0,124624192.0,124624192.0,124624192.0,2250
2014-02-14,124624192.0,124624192.0,124624192.0,124624192.0,2250
2014-02-17,124624192.0,124624192.0,124624192.0,124624192.0,0
2014-02-18,124624192.0,124624192.0,124624192.0,124624192.0,2250
2014-02-19,124624192.0,124624192.0,124624192.0,124624192.0,0
2014-02-20,124624192.0,124624192.0,124624192.0,124624192.0,1100
2014-02-21,124624192.0,124624192.0,124624192.0,124624192.0,1100
2014-02-24,124624192.0,124624192.0,124624192.0,124624192.0,0
2014-02-25,124624192.0,124624192.0,124624192.0,124624192.0,1100
2014-02-26,124624192.0,124624192.0,124624192.0,124624192.0,6083
2014-02-27,124624192.0,124624192.0,124624192.0,124624192.0,6083
2014-02-28,124624192.0,124624192.0,124624192.0,124624192.0,0
2014-03-05,124624192.0,124624192.0,124624192.0,124624192.0,0
2014-03-06,124624192.0,124624192.0,124624192.0,124624192.0,6083
2014-03-07,124624192.0,124624192.0,124624192.0,124624192.0,6083
2014-03-10,124624192.0,124624192.0,124624192.0,124624192.0,0
2014-03-11,107847856.0,107847856.0,107847856.0,107847856.0,1000
2014-03-12,107847856.0,107847856.0,107847856.0,107847856.0,10000
2014-03-13,107847856.0,107847856.0,107847856.0,107847856.0,10000
2014-03-14,88674912.0,88674912.0,88674912.0,88674912.0,3000
2014-03-17,88674912.0,88674912.0,88674912.0,88674912.0,0
2014-03-18,83881656.0,83881656.0,83881656.0,83881656.0,6550
2014-03-20,83881656.0,83881656.0,83881656.0,83881656.0,0
2014-03-21,-11556.2607421875,-11556.2607421875,-11556.2607421875,-11556.2607421875,6550
2014-03-24,-11556.2607421875,-11556.2607421875,-11556.2607421875,-11556.2607421875,0
2014-03-25,-11226.083984375,-11226.083984375,-11226.083984375,-11226.083984375,100
2014-03-26,-11226.083984375,-11226.083984375,-11226.083984375,-11226.083984375,100
2014-03-27,-11226.083984375,-11226.083984375,-11226.083984375,-11226.083984375,8000
2014-03-28,-11226.083984375,-11226.083984375,-11226.083984375,-11226.083984375,100
2014-03-31,-11226.083984375,-11226.083984375,-11226.083984375,-11226.083984375,0
2014-04-01,-11226.083984375,-11226.083984375,-11226.083984375,-11226.083984375,15
2014-04-02,-11226.083984375,-11226.083984375,-11226.083984375,-11226.083984375,15
2014-04-03,-11226.083984375,-11226.083984375,-11226.083984375,-11226.083984375,15
2014-04-04,-11226.083984375,-11226.083984375,-11226.083984375,-11226.083984375,15
2014-04-07,-11226.083984375,-11226.083984375,-11226.083984375,-11226.083984375,0
2014-04-08,-11226.083984375,-11226.083984375,-11226.083984375,-11226.083984375,15
2014-04-09,-11886.44140625,-11886.44140625,-11886.44140625,-11886.44140625,2750
2014-04-10,-12546.7998046875,-12546.7998046875,-12546.7998046875,-12546.7998046875,350
2014-04-11,-12546.7998046875,-12546.7998046875,-12546.7998046875,-12546.7998046875,350
2014-04-14,-12546.7998046875,-12546.7998046875,-12546.7998046875,-12546.7998046875,0
2014-04-15,-12546.7998046875,-12546.7998046875,-12546.7998046875,-12546.7998046875,350
2014-04-16,-12546.7998046875,-12546.7998046875,-12546.7998046875,-12546.7998046875,350
2014-04-21,-12546.7998046875,-12546.7998046875,-12546.7998046875,-12546.7998046875,0
2014-04-22,-12546.7998046875,-12546.7998046875,-12546.7998046875,-12546.7998046875,350
2014-04-23,-12546.7998046875,-12546.7998046875,-12546.7998046875,-12546.7998046875,350
2014-04-24,-12546.7998046875,-12546.7998046875,-12546.7998046875,-12546.7998046875,350
2014-04-25,-12546.7998046875,-12546.7998046875,-12546.7998046875,-12546.7998046875,350
2014-04-28,-12546.7998046875,-12546.7998046875,-12546.7998046875,-12546.7998046875,0
2014-04-29,-12546.7998046875,-12546.7998046875,-12546.7998046875,-12546.7998046875,350
2014-04-30,-12546.7998046875,-12546.7998046875,-12546.7998046875,-12546.7998046875,4582
2014-05-02,-12546.7998046875,-12546.7998046875,-12546.7998046875,-12546.7998046875,0
2014-05-05,-12546.7998046875,-12546.7998046875,-12546.7998046875,-12546.7998046875,0
2014-05-06,-12546.7998046875,-12546.7998046875,-12546.7998046875,-12546.7998046875,300
2014-05-07,-12546.7998046875,-12546.7998046875,-12546.7998046875,-12546.7998046875,300
2014-05-08,-12546.7998046875,-12546.7998046875,-12546.7998046875,-12546.7998046875,2200
2014-05-09,-11886.44140625,-11886.44140625,-11886.44140625,-11886.44140625,3000
2014-05-12,-11886.44140625,-11886.44140625,-11886.44140625,-11886.44140625,0
2014-05-13,-11886.44140625,-11886.44140625,-11886.44140625,-11886.44140625,3000
2014-05-14,-11886.44140625,-11886.44140625,-11886.44140625,-11886.44140625,3000
2014-05-15,-11886.44140625,-11886.44140625,-11886.44140625,-11886.44140625,3000
2014-05-16,-11886.44140625,-11886.44140625,-11886.44140625,-11886.44140625,3000
2014-05-19,-11886.44140625,-11886.44140625,-11886.44140625,-11886.44140625,0
2014-05-20,-11886.44140625,-11886.44140625,-11886.44140625,-11886.44140625,3000
2014-05-21,-11886.44140625,-11886.44140625,-11886.44140625,-11886.44140625,3000
2014-05-22,-11886.44140625,-11886.44140625,-11886.44140625,-11886.44140625,3000
2014-05-23,-11886.44140625,-11886.44140625,-11886.44140625,-11886.44140625,3000
2014-05-26,-11886.44140625,-11886.44140625,-11886.44140625,-11886.44140625,0
2014-05-27,-12216.619140625,-12216.619140625,-12216.619140625,-12216.619140625,1014
2014-05-28,-12216.619140625,-12216.619140625,-12216.619140625,-12216.619140625,0
2014-05-29,-12216.619140625,-12216.619140625,-12216.619140625,-12216.619140625,1014
2014-05-30,-12216.619140625,-12216.619140625,-12216.619140625,-12216.619140625,4937
2014-06-03,-12216.619140625,-12216.619140625,-12216.619140625,-12216.619140625,0
2014-06-04,-12216.619140625,-12216.619140625,-12216.619140625,-12216.619140625,4937
2014-06-05,-12216.619140625,-12216.619140625,-12216.619140625,-12216.619140625,4937
2014-06-06,-12216.619140625,-12216.619140625,-12216.619140625,-12216.619140625,4937
2014-06-09,-12216.619140625,-12216.619140625,-12216.619140625,-12216.619140625,0
2014-06-10,-12216.619140625,-12216.619140625,-12216.619140625,-12216.619140625,150
2014-06-11,-12216.619140625,-12216.619140625,-12216.619140625,-12216.619140625,150
2014-06-12,-12216.619140625,-12216.619140625,-12216.619140625,-12216.619140625,150
2014-06-13,-12216.619140625,-12216.619140625,-12216.619140625,-12216.619140625,150
2014-06-16,-12216.619140625,-12216.619140625,-12216.619140625,-12216.619140625,0
2014-06-17,-11886.44140625,-11886.44140625,-11886.44140625,-11886.44140625,3713
2014-06-18,-11886.44140625,-11886.44140625,-11886.44140625,-11886.44140625,3713
2014-06-19,-11886.44140625,-11886.44140625,-11886.44140625,-11886.44140625,66
2014-06-20,-11886.44140625,-11886.44140625,-11886.44140625,-11886.44140625,66
2014-06-25,-11886.44140625,-11886.44140625,-11886.44140625,-11886.44140625,0
2014-06-26,-11886.44140625,-11886.44140625,-11886.44140625,-11886.44140625,66
2014-06-27,-11886.44140625,-11886.44140625,-11886.44140625,-11886.44140625,0
2014-06-30,-11886.44140625,-11886.44140625,-11886.44140625,-11886.44140625,0
2014-07-01,-11886.44140625,-11886.44140625,-11886.44140625,-11886.44140625,66
2014-07-02,-11886.44140625,-11886.44140625,-11886.44140625,-11886.44140625,66
2014-07-03,-11886.44140625,-11886.44140625,-11886.44140625,-11886.44140625,66
2014-07-04,-11886.44140625,-11886.44140625,-11886.44140625,-11886.44140625,55
2014-07-07,-11886.44140625,-11886.44140625,-11886.44140625,-11886.44140625,0
2014-07-08,-11886.44140625,-11886.44140625,-11886.44140625,-11886.44140625,55
2014-07-09,-11886.44140625,-11886.44140625,-11886.44140625,-11886.44140625,55
2014-07-10,-11886.44140625,-11886.44140625,-11886.44140625,-11886.44140625,55
2014-07-11,-10895.904296875,-10895.904296875,-10895.904296875,-10895.904296875,9500
2014-07-14,-10895.904296875,-10895.904296875,-10895.904296875,-10895.904296875,0
2014-07-15,-10895.904296875,-10895.904296875,-10895.904296875,-10895.904296875,3229
2014-07-16,-10895.904296875,-10895.904296875,-10895.904296875,-10895.904296875,3229
2014-07-17,-10895.904296875,-10895.904296875,-10895.904296875,-10895.904296875,3229
2014-07-18,-10895.904296875,-10895.904296875,-10895.904296875,-10895.904296875,3229
2014-07-21,-10895.904296875,-10895.904296875,-10895.904296875,-10895.904296875,0
2014-07-22,-10895.904296875,-10895.904296875,-10895.904296875,-10895.904296875,3229
2014-07-23,-10895.904296875,-10895.904296875,-10895.904296875,-10895.904296875,3229
2014-07-25,-10895.904296875,-10895.904296875,-10895.904296875,-10895.904296875,0
2014-07-28,-10895.904296875,-10895.904296875,-10895.904296875,-10895.904296875,0
2014-07-29,-11226.083984375,-11226.083984375,-11226.083984375,-11226.083984375,2000
2014-07-30,-11226.083984375,-11226.083984375,-11226.083984375,-11226.083984375,9500
2014-07-31,-11226.083984375,-11226.083984375,-11226.083984375,-11226.083984375,9500
2014-08-01,-11226.083984375,-11226.083984375,-11226.083984375,-11226.083984375,9500
2014-08-04,-11226.083984375,-11226.083984375,-11226.083984375,-11226.083984375,0
2014-08-05,-11226.083984375,-11226.083984375,-11226.083984375,-11226.083984375,9500
2014-08-06,-11226.083984375,-11226.083984375,-11226.083984375,-11226.083984375,9500
2014-08-07,-11226.083984375,-11226.083984375,-11226.083984375,-11226.083984375,9500
2014-08-08,-11226.083984375,-11226.083984375,-11226.083984375,-11226.083984375,9500
2014-08-11,-11226.083984375,-11226.083984375,-11226.083984375,-11226.083984375,0
2014-08-12,-11226.083984375,-11226.083984375,-11226.083984375,-11226.083984375,9500
2014-08-13,-11226.083984375,-11226.083984375,-11226.083984375,-11226.083984375,11
2014-08-14,-11556.2607421875,-11556.2607421875,-11556.2607421875,-11556.2607421875,11
2014-08-15,-11556.2607421875,-11556.2607421875,-11556.2607421875,-11556.2607421875,11
2014-08-19,-11556.2607421875,-11556.2607421875,-11556.2607421875,-11556.2607421875,0
2014-08-20,-11556.2607421875,-11556.2607421875,-11556.2607421875,-11556.2607421875,3484
2014-08-21,-11556.2607421875,-11556.2607421875,-11556.2607421875,-11556.2607421875,3484
2014-08-22,-11556.2607421875,-11556.2607421875,-11556.2607421875,-11556.2607421875,951
2014-08-25,-11556.2607421875,-11556.2607421875,-11556.2607421875,-11556.2607421875,0
2014-08-26,-10895.904296875,-10895.904296875,-10895.904296875,-10895.904296875,2300
2014-08-27,-10565.7255859375,-10565.7255859375,-10565.7255859375,-10565.7255859375,116
2014-08-28,-10565.7255859375,-10565.7255859375,-10565.7255859375,-10565.7255859375,116
2014-08-29,-10565.7255859375,-10565.7255859375,-10565.7255859375,-10565.7255859375,116
2014-09-01,-10565.7255859375,-10565.7255859375,-10565.7255859375,-10565.7255859375,0
2014-09-02,-10565.7255859375,-10565.7255859375,-10565.7255859375,-10565.7255859375,116
2014-09-03,-10565.7255859375,-10565.7255859375,-10565.7255859375,-10565.7255859375,116
2014-09-04,-10565.7255859375,-10565.7255859375,-10565.7255859375,-10565.7255859375,116
2014-09-05,-10565.7255859375,-10565.7255859375,-10565.7255859375,-10565.7255859375,116
2014-09-08,-10565.7255859375,-10565.7255859375,-10565.7255859375,-10565.7255859375,0
2014-09-09,-11556.2607421875,-11556.2607421875,-11556.2607421875,-11556.2607421875,1000
2014-09-10,-13207.158203125,-13207.158203125,-13207.158203125,-13207.158203125,162
2014-09-11,-13207.158203125,-13207.158203125,-13207.158203125,-13207.158203125,162
2014-09-12,-13207.158203125,-13207.158203125,-13207.158203125,-13207.158203125,162
2014-09-15,-13207.158203125,-13207.158203125,-13207.158203125,-13207.158203125,0
2014-09-16,-13207.158203125,-13207.158203125,-13207.158203125,-13207.158203125,3338
2014-09-17,-13207.158203125,-13207.158203125,-13207.158203125,-13207.158203125,3338
2014-09-18,-13207.158203125,-13207.158203125,-13207.158203125,-13207.158203125,666
2014-09-19,-13207.158203125,-13207.158203125,-13207.158203125,-13207.158203125,666
2014-09-22,-13207.158203125,-13207.158203125,-13207.158203125,-13207.158203125,0
2014-09-23,-13207.158203125,-13207.158203125,-13207.158203125,-13207.158203125,434
2014-09-24,-13207.158203125,-13207.158203125,-13207.158203125,-13207.158203125,2785
2014-09-25,-13207.158203125,-13207.158203125,-13207.158203125,-13207.158203125,2785
2014-09-26,-13207.158203125,-13207.158203125,-13207.158203125,-13207.158203125,2785
2014-09-29,-13207.158203125,-13207.158203125,-13207.158203125,-13207.158203125,0
2014-09-30,-13207.158203125,-13207.158203125,-13207.158203125,-13207.158203125,5000
2014-10-01,-13207.158203125,-13207.158203125,-13207.158203125,-13207.158203125,11000
2014-10-02,-13207.158203125,-13207.158203125,-13207.158203125,-13207.158203125,11000
2014-10-03,-13207.158203125,-13207.158203125,-13207.158203125,-13207.158203125,11000
2014-10-06,-13207.158203125,-13207.158203125,-13207.158203125,-13207.158203125,0
2014-10-07,-13207.158203125,-13207.158203125,-13207.158203125,-13207.158203125,11000
2014-10-08,-13207.158203125,-13207.158203125,-13207.158203125,-13207.158203125,11000
2014-10-09,-13207.158203125,-13207.158203125,-13207.158203125,-13207.158203125,11000
2014-10-10,-13207.158203125,-13207.158203125,-13207.158203125,-13207.158203125,2500
2014-10-13,-13207.158203125,-13207.158203125,-13207.158203125,-13207.158203125,0
2014-10-14,-11556.2607421875,-11556.2607421875,-11556.2607421875,-11556.2607421875,262
2014-10-15,-11556.2607421875,-11556.2607421875,-11556.2607421875,-11556.2607421875,262
2014-10-16,-11556.2607421875,-11556.2607421875,-11556.2607421875,-11556.2607421875,262
2014-10-17,-11556.2607421875,-11556.2607421875,-11556.2607421875,-11556.2607421875,500
2014-10-20,-11556.2607421875,-11556.2607421875,-11556.2607421875,-11556.2607421875,0
2014-10-21,-11556.2607421875,-11556.2607421875,-11556.2607421875,-11556.2607421875,500
2014-10-22,-13207.158203125,-13207.158203125,-13207.158203125,-13207.158203125,17350
2014-10-23,-13207.158203125,-13207.158203125,-13207.158203125,-13207.158203125,17350
2014-10-24,-13207.158203125,-13207.158203125,-13207.158203125,-13207.158203125,17350
2014-10-27,-13207.158203125,-13207.158203125,-13207.158203125,-13207.158203125,0
2014-10-28,-13537.3359375,-13537.3359375,-13537.3359375,-13537.3359375,1022
2014-10-29,-13867.5146484375,-13867.5146484375,-13867.5146484375,-13867.5146484375,2768
2014-10-30,-13537.3359375,-13867.514487801122,-13537.3359375,-13867.514487801122,2768
2014-10-31,-13537.3359375,-13867.514487801122,-13537.3359375,-13867.514487801122,2768
2014-11-03,-13537.3359375,-13537.3359375,-13537.3359375,-13537.3359375,0
2014-11-04,-14858.05078125,-14858.05078125,-14858.05078125,-14858.05078125,1043
2014-11-05,-14858.05078125,-14858.05078125,-14858.05078125,-14858.05078125,1043
2014-11-06,-14858.05078125,-14858.05078125,-14858.05078125,-14858.05078125,1043
2014-11-07,-14858.05078125,-14858.05078125,-14858.05078125,-14858.05078125,1043
2014-11-10,-14858.05078125,-14858.05078125,-14858.05078125,-14858.05078125,0
2014-11-11,-13207.158203125,-13207.158203125,-13207.158203125,-13207.158203125,49
2014-11-12,-13207.158203125,-13207.158203125,-13207.158203125,-13207.158203125,49
2014-11-13,-13207.158203125,-13207.158203125,-13207.158203125,-13207.158203125,1031
2014-11-14,-13207.158203125,-13207.158203125,-13207.158203125,-13207.158203125,1031
2014-11-17,-13207.158203125,-13207.158203125,-13207.158203125,-13207.158203125,0
2014-11-18,-13207.158203125,-13207.158203125,-13207.158203125,-13207.158203125,1031
2014-11-19,-13207.158203125,-13207.158203125,-13207.158203125,-13207.158203125,1031
2014-11-20,-13207.158203125,-13207.158203125,-13207.158203125,-13207.158203125,1031
2014-11-21,-13207.158203125,-13207.158203125,-13207.158203125,-13207.158203125,1031
2014-11-24,-13207.158203125,-13207.158203125,-13207.158203125,-13207.158203125,0
2014-11-25,-13537.3359375,-13537.3359375,-13537.3359375,-13537.3359375,3683
2014-11-26,-13537.3359375,-13537.3359375,-13537.3359375,-13537.3359375,4000
2014-11-27,-13537.3359375,-13537.3359375,-13537.3359375,-13537.3359375,4000
2014-11-28,-13537.3359375,-13537.3359375,-13537.3359375,-13537.3359375,4000
2014-12-01,-13537.3359375,-13537.3359375,-13537.3359375,-13537.3359375,0
2014-12-02,-13867.5146484375,-13867.5146484375,-13867.5146484375,-13867.5146484375,23652
2014-12-03,-13867.5146484375,-13867.5146484375,-13867.5146484375,-13867.5146484375,23652
2014-12-04,-13867.5146484375,-13867.5146484375,-13867.5146484375,-13867.5146484375,23652
2014-12-05,-13867.5146484375,-13867.5146484375,-13867.5146484375,-13867.5146484375,23652
2014-12-09,-13867.5146484375,-13867.5146484375,-13867.5146484375,-13867.5146484375,0
2014-12-10,-16508.9453125,-16508.9453125,-16508.9453125,-16508.9453125,95
2014-12-11,-13207.158203125,-13207.158203125,-13207.158203125,-13207.158203125,94
2014-12-12,-14858.05078125,-14858.05078125,-14858.05078125,-14858.05078125,495
2014-12-15,-14858.05078125,-14858.05078125,-14858.05078125,-14858.05078125,0
2014-12-16,-14858.05078125,-14858.05078125,-14858.05078125,-14858.05078125,495
2014-12-17,-14858.05078125,-14858.05078125,-14858.05078125,-14858.05078125,495
2014-12-18,-14858.05078125,-14858.05078125,-14858.05078125,-14858.05078125,495
2014-12-19,-14858.05078125,-14858.05078125,-14858.05078125,-14858.05078125,495
2014-12-22,-14858.05078125,-14858.05078125,-14858.05078125,-14858.05078125,0
2014-12-23,-14858.05078125,-14858.05078125,-14858.05078125,-14858.05078125,528
2014-12-26,-14858.05078125,-14858.05078125,-14858.05078125,-14858.05078125,0
2014-12-29,-14858.05078125,-14858.05078125,-14858.05078125,-14858.05078125,0
2014-12-30,-14858.05078125,-14858.05078125,-14858.05078125,-14858.05078125,528
2015-01-02,-14858.05078125,-14858.05078125,-14858.05078125,-14858.05078125,0
2015-01-06,-15848.587890625,-15848.587890625,-15848.587890625,-15848.587890625,397
2015-01-07,-15848.587890625,-15848.587890625,-15848.587890625,-13207.156575520832,397
2015-01-08,-15848.587890625,-15848.587890625,-15848.587890625,-13207.156575520832,397
2015-01-09,-15848.587890625,-15848.587890625,-15848.587890625,-15848.587890625,0
2015-01-12,-15848.587890625,-15848.587890625,-15848.587890625,-15848.587890625,76
2015-01-13,-15848.587890625,-15848.587890625,-15848.587890625,-15848.587890625,76
2015-01-14,-15848.587890625,-15848.587890625,-15848.587890625,-15848.587890625,51
2015-01-15,-15848.587890625,-16508.946920584964,-16508.946920584964,-15848.587890625,51
2015-01-16,-15848.587890625,-15848.587890625,-15848.587890625,-15848.587890625,0
2015-01-19,-14858.05078125,-14858.05078125,-14858.05078125,-15848.587371873718,1000
2015-01-20,-14858.05078125,-14858.05078125,-14858.05078125,-15848.587371873718,1000
2015-01-21,-14858.05078125,-14858.05078125,-14858.05078125,-14858.05078125,3040
2015-01-22,-14858.05078125,-14858.05078125,-14858.05078125,-14858.05078125,0
2015-01-23,-14858.05078125,-16508.946380219008,-16508.946380219008,-14858.05078125,3040
2015-01-26,-14858.05078125,-16508.946380219008,-16508.946380219008,-14858.05078125,3040
2015-01-27,-14858.05078125,-16508.946380219008,-16508.946380219008,-14858.05078125,3040
2015-01-28,-14858.05078125,-16508.946380219008,-16508.946380219008,-14858.05078125,3040
2015-01-29,-14858.05078125,-16508.946380219008,-16508.946380219008,-14858.05078125,3040
2015-01-30,-14858.05078125,-14858.05078125,-14858.05078125,-14858.05078125,0
2015-02-02,-14858.05078125,-16508.946380219008,-16508.946380219008,-14858.05078125,3040
2015-02-03,-14858.05078125,-16508.946380219008,-16508.946380219008,-14858.05078125,3040
2015-02-04,-15518.4091796875,-15518.4091796875,-15518.4091796875,-15518.4091796875,2600
2015-02-05,-15518.4091796875,-15518.4091796875,-15518.4091796875,-14858.05111735147,2600
2015-02-06,-15518.4091796875,-15518.4091796875,-15518.4091796875,-15518.4091796875,0
2015-02-09,-14527.873046875,-14527.873046875,-14527.873046875,-14527.873046875,100
2015-02-10,-14527.873046875,-14527.873046875,-14527.873046875,-15518.40969264761,100
2015-02-11,-14527.873046875,-14527.873046875,-14527.873046875,-15518.40969264761,100
2015-02-12,-14197.693359375,-14197.693359375,-14197.693359375,-14197.693359375,37367
2015-02-13,-14197.693359375,-14197.693359375,-14197.693359375,-14197.693359375,0
2015-02-18,-14197.693359375,-14197.693359375,-14197.693359375,-14527.872878094722,37367
2015-02-19,-14197.693359375,-14197.693359375,-14197.693359375,-14197.693359375,46
2015-02-20,-14197.693359375,-14197.693359375,-14197.693359375,-14197.693359375,0
2015-02-23,-14527.873046875,-14527.873046875,-14527.873046875,-14527.873046875,2954
2015-02-24,-14527.873046875,-14527.873046875,-14527.873046875,-14197.693524319355,2954
2015-02-25,-14527.873046875,-14527.873046875,-14527.873046875,-14197.693524319355,2954
2015-02-26,-14527.873046875,-14527.873046875,-14527.873046875,-14527.873046875,66
2015-02-27,-14527.873046875,-14527.873046875,-14527.873046875,-14527.873046875,0
2015-03-02,-14527.873046875,-14527.873046875,-14527.873046875,-14527.873046875,66
2015-03-03,-14527.873046875,-14527.873046875,-14527.873046875,-14527.873046875,66
2015-03-04,-14527.873046875,-14527.873046875,-14527.873046875,-14527.873046875,66
2015-03-05,-16508.9453125,-16508.9453125,-16508.9453125,-16508.9453125,100
2015-03-06,-16508.9453125,-16508.9453125,-16508.9453125,-16508.9453125,0
2015-03-09,-16508.9453125,-16508.9453125,-16508.9453125,-16508.9453125,1200
2015-03-10,-16508.9453125,-16508.9453125,-16508.9453125,-16508.9453125,12486
2015-03-11,-16839.12109375,-16839.12109375,-16839.12109375,-16839.12109375,5100
2015-03-12,-16508.9453125,-16508.9453125,-16508.9453125,-16508.9453125,3040
2015-03-13,-16508.9453125,-16508.9453125,-16508.9453125,-16508.9453125,0
2015-03-16,-19150.37890625,-19150.37890625,-19150.37890625,-19150.37890625,9667
2015-03-17,-19480.556640625,-19480.556640625,-19480.556640625,-19480.556640625,11500
2015-03-18,-19480.556640625,-19480.556640625,-19480.556640625,-16508.946794231593,11500
2015-03-20,-19480.556640625,-19480.556640625,-19480.556640625,-16508.946794231593,29386
2015-03-23,-19480.556640625,-19480.556640625,-19480.556640625,-19480.556640625,5000
2015-03-24,4.113152503967285,4.113152503967285,4.113152503967285,4.113152503967285,5000
2015-03-25,3.9040088653564453,3.904008865356445,3.904008865356445,3.904008865356445,10
2015-03-26,3.834294319152832,3.834294319152832,3.834294319152832,3.834294319152832,4114
2015-03-27,3.834294319152832,3.834294319152832,3.834294319152832,3.834294319152832,0
2015-03-30,3.834294319152832,3.834294319152832,3.834294319152832,3.834294319152832,76
2015-03-31,3.834294319152832,3.834294319152832,3.834294319152832,3.834294319152832,76
2015-04-01,3.834294319152832,3.834294319152832,3.834294319152832,3.834294319152832,76
2015-04-06,3.834294319152832,3.834294319152832,3.834294319152832,3.834294319152832,7476
2015-04-07,3.834294319152832,3.834294319152832,3.834294319152832,3.834294319152832,22000
2015-04-08,3.834294319152832,3.834294319152832,3.834294319152832,3.834294319152832,22000
2015-04-09,3.973722457885742,3.973722457885742,3.973722457885742,3.973722457885742,11000
2015-04-10,3.973722457885742,3.973722457885742,3.973722457885742,3.973722457885742,0
2015-04-13,4.18286657333374,4.18286657333374,4.18286657333374,4.18286657333374,432
2015-04-14,4.18286657333374,4.18286657333374,4.18286657333374,3.9737228794547517,432
2015-04-15,4.18286657333374,4.18286657333374,4.18286657333374,3.9737228794547517,432
2015-04-16,4.18286657333374,4.18286657333374,4.18286657333374,4.18286657333374,7500
2015-04-17,4.18286657333374,4.18286657333374,4.18286657333374,4.18286657333374,0
2015-04-20,4.18286657333374,4.18286657333374,4.18286657333374,4.18286657333374,7500
2015-04-21,3.834294319152832,3.834294319152832,3.834294319152832,3.834294319152832,292
2015-04-22,3.834294319152832,3.834294319152832,3.834294319152832,4.182866751325705,292
2015-04-23,4.18286657333374,4.18286657333374,4.18286657333374,4.18286657333374,220
2015-04-24,4.18286657333374,4.18286657333374,4.18286657333374,4.18286657333374,0
2015-04-27,4.18286657333374,4.18286657333374,4.18286657333374,3.834294155993539,220
2015-04-28,4.880010604858398,4.880010604858398,4.880010604858398,4.880010604858398,30
2015-04-29,4.18286657333374,4.880010596431251,4.880010596431251,4.18286657333374,30
2015-04-30,4.18286657333374,4.880010596431251,4.880010596431251,4.18286657333374,30
2015-05-04,4.18286657333374,4.880010596431251,4.880010596431251,4.18286657333374,30
2015-05-05,4.18286657333374,4.880010596431251,4.880010596431251,4.18286657333374,30
2015-05-06,4.18286657333374,4.880010596431251,4.880010596431251,4.18286657333374,30
2015-05-07,4.18286657333374,4.880010596431251,4.880010596431251,4.18286657333374,30
2015-05-08,4.18286657333374,4.18286657333374,4.18286657333374,4.18286657333374,0
2015-05-11,4.18286657333374,4.18286657333374,4.18286657333374,4.18286657333374,1200
2015-05-12,4.18286657333374,4.18286657333374,4.18286657333374,4.18286657333374,1200
2015-05-13,4.18286657333374,4.18286657333374,4.18286657333374,4.18286657333374,1200
2015-05-14,4.18286657333374,4.18286657333374,4.18286657333374,4.18286657333374,1200
2015-05-15,4.18286657333374,4.18286657333374,4.18286657333374,4.18286657333374,0
2015-05-19,4.18286657333374,4.18286657333374,4.18286657333374,4.18286657333374,1200
2015-05-20,4.18286657333374,4.18286657333374,4.18286657333374,4.18286657333374,1200
2015-05-21,4.18286657333374,4.18286657333374,4.18286657333374,4.18286657333374,200
2015-05-22,4.18286657333374,4.18286657333374,4.18286657333374,4.18286657333374,0
2015-05-25,4.18286657333374,4.18286657333374,4.18286657333374,4.18286657333374,0
2015-05-26,5.577155113220215,5.577155113220215,5.577155113220215,5.577155113220215,3996
2015-05-27,5.577155113220215,5.577155113220215,5.577155113220215,5.019439804793919,3996
2015-05-28,5.577155113220215,5.577155113220215,5.577155113220215,5.019439804793919,3996
2015-05-29,5.577155113220215,5.577155113220215,5.577155113220215,5.577155113220215,0
2015-06-01,4.6011528968811035,4.6011528968811035,4.6011528968811035,4.6011528968811035,135
2015-06-02,4.6011528968811035,4.6011528968811035,4.6011528968811035,5.577154719104804,135
2015-06-03,5.577155113220215,5.577155113220215,5.577155113220215,5.577155113220215,2362
2015-06-04,5.507440567016602,5.577154722060757,5.507440567016602,4.601152899319764,2362
2015-06-05,5.507440567016602,5.507440567016602,5.507440567016602,5.507440567016602,0
2015-06-09,5.507440567016602,5.577154722060757,5.507440567016602,4.601152899319764,2362
2015-06-10,5.507440567016602,5.577154722060757,5.507440567016602,4.601152899319764,2362
2015-06-11,5.507440567016602,5.577154722060757,5.507440567016602,4.601152899319764,2362
2015-06-12,5.507440567016602,5.507440567016602,5.507440567016602,5.507440567016602,0
2015-06-15,5.507440567016602,5.507440567016602,5.507440567016602,5.507440567016602,1068
2015-06-16,5.507440567016602,5.507440567016602,5.507440567016602,5.507440567016602,1068
2015-06-17,5.507440567016602,5.507440567016602,5.507440567016602,5.507440567016602,1068
2015-06-18,5.507440567016602,5.507440567016602,5.507440567016602,5.507440567016602,1068
2015-06-19,5.507440567016602,5.507440567016602,5.507440567016602,5.507440567016602,0
2015-06-22,6.6228718757629395,6.6228718757629395,6.6228718757629395,6.6228718757629395,1716
2015-06-23,6.6228718757629395,6.6228718757629395,6.6228718757629395,5.507440869989243,1716
2015-06-25,6.6228718757629395,6.6228718757629395,6.6228718757629395,5.507440869989243,1716
2015-06-26,6.6228718757629395,6.6228718757629395,6.6228718757629395,6.6228718757629395,0
2015-06-30,5.716583728790283,5.716583728790283,5.716583728790283,6.622871378264667,1000
2015-07-01,5.716583728790283,5.716583728790283,5.716583728790283,6.622871378264667,1000
2015-07-02,5.716583728790283,5.716583728790283,5.716583728790283,6.622871378264667,1000
2015-07-03,5.716583728790283,5.716583728790283,5.716583728790283,5.716583728790283,0
2015-07-06,8.29601764678955,8.29601764678955,8.29601764678955,8.29601764678955,50
2015-07-07,8.29601764678955,8.29601764678955,8.29601764678955,8.29601764678955,200
2015-07-08,8.29601764678955,8.29601764678955,8.29601764678955,8.29601764678955,21346
2015-07-09,9.969164848327637,9.969164848327637,9.969164848327637,9.969164848327637,2740
2015-07-10,9.969164848327637,9.969164848327637,9.969164848327637,9.969164848327637,0
2015-07-13,9.969164848327637,9.969164848327637,9.89945068692369,8.296018481969528,2740
2015-07-14,9.969164848327637,9.969164848327637,9.89945068692369,8.296018481969528,2740
2015-07-15,10.10859489440918,10.10859489440918,10.10859489440918,10.10859489440918,33
2015-07-16,10.10859489440918,10.10859489440918,10.10859489440918,10.10859489440918,76
2015-07-17,10.10859489440918,10.10859489440918,10.10859489440918,10.10859489440918,0
2015-07-20,10.10859489440918,10.10859489440918,10.10859489440918,10.10859489440918,76
2015-07-21,10.10859489440918,10.10859489440918,10.10859489440918,10.10859489440918,76
2015-07-22,10.10859489440918,10.10859489440918,10.10859489440918,10.10859489440918,76
2015-07-23,10.10859489440918,10.10859489440918,10.10859489440918,10.10859489440918,76
2015-07-27,8.714305877685547,8.714305877685547,8.714305877685547,8.714305877685547,52
2015-07-28,8.714305877685547,8.714305877685547,8.714305877685547,10.108594915505194,52
2015-07-29,8.714305877685547,8.714305877685547,8.714305877685547,10.108594915505194,52
2015-07-30,8.714305877685547,8.714305877685547,8.714305877685547,10.108594915505194,52
2015-07-31,8.714305877685547,8.714305877685547,8.714305877685547,8.714305877685547,0
2015-08-03,8.714305877685547,8.714305877685547,8.714305877685547,10.108594915505194,52
2015-08-04,10.457165718078613,10.457165718078613,10.457165718078613,10.457165718078613,200
2015-08-05,10.457165718078613,10.457165718078613,10.457165718078613,10.457165718078613,150
2015-08-06,10.457165718078613,10.457165718078613,10.457165718078613,10.457165718078613,3009
2015-08-07,10.457165718078613,10.457165718078613,10.457165718078613,10.457165718078613,0
2015-08-10,10.457165718078613,10.457165718078613,10.457165718078613,10.457165718078613,3300
2015-08-11,10.457165718078613,10.457165718078613,10.457165718078613,10.457165718078613,3300
2015-08-12,10.457165718078613,10.457165718078613,10.457165718078613,10.457165718078613,1000
2015-08-13,10.457165718078613,10.457165718078613,10.457165718078613,10.457165718078613,1000
2015-08-14,10.457165718078613,10.457165718078613,10.457165718078613,10.457165718078613,0
2015-08-17,10.457165718078613,10.457165718078613,10.457165718078613,10.457165718078613,1000
2015-08-18,10.457165718078613,10.457165718078613,10.457165718078613,10.457165718078613,1000
2015-08-19,10.457165718078613,10.457165718078613,10.457165718078613,10.457165718078613,1000
2015-08-20,10.457165718078613,10.457165718078613,10.457165718078613,10.457165718078613,1000
2015-08-21,10.457165718078613,10.457165718078613,10.457165718078613,10.457165718078613,0
2015-08-24,10.457165718078613,10.457165718078613,10.457165718078613,10.457165718078613,3845
2015-08-25,10.457165718078613,10.457165718078613,10.457165718078613,10.457165718078613,8267
2015-08-26,9.760021209716797,9.760021209716797,9.760021209716797,9.760021209716797,300
2015-08-27,9.760021209716797,9.760021209716797,9.760021209716797,10.45716604560108,300
2015-08-28,9.760021209716797,9.760021209716797,9.760021209716797,9.760021209716797,0
2015-08-31,10.457165718078613,10.457165718078613,10.457165718078613,9.760020904029176,170
2015-09-01,10.457165718078613,10.457165718078613,10.457165718078613,9.760020904029176,170
2015-09-02,10.10859489440918,10.10859489440918,10.10859489440918,10.10859489440918,1300
2015-09-03,10.10859489440918,10.10859489440918,10.10859489440918,10.10859489440918,117
2015-09-04,10.10859489440918,10.10859489440918,10.10859489440918,10.10859489440918,0
2015-09-07,10.457165718078613,10.457165718078613,10.457165718078613,10.457165718078613,1000
2015-09-08,10.457165718078613,10.457165718078613,10.457165718078613,10.457165718078613,1000
2015-09-09,10.457165718078613,10.457165718078613,10.457165718078613,10.457165718078613,1000
2015-09-10,10.457165718078613,10.457165718078613,10.457165718078613,10.457165718078613,1000
2015-09-11,10.457165718078613,10.457165718078613,10.457165718078613,10.457165718078613,0
2015-09-14,10.457165718078613,10.457165718078613,10.457165718078613,10.457165718078613,6619
2015-09-15,10.457165718078613,10.457165718078613,10.457165718078613,10.457165718078613,0
2015-09-16,10.457165718078613,10.457165718078613,10.457165718078613,10.457165718078613,0
2015-09-17,10.457165718078613,10.457165718078613,10.457165718078613,10.457165718078613,0
2015-09-18,10.457165718078613,10.457165718078613,10.457165718078613,10.457165718078613,0
2015-09-21,10.457165718078613,10.457165718078613,10.457165718078613,10.457165718078613,3367
2015-09-22,10.457165718078613,10.457165718078613,10.457165718078613,10.457165718078613,0
2015-09-23,10.457165718078613,10.457165718078613,10.457165718078613,10.457165718078613,0
2015-09-24,10.457165718078613,10.457165718078613,10.457165718078613,10.457165718078613,0
2015-09-25,10.457165718078613,10.457165718078613,10.457165718078613,10.457165718078613,0
2015-09-28,10.457165718078613,10.457165718078613,10.457165718078613,10.457165718078613,6808
2015-09-29,10.457165718078613,10.457165718078613,10.457165718078613,10.457165718078613,0
2015-09-30,10.457165718078613,10.457165718078613,10.457165718078613,10.457165718078613,0
2015-10-01,10.457165718078613,10.457165718078613,10.457165718078613,10.457165718078613,0
2015-10-02,10.457165718078613,10.457165718078613,10.457165718078613,10.457165718078613,0
2015-10-05,10.457165718078613,10.457165718078613,10.457165718078613,10.457165718078613,0
2015-10-06,10.457165718078613,10.457165718078613,10.457165718078613,10.457165718078613,0
2015-10-07,10.457165718078613,10.457165718078613,10.457165718078613,10.457165718078613,0
2015-10-08,10.457165718078613,10.457165718078613,10.457165718078613,10.457165718078613,0
2015-10-09,9.760021209716797,9.760021209716797,9.760021209716797,9.760021209716797,2000
2015-10-13,9.760021209716797,9.760021209716797,9.760021209716797,9.760021209716797,0
2015-10-14,9.760021209716797,9.760021209716797,9.760021209716797,9.760021209716797,3000
2015-10-15,9.760021209716797,9.760021209716797,9.760021209716797,9.760021209716797,2680
2015-10-16,9.760021209716797,9.760021209716797,9.760021209716797,9.760021209716797,0
2015-10-19,9.760021209716797,9.760021209716797,9.760021209716797,9.760021209716797,14299
2015-10-20,9.760021209716797,9.760021209716797,9.760021209716797,9.760021209716797,0
2015-10-21,9.760021209716797,9.760021209716797,9.760021209716797,9.760021209716797,3066
2015-10-22,9.760021209716797,9.760021209716797,9.760021209716797,9.760021209716797,0
2015-10-23,9.760021209716797,9.760021209716797,9.760021209716797,9.760021209716797,0
2015-10-26,9.760021209716797,9.760021209716797,9.760021209716797,9.760021209716797,0
2015-10-27,9.760021209716797,9.760021209716797,9.760021209716797,9.760021209716797,0
2015-10-28,9.760021209716797,9.760021209716797,9.760021209716797,9.760021209716797,5193
2015-10-29,9.760021209716797,9.760021209716797,9.760021209716797,9.760021209716797,0
2015-10-30,9.760021209716797,9.760021209716797,9.760021209716797,9.760021209716797,0
2015-11-02,9.760021209716797,9.760021209716797,9.760021209716797,9.760021209716797,0
2015-11-03,9.760021209716797,9.760021209716797,9.760021209716797,9.760021209716797,0
2015-11-04,9.760021209716797,9.760021209716797,9.760021209716797,9.760021209716797,0
2015-11-05,9.760021209716797,9.760021209716797,9.760021209716797,9.760021209716797,0
2015-11-06,9.760021209716797,9.760021209716797,9.760021209716797,9.760021209716797,0
2015-11-09,9.760021209716797,9.760021209716797,9.760021209716797,9.760021209716797,0
2015-11-10,10.10859489440918,10.10859489440918,10.10859489440918,10.10859489440918,6000
2015-11-11,10.10859489440918,10.10859489440918,10.10859489440918,10.10859489440918,0
2015-11-12,9.760021209716797,9.760021209716797,9.760021209716797,9.760021209716797,3000
2015-11-13,9.760021209716797,9.760021209716797,9.760021209716797,9.760021209716797,204
2015-11-16,9.760021209716797,9.760021209716797,9.760021209716797,9.760021209716797,0
2015-11-17,9.06287670135498,9.06287670135498,9.06287670135498,9.06287670135498,5100
2015-11-18,9.06287670135498,9.06287670135498,9.06287670135498,9.06287670135498,0
2015-11-19,9.06287670135498,9.06287670135498,9.06287670135498,9.06287670135498,0
2015-11-20,10.10859489440918,10.10859489440918,10.10859489440918,10.10859489440918,5000
2015-11-23,10.10859489440918,10.10859489440918,10.10859489440918,10.10859489440918,0
2015-11-24,11.502883911132812,11.502883911132812,11.502883911132812,11.502883911132812,40
2015-11-25,11.502883911132812,11.502883911132812,11.502883911132812,11.502883911132812,0
2015-11-26,11.502883911132812,11.502883911132812,11.502883911132812,11.502883911132812,0
2015-11-27,11.502883911132812,11.502883911132812,11.502883911132812,11.502883911132812,70
2015-11-30,11.502883911132812,11.502883911132812,11.502883911132812,11.502883911132812,0
2015-12-01,11.502883911132812,11.502883911132812,11.502883911132812,11.502883911132812,0
2015-12-02,11.502883911132812,11.502883911132812,11.502883911132812,11.502883911132812,0
2015-12-03,11.502883911132812,11.502883911132812,11.502883911132812,11.502883911132812,0
2015-12-04,11.502883911132812,11.502883911132812,11.502883911132812,11.502883911132812,0
2015-12-08,11.502883911132812,11.502883911132812,11.502883911132812,11.502883911132812,0
2015-12-09,11.502883911132812,11.502883911132812,11.502883911132812,11.502883911132812,0
2015-12-10,11.014881134033203,11.014881134033203,11.014881134033203,11.014881134033203,10090
2015-12-11,11.014881134033203,11.014881134033203,11.014881134033203,11.014881134033203,0
2015-12-14,11.014881134033203,11.014881134033203,11.014881134033203,11.014881134033203,0
2015-12-15,10.457165718078613,10.457165718078613,10.457165718078613,10.457165718078613,7010
2015-12-16,10.457165718078613,10.457165718078613,10.457165718078613,10.457165718078613,2068
2015-12-17,10.457165718078613,10.457165718078613,10.457165718078613,10.457165718078613,10020
2015-12-18,10.457165718078613,10.457165718078613,10.457165718078613,10.457165718078613,0
2015-12-21,10.457165718078613,10.457165718078613,10.457165718078613,10.457165718078613,0
2015-12-22,10.457165718078613,10.457165718078613,10.457165718078613,10.457165718078613,0
2015-12-23,10.457165718078613,10.457165718078613,10.457165718078613,10.457165718078613,0
2015-12-28,10.457165718078613,10.457165718078613,10.457165718078613,10.457165718078613,0
2015-12-29,10.457165718078613,10.457165718078613,10.457165718078613,10.457165718078613,0
2015-12-30,10.457165718078613,10.457165718078613,10.457165718078613,10.457165718078613,0
2016-01-04,10.457165718078613,10.457165718078613,10.457165718078613,10.457165718078613,0
2016-01-05,10.457165718078613,10.457165718078613,10.457165718078613,10.457165718078613,0
2016-01-06,10.457165718078613,10.457165718078613,10.457165718078613,10.457165718078613,0
2016-01-07,10.457165718078613,10.457165718078613,10.457165718078613,10.457165718078613,0
2016-01-08,10.457165718078613,10.457165718078613,10.457165718078613,10.457165718078613,0
2016-01-12,10.457165718078613,10.457165718078613,10.457165718078613,10.457165718078613,0
2016-01-13,10.457165718078613,10.457165718078613,10.457165718078613,10.457165718078613,0
2016-01-14,10.457165718078613,10.457165718078613,10.457165718078613,10.457165718078613,5000
2016-01-15,10.457165718078613,10.457165718078613,10.457165718078613,10.457165718078613,0
2016-01-18,10.457165718078613,10.457165718078613,10.457165718078613,10.457165718078613,0
2016-01-19,12.269742012023926,12.269742012023926,12.269742012023926,12.269742012023926,70
2016-01-20,10.805739402770996,10.805739402770996,10.805739402770996,10.805739402770996,250
2016-01-21,10.805739402770996,10.805739402770996,10.805739402770996,10.805739402770996,0
2016-01-22,10.805739402770996,10.805739402770996,10.805739402770996,10.805739402770996,0
2016-01-25,10.805739402770996,10.805739402770996,10.805739402770996,10.805739402770996,0
2016-01-26,10.805739402770996,10.805739402770996,10.805739402770996,10.805739402770996,0
2016-01-27,10.805739402770996,10.805739402770996,10.805739402770996,10.805739402770996,0
2016-01-28,10.805739402770996,10.805739402770996,10.805739402770996,10.805739402770996,0
2016-01-29,10.805739402770996,10.805739402770996,10.805739402770996,10.805739402770996,0
2016-02-01,10.805739402770996,10.805739402770996,10.805739402770996,10.805739402770996,0
2016-02-02,10.52687931060791,10.52687931060791,10.52687931060791,10.52687931060791,10
2016-02-03,11.15431022644043,11.15431022644043,11.15431022644043,11.15431022644043,4000
2016-02-04,10.805739402770996,10.805739402770996,10.805739402770996,10.805739402770996,1984
2016-02-05,10.805739402770996,10.805739402770996,10.805739402770996,10.805739402770996,600
2016-02-10,10.805739402770996,10.805739402770996,10.805739402770996,10.805739402770996,0
2016-02-11,10.805739402770996,10.805739402770996,10.805739402770996,10.805739402770996,0
2016-02-12,11.15431022644043,11.15431022644043,11.15431022644043,11.15431022644043,4200
2016-02-15,11.15431022644043,11.15431022644043,11.15431022644043,11.15431022644043,0
2016-02-16,11.224024772644043,11.224024772644043,11.224024772644043,11.224024772644043,3107
2016-02-17,11.224024772644043,11.224024772644043,11.224024772644043,11.224024772644043,0
2016-02-18,11.224024772644043,11.224024772644043,11.224024772644043,11.224024772644043,0
2016-02-19,11.224024772644043,11.224024772644043,11.224024772644043,11.224024772644043,0
2016-02-22,11.224024772644043,11.224024772644043,11.224024772644043,11.224024772644043,0
2016-02-23,12.409170150756836,12.409170150756836,12.409170150756836,12.409170150756836,10
2016-02-24,12.409170150756836,12.409170150756836,12.409170150756836,12.409170150756836,0
2016-02-25,13.873172760009766,13.873172760009766,13.873172760009766,13.873172760009766,3493
2016-02-26,13.942888259887695,13.942888259887695,13.942888259887695,13.942888259887695,413
2016-02-29,13.942888259887695,13.942888259887695,13.942888259887695,13.942888259887695,0
2016-03-01,13.942888259887695,13.942888259887695,13.942888259887695,13.942888259887695,3000
2016-03-02,16.6617488861084,16.6617488861084,16.6617488861084,16.6617488861084,550
2016-03-03,16.6617488861084,16.6617488861084,16.6617488861084,16.6617488861084,10
2016-03-04,16.6617488861084,16.6617488861084,16.6617488861084,16.6617488861084,0
2016-03-07,16.6617488861084,16.6617488861084,16.6617488861084,16.6617488861084,0
2016-03-08,15.337177276611328,15.337177276611328,15.337177276611328,15.337177276611328,10
2016-03-09,15.337177276611328,15.337177276611328,15.337177276611328,15.337177276611328,26
2016-03-10,15.337177276611328,15.337177276611328,15.337177276611328,15.337177276611328,0
2016-03-11,15.337177276611328,15.337177276611328,15.337177276611328,15.337177276611328,0
2016-03-14,15.337177276611328,15.337177276611328,15.337177276611328,15.337177276611328,0
2016-03-15,13.942888259887695,13.942888259887695,13.942888259887695,13.942888259887695,160
2016-03-16,11.363452911376953,11.363452911376953,11.363452911376953,11.363452911376953,10
2016-03-17,11.363452911376953,11.363452911376953,11.363452911376953,11.363452911376953,0
2016-03-18,11.363452911376953,11.363452911376953,11.363452911376953,11.363452911376953,0
2016-03-21,11.363452911376953,11.363452911376953,11.363452911376953,11.363452911376953,0
2016-03-22,11.363452911376953,11.363452911376953,11.363452911376953,11.363452911376953,218
2016-03-23,12.548598289489746,12.548598289489746,12.548598289489746,12.548598289489746,24
2016-03-28,12.548598289489746,12.548598289489746,12.548598289489746,12.548598289489746,0
2016-03-29,11.15431022644043,11.15431022644043,11.15431022644043,11.15431022644043,9792
2016-03-30,11.15431022644043,11.15431022644043,11.15431022644043,11.15431022644043,1000
2016-03-31,11.502883911132812,11.502883911132812,11.502883911132812,11.502883911132812,80
2016-04-01,-0.005535900127142668,-0.005535900127142668,-0.005535900127142668,-0.005535900127142668,8920
2016-04-04,-0.005535900127142668,-0.005535900127142668,-0.005535900127142668,-0.005535900127142668,0
2016-04-05,-0.0052674924954771996,-0.0052674924954771996,-0.0052674924954771996,-0.0052674924954771996,100
2016-04-06,-0.0052674924954771996,-0.0052674924954771996,-0.0052674924954771996,-0.0052674924954771996,0
2016-04-07,-0.0052674924954771996,-0.0052674924954771996,-0.0052674924954771996,-0.0052674924954771996,750
2016-04-08,-0.0052674924954771996,-0.0052674924954771996,-0.0052674924954771996,-0.0052674924954771996,0
2016-04-11,-0.0052674924954771996,-0.0052674924954771996,-0.0052674924954771996,-0.0052674924954771996,0
2016-04-12,-0.005535900127142668,-0.005535900127142668,-0.005535900127142668,-0.005535900127142668,300
2016-04-13,-0.005703654605895281,-0.005703654605895281,-0.005703654605895281,-0.005703654605895281,3000
2016-04-14,-0.005535900127142668,-0.005535900127142668,-0.005535900127142668,-0.005535900127142668,2920
2016-04-15,-0.005535900127142668,-0.005535900127142668,-0.005535900127142668,-0.005535900127142668,0
2016-04-18,-0.005535900127142668,-0.005535900127142668,-0.005535900127142668,-0.005535900127142668,0
2016-04-20,-0.005535900127142668,-0.005535900127142668,-0.005535900127142668,-0.005535900127142668,0
2016-04-21,-0.005703654605895281,-0.005703654605895281,-0.005703654605895281,-0.005703654605895281,4000
2016-04-22,-0.005703654605895281,-0.005703654605895281,-0.005703654605895281,-0.005703654605895281,4000
2016-04-25,-0.005703654605895281,-0.005703654605895281,-0.005703654605895281,-0.005703654605895281,0
2016-04-26,-0.005200391169637442,-0.005200391169637442,-0.005200391169637442,-0.005200391169637442,110
2016-04-27,-0.005200391169637442,-0.005200391169637442,-0.005200391169637442,-0.005200391169637442,0
2016-04-28,-0.005200391169637442,-0.005200391169637442,-0.005200391169637442,-0.005200391169637442,0
2016-04-29,-0.005200391169637442,-0.005200391169637442,-0.005200391169637442,-0.005200391169637442,888
2016-05-02,-0.005200391169637442,-0.005200391169637442,-0.005200391169637442,-0.005200391169637442,0
2016-05-03,-0.005535900127142668,-0.005535900127142668,-0.005535900127142668,-0.005535900127142668,488
2016-05-04,-0.006039163563400507,-0.006039163563400507,-0.006039163563400507,-0.006039163563400507,369
2016-05-05,-0.006039163563400507,-0.006039163563400507,-0.006039163563400507,-0.006039163563400507,0
2016-05-06,-0.006039163563400507,-0.006039163563400507,-0.006039163563400507,-0.006039163563400507,0
2016-05-10,-0.006039163563400507,-0.006039163563400507,-0.006039163563400507,-0.006039163563400507,0
2016-05-11,-0.005535900127142668,-0.005535900127142668,-0.005535900127142668,-0.005535900127142668,20500
2016-05-12,-0.005535900127142668,-0.005535900127142668,-0.005535900127142668,-0.005535900127142668,10228
2016-05-13,-0.005636552814394236,-0.005636552814394236,-0.005636552814394236,-0.005636552814394236,17495
2016-05-16,-0.005636552814394236,-0.005636552814394236,-0.005636552814394236,-0.005636552814394236,0
2016-05-17,-0.005636552814394236,-0.005636552814394236,-0.005636552814394236,-0.005636552814394236,0
2016-05-18,-0.005703654605895281,-0.005703654605895281,-0.005703654605895281,-0.005703654605895281,11985
2016-05-19,-0.0057372055016458035,-0.0057372055016458035,-0.0057372055016458035,-0.0057372055016458035,372
2016-05-20,-0.0057372055016458035,-0.0057372055016458035,-0.0057372055016458035,-0.0057372055016458035,0
2016-05-23,-0.0057372055016458035,-0.0057372055016458035,-0.0057372055016458035,-0.0057372055016458035,0
2016-05-24,-0.005871409084647894,-0.005871409084647894,-0.005871409084647894,-0.005871409084647894,2253
2016-05-25,-0.005871409084647894,-0.005871409084647894,-0.005871409084647894,-0.005871409084647894,0
2016-05-26,-0.005770755931735039,-0.005770755931735039,-0.005770755931735039,-0.005770755931735039,600
2016-05-27,-0.005770755931735039,-0.005770755931735039,-0.005770755931735039,-0.005770755931735039,0
2016-05-31,-0.005770755931735039,-0.005770755931735039,-0.005770755931735039,-0.005770755931735039,0
2016-06-01,-0.005770755931735039,-0.005770755931735039,-0.005770755931735039,-0.005770755931735039,0
2016-06-02,-0.005770755931735039,-0.005770755931735039,-0.005770755931735039,-0.005770755931735039,0
2016-06-03,-0.005871409084647894,-0.005871409084647894,-0.005871409084647894,-0.005871409084647894,1500
2016-06-06,-0.005871409084647894,-0.005871409084647894,-0.005871409084647894,-0.005871409084647894,0
2016-06-07,-0.005871409084647894,-0.005871409084647894,-0.005871409084647894,-0.005871409084647894,1468
2016-06-08,-0.005871409084647894,-0.005871409084647894,-0.005871409084647894,-0.005871409084647894,0
2016-06-09,-0.005871409084647894,-0.005871409084647894,-0.005871409084647894,-0.005871409084647894,0
2016-06-10,-0.005871409084647894,-0.005871409084647894,-0.005871409084647894,-0.005871409084647894,0
2016-06-13,-0.005871409084647894,-0.005871409084647894,-0.005871409084647894,-0.005871409084647894,0
2016-06-14,-0.005871409084647894,-0.005871409084647894,-0.005871409084647894,-0.005871409084647894,9068
2016-06-15,-0.005871409084647894,-0.005871409084647894,-0.005871409084647894,-0.005871409084647894,0
2016-06-16,-0.005871409084647894,-0.005871409084647894,-0.005871409084647894,-0.005871409084647894,3100
2016-06-17,-0.005871409084647894,-0.005871409084647894,-0.005871409084647894,-0.005871409084647894,0
2016-06-20,-0.005871409084647894,-0.005871409084647894,-0.005871409084647894,-0.005871409084647894,3000
2016-06-21,-0.005871409084647894,-0.005871409084647894,-0.005871409084647894,-0.005871409084647894,0
2016-06-22,-0.005871409084647894,-0.005871409084647894,-0.005871409084647894,-0.005871409084647894,0
2016-06-23,-0.005871409084647894,-0.005871409084647894,-0.005871409084647894,-0.005871409084647894,0
2016-06-27,-0.005871409084647894,-0.005871409084647894,-0.005871409084647894,-0.005871409084647894,0
2016-06-28,-0.005703654605895281,-0.005703654605895281,-0.005703654605895281,-0.005703654605895281,5000
2016-06-29,-0.005535900127142668,-0.005535900127142668,-0.005535900127142668,-0.005535900127142668,2214
2016-06-30,-0.005703654605895281,-0.005703654605895281,-0.005703654605895281,-0.005703654605895281,3786
2016-07-01,-0.005703654605895281,-0.005703654605895281,-0.005703654605895281,-0.005703654605895281,0
2016-07-06,-0.005535900127142668,-0.005535900127142668,-0.005535900127142668,-0.005535900127142668,5000
2016-07-07,-0.005535900127142668,-0.005535900127142668,-0.005535900127142668,-0.005535900127142668,11176
2016-07-08,-0.005535900127142668,-0.005535900127142668,-0.005535900127142668,-0.005535900127142668,0
2016-07-11,-0.005535900127142668,-0.005535900127142668,-0.005535900127142668,-0.005535900127142668,0
2016-07-12,-0.005535900127142668,-0.005535900127142668,-0.005535900127142668,-0.005535900127142668,0
2016-07-13,-0.005703654605895281,-0.005703654605895281,-0.005703654605895281,-0.005703654605895281,25870
2016-07-14,-0.005703654605895281,-0.005703654605895281,-0.005703654605895281,-0.005703654605895281,0
2016-07-15,-0.005703654605895281,-0.005703654605895281,-0.005703654605895281,-0.005703654605895281,0
2016-07-18,-0.005703654605895281,-0.005703654605895281,-0.005703654605895281,-0.005703654605895281,0
2016-07-19,-0.006039163563400507,-0.006039163563400507,-0.006039163563400507,-0.006039163563400507,19550
2016-07-20,-0.006039163563400507,-0.006039163563400507,-0.006039163563400507,-0.006039163563400507,136
2016-07-21,-0.006039163563400507,-0.006039163563400507,-0.006039163563400507,-0.006039163563400507,0
2016-07-22,-0.006039163563400507,-0.006039163563400507,-0.006039163563400507,-0.006039163563400507,0
2016-07-25,-0.006039163563400507,-0.006039163563400507,-0.006039163563400507,-0.006039163563400507,0
2016-07-26,-0.006039163563400507,-0.006039163563400507,-0.006039163563400507,-0.006039163563400507,0
2016-07-27,-0.006710182409733534,-0.006710182409733534,-0.006710182409733534,-0.006710182409733534,1130
2016-07-28,-0.006039163563400507,-0.006039163563400507,-0.006039163563400507,-0.006039163563400507,7000
2016-07-29,-0.006039163563400507,-0.006039163563400507,-0.006039163563400507,-0.006039163563400507,0
2016-08-01,-0.006039163563400507,-0.006039163563400507,-0.006039163563400507,-0.006039163563400507,0
2016-08-02,-0.006039163563400507,-0.006039163563400507,-0.006039163563400507,-0.006039163563400507,7
2016-08-03,-0.006039163563400507,-0.006039163563400507,-0.006039163563400507,-0.006039163563400507,14601
2016-08-04,-0.006039163563400507,-0.006039163563400507,-0.006039163563400507,-0.006039163563400507,1000
2016-08-05,-0.006039163563400507,-0.006039163563400507,-0.006039163563400507,-0.006039163563400507,1000
2016-08-08,-0.006039163563400507,-0.006039163563400507,-0.006039163563400507,-0.006039163563400507,0
2016-08-09,-0.006039163563400507,-0.006039163563400507,-0.006039163563400507,-0.006039163563400507,0
2016-08-10,-0.006039163563400507,-0.006039163563400507,-0.006039163563400507,-0.006039163563400507,0
2016-08-11,-0.006039163563400507,-0.006039163563400507,-0.006039163563400507,-0.006039163563400507,6930
2016-08-12,-0.006039163563400507,-0.006039163563400507,-0.006039163563400507,-0.006039163563400507,0
2016-08-16,-0.006039163563400507,-0.006039163563400507,-0.006039163563400507,-0.006039163563400507,0
2016-08-17,-0.006039163563400507,-0.006039163563400507,-0.006039163563400507,-0.006039163563400507,0
2016-08-18,-0.006039163563400507,-0.006039163563400507,-0.006039163563400507,-0.006039163563400507,0
2016-08-19,-0.006039163563400507,-0.006039163563400507,-0.006039163563400507,-0.006039163563400507,0
2016-08-22,-0.006039163563400507,-0.006039163563400507,-0.006039163563400507,-0.006039163563400507,0
2016-08-23,-0.006039163563400507,-0.006039163563400507,-0.006039163563400507,-0.006039163563400507,0
2016-08-24,-0.005703654605895281,-0.005703654605895281,-0.005703654605895281,-0.005703654605895281,100
2016-08-25,-0.006039163563400507,-0.006039163563400507,-0.006039163563400507,-0.006039163563400507,270
2016-08-26,-0.005435246974229813,-0.005435246974229813,-0.005435246974229813,-0.005435246974229813,36
2016-08-29,-0.005435246974229813,-0.005435246974229813,-0.005435246974229813,-0.005435246974229813,0
2016-08-30,-0.005435246974229813,-0.005435246974229813,-0.005435246974229813,-0.005435246974229813,0
2016-08-31,-0.005435246974229813,-0.005435246974229813,-0.005435246974229813,-0.005435246974229813,0
2016-09-01,-0.005435246974229813,-0.005435246974229813,-0.005435246974229813,-0.005435246974229813,0
2016-09-02,-0.005435246974229813,-0.005435246974229813,-0.005435246974229813,-0.005435246974229813,0
2016-09-05,-0.005435246974229813,-0.005435246974229813,-0.005435246974229813,-0.005435246974229813,0
2016-09-06,-0.005871409084647894,-0.005871409084647894,-0.005871409084647894,-0.005871409084647894,2500
2016-09-07,-0.005871409084647894,-0.005871409084647894,-0.005871409084647894,-0.005871409084647894,0
2016-09-08,-0.005871409084647894,-0.005871409084647894,-0.005871409084647894,-0.005871409084647894,0
2016-09-09,-0.005871409084647894,-0.005871409084647894,-0.005871409084647894,-0.005871409084647894,0
2016-09-12,-0.005871409084647894,-0.005871409084647894,-0.005871409084647894,-0.005871409084647894,0
2016-09-13,-0.005871409084647894,-0.005871409084647894,-0.005871409084647894,-0.005871409084647894,0
2016-09-14,-0.005871409084647894,-0.005871409084647894,-0.005871409084647894,-0.005871409084647894,0
2016-09-15,-0.005703654605895281,-0.005703654605895281,-0.005703654605895281,-0.005703654605895281,689
2016-09-16,-0.005703654605895281,-0.005703654605895281,-0.005703654605895281,-0.005703654605895281,0
2016-09-19,-0.005703654605895281,-0.005703654605895281,-0.005703654605895281,-0.005703654605895281,0
2016-09-20,-0.005670103244483471,-0.005670103244483471,-0.005670103244483471,-0.005670103244483471,34
2016-09-21,-0.005535900127142668,-0.005535900127142668,-0.005535900127142668,-0.005535900127142668,312
2016-09-22,-0.005502348765730858,-0.005502348765730858,-0.005502348765730858,-0.005502348765730858,100
2016-09-23,-0.005099738482385874,-0.005099738482385874,-0.005099738482385874,-0.005099738482385874,924
2016-09-26,-0.005099738482385874,-0.005099738482385874,-0.005099738482385874,-0.005099738482385874,2610
2016-09-27,-0.005099738482385874,-0.005099738482385874,-0.005099738482385874,-0.005099738482385874,500
2016-09-28,-0.005066187120974064,-0.005066187120974064,-0.005066187120974064,-0.005066187120974064,971
2016-09-29,-0.005368145648390055,-0.005368145648390055,-0.005368145648390055,-0.005368145648390055,1100
2016-09-30,-0.005334594752639532,-0.005334594752639532,-0.005334594752639532,-0.005334594752639532,625
2016-10-03,-0.005334594752639532,-0.005334594752639532,-0.005334594752639532,-0.005334594752639532,0
2016-10-04,-0.005368145648390055,-0.005368145648390055,-0.005368145648390055,-0.005368145648390055,6300
2016-10-05,-0.005368145648390055,-0.005368145648390055,-0.005368145648390055,-0.005368145648390055,0
2016-10-06,-0.005066187120974064,-0.005066187120974064,-0.005066187120974064,-0.005066187120974064,50
2016-10-07,-0.005334594752639532,-0.005334594752639532,-0.005334594752639532,-0.005334594752639532,405
2016-10-10,-0.005334594752639532,-0.005334594752639532,-0.005334594752639532,-0.005334594752639532,1000
2016-10-11,-0.005334594752639532,-0.005334594752639532,-0.005334594752639532,-0.005334594752639532,1000
2016-10-13,-0.005334594752639532,-0.005334594752639532,-0.005334594752639532,-0.005334594752639532,0
2016-10-14,-0.0052674924954771996,-0.0052674924954771996,-0.0052674924954771996,-0.0052674924954771996,3223
2016-10-17,-0.0052674924954771996,-0.0052674924954771996,-0.0052674924954771996,-0.0052674924954771996,2358
2016-10-18,-0.0052674924954771996,-0.0052674924954771996,-0.0052674924954771996,-0.0052674924954771996,1000
2016-10-19,-0.0052674924954771996,-0.0052674924954771996,-0.0052674924954771996,-0.0052674924954771996,0
2016-10-20,-0.0052674924954771996,-0.0052674924954771996,-0.0052674924954771996,-0.0052674924954771996,25
2016-10-21,-0.0052674924954771996,-0.0052674924954771996,-0.0052674924954771996,-0.0052674924954771996,0
2016-10-24,-0.005200391169637442,-0.005200391169637442,-0.005200391169637442,-0.005200391169637442,888
2016-10-25,-0.005233942065387964,-0.005233942065387964,-0.005233942065387964,-0.005233942065387964,639
2016-10-26,-0.005233942065387964,-0.005233942065387964,-0.005233942065387964,-0.005233942065387964,68
2016-10-27,-0.005233942065387964,-0.005233942065387964,-0.005233942065387964,-0.005233942065387964,0
2016-10-28,-0.005334594752639532,-0.005334594752639532,-0.005334594752639532,-0.005334594752639532,13753
2016-10-31,-0.005334594752639532,-0.005334594752639532,-0.005334594752639532,-0.005334594752639532,0
2016-11-01,-0.005334594752639532,-0.005334594752639532,-0.005334594752639532,-0.005334594752639532,0
2016-11-02,-0.005368145648390055,-0.005368145648390055,-0.005368145648390055,-0.005368145648390055,12000
2016-11-03,-0.00637467298656702,-0.00637467298656702,-0.00637467298656702,-0.00637467298656702,59401
2016-11-04,-0.005468797869980335,-0.005468797869980335,-0.005468797869980335,-0.005468797869980335,1000
2016-11-08,-0.005468797869980335,-0.005468797869980335,-0.005468797869980335,-0.005468797869980335,5201
2016-11-09,-0.005468797869980335,-0.005468797869980335,-0.005468797869980335,-0.005468797869980335,0
2016-11-10,-0.00637467298656702,-0.00637467298656702,-0.00637467298656702,-0.00637467298656702,10280
2016-11-11,-0.007649606559425592,-0.007649606559425592,-0.007649606559425592,-0.007649606559425592,5710
2016-11-14,-0.009159398265182972,-0.009159398265182972,-0.009159398265182972,-0.009159398265182972,480
2016-11-15,-0.009159398265182972,-0.009159398265182972,-0.009159398265182972,-0.009159398265182972,3000
2016-11-16,-0.010065272450447083,-0.010065272450447083,-0.010065272450447083,-0.010065272450447083,1100
2016-11-17,-0.010065272450447083,-0.010065272450447083,-0.010065272450447083,-0.010065272450447083,1000
2016-11-18,-0.009159398265182972,-0.009159398265182972,-0.009159398265182972,-0.009159398265182972,7697
2016-11-21,-0.009159398265182972,-0.009159398265182972,-0.009159398265182972,-0.009159398265182972,0
2016-11-22,-0.009394253604114056,-0.009394253604114056,-0.009394253604114056,-0.009394253604114056,1084
2016-11-23,-0.009394253604114056,-0.009394253604114056,-0.009394253604114056,-0.009394253604114056,2858
2016-11-24,-0.009394253604114056,-0.009394253604114056,-0.009394253604114056,-0.009394253604114056,0
2016-11-25,-0.009394253604114056,-0.009394253604114056,-0.009394253604114056,-0.009394253604114056,1600
2016-11-28,-0.009394253604114056,-0.009394253604114056,-0.009394253604114056,-0.009394253604114056,0
2016-11-29,-0.009394253604114056,-0.009394253604114056,-0.009394253604114056,-0.009394253604114056,0
2016-11-30,-0.009729763492941856,-0.009729763492941856,-0.009729763492941856,-0.009729763492941856,15292
2016-12-01,-0.009427805431187153,-0.009427805431187153,-0.009427805431187153,-0.009427805431187153,380
2016-12-02,-0.009562009014189243,-0.009562009014189243,-0.009562009014189243,-0.009562009014189243,300
2016-12-05,-0.009562009014189243,-0.009562009014189243,-0.009562009014189243,-0.009562009014189243,0
2016-12-06,-0.010702739469707012,-0.010702739469707012,-0.010702739469707012,-0.010702739469707012,160
2016-12-07,-0.010702739469707012,-0.010702739469707012,-0.010702739469707012,-0.010702739469707012,0
2016-12-08,-0.010702739469707012,-0.010702739469707012,-0.010702739469707012,-0.010702739469707012,0
2016-12-09,-0.010065272450447083,-0.010065272450447083,-0.010065272450447083,-0.010065272450447083,135
2016-12-13,-0.009058745577931404,-0.009058745577931404,-0.009058745577931404,-0.009058745577931404,600
2016-12-14,-0.009058745577931404,-0.009058745577931404,-0.009058745577931404,-0.009058745577931404,900
2016-12-15,-0.009058745577931404,-0.009058745577931404,-0.009058745577931404,-0.009058745577931404,33
2016-12-16,-0.009058745577931404,-0.009058745577931404,-0.009058745577931404,-0.009058745577931404,0
2016-12-19,-0.009058745577931404,-0.009058745577931404,-0.009058745577931404,-0.009058745577931404,0
2016-12-20,-0.009058745577931404,-0.009058745577931404,-0.009058745577931404,-0.009058745577931404,0
2016-12-21,-0.009058745577931404,-0.009058745577931404,-0.009058745577931404,-0.009058745577931404,0
2016-12-22,-0.009058745577931404,-0.009058745577931404,-0.009058745577931404,-0.009058745577931404,0
2016-12-23,-0.009058745577931404,-0.009058745577931404,-0.009058745577931404,-0.009058745577931404,0
2016-12-26,-0.009058745577931404,-0.009058745577931404,-0.009058745577931404,-0.009058745577931404,0
2016-12-27,-0.009058745577931404,-0.009058745577931404,-0.009058745577931404,-0.009058745577931404,0
2016-12-28,-0.009729763492941856,-0.009729763492941856,-0.009729763492941856,-0.009729763492941856,5370
2016-12-29,-0.009562009014189243,-0.009562009014189243,-0.009562009014189243,-0.009562009014189243,1050
2016-12-30,-0.009058745577931404,-0.009058745577931404,-0.009058745577931404,-0.009058745577931404,10000
2017-01-02,-0.009058745577931404,-0.009058745577931404,-0.009058745577931404,-0.009058745577931404,0
2017-01-03,-0.009058745577931404,-0.009058745577931404,-0.009058745577931404,-0.009058745577931404,0
2017-01-04,-0.009394253604114056,-0.009394253604114056,-0.009394253604114056,-0.009394253604114056,3380
2017-01-05,-0.009394253604114056,-0.009394253604114056,-0.009394253604114056,-0.009394253604114056,0
2017-01-09,-0.009394253604114056,-0.009394253604114056,-0.009394253604114056,-0.009394253604114056,0
2017-01-10,-0.009729763492941856,-0.009729763492941856,-0.009729763492941856,-0.009729763492941856,7000
2017-01-11,-0.009729763492941856,-0.009729763492941856,-0.009729763492941856,-0.009729763492941856,3000
2017-01-12,-0.010065272450447083,-0.010065272450447083,-0.010065272450447083,-0.010065272450447083,3237
2017-01-13,-0.010065272450447083,-0.010065272450447083,-0.010065272450447083,-0.010065272450447083,133
2017-01-16,-0.010065272450447083,-0.010065272450447083,-0.010065272450447083,-0.010065272450447083,0
2017-01-17,-0.010065272450447083,-0.010065272450447083,-0.010065272450447083,-0.010065272450447083,100
2017-01-18,-0.010065272450447083,-0.010065272450447083,-0.010065272450447083,-0.010065272450447083,0
2017-01-19,-0.009763314388692379,-0.009763314388692379,-0.009763314388692379,-0.009763314388692379,4647
2017-01-20,-0.010065272450447083,-0.010065272450447083,-0.010065272450447083,-0.010065272450447083,1400
2017-01-23,-0.010065272450447083,-0.010065272450447083,-0.010065272450447083,-0.010065272450447083,0
2017-01-24,-0.008454828523099422,-0.008454828523099422,-0.008454828523099422,-0.008454828523099422,4440
2017-01-25,-0.009394253604114056,-0.009394253604114056,-0.009394253604114056,-0.009394253604114056,175
2017-01-26,-0.009058745577931404,-0.009058745577931404,-0.009058745577931404,-0.009058745577931404,200
2017-01-27,-0.009058745577931404,-0.009058745577931404,-0.009058745577931404,-0.009058745577931404,500
2017-01-30,-0.01073629129678011,-0.01073629129678011,-0.01073629129678011,-0.01073629129678011,254
2017-01-31,-0.01073629129678011,-0.01073629129678011,-0.01073629129678011,-0.01073629129678011,0
2017-02-01,-0.01073629129678011,-0.01073629129678011,-0.01073629129678011,-0.01073629129678011,0
2017-02-02,-0.01073629129678011,-0.01073629129678011,-0.01073629129678011,-0.01073629129678011,0
2017-02-03,-0.009058745577931404,-0.009058745577931404,-0.009058745577931404,-0.009058745577931404,100
2017-02-06,-0.009058745577931404,-0.009058745577931404,-0.009058745577931404,-0.009058745577931404,0
2017-02-07,-0.009058745577931404,-0.009058745577931404,-0.009058745577931404,-0.009058745577931404,0
2017-02-08,-0.009058745577931404,-0.009058745577931404,-0.009058745577931404,-0.009058745577931404,5205
2017-02-09,-0.009058745577931404,-0.009058745577931404,-0.009058745577931404,-0.009058745577931404,0
2017-02-10,-0.009058745577931404,-0.009058745577931404,-0.009058745577931404,-0.009058745577931404,0
2017-02-13,-0.01073629129678011,-0.01073629129678011,-0.01073629129678011,-0.01073629129678011,20
2017-02-14,-0.010836943984031677,-0.010836943984031677,-0.010836943984031677,-0.010836943984031677,89
2017-02-15,-0.010836943984031677,-0.010836943984031677,-0.010836943984031677,-0.010836943984031677,0
2017-02-16,-0.010836943984031677,-0.010836943984031677,-0.010836943984031677,-0.010836943984031677,0
2017-02-17,-0.010836943984031677,-0.010836943984031677,-0.010836943984031677,-0.010836943984031677,0
2017-02-20,-0.010836943984031677,-0.010836943984031677,-0.010836943984031677,-0.010836943984031677,0
2017-02-21,-0.010400782339274883,-0.010400782339274883,-0.010400782339274883,-0.010400782339274883,1000
2017-02-22,-0.010400782339274883,-0.010400782339274883,-0.010400782339274883,-0.010400782339274883,0
2017-02-23,-0.010400782339274883,-0.010400782339274883,-0.010400782339274883,-0.010400782339274883,1650
2017-02-24,-0.010400782339274883,-0.010400782339274883,-0.010400782339274883,-0.010400782339274883,190
2017-03-01,-0.010400782339274883,-0.010400782339274883,-0.010400782339274883,-0.010400782339274883,0
2017-03-02,-0.010400782339274883,-0.010400782339274883,-0.010400782339274883,-0.010400782339274883,0
2017-03-03,-0.011742818169295788,-0.011742818169295788,-0.011742818169295788,-0.011742818169295788,33000
2017-03-06,-0.012581590563058853,-0.012581590563058853,-0.012581590563058853,-0.012581590563058853,16737
2017-03-07,-0.01274934597313404,-0.01274934597313404,-0.01274934597313404,-0.01274934597313404,21840
2017-03-08,-0.01291709952056408,-0.01291709952056408,-0.01291709952056408,-0.01291709952056408,10000
2017-03-09,-0.01291709952056408,-0.01291709952056408,-0.01291709952056408,-0.01291709952056408,0
2017-03-10,-0.01291709952056408,-0.01291709952056408,-0.01291709952056408,-0.01291709952056408,0
2017-03-13,-0.01291709952056408,-0.01291709952056408,-0.01291709952056408,-0.01291709952056408,0
2017-03-14,-0.012581590563058853,-0.012581590563058853,-0.012581590563058853,-0.012581590563058853,2000
2017-03-15,-0.012581590563058853,-0.012581590563058853,-0.012581590563058853,-0.012581590563058853,20
2017-03-16,-0.012581590563058853,-0.012581590563058853,-0.012581590563058853,-0.012581590563058853,3181
2017-03-17,-0.012581590563058853,-0.012581590563058853,-0.012581590563058853,-0.012581590563058853,618
2017-03-20,-0.012581590563058853,-0.012581590563058853,-0.012581590563058853,-0.012581590563058853,0
2017-03-21,-0.012581590563058853,-0.012581590563058853,-0.012581590563058853,-0.012581590563058853,0
2017-03-22,-0.013420364819467068,-0.013420364819467068,-0.013420364819467068,-0.013420364819467068,250
2017-03-23,-0.013420364819467068,-0.013420364819467068,-0.013420364819467068,-0.013420364819467068,1550
2017-03-24,-0.013420364819467068,-0.013420364819467068,-0.013420364819467068,-0.013420364819467068,0
2017-03-27,-0.013420364819467068,-0.013420364819467068,-0.013420364819467068,-0.013420364819467068,13810
2017-03-28,-0.013420364819467068,-0.013420364819467068,-0.013420364819467068,-0.013420364819467068,0
2017-03-29,-0.013420364819467068,-0.013420364819467068,-0.013420364819467068,-0.013420364819467068,0
2017-03-30,-0.01375587284564972,-0.01375587284564972,-0.01375587284564972,-0.01375587284564972,2142
2017-03-31,-0.015433419495821,-0.015433419495821,-0.015433419495821,-0.015433419495821,177210
2017-04-03,-0.015433419495821,-0.015433419495821,-0.015433419495821,-0.015433419495821,0
2017-04-04,-0.015433419495821,-0.015433419495821,-0.015433419495821,-0.015433419495821,200
2017-04-05,-0.015433419495821,-0.015433419495821,-0.015433419495821,-0.015433419495821,985
2017-04-06,-0.015433419495821,-0.015433419495821,-0.015433419495821,-0.015433419495821,1000
2017-04-07,-0.015433419495821,-0.015433419495821,-0.015433419495821,-0.015433419495821,2476
2017-04-10,-0.015433419495821,-0.015433419495821,-0.015433419495821,-0.015433419495821,0
2017-04-11,-0.015433419495821,-0.015433419495821,-0.015433419495821,-0.015433419495821,2050
2017-04-12,-0.015433419495821,-0.015433419495821,-0.015433419495821,-0.015433419495821,0
2017-04-17,-0.020130544900894165,-0.020130544900894165,-0.020130544900894165,-0.020130544900894165,1000
2017-04-18,-0.020130544900894165,-0.020130544900894165,-0.020130544900894165,-0.020130544900894165,0
2017-04-20,-0.020130544900894165,-0.020130544900894165,-0.020130544900894165,-0.020130544900894165,0
2017-04-21,-0.020130544900894165,-0.020130544900894165,-0.020130544900894165,-0.020130544900894165,0
2017-04-24,-0.020130544900894165,-0.020130544900894165,-0.020130544900894165,-0.020130544900894165,0
2017-04-25,-0.020130544900894165,-0.020130544900894165,-0.020130544900894165,-0.020130544900894165,1000
2017-04-26,-0.024089552462100983,-0.024089552462100983,-0.024089552462100983,-0.024089552462100983,1850
2017-04-27,-0.028518274426460266,-0.028518274426460266,-0.028518274426460266,-0.028518274426460266,200
2017-04-28,-0.028518274426460266,-0.028518274426460266,-0.028518274426460266,-0.028518274426460266,50
2017-05-02,-0.03355090692639351,-0.03355090692639351,-0.03355090692639351,-0.03355090692639351,50
2017-05-03,-0.04022754356265068,-0.04022754356265068,-0.04022754356265068,-0.04022754356265068,2260
2017-05-04,-0.04026108980178833,-0.04026108980178833,-0.04026108980178833,-0.04026108980178833,363
2017-05-05,-0.04022754356265068,-0.04022754356265068,-0.04022754356265068,-0.04022754356265068,158
2017-05-08,-0.04026108980178833,-0.04026108980178833,-0.04026108980178833,-0.04026108980178833,2190
2017-05-09,-0.04026108980178833,-0.04026108980178833,-0.04026108980178833,-0.04026108980178833,0
2017-05-10,-0.04361618310213089,-0.04361618310213089,-0.04361618310213089,-0.04361618310213089,530
2017-05-11,-0.04361618310213089,-0.04361618310213089,-0.04361618310213089,-0.04361618310213089,785
2017-05-12,-0.04361618310213089,-0.04361618310213089,-0.04361618310213089,-0.04361618310213089,0
2017-05-15,-0.04361618310213089,-0.04361618310213089,-0.04361618310213089,-0.04361618310213089,615
2017-05-16,-0.04361618310213089,-0.04361618310213089,-0.04361618310213089,-0.04361618310213089,0
2017-05-17,-0.04291161522269249,-0.04291161522269249,-0.04291161522269249,-0.04291161522269249,40
2017-05-18,-0.03858355060219765,-0.03858355060219765,-0.03858355060219765,-0.03858355060219765,60697
2017-05-19,-0.04361618310213089,-0.04361618310213089,-0.04361618310213089,-0.04361618310213089,60
2017-05-22,-0.04361618310213089,-0.04361618310213089,-0.04361618310213089,-0.04361618310213089,0
2017-05-23,-0.05032636225223541,-0.05032636225223541,-0.05032636225223541,-0.05032636225223541,19293
2017-05-24,-0.05032636225223541,-0.05032636225223541,-0.05032636225223541,-0.05032636225223541,0
2017-05-26,-0.04864881932735443,-0.04864881932735443,-0.04864881932735443,-0.04864881932735443,21544
2017-05-29,-0.04864881932735443,-0.04864881932735443,-0.04864881932735443,-0.04864881932735443,0
2017-05-30,-0.04864881932735443,-0.04864881932735443,-0.04864881932735443,-0.04864881932735443,5300
2017-05-31,-0.04864881932735443,-0.04864881932735443,-0.04864881932735443,-0.04864881932735443,700
2017-06-01,-0.05703654885292053,-0.05703654885292053,-0.05703654885292053,-0.05703654885292053,632
2017-06-02,-0.05368145927786827,-0.05368145927786827,-0.05368145927786827,-0.05368145927786827,3327
2017-06-05,-0.05368145927786827,-0.05368145927786827,-0.05368145927786827,-0.05368145927786827,0
2017-06-06,-0.06438419222831726,-0.06438419222831726,-0.06438419222831726,-0.06438419222831726,3324
2017-06-07,-0.07045690715312958,-0.07045690715312958,-0.07045690715312958,-0.07045690715312958,260
2017-06-08,-0.08454829454421997,-0.08454829454421997,-0.08454829454421997,-0.08454829454421997,1280
2017-06-09,-0.10065272450447083,-0.10065272450447083,-0.10065272450447083,-0.10065272450447083,47171
2017-06-12,-0.10065272450447083,-0.10065272450447083,-0.10065272450447083,-0.10065272450447083,22852
2017-06-13,-0.10065272450447083,-0.10065272450447083,-0.10065272450447083,-0.10065272450447083,5040
2017-06-14,-0.10065272450447083,-0.10065272450447083,-0.10065272450447083,-0.10065272450447083,9516
2017-06-16,-0.10065272450447083,-0.10065272450447083,-0.10065272450447083,-0.10065272450447083,14157
2017-06-20,-0.10065272450447083,-0.10065272450447083,-0.10065272450447083,-0.10065272450447083,5
2017-06-21,-0.10065272450447083,-0.10065272450447083,-0.10065272450447083,-0.10065272450447083,13516
2017-06-22,-0.10065272450447083,-0.10065272450447083,-0.10065272450447083,-0.10065272450447083,9316
2017-06-23,-0.10065272450447083,-0.10065272450447083,-0.10065272450447083,-0.10065272450447083,0
2017-06-26,-0.10065272450447083,-0.10065272450447083,-0.10065272450447083,-0.10065272450447083,1084
2017-06-27,-0.10065272450447083,-0.10065272450447083,-0.10065272450447083,-0.10065272450447083,100
2017-06-28,-0.10065272450447083,-0.10065272450447083,-0.10065272450447083,-0.10065272450447083,0
2017-06-30,-0.1023302748799324,-0.1023302748799324,-0.1023302748799324,-0.1023302748799324,1000
2017-07-03,-0.1023302748799324,-0.1023302748799324,-0.1023302748799324,-0.1023302748799324,1000
2017-07-04,-0.10065272450447083,-0.10065272450447083,-0.10065272450447083,-0.10065272450447083,128
2017-07-06,-0.08723236620426178,-0.08723236620426178,-0.08723236620426178,-0.08723236620426178,200
2017-07-07,-0.08723236620426178,-0.08723236620426178,-0.08723236620426178,-0.08723236620426178,0
2017-07-10,-0.08723236620426178,-0.08723236620426178,-0.08723236620426178,-0.08723236620426178,1000
2017-07-11,-0.08723236620426178,-0.08723236620426178,-0.08723236620426178,-0.08723236620426178,8700
2017-07-12,-0.09729763865470886,-0.09729763865470886,-0.09729763865470886,-0.09729763865470886,52
2017-07-13,-0.10065272450447083,-0.10065272450447083,-0.10065272450447083,-0.10065272450447083,2023
2017-07-14,-0.08723236620426178,-0.08723236620426178,-0.08723236620426178,-0.08723236620426178,1723
2017-07-17,-0.10065272450447083,-0.10065272450447083,-0.10065272450447083,-0.10065272450447083,223
2017-07-18,-0.1023302748799324,-0.1023302748799324,-0.1023302748799324,-0.1023302748799324,4008
2017-07-19,-0.1023302748799324,-0.1023302748799324,-0.1023302748799324,-0.1023302748799324,0
2017-07-20,-0.1023302748799324,-0.1023302748799324,-0.1023302748799324,-0.1023302748799324,0
2017-07-21,-0.1023302748799324,-0.1023302748799324,-0.1023302748799324,-0.1023302748799324,100
2017-07-25,-0.10736291855573654,-0.10736291855573654,-0.10736291855573654,-0.10736291855573654,52403
2017-07-26,-0.10736291855573654,-0.10736291855573654,-0.10736291855573654,-0.10736291855573654,0
2017-07-27,-0.10736291855573654,-0.10736291855573654,-0.10736291855573654,-0.10736291855573654,0
2017-07-28,-0.10736291855573654,-0.10736291855573654,-0.10736291855573654,-0.10736291855573654,963
2017-07-31,-0.11742819100618362,-0.11742819100618364,-0.11742819100618364,-0.11742819100618364,1000
2017-08-01,-0.1375587284564972,-0.1375587284564972,-0.1375587284564972,-0.1375587284564972,9031
2017-08-02,-0.1375587284564972,-0.1375587284564972,-0.1375587284564972,-0.1375587284564972,10
2017-08-03,-0.13420362770557404,-0.13420362770557404,-0.13420362770557404,-0.13420362770557404,30861
2017-08-04,-0.15097910165786743,-0.15097910165786743,-0.15097910165786743,-0.15097910165786743,2290
2017-08-07,-0.15097910165786743,-0.15097910165786743,-0.15097910165786743,-0.15097910165786743,0
2017-08-08,-0.14259134232997894,-0.14259134232997894,-0.14259134232997894,-0.14259134232997894,75
2017-08-09,-0.14259134232997894,-0.14259134232997894,-0.14259134232997894,-0.14259134232997894,0
2017-08-10,-0.1207832545042038,-0.1207832545042038,-0.1207832545042038,-0.1207832545042038,1000
2017-08-11,-0.11742819100618362,-0.11742819100618364,-0.11742819100618364,-0.11742819100618364,1421
2017-08-14,-0.11742819100618362,-0.11742819100618364,-0.11742819100618364,-0.11742819100618364,0
2017-08-16,-0.1107180044054985,-0.1107180044054985,-0.1107180044054985,-0.1107180044054985,27
2017-08-17,-0.1107180044054985,-0.1107180044054985,-0.1107180044054985,-0.1107180044054985,27
2017-08-18,-0.1107180044054985,-0.1107180044054985,-0.1107180044054985,-0.1107180044054985,187
2017-08-21,-0.10736291855573654,-0.10736291855573654,-0.10736291855573654,-0.10736291855573654,10081
2017-08-22,-0.10736291855573654,-0.10736291855573654,-0.10736291855573654,-0.10736291855573654,0
2017-08-23,-0.10065272450447083,-0.10065272450447083,-0.10065272450447083,-0.10065272450447083,1310
2017-08-24,-0.10065272450447083,-0.10065272450447083,-0.10065272450447083,-0.10065272450447083,8099
2017-08-25,-0.10065272450447083,-0.10065272450447083,-0.10065272450447083,-0.10065272450447083,7700
2017-08-28,-0.10065272450447083,-0.10065272450447083,-0.10065272450447083,-0.10065272450447083,0
2017-08-29,0.025276081636548042,0.025276081636548042,0.025276081636548042,0.025276081636548042,3
2017-08-30,0.025276081636548042,0.025276081636548042,0.025276081636548042,0.025276081636548042,0
2017-08-31,0.02611861564218998,0.02611861564218998,0.02611861564218998,0.02611861564218998,22276
2017-09-01,0.038756661117076874,0.038756661117076874,0.038756661117076874,0.038756661117076874,2100
2017-09-04,0.026961155235767365,0.026961155235767365,0.026961155235767365,0.026961155235767365,1470
2017-09-05,0.029488762840628624,0.029488762840628624,0.029488762840628624,0.029488762840628624,33
2017-09-06,0.029488762840628624,0.029488762840628624,0.029488762840628624,0.029488762840628624,5217
2017-09-07,0.029488762840628624,0.029488762840628624,0.029488762840628624,0.029488762840628624,425
2017-09-08,0.029488762840628624,0.029488762840628624,0.029488762840628624,0.029488762840628624,0
2017-09-12,0.030331294983625412,0.030331294983625412,0.030331294983625412,0.030331294983625412,7887
2017-09-13,0.036229051649570465,0.036229051649570465,0.036229051649570465,0.036229051649570465,31430
2017-09-14,0.036229051649570465,0.036229051649570465,0.036229051649570465,0.036229051649570465,1000
2017-09-15,0.038756661117076874,0.038756661117076874,0.038756661117076874,0.038756661117076874,205
2017-09-18,0.038756661117076874,0.038756661117076874,0.038756661117076874,0.038756661117076874,0
2017-09-19,0.038756661117076874,0.038756661117076874,0.038756661117076874,0.038756661117076874,0
2017-09-20,0.03488099202513695,0.03488099202513695,0.03488099202513695,0.03488099202513695,2050
2017-09-21,0.038756661117076874,0.038756661117076874,0.038756661117076874,0.038756661117076874,3000
2017-09-22,0.038756661117076874,0.038756661117076874,0.038756661117076874,0.038756661117076874,88296
2017-09-25,0.038756661117076874,0.038756661117076874,0.038756661117076874,0.038756661117076874,0
2017-09-26,0.038756661117076874,0.038756661117076874,0.038756661117076874,0.038756661117076874,2100
2017-09-27,0.04044172912836075,0.04044172912836075,0.04044172912836075,0.04044172912836075,24182
2017-09-28,0.04044172912836075,0.04044172912836075,0.04044172912836075,0.04044172912836075,30
2017-09-29,0.04044172912836075,0.04044172912836075,0.04044172912836075,0.04044172912836075,0
2017-10-02,0.04044172912836075,0.04044172912836075,0.04044172912836075,0.04044172912836075,0
2017-10-03,0.041284263134002686,0.041284263134002686,0.041284263134002686,0.041284263134002686,23904
2017-10-04,0.045918215066194534,0.045918215066194534,0.045918215066194534,0.045918215066194534,1390
2017-10-05,0.045918215066194534,0.045918215066194534,0.045918215066194534,0.045918215066194534,0
2017-10-06,0.0463394820690155,0.0463394820690155,0.0463394820690155,0.0463394820690155,410
2017-10-09,0.045918215066194534,0.045918215066194534,0.045918215066194534,0.045918215066194534,163
2017-10-10,0.045918215066194534,0.045918215066194534,0.045918215066194534,0.045918215066194534,0
2017-10-11,0.043390605598688126,0.043390605598688126,0.043390605598688126,0.043390605598688126,330
2017-10-13,0.04254807159304619,0.04254807159304619,0.04254807159304619,0.04254807159304619,449
2017-10-16,0.04254807159304619,0.04254807159304619,0.04254807159304619,0.04254807159304619,4
2017-10-17,0.04254807159304619,0.04254807159304619,0.04254807159304619,0.04254807159304619,0
2017-10-18,0.04254807159304619,0.04254807159304619,0.04254807159304619,0.04254807159304619,0
2017-10-19,0.041284263134002686,0.041284263134002686,0.041284263134002686,0.041284263134002686,20575
2017-10-20,0.041284263134002686,0.041284263134002686,0.041284263134002686,0.041284263134002686,0
2017-10-23,0.038756661117076874,0.038756661117076874,0.038756661117076874,0.038756661117076874,647
2017-10-24,0.038756661117076874,0.038756661117076874,0.038756661117076874,0.038756661117076874,0
2017-10-25,0.038756661117076874,0.038756661117076874,0.038756661117076874,0.038756661117076874,0
2017-10-26,0.033701445907354355,0.033701445907354355,0.033701445907354355,0.033701445907354355,1400
2017-10-27,0.033280178904533386,0.033280178904533386,0.033280178904533386,0.033280178904533386,1935
2017-10-30,0.03285890445113182,0.03285890445113182,0.03285890445113182,0.03285890445113182,78
2017-10-31,0.03285890445113182,0.03285890445113182,0.03285890445113182,0.03285890445113182,97
2017-11-02,0.02797219716012478,0.02797219716012478,0.02797219716012478,0.02797219716012478,5311
2017-11-03,0.028646228834986687,0.028646228834986687,0.028646228834986687,0.028646228834986687,9307
2017-11-06,0.028646228834986687,0.028646228834986687,0.028646228834986687,0.028646228834986687,0
2017-11-07,0.030331294983625412,0.030331294983625412,0.030331294983625412,0.030331294983625412,6159
2017-11-08,0.0328504778444767,0.0328504778444767,0.0328504778444767,0.0328504778444767,2065
2017-11-09,0.028646228834986687,0.028646228834986687,0.028646228834986687,0.028646228834986687,7295
2017-11-10,0.0328504778444767,0.0328504778444767,0.0328504778444767,0.0328504778444767,432
2017-11-13,0.0328504778444767,0.0328504778444767,0.0328504778444767,0.0328504778444767,0
2017-11-14,0.0328504778444767,0.0328504778444767,0.0328504778444767,0.0328504778444767,0
2017-11-15,0.0328504778444767,0.0328504778444767,0.0328504778444767,0.0328504778444767,0
2017-11-16,0.0328504778444767,0.0328504778444767,0.0328504778444767,0.0328504778444767,0
2017-11-17,0.031173832714557648,0.031173832714557648,0.031173832714557648,0.031173832714557648,100
2017-11-20,0.031173832714557648,0.031173832714557648,0.031173832714557648,0.031173832714557648,0
2017-11-21,0.031173832714557648,0.031173832714557648,0.031173832714557648,0.031173832714557648,43803
2017-11-22,0.031173832714557648,0.031173832714557648,0.031173832714557648,0.031173832714557648,50
2017-11-23,0.031156983226537704,0.031156983226537704,0.031156983226537704,0.031156983226537704,13790
2017-11-24,0.03285890445113182,0.03285890445113182,0.03285890445113182,0.03285890445113182,5742
2017-11-27,0.03285890445113182,0.03285890445113182,0.03285890445113182,0.03285890445113182,3499
2017-11-28,0.03285890445113182,0.03285890445113182,0.03285890445113182,0.03285890445113182,0
2017-11-29,0.039430685341358185,0.039430685341358185,0.039430685341358185,0.039430685341358185,6367
2017-11-30,0.03959919139742851,0.03959919139742851,0.03959919139742851,0.03959919139742851,1200
2017-12-01,0.04465441033244133,0.04465441033244133,0.04465441033244133,0.04465441033244133,7831
2017-12-04,0.04465441033244133,0.04465441033244133,0.04465441033244133,0.04465441033244133,3480
2017-12-05,0.04212679713964462,0.04212679713964462,0.04212679713964462,0.04212679713964462,794
2017-12-06,0.0463394820690155,0.0463394820690155,0.0463394820690155,0.0463394820690155,31
2017-12-07,0.0463394820690155,0.0463394820690155,0.0463394820690155,0.0463394820690155,0
2017-12-11,0.0463394820690155,0.0463394820690155,0.0463394820690155,0.0463394820690155,0
2017-12-12,0.04381187632679939,0.04381187632679939,0.04381187632679939,0.04381187632679939,600
2017-12-13,0.046170976012945175,0.046170976012945175,0.046170976012945175,0.046170976012945175,261
2017-12-14,0.046170976012945175,0.046170976012945175,0.046170976012945175,0.046170976012945175,0
2017-12-15,0.046170976012945175,0.046170976012945175,0.046170976012945175,0.046170976012945175,15
2017-12-18,0.046170976012945175,0.046170976012945175,0.046170976012945175,0.046170976012945175,539
2017-12-19,0.046170976012945175,0.046170976012945175,0.046170976012945175,0.046170976012945175,0
2017-12-20,0.046170976012945175,0.046170976012945175,0.046170976012945175,0.046170976012945175,0
2017-12-21,0.046170976012945175,0.046170976012945175,0.046170976012945175,0.046170976012945175,0
2017-12-22,0.046170976012945175,0.046170976012945175,0.046170976012945175,0.046170976012945175,320
2017-12-26,0.046170976012945175,0.046170976012945175,0.046170976012945175,0.046170976012945175,0
2017-12-27,0.03791412338614464,0.03791412338614464,0.03791412338614464,0.03791412338614464,1000
2017-12-28,0.03791412338614464,0.03791412338614464,0.03791412338614464,0.03791412338614464,0
2017-12-29,0.03791412338614464,0.03791412338614464,0.03791412338614464,0.03791412338614464,381
2018-01-01,0.03791412338614464,0.03791412338614464,0.03791412338614464,0.03791412338614464,0
2018-01-02,0.03791412338614464,0.03791412338614464,0.03791412338614464,0.03791412338614464,0
2018-01-03,0.03791412338614464,0.03791412338614464,0.03791412338614464,0.03791412338614464,0
2018-01-04,0.03791412338614464,0.03791412338614464,0.03791412338614464,0.03791412338614464,0
2018-01-05,0.03791412338614464,0.03791412338614464,0.03791412338614464,0.03791412338614464,0
2018-01-08,0.03791412338614464,0.03791412338614464,0.03791412338614464,0.03791412338614464,0
2018-01-09,0.03791412338614464,0.03791412338614464,0.03791412338614464,0.03791412338614464,0
2018-01-10,0.03791412338614464,0.03791412338614464,0.03791412338614464,0.03791412338614464,0
2018-01-11,0.03791412338614464,0.03791412338614464,0.03791412338614464,0.03791412338614464,0
2018-01-12,0.0463394820690155,0.0463394820690155,0.0463394820690155,0.0463394820690155,8631
2018-01-15,0.0463394820690155,0.0463394820690155,0.0463394820690155,0.0463394820690155,5203
2018-01-16,0.0463394820690155,0.0463394820690155,0.0463394820690155,0.0463394820690155,40
2018-01-17,0.05476483702659607,0.05476483702659607,0.05476483702659607,0.05476483702659607,1505
2018-01-18,0.050552163273096085,0.050552163273096085,0.050552163273096085,0.050552163273096085,3046
2018-01-19,0.05392231047153473,0.05392231047153473,0.05392231047153473,0.05392231047153473,13969
2018-01-22,0.05392231047153473,0.05392231047153473,0.05392231047153473,0.05392231047153473,8825
2018-01-23,0.05897752568125725,0.05897752568125725,0.05897752568125725,0.05897752568125725,12
2018-01-24,0.05897752568125725,0.05897752568125725,0.05897752568125725,0.05897752568125725,1750
2018-01-25,0.05897752568125725,0.05897752568125725,0.05897752568125725,0.05897752568125725,0
2018-01-26,0.05897752568125725,0.05897752568125725,0.05897752568125725,0.05897752568125725,2544
2018-01-29,0.07835585623979568,0.07835585623979568,0.07835585623979568,0.07835585623979568,120
2018-01-30,0.08425359427928925,0.08425359427928925,0.08425359427928925,0.08425359427928925,2770
2018-01-31,0.07076460123062134,0.07076460123062134,0.07076460123062134,0.07076460123062134,353
2018-02-01,0.07076460123062134,0.07076460123062134,0.07076460123062134,0.07076460123062134,0
2018-02-02,0.07076460123062134,0.07076460123062134,0.07076460123062134,0.07076460123062134,0
2018-02-05,0.07076460123062134,0.07076460123062134,0.07076460123062134,0.07076460123062134,0
2018-02-06,0.07076460123062134,0.07076460123062134,0.07076460123062134,0.07076460123062134,0
2018-02-07,0.07076460123062134,0.07076460123062134,0.07076460123062134,0.07076460123062134,0
2018-02-08,0.07076460123062134,0.07076460123062134,0.07076460123062134,0.07076460123062134,0
2018-02-09,0.08256852626800537,0.08256852626800537,0.08256852626800537,0.08256852626800537,2317
2018-02-12,0.08256852626800537,0.08256852626800537,0.08256852626800537,0.08256852626800537,0
2018-02-13,0.08256852626800537,0.08256852626800537,0.08256852626800537,0.08256852626800537,0
2018-02-14,0.08256852626800537,0.08256852626800537,0.08256852626800537,0.08256852626800537,2898
2018-02-15,0.08846627920866013,0.08846627920866013,0.08846627920866013,0.08846627920866013,100
2018-02-16,0.08846627920866013,0.08846627920866013,0.08846627920866013,0.08846627920866013,4300
2018-02-19,0.08846627920866013,0.08846627920866013,0.08846627920866013,0.08846627920866013,4300
2018-02-20,0.10110432654619217,0.10110432654619217,0.10110432654619217,0.10110432654619217,2045
2018-02-21,0.10110432654619217,0.10110432654619217,0.10110432654619217,0.10110432654619217,9000
2018-02-22,0.12132517993450165,0.12132517993450165,0.12132517993450165,0.12132517993450165,1
2018-02-23,0.12132517993450165,0.12132517993450165,0.12132517993450165,0.12132517993450165,35
2018-02-26,0.1179550513625145,0.1179550513625145,0.1179550513625145,0.1179550513625145,3580
2018-02-27,0.1179550513625145,0.1179550513625145,0.1179550513625145,0.1179550513625145,0
2018-02-28,0.1414196789264679,0.1414196789264679,0.1414196789264679,0.1414196789264679,1045
2018-03-01,0.1414196789264679,0.1414196789264679,0.1414196789264679,0.1414196789264679,0
2018-03-02,0.13817590475082397,0.13817590475082397,0.13817590475082397,0.13817590475082397,165
2018-03-05,0.13817590475082397,0.13817590475082397,0.13817590475082397,0.13817590475082397,0
2018-03-06,0.1432311236858368,0.1432311236858368,0.1432311236858368,0.1432311236858368,10
2018-03-07,0.12216771394014359,0.12216771394014359,0.12216771394014359,0.12216771394014359,4438
2018-03-08,0.10952967405319214,0.10952967405319214,0.10952967405319214,0.10952967405319214,80
2018-03-09,0.11121475696563721,0.11121475696563721,0.11121475696563721,0.11121475696563721,13200
2018-03-12,0.11374236643314362,0.11374236643314362,0.11374236643314362,0.11374236643314362,19149
2018-03-13,0.11374236643314362,0.11374236643314362,0.11374236643314362,0.11374236643314362,0
2018-03-14,0.13648240268230438,0.13648240268230438,0.13648240268230438,0.13648240268230438,196
2018-03-15,0.1432311236858368,0.1432311236858368,0.1432311236858368,0.1432311236858368,740
2018-03-16,0.1432311236858368,0.1432311236858368,0.1432311236858368,0.1432311236858368,1706
2018-03-19,0.1432311236858368,0.1432311236858368,0.1432311236858368,0.1432311236858368,0
2018-03-20,0.1600818783044815,0.1600818783044815,0.1600818783044815,0.1600818783044815,2100
2018-03-21,0.1432311236858368,0.1432311236858368,0.1432311236858368,0.1432311236858368,1000
2018-03-22,0.1432311236858368,0.1432311236858368,0.1432311236858368,0.1432311236858368,3205
2018-03-23,0.1432311236858368,0.1432311236858368,0.1432311236858368,0.1432311236858368,252
2018-03-26,0.1432311236858368,0.1432311236858368,0.1432311236858368,0.1432311236858368,1600
2018-03-27,0.1432311236858368,0.1432311236858368,0.1432311236858368,0.1432311236858368,1561
2018-03-28,0.1432311236858368,0.1432311236858368,0.1432311236858368,0.1432311236858368,1128
2018-03-29,0.1432311236858368,0.1432311236858368,0.1432311236858368,0.1432311236858368,0
2018-03-30,0.1432311236858368,0.1432311236858368,0.1432311236858368,0.1432311236858368,0
2018-04-02,0.1432311236858368,0.1432311236858368,0.1432311236858368,0.1432311236858368,0
2018-04-03,0.1685071885585785,0.1685071885585785,0.1685071885585785,0.1685071885585785,500
2018-04-04,0.17946019768714905,0.17946019768714905,0.17946019768714905,0.17946019768714905,515
2018-04-05,0.2021917849779129,0.2021917849779129,0.2021917849779129,0.2021917849779129,2295
2018-04-06,0.2021917849779129,0.2021917849779129,0.2021917849779129,0.2021917849779129,0
2018-04-09,0.2021917849779129,0.2021917849779129,0.2021917849779129,0.2021917849779129,0
2018-04-10,0.2728974521160126,0.2728974521160126,0.2728974521160126,0.2728974521160126,5500
2018-04-11,0.32745161652565,0.32745161652565,0.32745161652565,0.32745161652565,200
2018-04-12,0.3833538889884949,0.3833538889884949,0.3833538889884949,0.3833538889884949,3710
2018-04-13,0.45994043350219727,0.45994043350219727,0.45994043350219727,0.45994043350219727,2610
2018-04-16,0.522372305393219,0.522372305393219,0.522372305393219,0.522372305393219,611
2018-04-17,0.6268468499183655,0.6268468499183655,0.6268468499183655,0.6268468499183655,2139
2018-04-18,0.7531429529190063,0.7531429529190063,0.7531429529190063,0.7531429529190063,5892
2018-04-19,0.7531429529190063,0.7531429529190063,0.7531429529190063,0.7531429529190063,5892
2018-04-20,0.8383233547210693,0.8383233547210693,0.8383233547210693,0.8383233547210693,1190
2018-04-23,0.8383233547210693,0.8383233547210693,0.8383233547210693,0.8383233547210693,0
2018-04-24,0.8341107368469238,0.8341107368469238,0.8341107368469238,0.8341107368469238,60
2018-04-25,0.7161557078361511,0.7161557078361511,0.7161557078361511,0.7161557078361511,812
2018-04-26,0.6319020390510559,0.6319020390510559,0.6319020390510559,0.6319020390510559,30
2018-04-27,0.5476484298706055,0.5476484298706055,0.5476484298706055,0.5476484298706055,1140
2018-04-30,0.5476484298706055,0.5476484298706055,0.5476484298706055,0.5476484298706055,0
2018-05-01,0.5476484298706055,0.5476484298706055,0.5476484298706055,0.5476484298706055,0
2018-05-02,0.5559896230697632,0.5559896230697632,0.5559896230697632,0.5559896230697632,20
2018-05-03,0.5897752046585083,0.5897752046585083,0.5897752046585083,0.5897752046585083,370
2018-05-04,0.6319020390510559,0.6319020390510559,0.6319020390510559,0.6319020390510559,1500
2018-05-07,0.6234766840934753,0.6234766840934753,0.6234766840934753,0.6234766840934753,456
2018-05-08,0.5897752046585083,0.5897752046585083,0.5897752046585083,0.5897752046585083,145
2018-05-09,0.471820205450058,0.471820205450058,0.471820205450058,0.471820205450058,2045
2018-05-10,0.471820205450058,0.471820205450058,0.471820205450058,0.471820205450058,0
2018-05-11,0.471820205450058,0.471820205450058,0.471820205450058,0.471820205450058,760
2018-05-14,0.471820205450058,0.471820205450058,0.471820205450058,0.471820205450058,0
2018-05-15,0.5055216550827026,0.5055216550827026,0.5055216550827026,0.5055216550827026,1
2018-05-16,0.5055216550827026,0.5055216550827026,0.5055216550827026,0.5055216550827026,3680
2018-05-17,0.6066259741783142,0.6066259741783142,0.6066259741783142,0.6066259741783142,38
2018-05-18,0.674028754234314,0.674028754234314,0.674028754234314,0.674028754234314,2145
2018-05-21,0.674028754234314,0.674028754234314,0.674028754234314,0.674028754234314,2990
2018-05-22,0.674028754234314,0.674028754234314,0.674028754234314,0.674028754234314,0
2018-05-23,0.8088346123695374,0.8088346123695374,0.8088346123695374,0.8088346123695374,65
2018-05-24,0.8088346123695374,0.8088346123695374,0.8088346123695374,0.8088346123695374,0
2018-05-25,0.8088346123695374,0.8088346123695374,0.8088346123695374,0.8088346123695374,0
2018-05-28,0.8088346123695374,0.8088346123695374,0.8088346123695374,0.8088346123695374,0
2018-05-29,0.8088346123695374,0.8088346123695374,0.8088346123695374,0.8088346123695374,0
2018-05-30,0.8088346123695374,0.8088346123695374,0.8088346123695374,0.8088346123695374,0
2018-05-31,0.8088346123695374,0.8088346123695374,0.8088346123695374,0.8088346123695374,0
2018-06-01,0.8088346123695374,0.8088346123695374,0.8088346123695374,0.8088346123695374,0
2018-06-04,0.8088346123695374,0.8088346123695374,0.8088346123695374,0.8088346123695374,0
2018-06-05,0.8088346123695374,0.8088346123695374,0.8088346123695374,0.8088346123695374,0
2018-06-06,0.8088346123695374,0.8088346123695374,0.8088346123695374,0.8088346123695374,0
2018-06-07,0.8088346123695374,0.8088346123695374,0.8088346123695374,0.8088346123695374,0
2018-06-08,0.8088346123695374,0.8088346123695374,0.8088346123695374,0.8088346123695374,0
2018-06-11,0.8088346123695374,0.8088346123695374,0.8088346123695374,0.8088346123695374,0
2018-06-12,0.8088346123695374,0.8088346123695374,0.8088346123695374,0.8088346123695374,0
2018-06-13,0.8088346123695374,0.8088346123695374,0.8088346123695374,0.8088346123695374,0
2018-06-14,0.8088346123695374,0.8088346123695374,0.8088346123695374,0.8088346123695374,0
2018-06-15,0.8088346123695374,0.8088346123695374,0.8088346123695374,0.8088346123695374,0
2018-06-18,0.8088346123695374,0.8088346123695374,0.8088346123695374,0.8088346123695374,0
2018-06-19,0.8088346123695374,0.8088346123695374,0.8088346123695374,0.8088346123695374,0
2018-06-20,0.8088346123695374,0.8088346123695374,0.8088346123695374,0.8088346123695374,0
2018-06-21,0.8088346123695374,0.8088346123695374,0.8088346123695374,0.8088346123695374,0
2018-06-22,0.8088346123695374,0.8088346123695374,0.8088346123695374,0.8088346123695374,0
2018-06-25,0.8088346123695374,0.8088346123695374,0.8088346123695374,0.8088346123695374,0
2018-06-26,0.8088346123695374,0.8088346123695374,0.8088346123695374,0.8088346123695374,0
2018-06-27,0.8088346123695374,0.8088346123695374,0.8088346123695374,0.8088346123695374,0
2018-06-28,0.8088346123695374,0.8088346123695374,0.8088346123695374,0.8088346123695374,0
2018-06-29,0.8088346123695374,0.8088346123695374,0.8088346123695374,0.8088346123695374,0
2018-07-02,0.8088346123695374,0.8088346123695374,0.8088346123695374,0.8088346123695374,0
2018-07-03,0.8088346123695374,0.8088346123695374,0.8088346123695374,0.8088346123695374,0
2018-07-04,0.8088346123695374,0.8088346123695374,0.8088346123695374,0.8088346123695374,0
2018-07-05,0.8088346123695374,0.8088346123695374,0.8088346123695374,0.8088346123695374,0
2018-07-06,0.8088346123695374,0.8088346123695374,0.8088346123695374,0.8088346123695374,0
2018-07-09,0.8088346123695374,0.8088346123695374,0.8088346123695374,0.8088346123695374,0
2018-07-10,0.8088346123695374,0.8088346123695374,0.8088346123695374,0.8088346123695374,0
2018-07-11,0.8088346123695374,0.8088346123695374,0.8088346123695374,0.8088346123695374,0
2018-07-12,0.8088346123695374,0.8088346123695374,0.8088346123695374,0.8088346123695374,0
2018-07-13,0.8088346123695374,0.8088346123695374,0.8088346123695374,0.8088346123695374,0
2018-07-16,0.8088346123695374,0.8088346123695374,0.8088346123695374,0.8088346123695374,0
2018-07-17,0.8088346123695374,0.8088346123695374,0.8088346123695374,0.8088346123695374,0
2018-07-18,0.8088346123695374,0.8088346123695374,0.8088346123695374,0.8088346123695374,0
2018-07-19,0.8088346123695374,0.8088346123695374,0.8088346123695374,0.8088346123695374,0
2018-07-20,0.8088346123695374,0.8088346123695374,0.8088346123695374,0.8088346123695374,0
2018-07-23,0.8088346123695374,0.8088346123695374,0.8088346123695374,0.8088346123695374,0
2018-07-24,0.8088346123695374,0.8088346123695374,0.8088346123695374,0.8088346123695374,0
2018-07-25,0.8088346123695374,0.8088346123695374,0.8088346123695374,0.8088346123695374,0
2018-07-26,0.8088346123695374,0.8088346123695374,0.8088346123695374,0.8088346123695374,0
2018-07-27,0.8088346123695374,0.8088346123695374,0.8088346123695374,0.8088346123695374,0
2018-07-30,0.8088346123695374,0.8088346123695374,0.8088346123695374,0.8088346123695374,0
2018-07-31,0.8088346123695374,0.8088346123695374,0.8088346123695374,0.8088346123695374,0
2018-08-01,0.8088346123695374,0.8088346123695374,0.8088346123695374,0.8088346123695374,0
2018-08-02,1.8957061767578125,1.8957061767578125,1.8957061767578125,1.8957061767578125,0
2018-08-03,1.8957061767578125,1.8957061767578125,1.8957061767578125,1.8957061767578125,0
2018-08-06,1.8957061767578125,1.8957061767578125,1.8957061767578125,1.8957061767578125,0
2018-08-07,1.8957061767578125,1.8957061767578125,1.8957061767578125,1.8957061767578125,0
2018-08-08,1.8957061767578125,1.8957061767578125,1.8957061767578125,1.8957061767578125,0
2018-08-09,1.8957061767578125,1.8957061767578125,1.8957061767578125,1.8957061767578125,0
2018-08-10,1.8957061767578125,1.8957061767578125,1.8957061767578125,1.8957061767578125,0
2018-08-13,1.8957061767578125,1.8957061767578125,1.8957061767578125,1.8957061767578125,0
2018-08-14,1.8957061767578125,1.8957061767578125,1.8957061767578125,1.8957061767578125,0
2018-08-15,1.8957061767578125,1.8957061767578125,1.8957061767578125,1.8957061767578125,0
2018-08-16,1.8957061767578125,1.8957061767578125,1.8957061767578125,1.8957061767578125,0
2018-08-17,1.8957061767578125,1.8957061767578125,1.8957061767578125,1.8957061767578125,0
2018-08-20,1.8957061767578125,1.8957061767578125,1.8957061767578125,1.8957061767578125,0
2018-08-21,1.8957061767578125,1.8957061767578125,1.8957061767578125,1.8957061767578125,0
2018-08-22,1.8957061767578125,1.8957061767578125,1.8957061767578125,1.8957061767578125,0
2018-08-23,1.8957061767578125,1.8957061767578125,1.8957061767578125,1.8957061767578125,0
2018-08-24,1.8957061767578125,1.8957061767578125,1.8957061767578125,1.8957061767578125,0
2018-08-27,1.8957061767578125,1.8957061767578125,1.8957061767578125,1.8957061767578125,0
2018-08-28,8.42536064737942e-06,8.42536064737942e-06,8.42536064737942e-06,8.42536064737942e-06,520
2018-08-29,8.42536064737942e-06,8.42536064737942e-06,8.42536064737942e-06,8.42536064737942e-06,9
2018-08-30,8.42536064737942e-06,8.42536064737942e-06,8.42536064737942e-06,8.42536064737942e-06,0
2018-08-31,8.42536064737942e-06,8.42536064737942e-06,8.42536064737942e-06,8.42536064737942e-06,357
2018-09-03,8.42536064737942e-06,8.42536064737942e-06,8.42536064737942e-06,8.42536064737942e-06,8
2018-09-04,8.42536064737942e-06,8.42536064737942e-06,8.42536064737942e-06,8.42536064737942e-06,0
2018-09-05,8.42536064737942e-06,8.42536064737942e-06,8.42536064737942e-06,8.42536064737942e-06,10
2018-09-06,8.42536064737942e-06,8.42536064737942e-06,8.42536064737942e-06,8.42536064737942e-06,700
2018-09-07,8.42536064737942e-06,8.42536064737942e-06,8.42536064737942e-06,8.42536064737942e-06,35
2018-09-10,8.42536064737942e-06,8.42536064737942e-06,8.42536064737942e-06,8.42536064737942e-06,0
2018-09-11,8.42536064737942e-06,8.42536064737942e-06,8.42536064737942e-06,8.42536064737942e-06,0
2018-09-12,8.42536064737942e-06,8.42536064737942e-06,8.42536064737942e-06,8.42536064737942e-06,494
2018-09-13,8.42536064737942e-06,8.42536064737942e-06,8.42536064737942e-06,8.42536064737942e-06,7360
2018-09-14,8.42536064737942e-06,8.42536064737942e-06,8.42536064737942e-06,8.42536064737942e-06,400
2018-09-17,8.42536064737942e-06,8.42536064737942e-06,8.42536064737942e-06,8.42536064737942e-06,6000
2018-09-18,8.42536064737942e-06,8.42536064737942e-06,8.42536064737942e-06,8.42536064737942e-06,465
2018-09-19,8.42536064737942e-06,8.42536064737942e-06,8.42536064737942e-06,8.42536064737942e-06,296
2018-09-20,8.42536064737942e-06,8.42536064737942e-06,8.42536064737942e-06,8.42536064737942e-06,0
2018-09-21,8.42536064737942e-06,8.42536064737942e-06,8.42536064737942e-06,8.42536064737942e-06,2098
2018-09-24,8.42536064737942e-06,8.42536064737942e-06,8.42536064737942e-06,8.42536064737942e-06,505
2018-09-25,8.42536064737942e-06,8.42536064737942e-06,8.42536064737942e-06,8.42536064737942e-06,621
2018-09-26,8.42536064737942e-06,8.42536064737942e-06,8.42536064737942e-06,8.42536064737942e-06,2194
2018-09-27,8.42536064737942e-06,8.42536064737942e-06,8.42536064737942e-06,8.42536064737942e-06,0
2018-09-28,8.42536064737942e-06,8.42536064737942e-06,8.42536064737942e-06,8.42536064737942e-06,0
2018-10-01,8.42536064737942e-06,8.42536064737942e-06,8.42536064737942e-06,8.42536064737942e-06,119
2018-10-02,8.42536064737942e-06,8.42536064737942e-06,8.42536064737942e-06,8.42536064737942e-06,0
2018-10-03,8.42536064737942e-06,8.42536064737942e-06,8.42536064737942e-06,8.42536064737942e-06,3000
2018-10-04,8.42536064737942e-06,8.42536064737942e-06,8.42536064737942e-06,8.42536064737942e-06,11
2018-10-05,8.42536064737942e-06,8.42536064737942e-06,8.42536064737942e-06,8.42536064737942e-06,1
2018-10-08,8.42536064737942e-06,8.42536064737942e-06,8.42536064737942e-06,8.42536064737942e-06,0
2018-10-09,8.42536064737942e-06,8.42536064737942e-06,8.42536064737942e-06,8.42536064737942e-06,7841
2018-10-10,8.42536064737942e-06,8.42536064737942e-06,8.42536064737942e-06,8.42536064737942e-06,990
2018-10-11,8.42536064737942e-06,8.42536064737942e-06,8.42536064737942e-06,8.42536064737942e-06,1587
2018-10-12,8.42536064737942e-06,8.42536064737942e-06,8.42536064737942e-06,8.42536064737942e-06,0
2018-10-15,8.42536064737942e-06,8.42536064737942e-06,8.42536064737942e-06,8.42536064737942e-06,387
2018-10-16,8.42536064737942e-06,8.42536064737942e-06,8.42536064737942e-06,8.42536064737942e-06,14008
2018-10-17,8.42536064737942e-06,8.42536064737942e-06,8.42536064737942e-06,8.42536064737942e-06,2626
2018-10-18,8.42536064737942e-06,8.42536064737942e-06,8.42536064737942e-06,8.42536064737942e-06,10012
2018-10-19,8.42536064737942e-06,8.42536064737942e-06,8.42536064737942e-06,8.42536064737942e-06,8005
2018-10-22,8.42536064737942e-06,8.42536064737942e-06,8.42536064737942e-06,8.42536064737942e-06,328
2018-10-23,8.42536064737942e-06,8.42536064737942e-06,8.42536064737942e-06,8.42536064737942e-06,6
2018-10-24,8.42536064737942e-06,8.42536064737942e-06,8.42536064737942e-06,8.42536064737942e-06,3800
2018-10-25,8.42536064737942e-06,8.42536064737942e-06,8.42536064737942e-06,8.42536064737942e-06,5005
2018-10-26,8.42536064737942e-06,8.42536064737942e-06,8.42536064737942e-06,8.42536064737942e-06,10674
2018-10-29,8.42536064737942e-06,8.42536064737942e-06,8.42536064737942e-06,8.42536064737942e-06,0
2018-10-30,8.42536064737942e-06,8.42536064737942e-06,8.42536064737942e-06,8.42536064737942e-06,0
2018-10-31,8.42536064737942e-06,8.42536064737942e-06,8.42536064737942e-06,8.42536064737942e-06,25
2018-11-01,8.42536064737942e-06,8.42536064737942e-06,8.42536064737942e-06,8.42536064737942e-06,100
2018-11-02,1.685072129475884e-05,1.685072129475884e-05,1.685072129475884e-05,1.685072129475884e-05,3069
2018-11-05,1.685072129475884e-05,1.685072129475884e-05,1.685072129475884e-05,1.685072129475884e-05,0
2018-11-06,1.685072129475884e-05,1.685072129475884e-05,1.685072129475884e-05,1.685072129475884e-05,100
2018-11-07,1.685072129475884e-05,1.685072129475884e-05,1.685072129475884e-05,1.685072129475884e-05,2602
2018-11-08,1.685072129475884e-05,1.685072129475884e-05,1.685072129475884e-05,1.685072129475884e-05,0
2018-11-09,2.527608012314886e-05,2.527608012314886e-05,2.527608012314886e-05,2.527608012314886e-05,1950
2018-11-12,2.527608012314886e-05,2.527608012314886e-05,2.527608012314886e-05,2.527608012314886e-05,3500
2018-11-13,3.370144258951768e-05,3.370144258951768e-05,3.370144258951768e-05,3.370144258951768e-05,4799
2018-11-14,3.370144258951768e-05,3.370144258951768e-05,3.370144258951768e-05,3.370144258951768e-05,2535
2018-11-15,3.370144258951768e-05,3.370144258951768e-05,3.370144258951768e-05,3.370144258951768e-05,4256
2018-11-16,4.21268014179077e-05,4.21268014179077e-05,4.21268014179077e-05,4.21268014179077e-05,106
2018-11-19,4.21268014179077e-05,4.21268014179077e-05,4.21268014179077e-05,4.21268014179077e-05,291
2018-11-20,4.21268014179077e-05,4.21268014179077e-05,4.21268014179077e-05,4.21268014179077e-05,50
2018-11-21,4.21268014179077e-05,4.21268014179077e-05,4.21268014179077e-05,4.21268014179077e-05,4
2018-11-22,4.21268014179077e-05,4.21268014179077e-05,4.21268014179077e-05,4.21268014179077e-05,15
2018-11-23,4.21268014179077e-05,4.21268014179077e-05,4.21268014179077e-05,4.21268014179077e-05,90
2018-11-26,4.21268014179077e-05,4.21268014179077e-05,4.21268014179077e-05,4.21268014179077e-05,0
2018-11-27,4.21268014179077e-05,4.21268014179077e-05,4.21268014179077e-05,4.21268014179077e-05,15
2018-11-28,4.21268014179077e-05,4.21268014179077e-05,4.21268014179077e-05,4.21268014179077e-05,3355
2018-11-29,4.21268014179077e-05,4.21268014179077e-05,4.21268014179077e-05,4.21268014179077e-05,20
2018-11-30,4.21268014179077e-05,4.21268014179077e-05,4.21268014179077e-05,4.21268014179077e-05,354
2018-12-03,4.21268014179077e-05,4.21268014179077e-05,4.21268014179077e-05,4.21268014179077e-05,21435
2018-12-04,5.055216024629772e-05,5.055216024629772e-05,5.055216024629772e-05,5.055216024629772e-05,619
2018-12-05,5.055216024629772e-05,5.055216024629772e-05,5.055216024629772e-05,5.055216024629772e-05,1
2018-12-06,5.055216024629772e-05,5.055216024629772e-05,5.055216024629772e-05,5.055216024629772e-05,30
2018-12-07,5.055216024629772e-05,5.055216024629772e-05,5.055216024629772e-05,5.055216024629772e-05,50
2018-12-10,5.055216024629772e-05,5.055216024629772e-05,5.055216024629772e-05,5.055216024629772e-05,0
2018-12-11,3.370144258951768e-05,3.370144258951768e-05,3.370144258951768e-05,3.370144258951768e-05,13
2018-12-12,3.370144258951768e-05,3.370144258951768e-05,3.370144258951768e-05,3.370144258951768e-05,16
2018-12-13,3.370144258951768e-05,3.370144258951768e-05,3.370144258951768e-05,3.370144258951768e-05,719
2018-12-14,3.370144258951768e-05,3.370144258951768e-05,3.370144258951768e-05,3.370144258951768e-05,0
2018-12-17,3.370144258951768e-05,3.370144258951768e-05,3.370144258951768e-05,3.370144258951768e-05,0
2018-12-18,3.370144258951768e-05,3.370144258951768e-05,3.370144258951768e-05,3.370144258951768e-05,4401
2018-12-19,3.370144258951768e-05,3.370144258951768e-05,3.370144258951768e-05,3.370144258951768e-05,5957
2018-12-20,3.370144258951768e-05,3.370144258951768e-05,3.370144258951768e-05,3.370144258951768e-05,5957
2018-12-21,3.370144258951768e-05,3.370144258951768e-05,3.370144258951768e-05,3.370144258951768e-05,11
2018-12-24,3.370144258951768e-05,3.370144258951768e-05,3.370144258951768e-05,3.370144258951768e-05,0
2018-12-25,3.370144258951768e-05,3.370144258951768e-05,3.370144258951768e-05,3.370144258951768e-05,0
2018-12-26,4.21268014179077e-05,4.21268014179077e-05,4.21268014179077e-05,4.21268014179077e-05,524
2018-12-27,4.21268014179077e-05,4.21268014179077e-05,4.21268014179077e-05,4.21268014179077e-05,40
2018-12-28,5.055216024629772e-05,5.055216024629772e-05,5.055216024629772e-05,5.055216024629772e-05,50
2018-12-31,5.055216024629772e-05,5.055216024629772e-05,5.055216024629772e-05,5.055216024629772e-05,0
2019-01-01,5.055216024629772e-05,5.055216024629772e-05,5.055216024629772e-05,5.055216024629772e-05,0
2019-01-02,5.055216024629772e-05,5.055216024629772e-05,5.055216024629772e-05,5.055216024629772e-05,1000
2019-01-03,5.055216024629772e-05,5.055216024629772e-05,5.055216024629772e-05,5.055216024629772e-05,1079
2019-01-04,5.055216024629772e-05,5.055216024629772e-05,5.055216024629772e-05,5.055216024629772e-05,11490
2019-01-07,5.897751543670893e-05,5.897751543670893e-05,5.897751543670893e-05,5.897751543670893e-05,4547
2019-01-08,7.582823309348896e-05,7.582823309348896e-05,7.582823309348896e-05,7.582823309348896e-05,6407
2019-01-09,9.267896530218422e-05,9.267896530218422e-05,9.267896530218422e-05,9.267896530218422e-05,6927
2019-01-10,0.00010952968295896426,0.00010952968295896426,0.00010952968295896426,0.00010952968295896426,2636
2019-01-11,0.00012638041516765952,0.00012638041516765952,0.00012638041516765952,0.00012638041516765952,1004
2019-01-14,0.00013480577035807073,0.00013480577035807073,0.00013480577035807073,0.00013480577035807073,1378
2019-01-15,0.00015165646618697792,0.00015165646618697792,0.00015165646618697792,0.00015165646618697792,4591
2019-01-16,0.00018535793060436845,0.00018535793060436845,0.00018535793060436845,0.00018535793060436845,1405
2019-01-17,0.0001937833003466949,0.0001937833003466949,0.0001937833003466949,0.0001937833003466949,100
2019-01-18,0.00021905936591792852,0.00021905936591792852,0.00021905936591792852,0.00021905936591792852,12
2019-01-21,0.0001937833003466949,0.0001937833003466949,0.0001937833003466949,0.0001937833003466949,50
2019-01-22,0.00018535793060436845,0.00018535793060436845,0.00018535793060436845,0.00018535793060436845,529
2019-01-23,0.00018535793060436845,0.00018535793060436845,0.00018535793060436845,0.00018535793060436845,0
2019-01-24,0.00021905936591792852,0.00021905936591792852,0.00021905936591792852,0.00021905936591792852,295
2019-01-25,0.00026961154071614146,0.00026961154071614146,0.00026961154071614146,0.00026961154071614146,435
2019-01-28,0.0003875666006933898,0.0003875666006933898,0.0003875666006933898,0.0003875666006933898,5316
2019-01-29,0.0005560737918131053,0.0005560737918131053,0.0005560737918131053,0.0005560737918131053,4412
2019-01-30,0.0005897752125747502,0.0005897752125747502,0.0005897752125747502,0.0005897752125747502,19193
2019-01-31,0.000707730243448168,0.000707730243448168,0.000707730243448168,0.000707730243448168,4167
2019-02-01,0.0011374237947165966,0.0011374237947165966,0.0011374237947165966,0.0011374237947165966,2729
2019-02-04,0.0012638040352612734,0.0012638040352612734,0.0012638040352612734,0.0012638040352612734,7227
2019-02-05,0.0010952968150377274,0.0010952968150377274,0.0010952968150377274,0.0010952968150377274,2236
2019-02-06,0.0011795504251495004,0.0011795504251495004,0.0011795504251495004,0.0011795504251495004,1592
2019-02-07,0.0011795504251495004,0.0011795504251495004,0.0011795504251495004,0.0011795504251495004,1211
2019-02-08,0.0010110433213412762,0.0010110433213412762,0.0010110433213412762,0.0010110433213412762,2759
2019-02-11,0.0008425361011177301,0.0008425361011177301,0.0008425361011177301,0.0008425361011177301,860
2019-02-12,0.0007245810120366514,0.0007245810120366514,0.0007245810120366514,0.0007245810120366514,810
2019-02-13,0.0007582824327982962,0.0007582824327982962,0.0007582824327982962,0.0007582824327982962,3202
2019-02-14,0.0009099389426410198,0.0009099389426410198,0.0009099389426410198,0.0009099389426410198,525
2019-02-15,0.0010952968150377274,0.0010952968150377274,0.0010952968150377274,0.0010952968150377274,100
2019-02-18,0.0012638040352612734,0.0012638040352612734,0.0012638040352612734,0.0012638040352612734,1265
2019-02-19,0.0014323112554848194,0.0014323112554848194,0.0014323112554848194,0.0014323112554848194,8081
2019-02-20,0.001390184392221272,0.001390184392221272,0.001390184392221272,0.001390184392221272,3337
2019-02-21,0.001668221433646977,0.001668221433646977,0.001668221433646977,0.001668221433646977,3732
2019-02-22,0.0019968103151768446,0.0019968103151768446,0.0019968103151768446,0.0019968103151768446,7389
2019-02-25,0.0023253995459526777,0.0023253995459526777,0.0023253995459526777,0.0023253995459526777,2014
2019-02-26,0.0029488764703273773,0.0029488764703273773,0.0029488764703273773,0.0029488764703273773,2208
2019-02-27,0.0029488764703273773,0.0029488764703273773,0.0029488764703273773,0.0029488764703273773,2138
2019-02-28,0.0029488764703273773,0.0029488764703273773,0.0029488764703273773,0.0029488764703273773,0
2019-03-01,0.0029488764703273773,0.0029488764703273773,0.0029488764703273773,0.0029488764703273773,0
2019-03-04,0.0029488764703273773,0.0029488764703273773,0.0029488764703273773,0.0029488764703273773,0
2019-03-05,0.0029488764703273773,0.0029488764703273773,0.0029488764703273773,0.0029488764703273773,0
2019-03-06,0.0033701444044709206,0.0033701444044709206,0.0033701444044709206,0.0033701444044709206,3076
2019-03-07,0.002864622510969639,0.002864622510969639,0.002864622510969639,0.002864622510969639,474
2019-03-08,0.002864622510969639,0.002864622510969639,0.002864622510969639,0.002864622510969639,0
2019-03-11,0.002864622510969639,0.002864622510969639,0.002864622510969639,0.002864622510969639,0
2019-03-12,0.002864622510969639,0.002864622510969639,0.002864622510969639,0.002864622510969639,0
2019-03-13,0.002864622510969639,0.002864622510969639,0.002864622510969639,0.002864622510969639,0
2019-03-14,0.0025276080705225468,0.0025276080705225468,0.0025276080705225468,0.0025276080705225468,1076
2019-03-15,0.0025276080705225468,0.0025276080705225468,0.0025276080705225468,0.0025276080705225468,0
2019-03-18,0.002696115290746093,0.002696115290746093,0.002696115290746093,0.002696115290746093,4524
2019-03-19,0.002696115290746093,0.002696115290746093,0.002696115290746093,0.002696115290746093,0
2019-03-20,0.0025276080705225468,0.0025276080705225468,0.0025276080705225468,0.0025276080705225468,3209
2019-03-21,0.002274847589433193,0.002274847589433193,0.002274847589433193,0.002274847589433193,1430
2019-03-22,0.0021905936300754547,0.0021905936300754547,0.0021905936300754547,0.0021905936300754547,267
2019-03-25,0.0021905936300754547,0.0021905936300754547,0.0021905936300754547,0.0021905936300754547,678
2019-03-26,0.0021905936300754547,0.0021905936300754547,0.0021905936300754547,0.0021905936300754547,0
2019-03-27,0.0021905936300754547,0.0021905936300754547,0.0021905936300754547,0.0021905936300754547,678
2019-03-28,0.0021905936300754547,0.0021905936300754547,0.0021905936300754547,0.0021905936300754547,678
2019-03-29,0.0021905936300754547,0.0021905936300754547,0.0021905936300754547,0.0021905936300754547,678
2019-04-01,0.0019378331489861012,0.0019378331489861014,0.0019378331489861014,0.0019378331489861014,100
2019-04-02,0.0018535793060436845,0.0018535793060436845,0.0018535793060436845,0.0018535793060436845,2
2019-04-03,0.0018451535142958164,0.0018451535142958164,0.0018451535142958164,0.0018451535142958164,11
2019-04-04,0.0019378331489861012,0.0019378331489861014,0.0019378331489861014,0.0019378331489861014,1451
2019-04-05,0.0020220866426825523,0.0020220866426825523,0.0020220866426825523,0.0020220866426825523,10149
2019-04-08,0.0020220866426825523,0.0020220866426825523,0.0020220866426825523,0.0020220866426825523,0
2019-04-09,0.0024265034589916468,0.0024265034589916468,0.0024265034589916468,0.0024265034589916468,34
2019-04-10,0.0020220866426825523,0.0020220866426825523,0.0020220866426825523,0.0020220866426825523,4463
2019-04-11,0.002064213389530778,0.002064213389530778,0.002064213389530778,0.002064213389530778,552
2019-04-12,0.0018957059364765882,0.0018957059364765882,0.0018957059364765882,0.0018957059364765882,27
2019-04-15,0.0018957059364765882,0.0018957059364765882,0.0018957059364765882,0.0018957059364765882,0
2019-04-16,0.0018957059364765882,0.0018957059364765882,0.0018957059364765882,0.0018957059364765882,0
2019-04-17,0.0018957059364765882,0.0018957059364765882,0.0018957059364765882,0.0018957059364765882,0
2019-04-18,0.0018957059364765882,0.0018957059364765882,0.0018957059364765882,0.0018957059364765882,0
2019-04-19,0.0018957059364765882,0.0018957059364765882,0.0018957059364765882,0.0018957059364765882,0
2019-04-22,0.002106340369209647,0.002106340369209647,0.002106340369209647,0.002106340369209647,52
2019-04-23,0.0024433545768260956,0.0024433545768260956,0.0024433545768260956,0.0024433545768260956,753
2019-04-24,0.0029236001428216696,0.0029236001428216696,0.0029236001428216696,0.0029236001428216696,3759
2019-04-25,0.0035049498546868563,0.0035049498546868563,0.0035049498546868563,0.0035049498546868563,2404
2019-04-26,0.0042969342321157455,0.0042969342321157455,0.0042969342321157455,0.0042969342321157455,244
2019-04-29,0.004212680738419294,0.004212680738419294,0.004212680738419294,0.004212680738419294,2914
2019-04-30,0.004212680738419294,0.004212680738419294,0.004212680738419294,0.004212680738419294,0
2019-05-01,0.004212680738419294,0.004212680738419294,0.004212680738419294,0.004212680738419294,0
2019-05-02,0.004212680738419294,0.004212680738419294,0.004212680738419294,0.004212680738419294,388
2019-05-03,0.0033701444044709206,0.0033701444044709206,0.0033701444044709206,0.0033701444044709206,555
2019-05-06,0.0025276080705225468,0.0025276080705225468,0.0025276080705225468,0.0025276080705225468,759
2019-05-07,0.0025276080705225468,0.0025276080705225468,0.0025276080705225468,0.0025276080705225468,0
2019-05-08,0.0037914118729531765,0.0037914118729531765,0.0037914118729531765,0.0037914118729531765,5864
2019-05-09,0.003707158612087369,0.003707158612087369,0.003707158612087369,0.003707158612087369,258
2019-05-10,0.003707158612087369,0.003707158612087369,0.003707158612087369,0.003707158612087369,0
2019-05-13,0.0033701444044709206,0.0033701444044709206,0.0033701444044709206,0.0033701444044709206,1578
2019-05-14,0.003665032098069787,0.003665032098069787,0.003665032098069787,0.003665032098069787,358
2019-05-15,0.0033701444044709206,0.0033701444044709206,0.0033701444044709206,0.0033701444044709206,63
2019-05-16,0.0034543978981673717,0.0034543978981673717,0.0034543978981673717,0.0034543978981673717,30
2019-05-17,0.0033701444044709206,0.0033701444044709206,0.0033701444044709206,0.0033701444044709206,920
2019-05-20,0.0033701444044709206,0.0033701444044709206,0.0033701444044709206,0.0033701444044709206,0
2019-05-21,0.002696115290746093,0.002696115290746093,0.002696115290746093,0.002696115290746093,64
2019-05-22,0.002696115290746093,0.002696115290746093,0.002696115290746093,0.002696115290746093,115
2019-05-23,0.002696115290746093,0.002696115290746093,0.002696115290746093,0.002696115290746093,310
2019-05-24,0.002696115290746093,0.002696115290746093,0.002696115290746093,0.002696115290746093,0
2019-05-27,0.0025276080705225468,0.0025276080705225468,0.0025276080705225468,0.0025276080705225468,150
2019-05-28,0.003033129731193185,0.003033129731193185,0.003033129731193185,0.003033129731193185,1572
2019-05-29,0.003033129731193185,0.003033129731193185,0.003033129731193185,0.003033129731193185,0
2019-05-30,0.003033129731193185,0.003033129731193185,0.003033129731193185,0.003033129731193185,4699
2019-05-31,0.0031173834577202797,0.0031173834577202797,0.0031173834577202797,0.0031173834577202797,100
2019-06-03,0.0031173834577202797,0.0031173834577202797,0.0031173834577202797,0.0031173834577202797,0
2019-06-04,0.003201636951416731,0.003201636951416731,0.003201636951416731,0.003201636951416731,269
2019-06-05,0.0029488764703273773,0.0029488764703273773,0.0029488764703273773,0.0029488764703273773,165
2019-06-06,0.0029488764703273773,0.0029488764703273773,0.0029488764703273773,0.0029488764703273773,202
2019-06-07,0.0025276080705225468,0.0025276080705225468,0.0025276080705225468,0.0025276080705225468,276
2019-06-10,0.0025276080705225468,0.0025276080705225468,0.0025276080705225468,0.0025276080705225468,247
2019-06-11,0.0025276080705225468,0.0025276080705225468,0.0025276080705225468,0.0025276080705225468,0
2019-06-12,0.0025276080705225468,0.0025276080705225468,0.0025276080705225468,0.0025276080705225468,759
2019-06-13,0.002316974103450775,0.002316974103450775,0.002316974103450775,0.002316974103450775,3518
2019-06-14,0.0023591008502990007,0.0023591008502990007,0.0023591008502990007,0.0023591008502990007,2481
2019-06-17,0.0023591008502990007,0.0023591008502990007,0.0023591008502990007,0.0023591008502990007,0
2019-06-18,0.0026118617970496416,0.0026118617970496416,0.0026118617970496416,0.0026118617970496416,27
2019-06-19,0.0029488764703273773,0.0029488764703273773,0.0029488764703273773,0.0029488764703273773,278
2019-06-20,0.0029488764703273773,0.0029488764703273773,0.0029488764703273773,0.0029488764703273773,203
2019-06-21,0.0029910027515143156,0.0029910027515143156,0.0029910027515143156,0.0029910027515143156,814
2019-06-24,0.0029910027515143156,0.0029910027515143156,0.0029910027515143156,0.0029910027515143156,0
2019-06-25,0.0029488764703273773,0.0029488764703273773,0.0029488764703273773,0.0029488764703273773,870
2019-06-26,0.002940450794994831,0.002940450794994831,0.002940450794994831,0.002940450794994831,3200
2019-06-27,0.002940450794994831,0.002940450794994831,0.002940450794994831,0.002940450794994831,1
2019-06-28,0.002940450794994831,0.002940450794994831,0.002940450794994831,0.002940450794994831,8757
2019-07-01,0.002906749490648508,0.002906749490648508,0.002906749490648508,0.002906749490648508,227
2019-07-02,0.0029910027515143156,0.0029910027515143156,0.0029910027515143156,0.0029910027515143156,3817
2019-07-03,0.0029910027515143156,0.0029910027515143156,0.0029910027515143156,0.0029910027515143156,37
2019-07-04,0.0029910027515143156,0.0029910027515143156,0.0029910027515143156,0.0029910027515143156,5545
2019-07-05,0.0029910027515143156,0.0029910027515143156,0.0029910027515143156,0.0029910027515143156,0
2019-07-08,0.0029910027515143156,0.0029910027515143156,0.0029910027515143156,0.0029910027515143156,523
2019-07-09,0.0029488764703273773,0.0029488764703273773,0.0029488764703273773,0.0029488764703273773,57
2019-07-10,0.0029910027515143156,0.0029910027515143156,0.0029910027515143156,0.0029910027515143156,1094
2019-07-11,0.0029910027515143156,0.0029910027515143156,0.0029910027515143156,0.0029910027515143156,8485
2019-07-12,0.0029488764703273773,0.0029488764703273773,0.0029488764703273773,0.0029488764703273773,3278
2019-07-15,0.003033129731193185,0.003033129731193185,0.003033129731193185,0.003033129731193185,1003
2019-07-16,0.0025276080705225468,0.0025276080705225468,0.0025276080705225468,0.0025276080705225468,4344
2019-07-17,0.0029488764703273773,0.0029488764703273773,0.0029488764703273773,0.0029488764703273773,1157
2019-07-18,0.0031595102045685053,0.0031595102045685053,0.0031595102045685053,0.0031595102045685053,5850
2019-07-19,0.003201636951416731,0.003201636951416731,0.003201636951416731,0.003201636951416731,4000
2019-07-22,0.0036229051183909178,0.0036229051183909178,0.0036229051183909178,0.0036229051183909178,2017
2019-07-23,0.0036229051183909178,0.0036229051183909178,0.0036229051183909178,0.0036229051183909178,0
2019-07-24,0.0036229051183909178,0.0036229051183909178,0.0036229051183909178,0.0036229051183909178,0
2019-07-25,0.0037914118729531765,0.0037914118729531765,0.0037914118729531765,0.0037914118729531765,52
2019-07-26,0.003833539318293333,0.0038335393182933326,0.0038335393182933326,0.0038335393182933326,100
2019-07-29,0.003833539318293333,0.0038335393182933326,0.0038335393182933326,0.0038335393182933326,255
2019-07-30,0.0038756662979722023,0.0038756662979722027,0.0038756662979722027,0.0038756662979722027,567
2019-07-31,0.0038756662979722023,0.0038756662979722027,0.0038756662979722027,0.0038756662979722027,1100
2019-08-01,0.004212680738419294,0.004212680738419294,0.004212680738419294,0.004212680738419294,1028
2019-08-02,0.0043727620504796505,0.0043727620504796505,0.0043727620504796505,0.0043727620504796505,5664
2019-08-05,0.0042969342321157455,0.0042969342321157455,0.0042969342321157455,0.0042969342321157455,11
2019-08-06,0.00433906028047204,0.00433906028047204,0.00433906028047204,0.00433906028047204,5000
2019-08-07,0.004212680738419294,0.004212680738419294,0.004212680738419294,0.004212680738419294,8136
2019-08-08,0.004212680738419294,0.004212680738419294,0.004212680738419294,0.004212680738419294,0
2019-08-09,0.004170553758740425,0.004170553758740425,0.004170553758740425,0.004170553758740425,17838
2019-08-12,0.004254806786775589,0.004254806786775589,0.004254806786775589,0.004254806786775589,76
2019-08-13,0.00433906028047204,0.00433906028047204,0.00433906028047204,0.00433906028047204,2619
2019-08-14,0.004381187260150909,0.004381187260150909,0.004381187260150909,0.004381187260150909,2523
2019-08-15,0.004381187260150909,0.004381187260150909,0.004381187260150909,0.004381187260150909,532
2019-08-16,0.004465441219508648,0.004465441219508648,0.004465441219508648,0.004465441219508648,515
2019-08-19,0.004465441219508648,0.004465441219508648,0.004465441219508648,0.004465441219508648,0
2019-08-20,0.004212680738419294,0.004212680738419294,0.004212680738419294,0.004212680738419294,361
2019-08-21,0.004212680738419294,0.004212680738419294,0.004212680738419294,0.004212680738419294,2167
2019-08-22,0.004212680738419294,0.004212680738419294,0.004212680738419294,0.004212680738419294,218
2019-08-23,0.004970962647348642,0.004970962647348642,0.004970962647348642,0.004970962647348642,186
2019-08-26,0.004844582639634609,0.004844582639634609,0.004844582639634609,0.004844582639634609,28
2019-08-27,0.00480245565995574,0.00480245565995574,0.00480245565995574,0.00480245565995574,5286
2019-08-28,0.00480245565995574,0.00480245565995574,0.00480245565995574,0.00480245565995574,373
2019-08-29,0.004886709153652191,0.004886709153652191,0.004886709153652191,0.004886709153652191,1007
2019-08-30,0.005476484540849924,0.005476484540849924,0.005476484540849924,0.005476484540849924,720
2019-09-02,0.005476484540849924,0.005476484540849924,0.005476484540849924,0.005476484540849924,865
2019-09-03,0.005476484540849924,0.005476484540849924,0.005476484540849924,0.005476484540849924,225
2019-09-04,0.005307977087795734,0.005307977087795734,0.005307977087795734,0.005307977087795734,307
2019-09-05,0.005307977087795734,0.005307977087795734,0.005307977087795734,0.005307977087795734,9
2019-09-06,0.005223723594099283,0.005223723594099283,0.005223723594099283,0.005223723594099283,175
2019-09-09,0.005223723594099283,0.005223723594099283,0.005223723594099283,0.005223723594099283,0
2019-09-10,0.005265849642455578,0.005265849642455578,0.005265849642455578,0.005265849642455578,3574
2019-09-11,0.005265849642455578,0.005265849642455578,0.005265849642455578,0.005265849642455578,0
2019-09-12,0.0052574253641068935,0.0052574253641068935,0.0052574253641068935,0.0052574253641068935,3
2019-09-13,0.005046790931373835,0.005046790931373835,0.005046790931373835,0.005046790931373835,70
2019-09-17,0.005046790931373835,0.005046790931373835,0.005046790931373835,0.005046790931373835,70
2019-09-18,0.00463394820690155,0.00463394820690155,0.00463394820690155,0.00463394820690155,103
2019-09-19,0.00480245565995574,0.00480245565995574,0.00480245565995574,0.00480245565995574,1239
2019-09-20,0.00480245565995574,0.00480245565995574,0.00480245565995574,0.00480245565995574,0
2019-09-23,0.00480245565995574,0.00480245565995574,0.00480245565995574,0.00480245565995574,0
2019-09-24,0.00463394820690155,0.00463394820690155,0.00463394820690155,0.00463394820690155,222
2019-09-25,0.00463394820690155,0.00463394820690155,0.00463394820690155,0.00463394820690155,78
2019-09-26,0.00463394820690155,0.00463394820690155,0.00463394820690155,0.00463394820690155,0
2019-09-27,0.004212680738419294,0.004212680738419294,0.004212680738419294,0.004212680738419294,2181
2019-09-30,0.0033701444044709206,0.0033701444044709206,0.0033701444044709206,0.0033701444044709206,3295
2019-10-01,0.0033701444044709206,0.0033701444044709206,0.0033701444044709206,0.0033701444044709206,2232
2019-10-02,0.0033701444044709206,0.0033701444044709206,0.0033701444044709206,0.0033701444044709206,4186
2019-10-03,0.0033701444044709206,0.0033701444044709206,0.0033701444044709206,0.0033701444044709206,2395
2019-10-04,0.0033701444044709206,0.0033701444044709206,0.0033701444044709206,0.0033701444044709206,2122
2019-10-07,0.003285890445113182,0.003285890445113182,0.003285890445113182,0.003285890445113182,6
2019-10-08,0.0035386516246944666,0.0035386516246944666,0.0035386516246944666,0.0035386516246944666,2460
2019-10-09,0.0035386516246944666,0.0035386516246944666,0.0035386516246944666,0.0035386516246944666,2010
2019-10-10,0.0037914118729531765,0.0037914118729531765,0.0037914118729531765,0.0037914118729531765,195
2019-10-11,0.0037914118729531765,0.0037914118729531765,0.0037914118729531765,0.0037914118729531765,4577
2019-10-14,0.004044173285365105,0.004044173285365105,0.004044173285365105,0.004044173285365105,1830
2019-10-15,0.0037914118729531765,0.0037914118729531765,0.0037914118729531765,0.0037914118729531765,5447
2019-10-16,0.004044173285365105,0.004044173285365105,0.004044173285365105,0.004044173285365105,323
2019-10-17,0.004044173285365105,0.004044173285365105,0.004044173285365105,0.004044173285365105,0
2019-10-18,0.0037914118729531765,0.0037914118729531765,0.0037914118729531765,0.0037914118729531765,534
2019-10-21,0.0037914118729531765,0.0037914118729531765,0.0037914118729531765,0.0037914118729531765,768
2019-10-22,0.0037914118729531765,0.0037914118729531765,0.0037914118729531765,0.0037914118729531765,1200
2019-10-23,0.0037914118729531765,0.0037914118729531765,0.0037914118729531765,0.0037914118729531765,0
2019-10-24,0.004423314239829779,0.004423314239829779,0.004423314239829779,0.004423314239829779,13295
2019-10-25,0.004844582639634609,0.004844582639634609,0.004844582639634609,0.004844582639634609,1738
2019-10-28,0.004844582639634609,0.004844582639634609,0.004844582639634609,0.004844582639634609,9053
2019-10-29,0.00480245565995574,0.00480245565995574,0.00480245565995574,0.00480245565995574,692
2019-10-30,0.00480245565995574,0.00480245565995574,0.00480245565995574,0.00480245565995574,0
2019-10-31,0.00480245565995574,0.00480245565995574,0.00480245565995574,0.00480245565995574,129
2019-11-01,0.00480245565995574,0.00480245565995574,0.00480245565995574,0.00480245565995574,0
2019-11-05,0.00480245565995574,0.00480245565995574,0.00480245565995574,0.00480245565995574,2234
2019-11-06,0.004970962647348642,0.004970962647348642,0.004970962647348642,0.004970962647348642,501
2019-11-07,0.00463394820690155,0.00463394820690155,0.00463394820690155,0.00463394820690155,6129
2019-11-08,0.004886709153652191,0.004886709153652191,0.004886709153652191,0.004886709153652191,662
2019-11-11,0.005265849642455578,0.005265849642455578,0.005265849642455578,0.005265849642455578,16319
2019-11-12,0.0050552161410450935,0.0050552161410450935,0.0050552161410450935,0.0050552161410450935,1100
2019-11-13,0.0050552161410450935,0.0050552161410450935,0.0050552161410450935,0.0050552161410450935,0
2019-11-14,0.005139469634741545,0.005139469634741545,0.005139469634741545,0.005139469634741545,81
2019-11-15,0.005139469634741545,0.005139469634741545,0.005139469634741545,0.005139469634741545,0
2019-11-18,0.005139469634741545,0.005139469634741545,0.005139469634741545,0.005139469634741545,3003
2019-11-19,0.005476484540849924,0.005476484540849924,0.005476484540849924,0.005476484540849924,905
2019-11-20,0.005644990596920252,0.005644990596920252,0.005644990596920252,0.005644990596920252,5110
2019-11-21,0.005644990596920252,0.005644990596920252,0.005644990596920252,0.005644990596920252,56335
2019-11-22,0.005644990596920252,0.005644990596920252,0.005644990596920252,0.005644990596920252,0
2019-11-25,0.005644990596920252,0.005644990596920252,0.005644990596920252,0.005644990596920252,6670
2019-11-26,0.005476484540849924,0.005476484540849924,0.005476484540849924,0.005476484540849924,747
2019-11-27,0.005729245021939278,0.005729245021939278,0.005729245021939278,0.005729245021939278,1037
2019-11-28,0.006319020409137011,0.006319020409137011,0.006319020409137011,0.006319020409137011,3300
2019-11-29,0.006319020409137011,0.006319020409137011,0.006319020409137011,0.006319020409137011,1404
2019-12-02,0.006319020409137011,0.006319020409137011,0.006319020409137011,0.006319020409137011,200
2019-12-03,0.006740288808941841,0.006740288808941841,0.006740288808941841,0.006740288808941841,42
2019-12-04,0.006319020409137011,0.006319020409137011,0.006319020409137011,0.006319020409137011,365
2019-12-05,0.006319020409137011,0.006319020409137011,0.006319020409137011,0.006319020409137011,490
2019-12-06,0.005897752940654755,0.005897752940654755,0.005897752940654755,0.005897752940654755,3040
2019-12-09,0.005644990596920252,0.005644990596920252,0.005644990596920252,0.005644990596920252,50
2019-12-10,0.005644990596920252,0.005644990596920252,0.005644990596920252,0.005644990596920252,150
2019-12-11,0.005392230581492186,0.005392230581492186,0.005392230581492186,0.005392230581492186,6415
2019-12-12,0.005274275317788124,0.005274275317788124,0.005274275317788124,0.005274275317788124,3002
2019-12-13,0.005223723594099283,0.005223723594099283,0.005223723594099283,0.005223723594099283,3045
2019-12-16,0.005223723594099283,0.005223723594099283,0.005223723594099283,0.005223723594099283,0
2019-12-17,0.005223723594099283,0.005223723594099283,0.005223723594099283,0.005223723594099283,0
2019-12-18,0.005476484540849924,0.005476484540849924,0.005476484540849924,0.005476484540849924,5
2019-12-19,0.005307977087795734,0.005307977087795734,0.005307977087795734,0.005307977087795734,54
2019-12-20,0.005307977087795734,0.005307977087795734,0.005307977087795734,0.005307977087795734,1200
2019-12-23,0.00606625946238637,0.00606625946238637,0.00606625946238637,0.00606625946238637,100
2019-12-26,0.006049409043043852,0.006049409043043852,0.006049409043043852,0.006049409043043852,53
2019-12-27,0.006049409043043852,0.006049409043043852,0.006049409043043852,0.006049409043043852,289
2019-12-30,0.006150512956082821,0.006150512956082821,0.006150512956082821,0.006150512956082821,348
2020-01-02,0.006150512956082821,0.006150512956082821,0.006150512956082821,0.006150512956082821,2000
2020-01-03,0.006571780890226364,0.006571780890226364,0.006571780890226364,0.006571780890226364,275
2020-01-07,0.007161557208746672,0.007161557208746672,0.007161557208746672,0.007161557208746672,1020
2020-01-08,0.007077303249388933,0.007077303249388933,0.007077303249388933,0.007077303249388933,947
2020-01-09,0.007161557208746672,0.007161557208746672,0.007161557208746672,0.007161557208746672,8770
2020-01-10,0.007582823745906353,0.007582823745906353,0.007582823745906353,0.007582823745906353,2091
2020-01-13,0.00867812056094408,0.00867812056094408,0.00867812056094408,0.00867812056094408,1790
2020-01-14,0.007582823745906353,0.007582823745906353,0.007582823745906353,0.007582823745906353,3479
2020-01-15,0.007582823745906353,0.007582823745906353,0.007582823745906353,0.007582823745906353,13354
2020-01-16,0.007582823745906353,0.007582823745906353,0.007582823745906353,0.007582823745906353,262
2020-01-17,0.007582823745906353,0.007582823745906353,0.007582823745906353,0.007582823745906353,67
2020-01-21,0.007498570717871189,0.007498570717871189,0.007498570717871189,0.007498570717871189,29
2020-01-22,0.007582823745906353,0.007582823745906353,0.007582823745906353,0.007582823745906353,99
2020-01-23,0.007582823745906353,0.007582823745906353,0.007582823745906353,0.007582823745906353,60
2020-01-24,0.007582823745906353,0.007582823745906353,0.007582823745906353,0.007582823745906353,0
2020-01-27,0.007582823745906353,0.007582823745906353,0.007582823745906353,0.007582823745906353,910
2020-01-28,0.007582823745906353,0.007582823745906353,0.007582823745906353,0.007582823745906353,224
2020-01-29,0.008004091680049896,0.008004091680049896,0.008004091680049896,0.008004091680049896,298
2020-01-30,0.008004091680049896,0.008004091680049896,0.008004091680049896,0.008004091680049896,1000
2020-01-31,0.008004091680049896,0.008004091680049896,0.008004091680049896,0.008004091680049896,381
2020-02-03,0.008004091680049896,0.008004091680049896,0.008004091680049896,0.008004091680049896,108
2020-02-04,0.008004091680049896,0.008004091680049896,0.008004091680049896,0.008004091680049896,302
2020-02-05,0.007582823745906353,0.007582823745906353,0.007582823745906353,0.007582823745906353,413
2020-02-06,0.008004091680049896,0.008004091680049896,0.008004091680049896,0.008004091680049896,662
2020-02-07,0.007582823745906353,0.007582823745906353,0.007582823745906353,0.007582823745906353,1422
2020-02-10,0.008004091680049896,0.008004091680049896,0.008004091680049896,0.008004091680049896,181
2020-02-11,0.007582823745906353,0.007582823745906353,0.007582823745906353,0.007582823745906353,2620
2020-02-12,0.007582823745906353,0.007582823745906353,0.007582823745906353,0.007582823745906353,1400
2020-02-13,0.007582823745906353,0.007582823745906353,0.007582823745906353,0.007582823745906353,0
2020-02-14,0.007582823745906353,0.007582823745906353,0.007582823745906353,0.007582823745906353,0
2020-02-17,0.007582823745906353,0.007582823745906353,0.007582823745906353,0.007582823745906353,1215
2020-02-18,0.00808834657073021,0.00808834657073021,0.00808834657073021,0.00808834657073021,1410
2020-02-19,0.00808834657073021,0.00808834657073021,0.00808834657073021,0.00808834657073021,900
2020-02-20,0.00808834657073021,0.00808834657073021,0.00808834657073021,0.00808834657073021,900
2020-02-21,0.00808834657073021,0.00808834657073021,0.00808834657073021,0.00808834657073021,0
2020-02-26,0.00808834657073021,0.00808834657073021,0.00808834657073021,0.00808834657073021,400
2020-02-27,0.00808834657073021,0.00808834657073021,0.00808834657073021,0.00808834657073021,0
2020-02-28,0.008004091680049896,0.008004091680049896,0.008004091680049896,0.008004091680049896,305
2020-03-02,0.008004091680049896,0.008004091680049896,0.008004091680049896,0.008004091680049896,0
2020-03-03,0.007582823745906353,0.007582823745906353,0.007582823745906353,0.007582823745906353,100
2020-03-04,0.007582823745906353,0.007582823745906353,0.007582823745906353,0.007582823745906353,125
2020-03-05,0.007582823745906353,0.007582823745906353,0.007582823745906353,0.007582823745906353,35
2020-03-06,0.007582823745906353,0.007582823745906353,0.007582823745906353,0.007582823745906353,0
2020-03-09,0.007582823745906353,0.007582823745906353,0.007582823745906353,0.007582823745906353,20
2020-03-10,0.007582823745906353,0.007582823745906353,0.007582823745906353,0.007582823745906353,310
2020-03-11,0.007574399001896381,0.0075743990018963805,0.0075743990018963805,0.0075743990018963805,12751
2020-03-12,0.007582823745906353,0.007582823745906353,0.007582823745906353,0.007582823745906353,40
2020-03-13,0.007582823745906353,0.007582823745906353,0.007582823745906353,0.007582823745906353,0
2020-03-16,0.007582823745906353,0.007582823745906353,0.007582823745906353,0.007582823745906353,0
2020-03-17,0.007582823745906353,0.007582823745906353,0.007582823745906353,0.007582823745906353,0
2020-03-18,0.007582823745906353,0.007582823745906353,0.007582823745906353,0.007582823745906353,20
2020-03-20,0.007582823745906353,0.007582823745906353,0.007582823745906353,0.007582823745906353,314
2020-03-23,0.007582823745906353,0.007582823745906353,0.007582823745906353,0.007582823745906353,166
2020-03-24,0.007414317224174738,0.007414317224174738,0.007414317224174738,0.007414317224174738,105
2020-03-25,0.007077303249388933,0.007077303249388933,0.007077303249388933,0.007077303249388933,169
2020-03-26,0.007077303249388933,0.007077303249388933,0.007077303249388933,0.007077303249388933,0
2020-03-27,0.007582823745906353,0.007582823745906353,0.007582823745906353,0.007582823745906353,28
2020-03-30,0.007582823745906353,0.007582823745906353,0.007582823745906353,0.007582823745906353,0
2020-03-31,0.007582823745906353,0.007582823745906353,0.007582823745906353,0.007582823745906353,310
2020-04-01,0.00769235473126173,0.00769235473126173,0.00769235473126173,0.00769235473126173,50
2020-04-02,0.007776607759296894,0.007776607759296895,0.007776607759296895,0.007776607759296895,2430
2020-04-03,0.008425361476838589,0.008425361476838589,0.008425361476838589,0.008425361476838589,1150
2020-04-06,0.00960491131991148,0.00960491131991148,0.00960491131991148,0.00960491131991148,541
2020-04-07,0.010363192297518253,0.010363192297518253,0.010363192297518253,0.010363192297518253,266
2020-04-08,0.010363192297518253,0.010363192297518253,0.010363192297518253,0.010363192297518253,0
2020-04-13,0.014323114417493343,0.014323114417493343,0.014323114417493343,0.014323114417493343,403
2020-04-14,0.015249904245138168,0.015249904245138168,0.015249904245138168,0.015249904245138168,8319
2020-04-15,0.016850722953677177,0.016850722953677177,0.016850722953677177,0.016850722953677177,504
2020-04-16,0.017019227147102356,0.017019227147102356,0.017019227147102356,0.017019227147102356,5146
2020-04-17,0.024349290877580643,0.024349290877580643,0.024349290877580643,0.024349290877580643,1998
2020-04-20,0.02611861564218998,0.02611861564218998,0.02611861564218998,0.02611861564218998,619
2020-04-21,0.031173832714557648,0.031173832714557648,0.031173832714557648,0.031173832714557648,118
2020-04-22,0.033280178904533386,0.033280178904533386,0.033280178904533386,0.033280178904533386,1286
2020-04-23,0.04296933859586716,0.04296933859586716,0.04296933859586716,0.04296933859586716,26
2020-04-24,0.04170553386211395,0.04170553386211395,0.04170553386211395,0.04170553386211395,405
2020-04-27,0.034543976187705994,0.034543976187705994,0.034543976187705994,0.034543976187705994,257
2020-04-28,0.033701445907354355,0.033701445907354355,0.033701445907354355,0.033701445907354355,1224
2020-04-29,0.03538651391863823,0.03538651391863823,0.03538651391863823,0.03538651391863823,23
2020-04-30,0.036229051649570465,0.036229051649570465,0.036229051649570465,0.036229051649570465,251
2020-05-04,0.03791412338614464,0.03791412338614464,0.03791412338614464,0.03791412338614464,2202
2020-05-05,0.03791412338614464,0.03791412338614464,0.03791412338614464,0.03791412338614464,0
2020-05-06,0.03791412338614464,0.03791412338614464,0.03791412338614464,0.03791412338614464,85
2020-05-07,0.03791412338614464,0.03791412338614464,0.03791412338614464,0.03791412338614464,204
2020-05-08,0.04204254597425461,0.04204254597425461,0.04204254597425461,0.04204254597425461,1215
2020-05-11,0.04170553386211395,0.04170553386211395,0.04170553386211395,0.04170553386211395,1140
2020-05-12,0.04212679713964462,0.04212679713964462,0.04212679713964462,0.04212679713964462,2530
2020-05-13,0.04212679713964462,0.04212679713964462,0.04212679713964462,0.04212679713964462,141
2020-05-14,0.041284263134002686,0.041284263134002686,0.041284263134002686,0.041284263134002686,52
2020-05-15,0.04212679713964462,0.04212679713964462,0.04212679713964462,0.04212679713964462,148
2020-05-18,0.04170553386211395,0.04170553386211395,0.04170553386211395,0.04170553386211395,2
2020-05-19,0.04170553386211395,0.04170553386211395,0.04170553386211395,0.04170553386211395,787
2020-05-20,0.0500466413795948,0.0500466413795948,0.0500466413795948,0.0500466413795948,1
2020-05-21,0.04003731161355972,0.04003731161355972,0.04003731161355972,0.04003731161355972,1381
2020-05-22,0.04170553386211395,0.04170553386211395,0.04170553386211395,0.04170553386211395,132
2020-05-26,0.04170553386211395,0.04170553386211395,0.04170553386211395,0.04170553386211395,3
2020-05-27,0.04212679713964462,0.04212679713964462,0.04212679713964462,0.04212679713964462,2110
2020-05-28,0.04212679713964462,0.04212679713964462,0.04212679713964462,0.04212679713964462,7952
2020-05-29,0.049709632992744446,0.049709632992744446,0.049709632992744446,0.049709632992744446,189
2020-06-01,0.049709632992744446,0.049709632992744446,0.049709632992744446,0.049709632992744446,24
2020-06-02,0.049709632992744446,0.049709632992744446,0.049709632992744446,0.049709632992744446,210
2020-06-03,0.05813498795032501,0.05813498795032501,0.05813498795032501,0.05813498795032501,250
2020-06-04,0.05307977274060249,0.05307977274060249,0.05307977274060249,0.05307977274060249,1405
2020-06-05,0.05392231047153473,0.05392231047153473,0.05392231047153473,0.05392231047153473,87
2020-06-08,0.050552163273096085,0.050552163273096085,0.050552163273096085,0.050552163273096085,285
2020-06-09,0.050552163273096085,0.050552163273096085,0.050552163273096085,0.050552163273096085,197
2020-06-10,0.050552163273096085,0.050552163273096085,0.050552163273096085,0.050552163273096085,0
2020-06-11,0.050552163273096085,0.050552163273096085,0.050552163273096085,0.050552163273096085,634
2020-06-12,0.050552163273096085,0.050552163273096085,0.050552163273096085,0.050552163273096085,407
2020-06-16,0.05053531378507614,0.05053531378507614,0.05053531378507614,0.05053531378507614,370
2020-06-17,0.05729245766997337,0.05729245766997337,0.05729245766997337,0.05729245766997337,209
2020-06-18,0.05307977274060249,0.05307977274060249,0.05307977274060249,0.05307977274060249,9
2020-06-19,0.0463394820690155,0.0463394820690155,0.0463394820690155,0.0463394820690155,100
2020-06-22,0.0463394820690155,0.0463394820690155,0.0463394820690155,0.0463394820690155,79
2020-06-23,0.05223723128437996,0.05223723128437996,0.05223723128437996,0.05223723128437996,562
2020-06-25,0.05476483702659607,0.05476483702659607,0.05476483702659607,0.05476483702659607,187
2020-06-26,0.055607378482818604,0.055607378482818604,0.055607378482818604,0.055607378482818604,37
2020-06-30,0.05813498795032501,0.05813498795032501,0.05813498795032501,0.05813498795032501,724
2020-07-01,0.05729245766997337,0.05729245766997337,0.05729245766997337,0.05729245766997337,32
2020-07-02,0.04886708781123161,0.04886708781123161,0.04886708781123161,0.04886708781123161,92
2020-07-03,0.050552163273096085,0.050552163273096085,0.050552163273096085,0.050552163273096085,16
2020-07-06,0.055607378482818604,0.055607378482818604,0.055607378482818604,0.055607378482818604,230
2020-07-07,0.05476483702659607,0.05476483702659607,0.05476483702659607,0.05476483702659607,30
2020-07-08,0.050552163273096085,0.050552163273096085,0.050552163273096085,0.050552163273096085,544
2020-07-09,0.05476483702659607,0.05476483702659607,0.05476483702659607,0.05476483702659607,503
2020-07-10,0.05602865293622017,0.05602865293622017,0.05602865293622017,0.05602865293622017,117
2020-07-13,0.05602865293622017,0.05602865293622017,0.05602865293622017,0.05602865293622017,0
2020-07-14,0.054882798343896866,0.054882798343896866,0.054882798343896866,0.054882798343896866,66
2020-07-15,0.05476483702659607,0.05476483702659607,0.05476483702659607,0.05476483702659607,1726
2020-07-16,0.05476483702659607,0.05476483702659607,0.05476483702659607,0.05476483702659607,189
2020-07-17,0.05476483702659607,0.05476483702659607,0.05476483702659607,0.05476483702659607,720
2020-07-20,0.05476483702659607,0.05476483702659607,0.05476483702659607,0.05476483702659607,4
2020-07-21,0.05644991621375084,0.05644991621375084,0.05644991621375084,0.05644991621375084,6271
2020-07-22,0.05896909534931183,0.05896909534931183,0.05896909534931183,0.05896909534931183,477
2020-07-23,0.060662589967250824,0.060662589967250824,0.060662589967250824,0.060662589967250824,181
2020-07-27,0.060662589967250824,0.060662589967250824,0.060662589967250824,0.060662589967250824,10
2020-07-28,0.060662589967250824,0.060662589967250824,0.060662589967250824,0.060662589967250824,292
2020-07-29,0.060662589967250824,0.060662589967250824,0.060662589967250824,0.060662589967250824,212
2020-07-30,0.060662589967250824,0.060662589967250824,0.060662589967250824,0.060662589967250824,678
2020-07-31,0.060662589967250824,0.060662589967250824,0.060662589967250824,0.060662589967250824,222
2020-08-03,0.06150512397289276,0.06150512397289276,0.06150512397289276,0.06150512397289276,492
2020-08-04,0.06150512397289276,0.06150512397289276,0.06150512397289276,0.06150512397289276,715
2020-08-05,0.062347665429115295,0.062347665429115295,0.062347665429115295,0.062347665429115295,155
2020-08-06,0.06740289181470871,0.06740289181470871,0.06740289181470871,0.06740289181470871,1232
2020-08-07,0.0716155618429184,0.0716155618429184,0.0716155618429184,0.0716155618429184,1454
2020-08-10,0.07203682512044907,0.07203682512044907,0.07203682512044907,0.07203682512044907,1393
2020-08-11,0.06908795237541199,0.06908795237541199,0.06908795237541199,0.06908795237541199,31
2020-08-12,0.08004093915224075,0.08004093915224075,0.08004093915224075,0.08004093915224075,221
2020-08-13,0.06993048638105392,0.06993048638105392,0.06993048638105392,0.06993048638105392,3876
2020-08-14,0.07330063730478287,0.07330063730478287,0.07330063730478287,0.07330063730478287,312
2020-08-17,0.06993048638105392,0.06993048638105392,0.06993048638105392,0.06993048638105392,601
2020-08-18,0.06993048638105392,0.06993048638105392,0.06993048638105392,0.06993048638105392,3301
2020-08-19,0.06993048638105392,0.06993048638105392,0.06993048638105392,0.06993048638105392,0
2020-08-20,0.0741431713104248,0.0741431713104248,0.0741431713104248,0.0741431713104248,2014
2020-08-21,0.0741431713104248,0.0741431713104248,0.0741431713104248,0.0741431713104248,842
2020-08-24,0.0741431713104248,0.0741431713104248,0.0741431713104248,0.0741431713104248,1571
2020-08-25,0.07330063730478287,0.07330063730478287,0.07330063730478287,0.07330063730478287,221
2020-08-26,0.07498570531606674,0.07498570531606674,0.07498570531606674,0.07498570531606674,240
2020-08-27,0.07751332223415375,0.07751332223415375,0.07751332223415375,0.07751332223415375,1619
2020-08-28,0.07751332223415375,0.07751332223415375,0.07751332223415375,0.07751332223415375,508
2020-08-31,0.07919838279485703,0.07919838279485703,0.07919838279485703,0.07919838279485703,99
2020-09-01,0.08425359427928925,0.08425359427928925,0.08425359427928925,0.08425359427928925,1305
2020-09-02,0.0834110677242279,0.0834110677242279,0.0834110677242279,0.0834110677242279,217
2020-09-03,0.0834110677242279,0.0834110677242279,0.0834110677242279,0.0834110677242279,15
2020-09-04,0.08425359427928925,0.08425359427928925,0.08425359427928925,0.08425359427928925,3
2020-09-07,0.08425359427928925,0.08425359427928925,0.08425359427928925,0.08425359427928925,2328
2020-09-08,0.08425359427928925,0.08425359427928925,0.08425359427928925,0.08425359427928925,316
2020-09-09,0.08425359427928925,0.08425359427928925,0.08425359427928925,0.08425359427928925,250
2020-09-10,0.08425359427928925,0.08425359427928925,0.08425359427928925,0.08425359427928925,28
2020-09-11,0.0834110677242279,0.0834110677242279,0.0834110677242279,0.0834110677242279,4618
2020-09-15,0.08425359427928925,0.08425359427928925,0.08425359427928925,0.08425359427928925,30
2020-09-16,0.08425359427928925,0.08425359427928925,0.08425359427928925,0.08425359427928925,253
2020-09-17,0.08424518257379532,0.08424518257379532,0.08424518257379532,0.08424518257379532,53
2020-09-18,0.08425359427928925,0.08425359427928925,0.08425359427928925,0.08425359427928925,816
2020-09-21,0.08004093915224075,0.08004093915224075,0.08004093915224075,0.08004093915224075,92
2020-09-22,0.0834110677242279,0.0834110677242279,0.0834110677242279,0.0834110677242279,277
2020-09-23,0.08424518257379532,0.08424518257379532,0.08424518257379532,0.08424518257379532,81
2020-09-24,0.08416935801506042,0.08416935801506042,0.08416935801506042,0.08416935801506042,200
2020-09-25,0.08421148359775543,0.08421148359775543,0.08421148359775543,0.08421148359775543,1437
2020-09-28,0.08416935801506042,0.08416935801506042,0.08416935801506042,0.08416935801506042,135
2020-09-29,0.08416935801506042,0.08416935801506042,0.08416935801506042,0.08416935801506042,0
2020-09-30,0.09352149814367294,0.09352149814367294,0.09352149814367294,0.09352149814367294,150
2020-10-01,0.09520657360553741,0.09520657360553741,0.09520657360553741,0.09520657360553741,98
2020-10-02,0.09520657360553741,0.09520657360553741,0.09520657360553741,0.09520657360553741,189
2020-10-05,0.09520657360553741,0.09520657360553741,0.09520657360553741,0.09520657360553741,0
2020-10-06,0.092678964138031,0.092678964138031,0.092678964138031,0.092678964138031,180
2020-10-07,0.092678964138031,0.092678964138031,0.092678964138031,0.092678964138031,10
2020-10-08,0.09394276142120361,0.09394276142120361,0.09394276142120361,0.09394276142120361,127
2020-10-09,0.092678964138031,0.092678964138031,0.092678964138031,0.092678964138031,127
2020-10-13,0.092678964138031,0.092678964138031,0.092678964138031,0.092678964138031,1500
2020-10-14,0.09478530287742615,0.09478530287742615,0.09478530287742615,0.09478530287742615,778
2020-10-15,0.09478530287742615,0.09478530287742615,0.09478530287742615,0.09478530287742615,708
2020-10-16,0.09394276142120361,0.09394276142120361,0.09394276142120361,0.09394276142120361,10106
2020-10-19,0.09310022741556168,0.09310022741556168,0.09310022741556168,0.09310022741556168,582
2020-10-20,0.09478530287742615,0.09478530287742615,0.09478530287742615,0.09478530287742615,262
2020-10-21,0.09478530287742615,0.09478530287742615,0.09478530287742615,0.09478530287742615,834
2020-10-22,0.09436404705047607,0.09436404705047607,0.09436404705047607,0.09436404705047607,336
2020-10-23,0.09436404705047607,0.09436404705047607,0.09436404705047607,0.09436404705047607,0
2020-10-26,0.09689164161682129,0.09689164161682129,0.09689164161682129,0.09689164161682129,257
2020-10-27,0.09689164161682129,0.09689164161682129,0.09689164161682129,0.09689164161682129,60
2020-10-28,0.09352149814367294,0.09352149814367294,0.09352149814367294,0.09352149814367294,709
2020-10-29,0.09520657360553741,0.09520657360553741,0.09520657360553741,0.09520657360553741,445
2020-10-30,0.09520657360553741,0.09520657360553741,0.09520657360553741,0.09520657360553741,0
2020-11-02,0.09731291234493256,0.09731291234493256,0.09731291234493256,0.09731291234493256,304
2020-11-03,0.09933499246835709,0.09933499246835709,0.09933499246835709,0.09933499246835709,291
2020-11-04,0.09925074875354767,0.09925074875354767,0.09925074875354767,0.09925074875354767,8138
2020-11-05,0.09857671707868576,0.09857671707868576,0.09857671707868576,0.09857671707868576,273
2020-11-06,0.09857671707868576,0.09857671707868576,0.09857671707868576,0.09857671707868576,14
2020-11-09,0.09857671707868576,0.09857671707868576,0.09857671707868576,0.09857671707868576,516
2020-11-10,0.09857671707868576,0.09857671707868576,0.09857671707868576,0.09857671707868576,235
2020-11-11,0.09857671707868576,0.09857671707868576,0.09857671707868576,0.09857671707868576,0
2020-11-12,0.10952967405319214,0.10952967405319214,0.10952967405319214,0.10952967405319214,638
2020-11-13,0.13059307634830475,0.13059307634830475,0.13059307634830475,0.13059307634830475,13
2020-11-16,0.13480578362941742,0.13480578362941742,0.13480578362941742,0.13480578362941742,53
2020-11-17,0.13480578362941742,0.13480578362941742,0.13480578362941742,0.13480578362941742,135
2020-11-18,0.1390184611082077,0.1390184611082077,0.1390184611082077,0.1390184611082077,210
2020-11-19,0.1432311236858368,0.1432311236858368,0.1432311236858368,0.1432311236858368,258
2020-11-20,0.15165649354457855,0.15165649354457855,0.15165649354457855,0.15165649354457855,672
2020-11-24,0.1642945259809494,0.1642945259809494,0.1642945259809494,0.1642945259809494,625
2020-11-25,0.1642945259809494,0.1642945259809494,0.1642945259809494,0.1642945259809494,2819
2020-11-26,0.16345198452472687,0.16345198452472687,0.16345198452472687,0.16345198452472687,312
2020-11-27,0.16345198452472687,0.16345198452472687,0.16345198452472687,0.16345198452472687,0
2020-11-30,0.19378328323364258,0.19378328323364258,0.19378328323364258,0.19378328323364258,498
2020-12-01,0.19378328323364258,0.19378328323364258,0.19378328323364258,0.19378328323364258,202
2020-12-02,0.19377486407756805,0.19377486407756805,0.19377486407756805,0.19377486407756805,9931
2020-12-03,0.19378328323364258,0.19378328323364258,0.19378328323364258,0.19378328323364258,556
2020-12-04,0.19378328323364258,0.19378328323364258,0.19378328323364258,0.19378328323364258,0
2020-12-07,0.18114525079727173,0.18114525079727173,0.18114525079727173,0.18114525079727173,436
2020-12-08,0.18114525079727173,0.18114525079727173,0.18114525079727173,0.18114525079727173,1650
2020-12-09,0.18788552284240723,0.18788552284240723,0.18788552284240723,0.18788552284240723,259
2020-12-10,0.1895706057548523,0.1895706057548523,0.1895706057548523,0.1895706057548523,538
2020-12-11,0.185357928276062,0.185357928276062,0.185357928276062,0.185357928276062,265
2020-12-15,0.17693255841732025,0.17693255841732025,0.17693255841732025,0.17693255841732025,773
2020-12-16,0.19378328323364258,0.19378328323364258,0.19378328323364258,0.19378328323364258,700
2020-12-17,0.17693255841732025,0.17693255841732025,0.17693255841732025,0.17693255841732025,1078
2020-12-18,0.18114525079727173,0.18114525079727173,0.18114525079727173,0.18114525079727173,881
2020-12-21,0.17187735438346863,0.17187735438346863,0.17187735438346863,0.17187735438346863,8222
2020-12-22,0.17187735438346863,0.17187735438346863,0.17187735438346863,0.17187735438346863,0
2020-12-23,0.15165649354457855,0.15165649354457855,0.15165649354457855,0.15165649354457855,184
2020-12-28,0.1685071885585785,0.1685071885585785,0.1685071885585785,0.1685071885585785,269
2020-12-29,0.1685071885585785,0.1685071885585785,0.1685071885585785,0.1685071885585785,1587
2020-12-30,0.17693255841732025,0.17693255841732025,0.17693255841732025,0.17693255841732025,3648
2021-01-04,0.17693255841732025,0.17693255841732025,0.17693255841732025,0.17693255841732025,10
2021-01-05,0.1685071885585785,0.1685071885585785,0.1685071885585785,0.1685071885585785,338
2021-01-06,0.1685071885585785,0.1685071885585785,0.1685071885585785,0.1685071885585785,101
2021-01-07,0.1685071885585785,0.1685071885585785,0.1685071885585785,0.1685071885585785,138
2021-01-08,0.17271988093852997,0.17271988093852997,0.17271988093852997,0.17271988093852997,130
2021-01-12,0.15586917102336884,0.15586917102336884,0.15586917102336884,0.15586917102336884,237
2021-01-13,0.15586917102336884,0.15586917102336884,0.15586917102336884,0.15586917102336884,70
2021-01-14,0.17693255841732025,0.17693255841732025,0.17693255841732025,0.17693255841732025,822
2021-01-15,0.17693255841732025,0.17693255841732025,0.17693255841732025,0.17693255841732025,457
2021-01-19,0.17693255841732025,0.17693255841732025,0.17693255841732025,0.17693255841732025,0
2021-01-20,0.17693255841732025,0.17693255841732025,0.17693255841732025,0.17693255841732025,28
2021-01-21,0.17693255841732025,0.17693255841732025,0.17693255841732025,0.17693255841732025,59
2021-01-22,0.17693255841732025,0.17693255841732025,0.17693255841732025,0.17693255841732025,268
2021-01-25,0.17693255841732025,0.17693255841732025,0.17693255841732025,0.17693255841732025,5732
2021-01-26,0.17693255841732025,0.17693255841732025,0.17693255841732025,0.17693255841732025,2875
2021-01-27,0.17777509987354279,0.17777509987354279,0.17777509987354279,0.17777509987354279,12752
2021-01-28,0.17693255841732025,0.17693255841732025,0.17693255841732025,0.17693255841732025,1871
2021-01-29,0.1895706057548523,0.1895706057548523,0.1895706057548523,0.1895706057548523,2903
2021-02-01,0.18114525079727173,0.18114525079727173,0.18114525079727173,0.18114525079727173,863
2021-02-02,0.18114525079727173,0.18114525079727173,0.18114525079727173,0.18114525079727173,353
2021-02-03,0.17693255841732025,0.17693255841732025,0.17693255841732025,0.17693255841732025,855
2021-02-04,0.17693255841732025,0.17693255841732025,0.17693255841732025,0.17693255841732025,1855
2021-02-05,0.2106340080499649,0.2106340080499649,0.2106340080499649,0.2106340080499649,2099
2021-02-08,0.2106340080499649,0.2106340080499649,0.2106340080499649,0.2106340080499649,0
2021-02-09,0.17861764132976532,0.17861764132976532,0.17861764132976532,0.17861764132976532,12026
2021-02-10,0.17861764132976532,0.17861764132976532,0.17861764132976532,0.17861764132976532,1899
2021-02-11,0.18114525079727173,0.18114525079727173,0.18114525079727173,0.18114525079727173,295
2021-02-12,0.18114525079727173,0.18114525079727173,0.18114525079727173,0.18114525079727173,305
2021-02-17,0.18114525079727173,0.18114525079727173,0.18114525079727173,0.18114525079727173,485
2021-02-18,0.18114525079727173,0.18114525079727173,0.18114525079727173,0.18114525079727173,341
2021-02-19,0.18115368485450745,0.18115368485450745,0.18115368485450745,0.18115368485450745,1979
2021-02-22,0.18114525079727173,0.18114525079727173,0.18114525079727173,0.18114525079727173,100
2021-02-23,0.17693255841732025,0.17693255841732025,0.17693255841732025,0.17693255841732025,246
2021-02-24,0.17693255841732025,0.17693255841732025,0.17693255841732025,0.17693255841732025,1487
2021-02-25,0.17693255841732025,0.17693255841732025,0.17693255841732025,0.17693255841732025,314
2021-02-26,0.18114525079727173,0.18114525079727173,0.18114525079727173,0.18114525079727173,50
2021-03-01,0.1600818783044815,0.1600818783044815,0.1600818783044815,0.1600818783044815,4954
2021-03-02,0.1642945259809494,0.1642945259809494,0.1642945259809494,0.1642945259809494,1239
2021-03-03,0.1600818783044815,0.1600818783044815,0.1600818783044815,0.1600818783044815,408
2021-03-04,0.1642945259809494,0.1642945259809494,0.1642945259809494,0.1642945259809494,266
2021-03-05,0.1642945259809494,0.1642945259809494,0.1642945259809494,0.1642945259809494,7258
2021-03-08,0.1685071885585785,0.1685071885585785,0.1685071885585785,0.1685071885585785,6437
2021-03-09,0.1685071885585785,0.1685071885585785,0.1685071885585785,0.1685071885585785,205
2021-03-10,0.1685071885585785,0.1685071885585785,0.1685071885585785,0.1685071885585785,561
2021-03-11,0.1642945259809494,0.1642945259809494,0.1642945259809494,0.1642945259809494,4134
2021-03-12,0.1642945259809494,0.1642945259809494,0.1642945259809494,0.1642945259809494,3885
2021-03-15,0.1685071885585785,0.1685071885585785,0.1685071885585785,0.1685071885585785,76076
2021-03-16,0.1811368316411972,0.1811368316411972,0.1811368316411972,0.1811368316411972,1129
2021-03-17,0.18536634743213654,0.18536634743213654,0.18536634743213654,0.18536634743213654,6897
2021-03-18,0.20642133057117462,0.20642133057117462,0.20642133057117462,0.20642133057117462,1100
2021-03-22,0.24179941415786743,0.24179941415786743,0.24179941415786743,0.24179941415786743,3654
2021-03-23,0.235910102725029,0.235910102725029,0.235910102725029,0.235910102725029,4341
2021-03-24,0.235910102725029,0.235910102725029,0.235910102725029,0.235910102725029,106
2021-03-25,0.2527608275413513,0.2527608275413513,0.2527608275413513,0.2527608275413513,114
2021-03-26,0.23675258457660675,0.23675258457660675,0.23675258457660675,0.23675258457660675,544
2021-03-29,0.23675258457660675,0.23675258457660675,0.23675258457660675,0.23675258457660675,1543
2021-03-30,0.2527608275413513,0.2527608275413513,0.2527608275413513,0.2527608275413513,1200
2021-03-31,0.2611861526966095,0.2611861526966095,0.2611861526966095,0.2611861526966095,12531
2021-04-05,0.3024704158306122,0.3024704158306122,0.3024704158306122,0.3024704158306122,1432
2021-04-06,0.337014377117157,0.337014377117157,0.337014377117157,0.337014377117157,632
2021-04-07,0.3538566827774048,0.3538566827774048,0.3538566827774048,0.3538566827774048,1077
2021-04-08,0.3521800637245178,0.3521800637245178,0.3521800637245178,0.3521800637245178,4264
2021-04-09,0.3791412115097046,0.3791412115097046,0.3791412115097046,0.3791412115097046,1123
2021-04-12,0.42042553424835205,0.42042553424835205,0.42042553424835205,0.42042553424835205,75499
2021-04-13,0.42969340085983276,0.42969340085983276,0.42969340085983276,0.42969340085983276,1544
2021-04-14,0.48024556040763855,0.4802455604076385,0.4802455604076385,0.4802455604076385,5918
2021-04-15,0.48024556040763855,0.4802455604076385,0.4802455604076385,0.4802455604076385,9992
2021-04-16,0.5017302632331848,0.5017302632331848,0.5017302632331848,0.5017302632331848,637
2021-04-20,0.5017302632331848,0.5017302632331848,0.5017302632331848,0.5017302632331848,0
2021-04-21,0.5017302632331848,0.5017302632331848,0.5017302632331848,0.5017302632331848,0
2021-04-22,0.48867085576057434,0.48867085576057434,0.48867085576057434,0.48867085576057434,1059
2021-04-23,0.5813498497009277,0.5813498497009277,0.5813498497009277,0.5813498497009277,500
2021-04-26,0.5771372318267822,0.5771372318267822,0.5771372318267822,0.5771372318267822,16
2021-04-27,0.5628140568733215,0.5628140568733215,0.5628140568733215,0.5628140568733215,1033
2021-04-28,0.5476484298706055,0.5476484298706055,0.5476484298706055,0.5476484298706055,27
2021-04-29,0.5729244947433472,0.5729244947433472,0.5729244947433472,0.5729244947433472,472
2021-04-30,0.5729244947433472,0.5729244947433472,0.5729244947433472,0.5729244947433472,398
2021-05-03,0.585562527179718,0.585562527179718,0.585562527179718,0.585562527179718,183
2021-05-04,0.5476484298706055,0.5476484298706055,0.5476484298706055,0.5476484298706055,398
2021-05-05,0.5055216550827026,0.5055216550827026,0.5055216550827026,0.5055216550827026,3033
2021-05-06,0.4212680160999298,0.4212680160999298,0.4212680160999298,0.4212680160999298,12694
2021-05-07,0.42211055755615234,0.42211055755615234,0.42211055755615234,0.42211055755615234,13915
2021-05-10,0.49625369906425476,0.49625369906425476,0.49625369906425476,0.49625369906425476,705
2021-05-11,0.49625369906425476,0.49625369906425476,0.49625369906425476,0.49625369906425476,516609
2021-05-12,0.5097343325614929,0.5097343325614929,0.5097343325614929,0.5097343325614929,170
2021-05-13,0.5097343325614929,0.5097343325614929,0.5097343325614929,0.5097343325614929,0
2021-05-14,0.5813498497009277,0.5813498497009277,0.5813498497009277,0.5813498497009277,144
2021-05-17,0.640327513217926,0.640327513217926,0.640327513217926,0.640327513217926,142
2021-05-18,0.6066259741783142,0.6066259741783142,0.6066259741783142,0.6066259741783142,546
2021-05-19,0.6066259741783142,0.6066259741783142,0.6066259741783142,0.6066259741783142,0
2021-05-20,0.6319020390510559,0.6319020390510559,0.6319020390510559,0.6319020390510559,202
2021-05-21,0.6319020390510559,0.6319020390510559,0.6319020390510559,0.6319020390510559,830
2021-05-25,0.6272258758544922,0.6272258758544922,0.6272258758544922,0.6272258758544922,1005
2021-05-26,0.6074684858322144,0.6074684858322144,0.6074684858322144,0.6074684858322144,3312
2021-05-27,0.6024132370948792,0.6024132370948792,0.6024132370948792,0.6024132370948792,43
2021-05-28,0.6024132370948792,0.6024132370948792,0.6024132370948792,0.6024132370948792,1595
2021-05-31,0.6007281541824341,0.6007281541824341,0.6007281541824341,0.6007281541824341,315
2021-06-01,0.5982006192207336,0.5982006192207336,0.5982006192207336,0.5982006192207336,1158
2021-06-02,0.5644991993904114,0.5644991993904114,0.5644991993904114,0.5644991993904114,19871
2021-06-03,0.5644991993904114,0.5644991993904114,0.5644991993904114,0.5644991993904114,3
2021-06-04,0.6066259741783142,0.6066259741783142,0.6066259741783142,0.6066259741783142,900
2021-06-07,0.5897752046585083,0.5897752046585083,0.5897752046585083,0.5897752046585083,21
2021-06-08,0.5897752046585083,0.5897752046585083,0.5897752046585083,0.5897752046585083,614
2021-06-09,0.5796648263931274,0.5796648263931274,0.5796648263931274,0.5796648263931274,7
2021-06-10,0.5805073380470276,0.5805073380470276,0.5805073380470276,0.5805073380470276,10358
2021-06-11,0.5729244947433472,0.5729244947433472,0.5729244947433472,0.5729244947433472,5003
2021-06-15,0.48867085576057434,0.48867085576057434,0.48867085576057434,0.48867085576057434,492
2021-06-16,0.46339482069015503,0.46339482069015503,0.46339482069015503,0.46339482069015503,7896
2021-06-17,0.471820205450058,0.471820205450058,0.471820205450058,0.471820205450058,358
2021-06-18,0.46339482069015503,0.46339482069015503,0.46339482069015503,0.46339482069015503,4504
2021-06-21,0.43390607833862305,0.43390607833862305,0.43390607833862305,0.43390607833862305,694
2021-06-22,0.43811869621276855,0.43811869621276855,0.43811869621276855,0.43811869621276855,8686
2021-06-23,0.43811869621276855,0.43811869621276855,0.43811869621276855,0.43811869621276855,24595
2021-06-25,0.522372305393219,0.522372305393219,0.522372305393219,0.522372305393219,2014
2021-06-29,0.5240573883056641,0.5240573883056641,0.5240573883056641,0.5240573883056641,3515
2021-06-30,0.5097343325614929,0.5097343325614929,0.5097343325614929,0.5097343325614929,660
2021-07-01,0.471820205450058,0.471820205450058,0.471820205450058,0.471820205450058,202
2021-07-02,0.526585042476654,0.526585042476654,0.526585042476654,0.526585042476654,127
2021-07-06,0.5257424712181091,0.5257424712181091,0.5257424712181091,0.5257424712181091,288
2021-07-07,0.5257424712181091,0.5257424712181091,0.5257424712181091,0.5257424712181091,0
2021-07-08,0.5055216550827026,0.5055216550827026,0.5055216550827026,0.5055216550827026,405
2021-07-09,0.5257424712181091,0.5257424712181091,0.5257424712181091,0.5257424712181091,600
2021-07-12,0.5257424712181091,0.5257424712181091,0.5257424712181091,0.5257424712181091,1090
2021-07-13,0.471820205450058,0.471820205450058,0.471820205450058,0.471820205450058,4460
2021-07-14,0.5055216550827026,0.5055216550827026,0.5055216550827026,0.5055216550827026,223
2021-07-15,0.5889326930046082,0.5889326930046082,0.5889326930046082,0.5889326930046082,558
2021-07-16,0.5889326930046082,0.5889326930046082,0.5889326930046082,0.5889326930046082,35
2021-07-19,0.5889326930046082,0.5889326930046082,0.5889326930046082,0.5889326930046082,251
2021-07-20,0.5476484298706055,0.5476484298706055,0.5476484298706055,0.5476484298706055,1508
2021-07-21,0.5476484298706055,0.5476484298706055,0.5476484298706055,0.5476484298706055,221
2021-07-22,0.5476484298706055,0.5476484298706055,0.5476484298706055,0.5476484298706055,515
2021-07-23,0.5813498497009277,0.5813498497009277,0.5813498497009277,0.5813498497009277,296
2021-07-26,0.5729244947433472,0.5729244947433472,0.5729244947433472,0.5729244947433472,2064
2021-07-27,0.5729244947433472,0.5729244947433472,0.5729244947433472,0.5729244947433472,20120
2021-07-28,0.5055216550827026,0.5055216550827026,0.5055216550827026,0.5055216550827026,3690
2021-07-29,0.5644991993904114,0.5644991993904114,0.5644991993904114,0.5644991993904114,7957
2021-07-30,0.5644991993904114,0.5644991993904114,0.5644991993904114,0.5644991993904114,93
2021-08-02,0.5644991993904114,0.5644991993904114,0.5644991993904114,0.5644991993904114,250
2021-08-03,0.5644991993904114,0.5644991993904114,0.5644991993904114,0.5644991993904114,502
2021-08-04,0.5644991993904114,0.5644991993904114,0.5644991993904114,0.5644991993904114,831
2021-08-05,0.5729244947433472,0.5729244947433472,0.5729244947433472,0.5729244947433472,1846
2021-08-06,0.5906177163124084,0.5906177163124084,0.5906177163124084,0.5906177163124084,39
2021-08-09,0.5906177163124084,0.5906177163124084,0.5906177163124084,0.5906177163124084,229
2021-08-10,0.5813498497009277,0.5813498497009277,0.5813498497009277,0.5813498497009277,1639
2021-08-11,0.5813498497009277,0.5813498497009277,0.5813498497009277,0.5813498497009277,596
2021-08-12,0.5813498497009277,0.5813498497009277,0.5813498497009277,0.5813498497009277,969
2021-08-13,0.5847115516662598,0.5847115516662598,0.5847115516662598,0.5847115516662598,37
2021-08-16,0.585562527179718,0.585562527179718,0.585562527179718,0.585562527179718,29
2021-08-17,0.5560738444328308,0.5560738444328308,0.5560738444328308,0.5560738444328308,149
2021-08-18,0.5560738444328308,0.5560738444328308,0.5560738444328308,0.5560738444328308,0
2021-08-19,0.5729244947433472,0.5729244947433472,0.5729244947433472,0.5729244947433472,25
2021-08-20,0.5813498497009277,0.5813498497009277,0.5813498497009277,0.5813498497009277,1356
2021-08-23,0.5981921553611755,0.5981921553611755,0.5981921553611755,0.5981921553611755,1498
2021-08-24,0.597332775592804,0.597332775592804,0.597332775592804,0.597332775592804,285
2021-08-25,0.5307976603507996,0.5307976603507996,0.5307976603507996,0.5307976603507996,152
2021-08-26,0.5855540633201599,0.5855540633201599,0.5855540633201599,0.5855540633201599,20053
2021-08-27,0.5813498497009277,0.5813498497009277,0.5813498497009277,0.5813498497009277,283
2021-08-30,0.5813498497009277,0.5813498497009277,0.5813498497009277,0.5813498497009277,643
2021-08-31,0.5813498497009277,0.5813498497009277,0.5813498497009277,0.5813498497009277,0
2021-09-01,0.5821923613548279,0.5821923613548279,0.5821923613548279,0.5821923613548279,100
2021-09-02,0.6293743848800659,0.6293743848800659,0.6293743848800659,0.6293743848800659,10
2021-09-03,0.5897752046585083,0.5897752046585083,0.5897752046585083,0.5897752046585083,227
2021-09-06,0.5897752046585083,0.5897752046585083,0.5897752046585083,0.5897752046585083,8
2021-09-07,0.5729244947433472,0.5729244947433472,0.5729244947433472,0.5729244947433472,189
2021-09-08,0.5687118768692017,0.5687118768692017,0.5687118768692017,0.5687118768692017,357
2021-09-09,0.5560738444328308,0.5560738444328308,0.5560738444328308,0.5560738444328308,20268
2021-09-10,0.5687118768692017,0.5687118768692017,0.5687118768692017,0.5687118768692017,354
2021-09-13,0.585562527179718,0.585562527179718,0.585562527179718,0.585562527179718,970
2021-09-14,0.585562527179718,0.585562527179718,0.585562527179718,0.585562527179718,40
2021-09-15,0.5813498497009277,0.5813498497009277,0.5813498497009277,0.5813498497009277,197
2021-09-16,0.5813246369361877,0.5813246369361877,0.5813246369361877,0.5813246369361877,253
2021-09-17,0.5813077688217163,0.5813077688217163,0.5813077688217163,0.5813077688217163,243
2021-09-20,0.5729244947433472,0.5729244947433472,0.5729244947433472,0.5729244947433472,35
2021-09-21,0.5729161500930786,0.5729161500930786,0.5729161500930786,0.5729161500930786,418
2021-09-22,0.5729244947433472,0.5729244947433472,0.5729244947433472,0.5729244947433472,173
2021-09-23,0.5729244947433472,0.5729244947433472,0.5729244947433472,0.5729244947433472,48
2021-09-24,0.572081983089447,0.572081983089447,0.572081983089447,0.572081983089447,995
2021-09-27,0.5897752046585083,0.5897752046585083,0.5897752046585083,0.5897752046585083,108
2021-09-28,0.6066259741783142,0.6066259741783142,0.6066259741783142,0.6066259741783142,32
2021-09-29,0.6066259741783142,0.6066259741783142,0.6066259741783142,0.6066259741783142,98
2021-10-04,0.6066259741783142,0.6066259741783142,0.6066259741783142,0.6066259741783142,0
2021-10-05,0.6066259741783142,0.6066259741783142,0.6066259741783142,0.6066259741783142,0
2021-10-06,0.6066259741783142,0.6066259741783142,0.6066259741783142,0.6066259741783142,0
2021-10-07,0.6066259741783142,0.6066259741783142,0.6066259741783142,0.6066259741783142,0
2021-10-08,0.6049408316612244,0.6049408316612244,0.6049408316612244,0.6049408316612244,260
2021-10-11,0.6049408316612244,0.6049408316612244,0.6049408316612244,0.6049408316612244,340
2021-10-13,0.5897752046585083,0.5897752046585083,0.5897752046585083,0.5897752046585083,20
2021-10-14,0.5889326930046082,0.5889326930046082,0.5889326930046082,0.5889326930046082,200
2021-10-15,0.5805073380470276,0.5805073380470276,0.5805073380470276,0.5805073380470276,10
2021-10-18,0.522372305393219,0.522372305393219,0.522372305393219,0.522372305393219,80
2021-10-19,0.522372305393219,0.522372305393219,0.522372305393219,0.522372305393219,0
2021-10-20,0.513947069644928,0.513947069644928,0.513947069644928,0.513947069644928,940
2021-10-21,0.513947069644928,0.513947069644928,0.513947069644928,0.513947069644928,0
2021-10-22,0.513947069644928,0.513947069644928,0.513947069644928,0.513947069644928,1380
2021-10-25,0.5055216550827026,0.5055216550827026,0.5055216550827026,0.5055216550827026,30
2021-10-26,0.5055216550827026,0.5055216550827026,0.5055216550827026,0.5055216550827026,160
2021-10-27,0.49288368225097656,0.49288368225097656,0.49288368225097656,0.49288368225097656,250
2021-10-28,0.49288368225097656,0.49288368225097656,0.49288368225097656,0.49288368225097656,20000
2021-10-29,0.5055216550827026,0.5055216550827026,0.5055216550827026,0.5055216550827026,10
2021-11-02,0.46339482069015503,0.46339482069015503,0.46339482069015503,0.46339482069015503,80
2021-11-03,0.46339482069015503,0.46339482069015503,0.46339482069015503,0.46339482069015503,1970
2021-11-04,0.47266271710395813,0.47266271710395813,0.47266271710395813,0.47266271710395813,10
2021-11-05,0.48445820808410645,0.48445820808410645,0.48445820808410645,0.48445820808410645,250
2021-11-08,0.5476484298706055,0.5476484298706055,0.5476484298706055,0.5476484298706055,2760
2021-11-09,0.5476484298706055,0.5476484298706055,0.5476484298706055,0.5476484298706055,0
2021-11-10,0.5350103974342346,0.5350103974342346,0.5350103974342346,0.5350103974342346,670
2021-11-11,0.5350103974342346,0.5350103974342346,0.5350103974342346,0.5350103974342346,0
2021-11-12,0.5476484298706055,0.5476484298706055,0.5476484298706055,0.5476484298706055,1070
2021-11-15,0.5476484298706055,0.5476484298706055,0.5476484298706055,0.5476484298706055,20
2021-11-16,0.5476484298706055,0.5476484298706055,0.5476484298706055,0.5476484298706055,0
2021-11-17,0.5476484298706055,0.5476484298706055,0.5476484298706055,0.5476484298706055,190
2021-11-18,0.5468058586120605,0.5468058586120605,0.5468058586120605,0.5468058586120605,10
2021-11-19,0.5468058586120605,0.5468058586120605,0.5468058586120605,0.5468058586120605,14580
2021-11-23,0.5392231345176697,0.5392231345176697,0.5392231345176697,0.5392231345176697,580
2021-11-24,0.5392231345176697,0.5392231345176697,0.5392231345176697,0.5392231345176697,500
2021-11-25,0.5392231345176697,0.5392231345176697,0.5392231345176697,0.5392231345176697,500
2021-11-26,0.5375379323959351,0.5375379323959351,0.5375379323959351,0.5375379323959351,14570
2021-11-29,0.5375379323959351,0.5375379323959351,0.5375379323959351,0.5375379323959351,290
2021-11-30,0.5375379323959351,0.5375379323959351,0.5375379323959351,0.5375379323959351,110
2021-12-01,0.522372305393219,0.522372305393219,0.522372305393219,0.522372305393219,530
2021-12-02,0.522372305393219,0.522372305393219,0.522372305393219,0.522372305393219,2490
2021-12-03,0.5476484298706055,0.5476484298706055,0.5476484298706055,0.5476484298706055,130
2021-12-06,0.5476484298706055,0.5476484298706055,0.5476484298706055,0.5476484298706055,300
2021-12-07,0.5468058586120605,0.5468058586120605,0.5468058586120605,0.5468058586120605,5020
2021-12-08,0.5468058586120605,0.5468058586120605,0.5468058586120605,0.5468058586120605,0
2021-12-09,0.5468058586120605,0.5468058586120605,0.5468058586120605,0.5468058586120605,110
2021-12-10,0.5687118768692017,0.5687118768692017,0.5687118768692017,0.5687118768692017,10
2021-12-14,0.5552312135696411,0.5552312135696411,0.5552312135696411,0.5552312135696411,40
2021-12-15,0.5055216550827026,0.5055216550827026,0.5055216550827026,0.5055216550827026,740
2021-12-16,0.572081983089447,0.572081983089447,0.572081983089447,0.572081983089447,300
2021-12-17,0.572081983089447,0.572081983089447,0.572081983089447,0.572081983089447,200
2021-12-20,0.5476484298706055,0.5476484298706055,0.5476484298706055,0.5476484298706055,500
2021-12-21,0.5434356927871704,0.5434356927871704,0.5434356927871704,0.5434356927871704,12280
2021-12-22,0.5434356927871704,0.5434356927871704,0.5434356927871704,0.5434356927871704,14620
2021-12-23,0.5434356927871704,0.5434356927871704,0.5434356927871704,0.5434356927871704,340
2021-12-27,0.5897752046585083,0.5897752046585083,0.5897752046585083,0.5897752046585083,70
2021-12-28,0.5897752046585083,0.5897752046585083,0.5897752046585083,0.5897752046585083,0
2021-12-29,0.5897752046585083,0.5897752046585083,0.5897752046585083,0.5897752046585083,0
2021-12-30,0.5897752046585083,0.5897752046585083,0.5897752046585083,0.5897752046585083,0
2022-01-03,0.5897752046585083,0.5897752046585083,0.5897752046585083,0.5897752046585083,0
2022-01-04,0.5889326930046082,0.5889326930046082,0.5889326930046082,0.5889326930046082,20
2022-01-05,0.5889326930046082,0.5889326930046082,0.5889326930046082,0.5889326930046082,0
2022-01-06,0.5889326930046082,0.5889326930046082,0.5889326930046082,0.5889326930046082,90
2022-01-07,0.5889326930046082,0.5889326930046082,0.5889326930046082,0.5889326930046082,0
2022-01-11,0.5813498497009277,0.5813498497009277,0.5813498497009277,0.5813498497009277,510
2022-01-12,0.5771372318267822,0.5771372318267822,0.5771372318267822,0.5771372318267822,120
2022-01-13,0.5771372318267822,0.5771372318267822,0.5771372318267822,0.5771372318267822,0
2022-01-14,0.5889326930046082,0.5889326930046082,0.5889326930046082,0.5889326930046082,380
2022-01-18,0.5872476100921631,0.5872476100921631,0.5872476100921631,0.5872476100921631,100
2022-01-19,0.5872476100921631,0.5872476100921631,0.5872476100921631,0.5872476100921631,0
2022-01-20,0.5872476100921631,0.5872476100921631,0.5872476100921631,0.5872476100921631,0
2022-01-21,0.5872476100921631,0.5872476100921631,0.5872476100921631,0.5872476100921631,0
2022-01-24,0.5872476100921631,0.5872476100921631,0.5872476100921631,0.5872476100921631,0
2022-01-25,0.5872476100921631,0.5872476100921631,0.5872476100921631,0.5872476100921631,0
2022-01-26,0.5805073380470276,0.5805073380470276,0.5805073380470276,0.5805073380470276,210
2022-01-27,0.471820205450058,0.471820205450058,0.471820205450058,0.471820205450058,1000
2022-01-28,0.48024556040763855,0.4802455604076385,0.4802455604076385,0.4802455604076385,2210
2022-01-31,0.48867085576057434,0.48867085576057434,0.48867085576057434,0.48867085576057434,300
2022-02-01,0.48867085576057434,0.48867085576057434,0.48867085576057434,0.48867085576057434,330
2022-02-02,0.4920409917831421,0.4920409917831421,0.4920409917831421,0.4920409917831421,100
2022-02-03,0.4911985397338867,0.4911985397338867,0.4911985397338867,0.4911985397338867,60
2022-02-04,0.48445820808410645,0.48445820808410645,0.48445820808410645,0.48445820808410645,300
2022-02-07,0.48445820808410645,0.48445820808410645,0.48445820808410645,0.48445820808410645,0
2022-02-08,0.48445820808410645,0.48445820808410645,0.48445820808410645,0.48445820808410645,290
2022-02-09,0.48445820808410645,0.48445820808410645,0.48445820808410645,0.48445820808410645,1000
2022-02-10,0.4836157560348511,0.4836157560348511,0.4836157560348511,0.4836157560348511,300
2022-02-11,0.48277315497398376,0.4827731549739837,0.4827731549739837,0.4827731549739837,250
2022-02-14,0.48277315497398376,0.4827731549739837,0.4827731549739837,0.4827731549739837,0
2022-02-15,0.48277315497398376,0.4827731549739837,0.4827731549739837,0.4827731549739837,0
2022-02-16,0.48277315497398376,0.4827731549739837,0.4827731549739837,0.4827731549739837,140
2022-02-17,0.4819306433200836,0.4819306433200836,0.4819306433200836,0.4819306433200836,10
2022-02-18,0.47940298914909363,0.47940298914909363,0.47940298914909363,0.47940298914909363,460
2022-02-21,0.47940298914909363,0.47940298914909363,0.47940298914909363,0.47940298914909363,10
2022-02-22,0.47940298914909363,0.47940298914909363,0.47940298914909363,0.47940298914909363,50
2022-02-23,0.47940298914909363,0.47940298914909363,0.47940298914909363,0.47940298914909363,0
2022-02-24,0.46339482069015503,0.46339482069015503,0.46339482069015503,0.46339482069015503,100
2022-02-25,0.47771793603897095,0.4777179360389709,0.4777179360389709,0.4777179360389709,300
2022-03-02,0.47771793603897095,0.4777179360389709,0.4777179360389709,0.4777179360389709,0
2022-03-03,0.47771793603897095,0.4777179360389709,0.4777179360389709,0.4777179360389709,0
2022-03-04,0.5046790838241577,0.5046790838241577,0.5046790838241577,0.5046790838241577,530
2022-03-07,0.5046790838241577,0.5046790838241577,0.5046790838241577,0.5046790838241577,0
2022-03-08,0.46339482069015503,0.46339482069015503,0.46339482069015503,0.46339482069015503,500
2022-03-09,0.46339482069015503,0.46339482069015503,0.46339482069015503,0.46339482069015503,1030
2022-03-10,0.46339482069015503,0.46339482069015503,0.46339482069015503,0.46339482069015503,40
2022-03-11,0.43390607833862305,0.43390607833862305,0.43390607833862305,0.43390607833862305,1340
2022-03-14,0.43390607833862305,0.43390607833862305,0.43390607833862305,0.43390607833862305,0
2022-03-15,0.43390607833862305,0.43390607833862305,0.43390607833862305,0.43390607833862305,0
2022-03-16,0.4970962107181549,0.4970962107181549,0.4970962107181549,0.4970962107181549,190
2022-03-17,0.4970962107181549,0.4970962107181549,0.4970962107181549,0.4970962107181549,1240
2022-03-18,0.5307976603507996,0.5307976603507996,0.5307976603507996,0.5307976603507996,170
2022-03-21,0.5307976603507996,0.5307976603507996,0.5307976603507996,0.5307976603507996,0
2022-03-22,0.5644991993904114,0.5644991993904114,0.5644991993904114,0.5644991993904114,260
2022-03-23,0.5687118768692017,0.5687118768692017,0.5687118768692017,0.5687118768692017,790
2022-03-24,0.5687118768692017,0.5687118768692017,0.5687118768692017,0.5687118768692017,170
2022-03-25,0.5687118768692017,0.5687118768692017,0.5687118768692017,0.5687118768692017,0
2022-03-28,0.5729244947433472,0.5729244947433472,0.5729244947433472,0.5729244947433472,100
2022-03-29,0.5897752046585083,0.5897752046585083,0.5897752046585083,0.5897752046585083,700
2022-03-30,0.5897752046585083,0.5897752046585083,0.5897752046585083,0.5897752046585083,200
2022-03-31,0.5897752046585083,0.5897752046585083,0.5897752046585083,0.5897752046585083,0
2022-04-01,0.5889326930046082,0.5889326930046082,0.5889326930046082,0.5889326930046082,20
2022-04-04,0.5889326930046082,0.5889326930046082,0.5889326930046082,0.5889326930046082,240
2022-04-05,0.5897752046585083,0.5897752046585083,0.5897752046585083,0.5897752046585083,470
2022-04-06,0.5897752046585083,0.5897752046585083,0.5897752046585083,0.5897752046585083,380
2022-04-07,0.5897752046585083,0.5897752046585083,0.5897752046585083,0.5897752046585083,150
2022-04-08,0.5897752046585083,0.5897752046585083,0.5897752046585083,0.5897752046585083,10
2022-04-11,0.5476484298706055,0.5476484298706055,0.5476484298706055,0.5476484298706055,50
2022-04-12,0.5897752046585083,0.5897752046585083,0.5897752046585083,0.5897752046585083,10
2022-04-13,0.6234766840934753,0.6234766840934753,0.6234766840934753,0.6234766840934753,940
2022-04-18,0.6310595273971558,0.6310595273971558,0.6310595273971558,0.6310595273971558,420
2022-04-20,0.6285318732261658,0.6285318732261658,0.6285318732261658,0.6285318732261658,200
2022-04-21,0.6276893019676208,0.6276893019676208,0.6276893019676208,0.6276893019676208,190
2022-04-22,0.6226341724395752,0.6226341724395752,0.6226341724395752,0.6226341724395752,1750
2022-04-25,0.61505126953125,0.61505126953125,0.61505126953125,0.61505126953125,190
2022-04-26,0.6142087578773499,0.6142087578773499,0.6142087578773499,0.6142087578773499,120
2022-04-27,0.6057833433151245,0.6057833433151245,0.6057833433151245,0.6057833433151245,110
2022-04-28,0.5897752046585083,0.5897752046585083,0.5897752046585083,0.5897752046585083,510
2022-04-29,0.5897752046585083,0.5897752046585083,0.5897752046585083,0.5897752046585083,0
2022-05-02,0.5897752046585083,0.5897752046585083,0.5897752046585083,0.5897752046585083,0
2022-05-03,0.5729244947433472,0.5729244947433472,0.5729244947433472,0.5729244947433472,1420
2022-05-04,0.5729244947433472,0.5729244947433472,0.5729244947433472,0.5729244947433472,0
2022-05-05,0.674028754234314,0.674028754234314,0.674028754234314,0.674028754234314,20
2022-05-06,0.6445400714874268,0.6445400714874268,0.6445400714874268,0.6445400714874268,12860
2022-05-09,0.6386423707008362,0.6386423707008362,0.6386423707008362,0.6386423707008362,7540
2022-05-10,0.6352721452713013,0.6352721452713013,0.6352721452713013,0.6352721452713013,870
2022-05-11,0.6268468499183655,0.6268468499183655,0.6268468499183655,0.6268468499183655,180
2022-05-12,0.7498570680618286,0.7498570680618286,0.7498570680618286,0.7498570680618286,3960
2022-05-13,0.8930881023406982,0.8930881023406982,0.8930881023406982,0.8930881023406982,3060
2022-05-16,0.9689164161682129,0.9689164161682129,0.9689164161682129,0.9689164161682129,1210
2022-05-17,1.0868713855743408,1.0868713855743408,1.0868713855743408,1.0868713855743408,2200
2022-05-18,1.2216774225234985,1.2216774225234985,1.2216774225234985,1.2216774225234985,1900
2022-05-19,1.407035231590271,1.407035231590271,1.407035231590271,1.407035231590271,4151
2022-05-20,1.407035231590271,1.407035231590271,1.407035231590271,1.407035231590271,0
2022-05-23,2.31697416305542,2.31697416305542,2.31697416305542,2.31697416305542,803
2022-05-24,2.7719435691833496,2.7719435691833496,2.7719435691833496,2.7719435691833496,1988
2022-05-25,2.451779842376709,2.451779842376709,2.451779842376709,2.451779842376709,1569
2022-05-26,1.6850720643997192,1.6850720643997192,1.6850720643997192,1.6850720643997192,4122
2022-05-27,1.9715347290039062,1.9715347290039062,1.9715347290039062,1.9715347290039062,769
2022-05-31,1.7524747848510742,1.7524747848510742,1.7524747848510742,1.7524747848510742,3951
2022-06-01,1.9294073581695557,1.9294073581695557,1.9294073581695557,1.9294073581695557,4040
2022-06-02,2.190593719482422,2.190593719482422,2.190593719482422,2.190593719482422,2623
2022-06-03,2.443354845046997,2.443354845046997,2.443354845046997,2.443354845046997,160
2022-06-06,2.2495710849761963,2.2495710849761963,2.2495710849761963,2.2495710849761963,1513
2022-06-07,2.2495710849761963,2.2495710849761963,2.2495710849761963,2.2495710849761963,1414
2022-06-08,2.081064224243164,2.081064224243164,2.081064224243164,2.081064224243164,1345
2022-06-09,1.9378328323364258,1.9378328323364258,1.9378328323364258,1.9378328323364258,1731
2022-06-10,2.2579967975616455,2.2579967975616455,2.2579967975616455,2.2579967975616455,1311
2022-06-14,2.2579967975616455,2.2579967975616455,2.2579967975616455,2.2579967975616455,592
2022-06-15,2.2327206134796143,2.2327206134796143,2.2327206134796143,2.2327206134796143,121
2022-06-16,2.2327206134796143,2.2327206134796143,2.2327206134796143,2.2327206134796143,200
2022-06-17,2.1316158771514893,2.1316158771514893,2.1316158771514893,2.1316158771514893,680
2022-06-21,2.106340169906616,2.106340169906616,2.106340169906616,2.106340169906616,465
2022-06-22,2.1941044330596924,2.1941044330596924,2.1941044330596924,2.1941044330596924,2
2022-06-23,2.1941044330596924,2.1941044330596924,2.1941044330596924,2.1941044330596924,0
2022-06-27,2.1941044330596924,2.1941044330596924,2.1941044330596924,2.1941044330596924,254
2022-06-28,2.088787317276001,2.088787317276001,2.088787317276001,2.088787317276001,169
2022-06-29,2.0536818504333496,2.0536818504333496,2.0536818504333496,2.0536818504333496,20336
2022-06-30,1.8430474996566772,1.8430474996566772,1.8430474996566772,1.8430474996566772,298
2022-07-01,1.8430474996566772,1.8430474996566772,1.8430474996566772,1.8430474996566772,2341
2022-07-06,1.8869297504425049,1.8869297504425047,1.8869297504425047,1.8869297504425047,480
2022-07-07,1.7552834749221802,1.7552834749221802,1.7552834749221802,1.7552834749221802,526
2022-07-08,1.8693767786026,1.8693767786026,1.8693767786026,1.8693767786026,3895
2022-07-11,1.8430474996566772,1.8430474996566772,1.8430474996566772,1.8430474996566772,2278
2022-07-12,1.860600233078003,1.860600233078003,1.860600233078003,1.860600233078003,1947
2022-07-13,1.939588189125061,1.939588189125061,1.939588189125061,1.939588189125061,1167
2022-07-14,1.8869297504425049,1.8869297504425047,1.8869297504425047,1.8869297504425047,37
2022-07-15,1.9659174680709839,1.9659174680709839,1.9659174680709839,1.9659174680709839,3195
2022-07-18,2.106340169906616,2.106340169906616,2.106340169906616,2.106340169906616,2159
2022-07-19,2.01857590675354,2.01857590675354,2.01857590675354,2.01857590675354,750
2022-07-20,2.01857590675354,2.01857590675354,2.01857590675354,2.01857590675354,4483
2022-07-21,1.8781534433364868,1.8781534433364868,1.8781534433364868,1.8781534433364868,403
2022-07-22,1.8693767786026,1.8693767786026,1.8693767786026,1.8693767786026,2984
2022-07-25,2.1941044330596924,2.1941044330596924,2.1941044330596924,2.1941044330596924,2704
2022-07-26,2.0097992420196533,2.0097992420196533,2.0097992420196533,2.0097992420196533,24
2022-07-27,2.132669687271118,2.132669687271118,2.132669687271118,2.132669687271118,210
2022-07-28,2.106340169906616,2.106340169906616,2.106340169906616,2.106340169906616,749
2022-07-29,2.01857590675354,2.01857590675354,2.01857590675354,2.01857590675354,176
2022-08-01,2.1941044330596924,2.1941044330596924,2.1941044330596924,2.1941044330596924,3177
2022-08-02,2.1677751541137695,2.1677751541137695,2.1677751541137695,2.1677751541137695,2378
2022-08-03,2.132669687271118,2.132669687271118,2.132669687271118,2.132669687271118,62
2022-08-04,2.0975637435913086,2.0975637435913086,2.0975637435913086,2.0975637435913086,60
2022-08-05,2.01857590675354,2.01857590675354,2.01857590675354,2.01857590675354,133
2022-08-08,1.9746938943862915,1.9746938943862915,1.9746938943862915,1.9746938943862915,247
2022-08-09,1.8869297504425049,1.8869297504425047,1.8869297504425047,1.8869297504425047,11824
2022-08-10,1.9746938943862915,1.9746938943862915,1.9746938943862915,1.9746938943862915,604
2022-08-11,1.8869297504425049,1.8869297504425047,1.8869297504425047,1.8869297504425047,23741
2022-08-12,2.0800108909606934,2.0800108909606934,2.0800108909606934,2.0800108909606934,650
2022-08-16,2.158998727798462,2.158998727798462,2.158998727798462,2.158998727798462,1683
2022-08-17,2.158998727798462,2.158998727798462,2.158998727798462,2.158998727798462,345
2022-08-18,2.158998727798462,2.158998727798462,2.158998727798462,2.158998727798462,106
2022-08-19,2.229210138320923,2.229210138320923,2.229210138320923,2.229210138320923,3044
2022-08-22,2.229210138320923,2.229210138320923,2.229210138320923,2.229210138320923,0
2022-08-23,2.2818684577941895,2.2818684577941895,2.2818684577941895,2.2818684577941895,909
2022-08-24,2.7119126319885254,2.7119126319885254,2.7119126319885254,2.7119126319885254,1216
2022-08-25,3.062969923019409,3.062969923019409,3.062969923019409,3.062969923019409,565
2022-08-26,3.2384979724884033,3.2384979724884033,3.2384979724884033,3.2384979724884033,23464
2022-08-29,3.2384979724884033,3.2384979724884033,3.2384979724884033,3.2384979724884033,538
2022-08-30,2.9839820861816406,2.9839820861816406,2.9839820861816406,2.9839820861816406,101
2022-08-31,2.9839820861816406,2.9839820861816406,2.9839820861816406,2.9839820861816406,222
2022-09-01,2.8962175846099854,2.8962175846099854,2.8962175846099854,2.8962175846099854,649
2022-09-02,2.8962175846099854,2.8962175846099854,2.8962175846099854,2.8962175846099854,52
2022-09-05,2.8523356914520264,2.8523356914520264,2.8523356914520264,2.8523356914520264,55
2022-09-06,2.808453321456909,2.808453321456909,2.808453321456909,2.808453321456909,124
2022-09-07,2.773347854614258,2.773347854614258,2.773347854614258,2.773347854614258,408
2022-09-08,2.6241488456726074,2.6241488456726074,2.6241488456726074,2.6241488456726074,123
2022-09-09,2.2818684577941895,2.2818684577941895,2.2818684577941895,2.2818684577941895,215
2022-09-12,2.2818684577941895,2.2818684577941895,2.2818684577941895,2.2818684577941895,3525
2022-09-13,2.062458038330078,2.062458038330078,2.062458038330078,2.062458038330078,61346
2022-09-14,2.2818684577941895,2.2818684577941895,2.2818684577941895,2.2818684577941895,8223
2022-09-15,2.6680312156677246,2.6680312156677246,2.6680312156677246,2.6680312156677246,3836
2022-09-16,2.8698885440826416,2.8698885440826416,2.8698885440826416,2.8698885440826416,148
2022-09-19,2.8523356914520264,2.8523356914520264,2.8523356914520264,2.8523356914520264,219
2022-09-20,2.808453321456909,2.808453321456909,2.808453321456909,2.808453321456909,202
2022-09-21,2.8435592651367188,2.8435592651367188,2.8435592651367188,2.8435592651367188,330
2022-09-22,2.7645719051361084,2.7645719051361084,2.7645719051361084,2.7645719051361084,652
2022-09-23,2.817229986190796,2.817229986190796,2.817229986190796,2.817229986190796,488
2022-09-26,2.808453321456909,2.808453321456909,2.808453321456909,2.808453321456909,200
2022-09-27,2.720689296722412,2.720689296722412,2.720689296722412,2.720689296722412,60
2022-09-28,2.676807165145874,2.676807165145874,2.676807165145874,2.676807165145874,20431
2022-09-29,2.676807165145874,2.676807165145874,2.676807165145874,2.676807165145874,659
2022-09-30,2.9839820861816406,2.9839820861816406,2.9839820861816406,2.9839820861816406,175
2022-10-03,2.8962175846099854,2.8962175846099854,2.8962175846099854,2.8962175846099854,32
2022-10-04,2.808453321456909,2.808453321456909,2.808453321456909,2.808453321456909,912
2022-10-05,2.861112356185913,2.861112356185913,2.861112356185913,2.861112356185913,79
2022-10-06,2.808453321456909,2.808453321456909,2.808453321456909,2.808453321456909,180
2022-10-07,2.808453321456909,2.808453321456909,2.808453321456909,2.808453321456909,223
2022-10-10,2.7645719051361084,2.7645719051361084,2.7645719051361084,2.7645719051361084,227
2022-10-11,2.8523356914520264,2.8523356914520264,2.8523356914520264,2.8523356914520264,140155
2022-10-13,2.8523356914520264,2.8523356914520264,2.8523356914520264,2.8523356914520264,45
2022-10-14,2.773347854614258,2.773347854614258,2.773347854614258,2.773347854614258,6
2022-10-17,2.9839820861816406,2.9839820861816406,2.9839820861816406,2.9839820861816406,30
2022-10-18,2.808453321456909,2.808453321456909,2.808453321456909,2.808453321456909,10
2022-10-19,2.808453321456909,2.808453321456909,2.808453321456909,2.808453321456909,1225
2022-10-20,2.9400997161865234,2.9400997161865234,2.9400997161865234,2.9400997161865234,50
2022-10-21,2.8962175846099854,2.8962175846099854,2.8962175846099854,2.8962175846099854,429
2022-10-25,2.808453321456909,2.808453321456909,2.808453321456909,2.808453321456909,806
2022-10-26,2.808453321456909,2.808453321456909,2.808453321456909,2.808453321456909,225
2022-10-27,2.720689296722412,2.720689296722412,2.720689296722412,2.720689296722412,99
2022-10-28,2.808453321456909,2.808453321456909,2.808453321456909,2.808453321456909,196
2022-11-01,2.8260064125061035,2.8260064125061035,2.8260064125061035,2.8260064125061035,540
2022-11-02,2.7996773719787598,2.7996773719787598,2.7996773719787598,2.7996773719787598,60
2022-11-03,2.7996773719787598,2.7996773719787598,2.7996773719787598,2.7996773719787598,10914
2022-11-04,2.7645719051361084,2.7645719051361084,2.7645719051361084,2.7645719051361084,62
2022-11-07,2.7645719051361084,2.7645719051361084,2.7645719051361084,2.7645719051361084,58
2022-11-08,2.7645719051361084,2.7645719051361084,2.7645719051361084,2.7645719051361084,1345
2022-11-09,2.808453321456909,2.808453321456909,2.808453321456909,2.808453321456909,120
2022-11-10,2.9839820861816406,2.9839820861816406,2.9839820861816406,2.9839820861816406,21637
2022-11-11,2.9839820861816406,2.9839820861816406,2.9839820861816406,2.9839820861816406,9501
2022-11-14,2.9839820861816406,2.9839820861816406,2.9839820861816406,2.9839820861816406,1000
2022-11-15,2.9839820861816406,2.9839820861816406,2.9839820861816406,2.9839820861816406,1116
2022-11-16,2.9839820861816406,2.9839820861816406,2.9839820861816406,2.9839820861816406,0
2022-11-17,2.9839820861816406,2.9839820861816406,2.9839820861816406,2.9839820861816406,641
2022-11-18,2.9839820861816406,2.9839820861816406,2.9839820861816406,2.9839820861816406,461
2022-11-22,2.9839820861816406,2.9839820861816406,2.9839820861816406,2.9839820861816406,11319
2022-11-23,3.150733709335327,3.150733709335327,3.150733709335327,3.150733709335327,147
2022-11-24,3.0717458724975586,3.0717458724975586,3.0717458724975586,3.0717458724975586,11
2022-11-25,3.0717458724975586,3.0717458724975586,3.0717458724975586,3.0717458724975586,21620
2022-11-28,3.0717458724975586,3.0717458724975586,3.0717458724975586,3.0717458724975586,911
2022-11-29,3.0717458724975586,3.0717458724975586,3.0717458724975586,3.0717458724975586,2615
2022-11-30,3.0717458724975586,3.0717458724975586,3.0717458724975586,3.0717458724975586,100
2022-12-01,3.0717458724975586,3.0717458724975586,3.0717458724975586,3.0717458724975586,200
2022-12-02,3.1858396530151367,3.1858396530151367,3.1858396530151367,3.1858396530151367,985
2022-12-05,3.1595101356506348,3.1595101356506348,3.1595101356506348,3.1595101356506348,93
2022-12-06,3.0717458724975586,3.0717458724975586,3.0717458724975586,3.0717458724975586,151
2022-12-07,3.0717458724975586,3.0717458724975586,3.0717458724975586,3.0717458724975586,431
2022-12-08,3.115628242492676,3.115628242492676,3.115628242492676,3.115628242492676,20745
2022-12-09,3.115628242492676,3.115628242492676,3.115628242492676,3.115628242492676,0
2022-12-13,2.992758274078369,2.992758274078369,2.992758274078369,2.992758274078369,849
2022-12-14,3.4579086303710938,3.4579086303710938,3.4579086303710938,3.4579086303710938,395
2022-12-15,3.4579086303710938,3.4579086303710938,3.4579086303710938,3.4579086303710938,1202
2022-12-16,3.335038661956787,3.335038661956787,3.335038661956787,3.335038661956787,554
2022-12-19,3.1858396530151367,3.1858396530151367,3.1858396530151367,3.1858396530151367,141
2022-12-20,3.0717458724975586,3.0717458724975586,3.0717458724975586,3.0717458724975586,90
2022-12-21,2.9839820861816406,2.9839820861816406,2.9839820861816406,2.9839820861816406,82
2022-12-22,2.9400997161865234,2.9400997161865234,2.9400997161865234,2.9400997161865234,560
2022-12-23,2.808453321456909,2.808453321456909,2.808453321456909,2.808453321456909,220
2022-12-26,2.808453321456909,2.808453321456909,2.808453321456909,2.808453321456909,678
2022-12-27,2.808453321456909,2.808453321456909,2.808453321456909,2.808453321456909,23
2022-12-28,3.335038661956787,3.335038661956787,3.335038661956787,3.335038661956787,343
2022-12-29,3.387697219848633,3.387697219848633,3.387697219848633,3.387697219848633,119
2022-12-30,3.387697219848633,3.387697219848633,3.387697219848633,3.387697219848633,1476
2023-01-02,3.387697219848633,3.387697219848633,3.387697219848633,3.387697219848633,0
2023-01-03,3.361367702484131,3.361367702484131,3.361367702484131,3.361367702484131,3181
2023-01-04,3.3262622356414795,3.3262622356414795,3.3262622356414795,3.3262622356414795,590
2023-01-05,3.3262622356414795,3.3262622356414795,3.3262622356414795,3.3262622356414795,350
2023-01-06,3.378920555114746,3.378920555114746,3.378920555114746,3.378920555114746,12
2023-01-10,3.378920555114746,3.378920555114746,3.378920555114746,3.378920555114746,0
2023-01-11,2.9839820861816406,2.9839820861816406,2.9839820861816406,2.9839820861816406,2054
2023-01-12,2.9839820861816406,2.9839820861816406,2.9839820861816406,2.9839820861816406,763
2023-01-13,2.8962175846099854,2.8962175846099854,2.8962175846099854,2.8962175846099854,4138
2023-01-16,2.8962175846099854,2.8962175846099854,2.8962175846099854,2.8962175846099854,1325
2023-01-17,2.8962175846099854,2.8962175846099854,2.8962175846099854,2.8962175846099854,153
2023-01-18,2.8962175846099854,2.8962175846099854,2.8962175846099854,2.8962175846099854,2959
2023-01-19,2.8962175846099854,2.8962175846099854,2.8962175846099854,2.8962175846099854,2507
2023-01-20,2.8962175846099854,2.8962175846099854,2.8962175846099854,2.8962175846099854,53
2023-01-23,3.3262622356414795,3.3262622356414795,3.3262622356414795,3.3262622356414795,360
2023-01-24,3.5105669498443604,3.5105669498443604,3.5105669498443604,3.5105669498443604,40
2023-01-25,3.5105669498443604,3.5105669498443604,3.5105669498443604,3.5105669498443604,3159
2023-01-26,3.5105669498443604,3.5105669498443604,3.5105669498443604,3.5105669498443604,3035
2023-01-27,3.5105669498443604,3.5105669498443604,3.5105669498443604,3.5105669498443604,269
2023-01-30,3.5017905235290527,3.5017905235290527,3.5017905235290527,3.5017905235290527,1382
2023-01-31,3.7738595008850098,3.7738595008850093,3.7738595008850093,3.7738595008850093,98
2023-02-01,3.6860949993133545,3.6860949993133545,3.6860949993133545,3.6860949993133545,362
2023-02-02,3.6860949993133545,3.6860949993133545,3.6860949993133545,3.6860949993133545,0
2023-02-03,3.6860949993133545,3.6860949993133545,3.6860949993133545,3.6860949993133545,605
2023-02-06,3.6860949993133545,3.6860949993133545,3.6860949993133545,3.6860949993133545,0
2023-02-07,3.817741632461548,3.817741632461548,3.817741632461548,3.817741632461548,25
2023-02-08,3.817741632461548,3.817741632461548,3.817741632461548,3.817741632461548,1183
2023-02-09,3.6860949993133545,3.6860949993133545,3.6860949993133545,3.6860949993133545,617
2023-02-10,3.5105669498443604,3.5105669498443604,3.5105669498443604,3.5105669498443604,341
2023-02-13,3.291156530380249,3.291156530380249,3.291156530380249,3.291156530380249,394
2023-02-14,3.8089654445648193,3.8089654445648193,3.8089654445648193,3.8089654445648193,705
2023-02-15,3.7738595008850098,3.7738595008850093,3.7738595008850093,3.7738595008850093,91
2023-02-16,3.7738595008850098,3.7738595008850093,3.7738595008850093,3.7738595008850093,0
2023-02-17,3.7650833129882812,3.7650833129882812,3.7650833129882812,3.7650833129882812,311
2023-02-22,3.7650833129882812,3.7650833129882812,3.7650833129882812,3.7650833129882812,0
2023-02-23,3.7650833129882812,3.7650833129882812,3.7650833129882812,3.7650833129882812,550
2023-02-24,3.7650833129882812,3.7650833129882812,3.7650833129882812,3.7650833129882812,0
2023-02-27,3.7650833129882812,3.7650833129882812,3.7650833129882812,3.7650833129882812,97
2023-02-28,3.7650833129882812,3.7650833129882812,3.7650833129882812,3.7650833129882812,0
2023-03-01,3.677318572998047,3.677318572998047,3.677318572998047,3.677318572998047,265
2023-03-02,3.677318572998047,3.677318572998047,3.677318572998047,3.677318572998047,0
2023-03-03,3.677318572998047,3.677318572998047,3.677318572998047,3.677318572998047,23
2023-03-06,3.615884304046631,3.615884304046631,3.615884304046631,3.615884304046631,1143
2023-03-07,3.607107639312744,3.607107639312744,3.607107639312744,3.607107639312744,556
2023-03-08,3.6422135829925537,3.6422135829925537,3.6422135829925537,3.6422135829925537,115
2023-03-09,3.6422135829925537,3.6422135829925537,3.6422135829925537,3.6422135829925537,20265
2023-03-10,3.6422135829925537,3.6422135829925537,3.6422135829925537,3.6422135829925537,280
2023-03-13,3.5105669498443604,3.5105669498443604,3.5105669498443604,3.5105669498443604,3065
2023-03-14,3.5105669498443604,3.5105669498443604,3.5105669498443604,3.5105669498443604,4595
2023-03-15,3.5017905235290527,3.5017905235290527,3.5017905235290527,3.5017905235290527,10090
2023-03-16,3.089298963546753,3.089298963546753,3.089298963546753,3.089298963546753,2930
2023-03-17,3.0717458724975586,3.0717458724975586,3.0717458724975586,3.0717458724975586,8232
2023-03-20,3.5017905235290527,3.5017905235290527,3.5017905235290527,3.5017905235290527,155
2023-03-21,3.4579086303710938,3.4579086303710938,3.4579086303710938,3.4579086303710938,8408
2023-03-22,3.3262622356414795,3.3262622356414795,3.3262622356414795,3.3262622356414795,236
2023-03-23,2.8962175846099854,2.8962175846099854,2.8962175846099854,2.8962175846099854,6630
2023-03-24,3.3174855709075928,3.3174855709075928,3.3174855709075928,3.3174855709075928,248
2023-03-27,2.9839820861816406,2.9839820861816406,2.9839820861816406,2.9839820861816406,1000
2023-03-28,3.203392267227173,3.203392267227173,3.203392267227173,3.203392267227173,1585
2023-03-29,3.2384979724884033,3.2384979724884033,3.2384979724884033,3.2384979724884033,2148
2023-03-30,3.4140264987945557,3.4140264987945557,3.4140264987945557,3.4140264987945557,40
2023-03-31,3.493014097213745,3.493014097213745,3.493014097213745,3.493014097213745,66
2023-04-03,3.203392267227173,3.203392267227173,3.203392267227173,3.203392267227173,644
2023-04-04,3.1946160793304443,3.1946160793304443,3.1946160793304443,3.1946160793304443,400
2023-04-05,3.2384979724884033,3.2384979724884033,3.2384979724884033,3.2384979724884033,158
2023-04-10,3.203392267227173,3.203392267227173,3.203392267227173,3.203392267227173,2424
2023-04-11,3.2384979724884033,3.2384979724884033,3.2384979724884033,3.2384979724884033,930
2023-04-12,3.291156530380249,3.291156530380249,3.291156530380249,3.291156530380249,1610
2023-04-13,3.335038661956787,3.335038661956787,3.335038661956787,3.335038661956787,1360
2023-04-14,3.335038661956787,3.335038661956787,3.335038661956787,3.335038661956787,624
2023-04-17,3.861624002456665,3.861624002456665,3.861624002456665,3.861624002456665,2237
2023-04-18,3.5105669498443604,3.5105669498443604,3.5105669498443604,3.5105669498443604,7357
2023-04-20,3.5105669498443604,3.5105669498443604,3.5105669498443604,3.5105669498443604,80
2023-04-21,3.5105669498443604,3.5105669498443604,3.5105669498443604,3.5105669498443604,418
2023-04-24,3.6374218463897705,3.6374218463897705,3.6374218463897705,3.6374218463897705,7443
2023-04-25,3.864760398864746,3.864760398864746,3.864760398864746,3.864760398864746,195
2023-04-26,3.5828607082366943,3.5828607082366943,3.5828607082366943,3.5828607082366943,240
2023-04-27,3.5464863777160645,3.5464863777160645,3.5464863777160645,3.5464863777160645,8199
2023-04-28,3.555579900741577,3.555579900741577,3.555579900741577,3.555579900741577,180
2023-05-02,4.083006381988525,4.083006381988525,4.083006381988525,4.083006381988525,10
2023-05-03,4.001164436340332,4.001164436340332,4.001164436340332,4.001164436340332,51
2023-05-04,4.073912620544434,4.073912620544434,4.073912620544434,4.073912620544434,253
2023-05-05,4.083006381988525,4.083006381988525,4.083006381988525,4.083006381988525,1303
2023-05-08,4.537683963775635,4.537683963775635,4.537683963775635,4.537683963775635,1070
2023-05-09,4.528590202331543,4.528590202331543,4.528590202331543,4.528590202331543,14
2023-05-10,4.546777248382568,4.546777248382568,4.546777248382568,4.546777248382568,1064
2023-05-11,4.546777248382568,4.546777248382568,4.546777248382568,4.546777248382568,113
2023-05-12,4.546777248382568,4.546777248382568,4.546777248382568,4.546777248382568,13
2023-05-15,4.546777248382568,4.546777248382568,4.546777248382568,4.546777248382568,790
2023-05-16,4.492216110229492,4.492216110229492,4.492216110229492,4.492216110229492,564
2023-05-17,4.437654972076416,4.437654972076416,4.437654972076416,4.437654972076416,2624
2023-05-18,4.228503227233887,4.228503227233887,4.228503227233887,4.228503227233887,673
2023-05-19,4.228503227233887,4.228503227233887,4.228503227233887,4.228503227233887,461
2023-05-23,4.228503227233887,4.228503227233887,4.228503227233887,4.228503227233887,3663
2023-05-24,4.183034896850586,4.183034896850586,4.183034896850586,4.183034896850586,1318
2023-05-25,4.183034896850586,4.183034896850586,4.183034896850586,4.183034896850586,282
2023-05-26,4.183034896850586,4.183034896850586,4.183034896850586,4.183034896850586,5585
2023-05-29,4.1739420890808105,4.1739420890808105,4.1739420890808105,4.1739420890808105,11149
2023-05-30,4.073912620544434,4.073912620544434,4.073912620544434,4.073912620544434,149
2023-05-31,3.910228729248047,3.910228729248047,3.910228729248047,3.910228729248047,153
2023-06-01,3.9829766750335693,3.9829766750335693,3.9829766750335693,3.9829766750335693,300
2023-06-02,3.992070436477661,3.992070436477661,3.992070436477661,3.992070436477661,432
2023-06-05,3.8192927837371826,3.8192927837371826,3.8192927837371826,3.8192927837371826,135
2023-06-06,3.992070436477661,3.992070436477661,3.992070436477661,3.992070436477661,105
2023-06-07,3.910228729248047,3.910228729248047,3.910228729248047,3.910228729248047,3224
2023-06-08,3.8192927837371826,3.8192927837371826,3.8192927837371826,3.8192927837371826,298
2023-06-13,3.8011059761047363,3.8011059761047363,3.8011059761047363,3.8011059761047363,2214
2023-06-14,3.8011059761047363,3.8011059761047363,3.8011059761047363,3.8011059761047363,265
2023-06-15,3.8011059761047363,3.8011059761047363,3.8011059761047363,3.8011059761047363,0
2023-06-16,3.8011059761047363,3.8011059761047363,3.8011059761047363,3.8011059761047363,1008
2023-06-20,3.8011059761047363,3.8011059761047363,3.8011059761047363,3.8011059761047363,10
2023-06-21,3.8011059761047363,3.8011059761047363,3.8011059761047363,3.8011059761047363,609
2023-06-22,3.8011059761047363,3.8011059761047363,3.8011059761047363,3.8011059761047363,18
2023-06-23,3.7738256454467773,3.7738256454467773,3.7738256454467773,3.7738256454467773,206
2023-06-26,3.7647316455841064,3.7647316455841064,3.7647316455841064,3.7647316455841064,4870
2023-06-27,3.182744026184082,3.182744026184082,3.182744026184082,3.182744026184082,6820
2023-06-28,3.719264268875122,3.719264268875122,3.719264268875122,3.719264268875122,3145
2023-06-29,3.7647316455841064,3.7647316455841064,3.7647316455841064,3.7647316455841064,133
2023-06-30,3.74654483795166,3.74654483795166,3.74654483795166,3.74654483795166,113
2023-07-04,3.7283575534820557,3.7283575534820557,3.7283575534820557,3.7283575534820557,5434
2023-07-06,3.182744026184082,3.182744026184082,3.182744026184082,3.182744026184082,1286
2023-07-07,3.628328323364258,3.628328323364258,3.628328323364258,3.628328323364258,991
2023-07-10,3.528299331665039,3.528299331665039,3.528299331665039,3.528299331665039,45
2023-07-11,2.9554054737091064,2.9554054737091064,2.9554054737091064,2.9554054737091064,157
2023-07-12,3.4464571475982666,3.4464571475982666,3.4464571475982666,3.4464571475982666,1064
2023-07-13,3.3555219173431396,3.3555219173431396,3.3555219173431396,3.3555219173431396,185
2023-07-14,3.5464863777160645,3.5464863777160645,3.5464863777160645,3.5464863777160645,48
2023-07-17,3.537393093109131,3.537393093109131,3.537393093109131,3.537393093109131,832
2023-07-18,3.4555509090423584,3.4555509090423584,3.4555509090423584,3.4555509090423584,8591
2023-07-19,3.4555509090423584,3.4555509090423584,3.4555509090423584,3.4555509090423584,123
2023-07-20,3.3646152019500732,3.3646152019500732,3.3646152019500732,3.3646152019500732,2207
2023-07-21,3.3646152019500732,3.3646152019500732,3.3646152019500732,3.3646152019500732,12
2023-07-25,3.3282413482666016,3.3282413482666016,3.3282413482666016,3.3282413482666016,3506
2023-07-26,3.2645859718322754,3.2645859718322754,3.2645859718322754,3.2645859718322754,1363
2023-07-27,3.2645859718322754,3.2645859718322754,3.2645859718322754,3.2645859718322754,11300
2023-07-28,3.2554924488067627,3.2554924488067627,3.2554924488067627,3.2554924488067627,362
2023-07-31,3.2554924488067627,3.2554924488067627,3.2554924488067627,3.2554924488067627,81
2023-08-01,3.2554924488067627,3.2554924488067627,3.2554924488067627,3.2554924488067627,335
2023-08-02,3.2282121181488037,3.2282121181488037,3.2282121181488037,3.2282121181488037,474
2023-08-03,3.119089365005493,3.119089365005493,3.119089365005493,3.119089365005493,58
2023-08-04,3.182744026184082,3.182744026184082,3.182744026184082,3.182744026184082,1130
2023-08-07,3.1736507415771484,3.1736507415771484,3.1736507415771484,3.1736507415771484,694
2023-08-08,3.1736507415771484,3.1736507415771484,3.1736507415771484,3.1736507415771484,700
2023-08-09,3.1645569801330566,3.1645569801330566,3.1645569801330566,3.1645569801330566,1430
2023-08-10,3.1645569801330566,3.1645569801330566,3.1645569801330566,3.1645569801330566,2672
2023-08-11,2.8190019130706787,2.8190019130706787,2.8190019130706787,2.8190019130706787,11524
2023-08-15,3.1645569801330566,3.1645569801330566,3.1645569801330566,3.1645569801330566,305
2023-08-16,3.1645569801330566,3.1645569801330566,3.1645569801330566,3.1645569801330566,343
2023-08-17,3.0827152729034424,3.0827152729034424,3.0827152729034424,3.0827152729034424,512
2023-08-18,3.0736217498779297,3.0736217498779297,3.0736217498779297,3.0736217498779297,2195
2023-08-21,3.064527750015259,3.064527750015259,3.064527750015259,3.064527750015259,833
2023-08-22,3.00087308883667,3.00087308883667,3.00087308883667,3.00087308883667,5334
2023-08-23,2.9917795658111572,2.9917795658111572,2.9917795658111572,2.9917795658111572,4037
2023-08-24,2.9099373817443848,2.9099373817443848,2.9099373817443848,2.9099373817443848,708
2023-08-25,3.00087308883667,3.00087308883667,3.00087308883667,3.00087308883667,19085
2023-08-28,3.00087308883667,3.00087308883667,3.00087308883667,3.00087308883667,6166
2023-08-29,3.00087308883667,3.00087308883667,3.00087308883667,3.00087308883667,49113
2023-08-30,2.9917795658111572,2.9917795658111572,2.9917795658111572,2.9917795658111572,31697
2023-08-31,2.9917795658111572,2.9917795658111572,2.9917795658111572,2.9917795658111572,31860
2023-09-01,2.9917795658111572,2.9917795658111572,2.9917795658111572,2.9917795658111572,20030
2023-09-04,2.9917795658111572,2.9917795658111572,2.9917795658111572,2.9917795658111572,12073
2023-09-05,2.9735922813415527,2.9735922813415527,2.9735922813415527,2.9735922813415527,37558
2023-09-06,2.9099373817443848,2.9099373817443848,2.9099373817443848,2.9099373817443848,13893
2023-09-07,2.9099373817443848,2.9099373817443848,2.9099373817443848,2.9099373817443848,189
2023-09-08,2.964498996734619,2.964498996734619,2.964498996734619,2.964498996734619,4469
2023-09-12,2.9099373817443848,2.9099373817443848,2.9099373817443848,2.9099373817443848,50
2023-09-13,2.900844097137451,2.900844097137451,2.900844097137451,2.900844097137451,149
2023-09-14,2.8644700050354004,2.8644700050354004,2.8644700050354004,2.8644700050354004,3014
2023-09-15,2.8553762435913086,2.8553762435913086,2.8553762435913086,2.8553762435913086,182
2023-09-18,2.71897292137146,2.71897292137146,2.71897292137146,2.71897292137146,802
2023-09-19,2.6371309757232666,2.6371309757232666,2.6371309757232666,2.6371309757232666,2929
2023-09-20,2.628037452697754,2.628037452697754,2.628037452697754,2.628037452697754,1235
2023-09-21,2.6371309757232666,2.6371309757232666,2.6371309757232666,2.6371309757232666,4466
2023-09-22,2.591663122177124,2.591663122177124,2.591663122177124,2.591663122177124,4023
2023-09-25,2.5461952686309814,2.5461952686309814,2.5461952686309814,2.5461952686309814,894
2023-09-26,2.528008222579956,2.528008222579956,2.528008222579956,2.528008222579956,2731
2023-09-27,2.5371017456054688,2.5371017456054688,2.5371017456054688,2.5371017456054688,1529
2023-09-28,2.528008222579956,2.528008222579956,2.528008222579956,2.528008222579956,178
2023-09-29,2.5461952686309814,2.5461952686309814,2.5461952686309814,2.5461952686309814,701
2023-10-02,2.5371017456054688,2.5371017456054688,2.5371017456054688,2.5371017456054688,877
2023-10-03,2.5461952686309814,2.5461952686309814,2.5461952686309814,2.5461952686309814,10260
2023-10-04,2.5825698375701904,2.5825698375701904,2.5825698375701904,2.5825698375701904,16698
2023-10-05,2.7280662059783936,2.7280662059783936,2.7280662059783936,2.7280662059783936,1633
2023-10-06,3.2645859718322754,3.2645859718322754,3.2645859718322754,3.2645859718322754,1823
2023-10-09,3.6374218463897705,3.6374218463897705,3.6374218463897705,3.6374218463897705,640
2023-10-10,3.273679733276367,3.273679733276367,3.273679733276367,3.273679733276367,2707
2023-10-11,3.182744026184082,3.182744026184082,3.182744026184082,3.182744026184082,1114
2023-10-13,3.3191473484039307,3.3191473484039307,3.3191473484039307,3.3191473484039307,38825
2023-10-16,3.4555509090423584,3.4555509090423584,3.4555509090423584,3.4555509090423584,734
2023-10-17,3.4464571475982666,3.4464571475982666,3.4464571475982666,3.4464571475982666,3299
2023-10-18,3.628328323364258,3.628328323364258,3.628328323364258,3.628328323364258,425
2023-10-19,4.137567520141602,4.137567520141602,4.137567520141602,4.137567520141602,2972
2023-10-20,4.183034896850586,4.183034896850586,4.183034896850586,4.183034896850586,10326
2023-10-23,5.001455307006836,5.001455307006836,5.001455307006836,5.001455307006836,49454
2023-10-24,4.910520076751709,4.910520076751709,4.910520076751709,4.910520076751709,2309
2023-10-25,4.537683963775635,4.537683963775635,4.537683963775635,4.537683963775635,232
2023-10-26,4.455842018127441,4.455842018127441,4.455842018127441,4.455842018127441,20218
2023-10-27,4.3558125495910645,4.3558125495910645,4.3558125495910645,4.3558125495910645,656
2023-10-31,4.092099666595459,4.092099666595459,4.092099666595459,4.092099666595459,30852
2023-11-01,3.8192927837371826,3.8192927837371826,3.8192927837371826,3.8192927837371826,281
2023-11-02,3.6374218463897705,3.6374218463897705,3.6374218463897705,3.6374218463897705,4682
2023-11-03,3.9556963443756104,3.9556963443756104,3.9556963443756104,3.9556963443756104,1240
2023-11-07,3.9556963443756104,3.9556963443756104,3.9556963443756104,3.9556963443756104,0
2023-11-08,4.3649067878723145,4.3649067878723145,4.3649067878723145,4.3649067878723145,623
2023-11-09,4.273970603942871,4.273970603942871,4.273970603942871,4.273970603942871,1369
2023-11-10,4.228503227233887,4.228503227233887,4.228503227233887,4.228503227233887,2039
2023-11-13,4.3649067878723145,4.3649067878723145,4.3649067878723145,4.3649067878723145,1224
2023-11-14,4.869436264038086,4.869436264038086,4.869436264038086,4.869436264038086,2822
2023-11-15,4.479881286621094,4.479881286621094,4.479881286621094,4.479881286621094,4992
2023-11-16,4.528575897216797,4.528575897216797,4.528575897216797,4.528575897216797,268
2023-11-17,4.382492542266846,4.382492542266846,4.382492542266846,4.382492542266846,702
2023-11-20,4.275364875793457,4.275364875793457,4.275364875793457,4.275364875793457,645
2023-11-21,4.177976608276367,4.177976608276367,4.177976608276367,4.177976608276367,320
2023-11-22,3.8955490589141846,3.8955490589141846,3.8955490589141846,3.8955490589141846,2660
2023-11-23,3.885810136795044,3.885810136795044,3.885810136795044,3.885810136795044,213
2023-11-24,3.885810136795044,3.885810136795044,3.885810136795044,3.885810136795044,16110
2023-11-27,3.885810136795044,3.885810136795044,3.885810136795044,3.885810136795044,54339
2023-11-28,3.885810136795044,3.885810136795044,3.885810136795044,3.885810136795044,61288
2023-11-29,3.885810136795044,3.885810136795044,3.885810136795044,3.885810136795044,879
2023-11-30,3.885810136795044,3.885810136795044,3.885810136795044,3.885810136795044,392
2023-12-01,3.8760712146759033,3.8760712146759033,3.8760712146759033,3.8760712146759033,4984
2023-12-04,3.866332530975342,3.866332530975342,3.866332530975342,3.866332530975342,3572
2023-12-05,3.8468546867370605,3.8468546867370605,3.8468546867370605,3.8468546867370605,44011
2023-12-06,3.837116003036499,3.837116003036499,3.837116003036499,3.837116003036499,5945
2023-12-07,3.8468546867370605,3.8468546867370605,3.8468546867370605,3.8468546867370605,322
2023-12-08,3.5254716873168945,3.5254716873168945,3.5254716873168945,3.5254716873168945,2014
2023-12-12,3.885810136795044,3.885810136795044,3.885810136795044,3.885810136795044,430
2023-12-13,3.885810136795044,3.885810136795044,3.885810136795044,3.885810136795044,88
2023-12-14,3.885810136795044,3.885810136795044,3.885810136795044,3.885810136795044,20
2023-12-15,3.885810136795044,3.885810136795044,3.885810136795044,3.885810136795044,830
2023-12-18,3.885810136795044,3.885810136795044,3.885810136795044,3.885810136795044,5089
2023-12-19,3.885810136795044,3.885810136795044,3.8468546839458204,3.885810136795044,640
2023-12-20,3.885810136795044,3.885810136795044,3.885810136795044,3.885810136795044,78
2023-12-21,3.885810136795044,3.885810136795044,3.885810136795044,3.885810136795044,919
2023-12-22,3.885810136795044,3.885810136795044,3.885810136795044,3.885810136795044,1191
2023-12-26,3.885810136795044,3.8955490000073496,3.885810136795044,3.885810136795044,55
2023-12-27,3.8955490589141846,3.8955490589141846,3.885810195554612,3.885810195554612,276
2023-12-28,3.8955490589141846,3.8955490589141846,3.8955490589141846,3.8955490589141846,950
2023-12-29,3.8955490589141846,4.65518132973213,3.8955490589141846,3.8955490589141846,2565
2024-01-02,3.8955490589141846,4.070848599386494,3.8955490589141846,3.8955490589141846,533
2024-01-03,3.8955490589141846,3.8955490589141846,3.8955490589141846,3.8955490589141846,50
2024-01-04,4.363015174865723,4.382492902523735,4.363015174865723,3.8955492466877644,410
2024-01-05,4.353275299072266,4.353275299072266,4.187714875827664,4.363014393349605,1611
2024-01-08,4.353275299072266,4.713613892779063,4.353275299072266,4.353275299072266,275
2024-01-09,4.333797931671143,4.421447929840445,4.333797931671143,4.333797931671143,1890
2024-01-10,4.567531585693359,4.567531585693359,4.285104300095715,4.333798387455437,544
2024-01-11,4.421448230743408,4.470142780681524,4.382492776547174,4.56753141617211,321
2024-01-12,4.421448230743408,4.431187326485289,4.421448230743408,4.421448230743408,8000
2024-01-15,4.333797931671143,4.333797931671143,4.324059300977671,4.333797931671143,26
2024-01-16,4.304581642150879,4.314320272995807,3.9929375605576354,4.304581642150879,1048
2024-01-17,4.187715530395508,4.285104166463523,4.187715530395508,4.304581893677127,784
2024-01-18,3.8955490589141846,4.226670877525294,3.8955490589141846,4.187715424087003,5587
2024-01-19,4.187715530395508,4.187715530395508,4.177976434595882,3.895549157805813,407
2024-01-22,4.090326309204102,4.304581766615018,4.090326309204102,4.187715406783045,1277
2024-01-23,4.1390204429626465,4.187714986869383,4.1390204429626465,4.09032589905591,214
2024-01-24,4.285104274749756,4.285104274749756,3.944243807705202,4.285104274749756,127
2024-01-25,4.333797931671143,4.333797931671143,4.265626123660008,4.333797931671143,853
2024-01-26,4.236409664154053,4.2851042149316605,4.21693193672014,4.236409664154053,23270
2024-01-29,4.177976608276367,4.187715704480851,4.090326599978677,4.236409792346272,2775
2024-01-30,4.177976608276367,4.177976608276367,4.177976608276367,4.177976608276367,0
2024-01-31,4.29484224319458,4.333797692590654,4.17797589500636,4.29484224319458,145
2024-02-01,4.265625953674316,4.285103678670682,4.100065059012415,4.294842308976067,894
2024-02-02,4.285104274749756,4.382492913278821,4.255887450998207,4.265626547043944,5679
2024-02-05,4.742830753326416,4.742830753326416,4.742830753326416,4.742830753326416,1500
2024-02-06,4.567531585693359,4.577270217411039,4.518837033947974,4.567531585693359,1000
2024-02-07,4.479881286621094,4.567531288301635,4.479881286621094,4.567531288301635,9686
2024-02-08,4.723352909088135,4.742830634850711,4.4798811048631215,4.723352909088135,4500
2024-02-09,4.723352909088135,4.772047455687383,4.723352909088135,4.723352909088135,8477
2024-02-14,4.772047996520996,5.161603020307832,4.772047996520996,4.772047996520996,340
2024-02-15,4.772047996520996,5.112908468189853,4.772047996520996,4.772047996520996,349
2024-02-16,4.713614463806152,4.859697180578724,4.674659010748716,4.713614463806152,5340
2024-02-19,4.587009429931641,4.71361489617433,4.577270333581122,4.587009429931641,1525
2024-02-20,4.382492542266846,4.664919802284304,4.382492542266846,4.382492542266846,401
2024-02-21,4.382492542266846,4.382492542266846,4.382492542266846,4.382492542266846,20070
2024-02-22,4.567531585693359,4.567531585693359,4.567531585693359,4.567531585693359,1736
2024-02-23,4.382492542266846,4.440925720437463,4.382492542266846,4.567531171999942,1144
2024-02-26,4.518836498260498,4.567531044233366,4.518836498260498,4.382492419676316,399
2024-02-27,4.470142841339111,4.479881472827496,4.470142841339111,4.518836927552337,225
2024-02-28,4.479881286621094,4.869436282063282,4.450664928984668,4.479881286621094,5000
2024-02-29,4.772047996520996,4.869436636371288,4.479881612584452,4.479881612584452,1807
2024-03-01,4.645442485809326,4.869436587405401,4.577270206406813,4.772047948534426,273
2024-03-04,4.645442485809326,4.67465930966345,4.489620663615765,4.645442485809326,2211
2024-03-05,4.577270030975342,4.625964580737361,4.382492760698552,4.577270030975342,373
2024-03-06,4.577270030975342,4.567531399654324,4.567531399654324,4.577270030975342,44
2024-03-07,4.528575897216797,4.528575897216797,4.528575897216797,4.577269982072937,160
2024-03-08,4.479881286621094,4.479881286621094,4.479881286621094,4.528575835195979,10703
2024-03-11,5.258991718292236,5.258991718292236,4.869436690199168,5.258991718292236,235
2024-03-12,5.210296630859375,5.307685261790409,4.918130738066273,5.210296630859375,16
2024-03-13,5.161602973937988,5.161602973937988,5.161602973937988,5.161602973937988,1000
2024-03-14,4.918130874633789,5.307685409175144,4.918130874633789,5.161602690914954,812
2024-03-15,4.772047996520996,4.869436636371288,4.38249297273416,4.918131188489268,1207
2024-03-18,4.772047996520996,4.869436636371288,4.762308900343134,4.772047996520996,2000
2024-03-20,4.762308597564697,4.859697231223207,4.762308597564697,4.772047693123366,775
2024-03-21,4.762308597564697,4.859697231223207,4.762308597564697,4.762308597564697,318
2024-03-22,4.674659252166748,4.869436527513006,4.674659252166748,4.762308793879737,9105
2024-03-25,4.869436264038086,4.869436264038086,4.6746589992308145,4.869436264038086,25000
2024-03-26,4.859697341918945,4.869436437699455,4.820741887568202,4.869436437699455,95
2024-03-27,4.859697341918945,4.869436437699455,4.859697341918945,4.859697341918945,12713
2024-04-01,4.869436264038086,4.869436264038086,4.869436264038086,4.8596971686049075,5773
2024-04-02,5.736196041107178,5.736196041107178,4.869436478043429,5.736196041107178,21658
2024-04-03,5.697240352630615,5.726457174629564,5.68750172155472,5.697240352630615,53970
2024-04-04,5.697240352630615,5.697240352630615,5.697240352630615,5.697240352630615,456
2024-04-05,5.697240352630615,5.697240352630615,5.697240352630615,5.697240352630615,0
2024-04-09,7.791098117828369,7.791098117828369,7.304154485464096,7.791098117828369,72
2024-04-10,7.693709373474121,7.791098005667843,7.693709373474121,7.791098005667843,603
2024-04-11,8.764985084533691,8.764985084533691,7.73266467474822,7.693709222634475,1339
2024-04-12,8.764985084533691,9.105845987107386,8.764985084533691,8.764985084533691,31379
2024-04-15,9.329839706420898,9.446706064037944,8.813679728086141,9.329839706420898,1200
2024-04-16,8.28778076171875,10.031038910757843,8.28778076171875,8.28778076171875,7826
2024-04-17,9.251928329467773,9.446705582228644,8.764984733179997,8.287780231723064,1470
2024-04-18,7.80083703994751,9.349317905042474,7.80083703994751,9.251928809226328,5872
2024-04-22,8.813679695129395,9.222712409645188,7.791097908839907,8.813679695129395,535
2024-04-23,7.956659317016602,9.00845752694159,7.956659317016602,8.813680252653873,1385
2024-04-24,6.96329402923584,9.251929006350737,6.96329402923584,7.956659019763335,3398
2024-04-25,8.08326530456543,8.170915315902946,8.08326530456543,6.963294743419278,111
2024-04-26,8.716290473937988,8.764985020919566,8.716290473937988,8.716290473937988,30200
2024-04-29,7.985875606536865,8.394908343370552,7.985875606536865,8.71629107534398,520
2024-04-30,8.278040885925293,8.375429973738767,7.985874551256047,8.278040885925293,2442
2024-05-02,8.229347229003906,8.375430876469478,8.229347229003906,8.278041778159096,1266
2024-05-03,8.073525428771973,8.76498542741923,8.073525428771973,8.073525428771973,7400
2024-05-06,8.764985084533691,9.251928700341118,8.764985084533691,8.073525112936295,291
2024-05-07,8.716290473937988,8.764985020919566,8.716290473937988,8.764985020919566,787
2024-05-08,8.855348587036133,8.904819997964784,8.855348587036133,8.855348587036133,427
2024-05-09,8.2023286819458,8.410107854928764,8.2023286819458,8.855348670295491,150
2024-05-10,8.657464027404785,8.657464027404785,8.410107912336077,8.657464027404785,2309
2024-05-14,8.657464027404785,8.904820142473493,8.558521203941824,8.657464027404785,2039
2024-05-15,8.400214195251465,8.607993388302399,8.162752529932906,8.400214195251465,42
2024-05-16,8.400214195251465,8.400214195251465,8.400214195251465,8.400214195251465,0
2024-05-17,9.340166091918945,9.35006056256147,8.360636144436688,9.340166091918945,20152
2024-05-20,9.300589561462402,9.894244615848809,8.410107923471488,9.34016650218225,100
2024-05-21,9.300589561462402,9.894244615848809,9.003762977857896,9.300589561462402,145
2024-05-22,9.745831489562988,9.894244783885789,8.90482030549721,9.300589719417157,4168
2024-05-23,9.587522506713867,9.686465329163717,9.399532276365578,9.745831211351362,2911
2024-05-24,9.597417831420898,9.775514550237856,9.399533112506928,9.587523359578007,393
2024-05-27,9.597417831420898,9.597417831420898,9.597417831420898,9.597417831420898,181
2024-05-28,9.874455451965332,9.874455451965332,9.498474995363708,9.874455451965332,75
2024-05-29,9.874455451965332,9.894244393675248,9.874455451965332,9.874455451965332,1912
2024-05-30,9.894244194030762,9.894244194030762,9.874455252720145,9.874455252720145,4248
2024-05-31,10.883668899536133,10.883668899536133,10.883668899536133,9.894244454123758,930
2024-06-04,11.972036361694336,11.972036361694336,10.883669076598961,10.883669076598961,3096
2024-06-05,13.604586601257324,13.851942721280185,12.169921293842476,11.97203658654193,1580
2024-06-06,13.604586601257324,13.604586601257324,13.604586601257324,13.604586601257324,0
2024-06-07,13.85194206237793,15.83079092843192,13.85194206237793,13.604585954121182,10089
2024-06-10,14.8413667678833,14.8413667678833,13.85194231669108,13.85194231669108,270
2024-06-11,14.8413667678833,15.33607899347941,14.8413667678833,14.8413667678833,1030
2024-06-12,14.2971830368042,14.841366670091976,14.2971830368042,14.2971830368042,50
2024-06-13,14.247712135314941,14.29718354803529,14.247712135314941,14.247712135314941,1000
2024-06-14,13.85194206237793,14.24771145815326,13.85194206237793,13.85194206237793,300
2024-06-18,13.149450302124023,13.851941667279606,13.139555831614691,13.851941667279606,975
2024-06-19,13.456172943115234,14.594010687042385,13.456172943115234,13.149450947394982,282
2024-06-20,12.862518310546875,13.357230553260216,12.862518310546875,12.862518310546875,3450
2024-06-21,13.159345626831055,13.28797092103574,12.862518097403992,12.862518097403992,264
2024-06-25,13.25828742980957,13.25828742980957,13.25828742980957,13.159345549640065,588
2024-06-26,12.8130464553833,12.862517866665135,12.8130464553833,13.258287269742434,1396
2024-06-27,12.803152084350586,12.813046555401927,12.803152084350586,12.803152084350586,28018
2024-06-28,12.664632797241211,12.803151612500194,12.654738326554524,12.803151612500194,1745
2024-07-01,12.664632797241211,12.803151612500194,11.87309307049076,12.664632797241211,3792
2024-07-02,11.754363059997559,11.873093885623144,10.883669395154548,11.754363059997559,3126
2024-07-03,12.664632797241211,12.813046083186881,10.883668647949865,12.664632797241211,979
2024-07-04,12.2688627243042,12.36780554610854,12.2688627243042,12.664633067932881,1455
2024-07-08,12.2688627243042,12.2688627243042,12.219392256990709,12.2688627243042,1537
2024-07-09,12.2688627243042,12.81304635705071,11.873093324264199,12.2688627243042,4805
2024-07-10,12.169920921325684,12.367805622569051,12.169920921325684,12.169920921325684,12560
2024-07-11,12.219391822814941,12.565689799648217,12.169920413670575,12.169920413670575,6317
2024-07-12,13.85194206237793,14.346654278891428,12.219392125318857,13.85194206237793,175
2024-07-15,13.85194206237793,13.85194206237793,12.367805412837438,13.85194206237793,140
2024-07-16,13.347335815429688,13.851942519382778,13.347335815429688,13.347335815429688,695
2024-07-17,12.862518310546875,13.307759140271138,12.862518310546875,13.347336081944658,1751
2024-07-18,12.862518310546875,13.307759140271138,12.862518310546875,12.862518310546875,613
2024-07-19,12.664632797241211,12.862517493031659,12.664632797241211,12.664632797241211,622
2024-07-22,12.714104652404785,13.80247098916723,12.714104652404785,12.714104652404785,72
2024-07-23,12.664632797241211,12.862517493031659,12.664632797241211,12.664632797241211,1580
2024-07-25,12.862518310546875,13.851942795973558,12.862518310546875,12.664633602179283,1663
2024-07-26,13.357229232788086,13.80247001849663,13.357229232788086,13.357229232788086,1585
2024-07-29,14.198241233825684,14.346654523878609,14.198241233825684,13.357230073955947,195
2024-07-30,14.247712135314941,14.247712135314941,14.247712135314941,14.198241666183307,110
2024-07-31,14.247712135314941,14.29718354803529,14.247712135314941,14.247712135314941,50
2024-08-01,14.247712135314941,14.247712135314941,12.862518240677469,14.247712135314941,2206
2024-08-02,14.247712135314941,14.247712135314941,14.247712135314941,14.247712135314941,638
2024-08-05,13.85194206237793,14.24771145815326,13.85194206237793,13.85194206237793,3200
2024-08-06,13.85194206237793,14.227923460158829,13.85194206237793,13.85194206237793,1142
2024-08-07,13.802470207214355,13.851941615989189,13.79257573674166,13.851941615989189,273
2024-08-08,13.85194206237793,14.346654278891428,13.802470652008846,13.802470652008846,320
2024-08-09,13.802470207214355,13.851941615989189,13.6540569244785,13.851941615989189,126
2024-08-12,12.367806434631348,13.654058492550758,12.367806434631348,12.367806434631348,80
2024-08-13,13.208816528320312,13.654057333452629,13.208816528320312,12.367805384723637,286
2024-08-14,12.615161895751953,13.208816950634581,12.615161895751953,13.208816950634581,729
2024-08-15,12.545902252197266,12.862517772337188,12.545902252197266,12.545902252197266,20
2024-08-16,12.53600788116455,12.54590235214492,12.367805648853054,12.53600788116455,13
2024-08-20,12.704209327697754,12.813045670984009,12.367804883881984,12.704209327697754,1960
2024-08-21,13.159345626831055,13.851942566435067,12.704210333333211,12.704210333333211,304
2024-08-22,12.763574600219727,13.01093070443785,12.763574600219727,13.159344933121918,533
2024-08-23,12.704209327697754,12.71410379806613,12.664632389812876,12.763574262730755,1933
2024-08-26,12.704209327697754,12.862517079237263,12.704209327697754,12.704209327697754,5015
2024-08-27,12.862518310546875,13.851942795973558,12.862518310546875,12.7042105438528,110
2024-08-28,13.654057502746582,14.19824113513938,12.466748359809635,13.654057502746582,85
2024-08-29,13.357229232788086,13.357229232788086,13.307757824689663,13.65405673778999,109
2024-08-30,13.357229232788086,13.357229232788086,13.357229232788086,13.357229232788086,0
2024-09-02,13.654057502746582,14.791895234813513,13.654057502746582,13.357229981115175,212
2024-09-03,13.654057502746582,13.851942202637959,13.654057502746582,13.654057502746582,567
2024-09-04,12.862518310546875,13.357230553260216,12.862518310546875,13.654058087605966,403
2024-09-05,12.664632797241211,12.862517493031659,12.466748101450763,12.862517493031659,903
2024-09-06,12.862518310546875,13.851942795973558,12.862518310546875,12.664633602179283,491
2024-09-09,12.367806434631348,12.862518692016602,12.367806434631348,12.862518692016602,372
2024-09-10,11.873093605041504,12.169921133885282,11.675208900341886,11.873093605041504,9000
2024-09-11,11.863199234008789,11.873093705224434,11.823622292734923,11.863199234008789,5
2024-09-12,11.873093605041504,11.873093605041504,11.675208900341886,11.873093605041504,91
2024-09-13,12.367806434631348,12.862518692016602,11.873094177246095,11.873094177246095,1661
2024-09-17,12.842728614807129,12.862517556277808,12.367805342574815,12.842728614807129,20
2024-09-18,12.615161895751953,12.763575187678262,11.873093548943014,12.615161895751953,1037
2024-09-19,11.873093605041504,12.664633367428678,11.873093605041504,11.873093605041504,4091
2024-09-20,12.565690040588379,12.664632860774287,12.367805343805228,11.87309313005302,18
2024-09-23,12.318334579467773,12.565690699310856,12.318334579467773,12.318334579467773,300
2024-09-24,12.318334579467773,12.318334579467773,12.318334579467773,12.318334579467773,0
2024-09-25,12.367806434631348,12.842729748798593,12.367806434631348,12.367806434631348,1630
2024-09-26,11.873093605041504,12.3678058385849,11.873093605041504,12.3678058385849,70
2024-09-27,11.873093605041504,11.873093605041504,11.873093605041504,11.873093605041504,0
2024-09-30,12.2589693069458,12.268862834344027,11.873093430754356,11.873093430754356,1258
2024-10-01,11.902775764465332,12.169920816535107,11.902775764465332,11.902775764465332,20
2024-10-02,11.902775764465332,11.902775764465332,11.902775764465332,11.902775764465332,0
2024-10-03,11.863199234008789,12.160026765357143,11.774150880245413,11.873093705224434,693
2024-10-04,11.39816951751709,11.873092775619316,11.39816951751709,11.863198305178361,2297
2024-10-07,11.39816951751709,11.873092775619316,11.39816951751709,11.39816951751709,1962
2024-10-08,11.863199234008789,11.873093705224434,11.398170409938038,11.398170409938038,1700
2024-10-09,11.863199234008789,11.863199234008789,11.863199234008789,11.863199234008789,10
2024-10-10,11.853304862976074,11.863199334275345,11.853304862976074,11.863199334275345,1370
2024-10-11,12.2688627243042,12.2688627243042,11.853304382467858,12.2688627243042,9549
2024-10-14,12.2688627243042,13.832153269845225,12.2688627243042,12.2688627243042,817
2024-10-15,13.357229232788086,13.357229232788086,11.873092651367188,13.357229232788086,2022
2024-10-16,13.357229232788086,13.851941426595051,13.752998610398208,13.357229232788086,67
2024-10-17,13.307758331298828,13.832153012492425,13.307758331298828,13.357229741280563,1129
2024-10-18,13.357229232788086,13.505642513494724,13.357229232788086,13.357229232788086,300
2024-10-21,13.337441444396973,13.505643680310206,13.337441444396973,13.35723038678145,50
2024-10-22,13.347335815429688,13.357230286547678,13.347335815429688,13.347335815429688,20541
2024-10-23,13.347335815429688,13.347335815429688,13.347335815429688,13.347335815429688,193
2024-10-24,13.25828742980957,13.505643545616381,12.862518021954154,13.347335782474214,511
2024-10-25,13.248393058776855,13.258286585651796,12.466747820338393,13.248393058776855,2019
2024-10-28,13.25828742980957,15.83079141163588,13.25828742980957,13.24839390230471,968
2024-10-29,13.842048645019531,13.851943116564088,13.822260645519156,13.258288034132988,100
2024-10-30,13.802470207214355,13.802470207214355,11.922564222479851,13.842047145516494,374
2024-10-31,13.357229232788086,13.80247001849663,11.873092651367188,13.80247001849663,883
2024-11-01,13.85194206237793,15.83079092843192,13.85194206237793,13.85194206237793,15783
2024-11-05,15.138195037841797,15.811003056162527,13.60458687421279,13.851942999198478,16654
2024-11-06,14.8413667678833,15.138194291958703,14.8413667678833,14.8413667678833,5976
2024-11-07,14.594011306762695,15.830791925979874,14.594011306762695,14.594011306762695,2828
2024-11-08,15.43502140045166,15.613117155230789,15.43502140045166,15.43502140045166,360
2024-11-11,15.138195037841797,15.138195037841797,15.138195037841797,15.435022576542368,1572
2024-11-12,15.128299713134766,15.830791106216678,15.128299713134766,15.138194184037435,4884
2024-11-13,15.138195037841797,15.138195037841797,15.138195037841797,15.128300566381073,557
2024-11-14,16.276033401489258,16.276033401489258,15.138194686788248,15.138194686788248,840
2024-11-15,16.117725372314453,16.82021583363893,15.830791372836641,16.27603313506863,9343
2024-11-19,17.31492805480957,18.779275803093746,15.83079136439732,16.11772536372217,6150
2024-11-20,16.71137809753418,17.29513866495859,15.840685425390184,16.71137809753418,480
2024-11-21,15.830791473388672,16.820215940475464,15.830791473388672,16.711378645199147,19592
2024-11-22,17.04778289794922,17.04778289794922,17.04778289794922,17.04778289794922,24195
2024-11-25,16.820215225219727,17.80963965023265,16.820215225219727,17.04778239005014,1203
2024-11-26,15.830791473388672,16.820215940475464,15.830791473388672,16.820215940475464,107
2024-11-27,16.820215225219727,17.06757133147296,16.810320754508318,15.8307908002068,737
2024-11-28,17.611753463745117,17.80963909747688,17.611753463745117,16.820214703172606,65
2024-11-29,17.166515350341797,17.779957479874117,17.166515350341797,17.61175524038736,39
2024-12-02,16.919157028198242,17.77995516940027,16.72127140021902,17.166513119583662,60
2024-12-03,16.642118453979492,16.72127233214723,16.503599638980283,16.91915797115523,4728
2024-12-04,16.869686126708984,17.018101304030765,16.820215659053307,16.642118956009067,4505
2024-12-05,17.018102645874023,17.06757311743035,16.820216985293676,17.018102645874023,1650
2024-12-06,16.869686126708984,17.117042239342123,15.83079120852076,16.869686126708984,250
2024-12-09,16.879581451416016,17.117043105092947,16.86968697994896,16.86968697994896,486
2024-12-10,16.820215225219727,16.87958016231085,16.820215225219727,16.820215225219727,5071
2024-12-11,16.820215225219727,16.820215225219727,16.820215225219727,16.820215225219727,39960
2024-12-12,16.325504302978516,16.87958149636688,16.325504302978516,16.325504302978516,165
2024-12-13,16.325504302978516,16.87958149636688,16.325504302978516,16.820216554583926,786
2024-12-16,15.632906913757324,16.820216096561577,15.632906913757324,15.632906913757324,4267
2024-12-17,16.820215225219727,16.820215225219727,15.929733620143558,16.820215225219727,33528
2024-12-18,18.304353713989258,18.79906597652951,17.809641451449007,16.820216926368506,5340
2024-12-19,17.80963897705078,18.25488070634795,17.314926783243813,17.80963897705078,2570
2024-12-20,17.611753463745117,17.80963909747688,17.314926900324743,17.80963909747688,275
2024-12-23,18.195514678955078,18.304351970242454,18.195514678955078,17.61175411379478,145
2024-12-26,18.15593910217285,18.304352392787,18.15593910217285,18.195515098987183,556
2024-12-27,18.304353713989258,18.304353713989258,18.10646805410215,18.155940412662684,50
2024-12-30,20.283201217651367,21.371568489692525,20.283201217651367,18.304352318368306,32460
2025-01-02,21.717866897583008,21.76733736399388,21.717866897583008,20.283200725539754,10
2025-01-03,20.77791404724121,21.569452875122288,20.77791404724121,20.77791404724121,15080
2025-01-07,21.767337799072266,21.767337799072266,20.77791335365989,20.77791335365989,267
2025-01-08,20.77791404724121,21.767338525681268,19.788489568801154,20.77791404724121,530
2025-01-09,20.77791404724121,20.77791404724121,19.788489568801154,20.77791404724121,26
2025-01-10,20.77791404724121,20.77791404724121,20.77791404724121,20.77791404724121,50
2025-01-14,18.79906463623047,20.77791354530736,18.79906463623047,20.77791354530736,1323
2025-01-15,18.79906463623047,19.788489090768916,18.79906463623047,18.79906463623047,120
2025-01-16,19.788488388061523,20.76801833680929,19.788488388061523,18.799063968658448,832
2025-01-17,19.788488388061523,19.788488388061523,19.788488388061523,19.788488388061523,120
2025-01-20,20.18425750732422,20.777912528429077,19.88743094036043,20.18425750732422,90
2025-01-21,20.728443145751953,20.728443145751953,20.184258561656282,20.184258561656282,281
2025-01-22,20.48108673095703,20.777913309072844,19.78848886578366,20.48108673095703,787
2025-01-23,20.768020629882812,20.777915101630605,19.78849057298153,20.481088497906892,22915
2025-01-24,20.678970336914062,20.77791315795886,19.78848872186558,20.768018687136646,10
2025-01-27,20.77791404724121,23.251475243341353,20.67897122196172,20.67897122196172,8704
2025-01-28,20.768020629882812,20.777915101630605,20.283202837306067,20.768020629882812,18316
2025-01-29,21.717866897583008,21.76733736399388,20.777912938357797,20.768018467640157,3850
2025-01-30,22.707292556762695,22.746868554605843,22.707292556762695,22.707292556762695,30000
2025-01-31,22.54898452758789,22.707292291465773,22.54898452758789,22.707292291465773,2935
2025-02-03,22.410465240478516,22.410465240478516,22.410465240478516,22.410465240478516,282
2025-02-04,22.410465240478516,22.410465240478516,22.410465240478516,22.410465240478516,0
2025-02-05,22.410465240478516,22.410465240478516,22.410465240478516,22.410465240478516,0
2025-02-06,21.757444381713867,22.113637803206974,20.28320211312373,21.757444381713867,257
2025-02-07,21.272624969482422,21.767337178075035,21.223154503494083,21.757442707441907,10
2025-02-10,21.272624969482422,21.767337178075035,21.272624969482422,21.272624969482422,738
2025-02-11,21.272624969482422,21.272624969482422,21.272624969482422,21.272624969482422,23
2025-02-12,20.77791404724121,22.212580295850266,20.77791404724121,21.27262628646124,761
2025-02-13,22.21257972717285,22.21257972717285,22.21257972717285,20.777913515293537,1532
2025-02-14,22.21257972717285,22.21257972717285,22.21257972717285,22.21257972717285,33790
2025-02-17,22.707292556762695,24.24089974493888,22.212580317070067,22.707292556762695,2160
2025-02-18,23.746187210083008,24.141956619482244,23.746187210083008,22.707292274512838,166
2025-02-19,23.746187210083008,23.746187210083008,22.756762742996216,23.746187210083008,50
2025-02-20,23.736291885375977,24.033120347134282,23.736291885375977,23.74618635615232,781
2025-02-21,23.647245407104492,23.74618823552133,23.251475980614636,23.736293763961896,1184
2025-02-24,26.21974754333496,27.70388419673128,25.230323107737416,23.647243633345873,41
2025-02-25,26.120805740356445,26.190065151599175,25.725036328128414,26.21974856520781,4334
2025-02-26,25.230323791503906,25.725036022709865,22.75676263547411,26.12080543023915,67
2025-02-27,25.230323791503906,25.725036022709865,25.131380967827234,25.230323791503906,26472
2025-02-28,25.477678298950195,26.21974659891962,25.477678298950195,25.230322198960387,9559
2025-03-05,25.39852523803711,26.21974744088724,25.39852523803711,25.47767911708854,500
2025-03-06,25.12148666381836,25.398526194520077,25.101699608693345,25.398526194520077,225
2025-03-07,25.230323791503906,25.230323791503906,25.230323791503906,25.121486496741827,173
2025-03-10,24.83455467224121,25.18085361554052,24.636669022590915,25.230324084364387,164
2025-03-11,24.58719825744629,24.73561154930665,24.58719825744629,24.834554372939355,10
2025-03-12,24.735612869262695,25.180854655780422,24.725718397653694,24.58719956948262,300
2025-03-13,24.933496475219727,25.299582458738872,24.735610833679356,24.735610833679356,1011
2025-03-14,24.735612869262695,25.03243946882285,24.735612869262695,24.933498527087796,1794
2025-03-17,24.735612869262695,24.735612869262695,24.735612869262695,24.735612869262695,0
2025-03-18,24.5179386138916,24.5179386138916,24.508044142904687,24.587198023622623,600
2025-03-20,25.72503662109375,25.72503662109375,24.517939428257076,24.517939428257076,614
2025-03-21,24.735612869262695,25.675566913165678,24.735612869262695,25.725037384033204,1000
2025-03-24,25.527149200439453,25.725034838684877,25.527149200439453,25.527149200439453,16203
2025-03-25,25.72503662109375,26.71446110652043,25.72503662109375,25.527150969137438,400
2025-03-26,30.672157287597656,30.672157287597656,26.219747358752837,30.672157287597656,1275
2025-03-27,32.60153579711914,32.65100626386012,32.55206533037817,30.672157399383746,9659
2025-03-28,32.15629577636719,32.15629577636719,32.13650683373607,32.601537549680174,7500
2025-03-31,29.6827335357666,32.15629466374715,29.6827335357666,29.6827335357666,2751
2025-04-01,29.672840118408203,31.66158356238159,29.672840118408203,29.672840118408203,10600
2025-04-02,29.138551712036133,29.682734421560436,29.138551712036133,29.138551712036133,5710
2025-04-03,29.000030517578125,29.682733926292524,29.000030517578125,29.138551225848122,424
2025-04-04,32.65100860595703,34.62985761237867,31.651689631252808,29.000031660699417,610
2025-04-07,32.65100860595703,32.65100860595703,32.40365248015433,32.65100860595703,62
2025-04-08,32.1068229675293,32.65100563999157,27.70388357332618,32.65100563999157,1939
2025-04-09,32.007877349853516,32.5025895424284,30.672155939643115,32.007877349853516,1175
2025-04-10,32.15629577636719,32.65100801908053,31.661583533653847,32.00788059381124,40
2025-04-11,29.296857833862305,31.6615816061769,29.296857833862305,32.15629381877341,7914
2025-04-14,29.672840118408203,29.672840118408203,28.891195755544178,29.296859643962996,656
2025-04-15,29.6827335357666,32.15629466374715,29.6827335357666,29.672839064793394,863
2025-04-16,29.6827335357666,32.057353728369826,28.69330908457438,29.6827335357666,3654
2025-04-21,29.6827335357666,32.15629466374715,29.6827335357666,29.6827335357666,6853
2025-04-22,29.6827335357666,32.15629466374715,28.69330908457438,29.6827335357666,10
2025-04-23,29.6827335357666,32.13650572180074,29.6827335357666,29.6827335357666,3716
2025-04-24,31.661582946777344,31.661582946777344,29.68273401260376,29.68273401260376,281
2025-04-25,32.15629577636719,32.64111543494241,29.68273456280048,31.661583533653847,530
2025-04-28,31.661582946777344,31.661582946777344,29.68273401260376,31.661582946777344,300
2025-04-29,31.562639236450195,32.55206556293431,31.5131687693558,31.562639236450195,20524
2025-04-30,31.166872024536133,31.41422815171499,30.959093783551083,31.166872024536133,290
2025-05-02,31.018455505371094,31.16686878883485,29.682732179842713,31.16686878883485,2852
2025-05-05,30.95104217529297,31.36052661100899,29.47290314368632,30.95104217529297,1280
2025-05-06,30.91109275817871,30.961029139972517,30.461657702231026,30.91109275817871,2372
2025-05-07,30.94105339050293,32.85864166563394,30.46165727419559,30.94105339050293,250
2025-05-08,31.95977210998535,31.95977210998535,31.95977210998535,31.95977210998535,321
2025-05-09,31.95977210998535,31.95977210998535,31.95977210998535,31.95977210998535,1639
2025-05-12,31.410465240478516,31.959773078281103,31.410465240478516,31.959773078281103,1113
2025-05-13,30.961029052734375,31.4104641074157,30.961029052734375,30.961029052734375,346
2025-05-14,30.961029052734375,31.959771925403224,29.962286180065522,30.961029052734375,300
2025-05-15,31.95977210998535,31.95977210998535,29.962286353111267,31.95977210998535,9043
2025-05-16,33.95725631713867,34.95599914999569,31.959770651424634,33.95725631713867,1039
2025-05-19,32.009708404541016,35.85487076196745,32.009708404541016,33.95725777415682,3591
2025-05-20,34.906063079833984,35.854869541441225,32.95851377651419,34.906063079833984,1957
2025-05-21,35.8548698425293,37.952228303777396,32.509079008755315,34.906063372954534,1532
2025-05-22,35.50531005859375,35.85487236667837,35.35550090647339,35.50531005859375,1717
2025-05-23,35.7549934387207,35.95474277165467,35.7549934387207,35.7549934387207,4003
2025-05-26,35.695072174072266,37.95222940439813,32.96850076151645,35.75499430847894,741
2025-05-27,33.5078239440918,37.9522306655959,33.5078239440918,33.5078239440918,1900
2025-05-28,36.444129943847656,37.952230040138474,33.957258456966,36.444129943847656,90
2025-05-29,36.35424041748047,37.952227416311935,32.95851328258668,36.35424041748047,8530
2025-05-30,36.35424041748047,36.35424041748047,34.95599893607678,36.35424041748047,847
2025-06-03,33.987220764160156,36.30430406211037,33.95725969536228,33.987220764160156,3054
2025-06-04,35.904808044433594,37.80241726994344,34.95600152672776,33.98721969381844,889
2025-06-05,36.45411682128906,36.95348828459439,34.95600243137307,35.90480897363358,2313
2025-06-06,36.953487396240234,37.852357532541944,35.95474449363915,36.454115944939694,522
2025-06-09,38.95097351074219,39.94971642127404,36.95348768967848,36.95348768967848,1784
2025-06-10,37.95222854614258,39.94971425909745,36.95348568966514,37.95222854614258,8567
2025-06-11,39.94971466064453,39.94971466064453,38.95097179412842,39.94971466064453,1500
2025-06-12,39.939727783203125,39.94971353523024,36.96347077211509,39.939727783203125,10
2025-06-13,39.939727783203125,39.94971353523024,36.95348502008797,39.939727783203125,1742
2025-06-17,37.95222854614258,39.94971425909745,36.95348568966514,37.95222854614258,550
2025-06-18,42.446571350097656,42.94594277774586,38.93099604226608,42.446571350097656,3500
2025-06-19,42.94594192504883,44.843554836395334,42.446570507315705,42.94594192504883,760
2025-06-20,42.64632034301758,42.94594243523658,41.9471995879055,42.94594243523658,245
2025-06-25,42.446571350097656,43.94468563304228,42.446571350097656,42.446571350097656,1195
2025-06-26,40.94845962524414,42.69625973119968,38.950973789866374,40.94845962524414,342
2025-06-27,42.446571350097656,42.446571350097656,39.949714211856616,42.446571350097656,34200
2025-06-30,40.95844268798828,42.44657121396397,40.95844268798828,42.44657121396397,230
2025-07-01,39.95970153808594,44.94343025868339,39.95970153808594,40.95844443272335,12601
2025-07-02,40.94845962524414,43.94468837831079,40.0495894753634,39.95970246037532,9863
2025-07-03,41.947200775146484,44.84355663834347,40.948457899547755,41.947200775146484,3000
2025-07-04,41.497764587402344,43.944685327866125,41.44782820696464,41.94719963114493,5791
2025-07-07,40.04958724975586,43.94468593624756,39.89977810636874,41.49776516190799,8040
2025-07-08,38.95097351074219,42.696259425236626,38.95097351074219,40.04958918836648,5599
2025-07-09,38.95097351074219,39.94971642127404,38.47157737087512,38.95097351074219,3797
2025-07-10,39.94971466064453,43.94468612670899,38.98093286095536,38.95097179412842,26
2025-07-11,40.60888671875,43.93470245013242,39.84984378069287,39.94971654810239,500
2025-07-14,40.648834228515625,43.69499911943292,39.96968879455289,40.60888360065862,6367
2025-07-15,41.4877815246582,43.69500244823849,40.94845943720635,41.4877815246582,200
2025-07-16,41.4877815246582,43.63507650188766,41.447830893757654,41.4877815246582,9540
2025-07-17,43.93470001220703,43.94468576443313,43.635074106800936,41.4877792474344,1300
2025-07-18,44.44405746459961,44.44405746459961,42.95592892032707,43.9347002801261,1020
2025-07-21,45.44280242919922,45.94217388446514,42.94594515286959,44.444059518667366,6277
2025-07-22,44.94342803955078,46.94091373019748,44.94342803955078,45.442799462212456,4073
2025-07-23,44.69374465942383,47.44028762732138,42.94594458894357,44.69374465942383,5000
2025-07-25,44.69374465942383,44.933444631160775,42.94594458894357,44.69374465942383,1267
2025-07-28,43.445316314697266,44.89349428716754,43.445316314697266,44.693744944429945,4042
2025-07-29,43.445316314697266,45.942173574162624,42.9459448628042,43.445316314697266,3723
2025-07-30,44.93344497680664,44.93344497680664,43.44531637185081,44.93344497680664,7220
2025-07-31,43.94468688964844,44.83356744669569,43.94468688964844,44.9334440210223,5055
2025-08-01,44.89349365234375,44.94343003484656,43.9446871451833,44.89349365234375,3130
2025-08-04,42.94594192504883,44.64380550732177,42.94594192504883,42.94594192504883,9281
2025-08-05,43.94468688964844,44.444058331576265,42.945944005792796,43.94468688964844,4300
2025-08-06,46.940914154052734,50.93588557141892,44.29424406608698,43.94468559102809,3359
2025-08-07,49.9371452331543,53.93211685180664,46.940916519165036,46.940916519165036,3120
2025-08-08,53.93211364746094,53.93211364746094,49.94712801826406,53.93211364746094,540
2025-08-11,57.827213287353516,59.924571775536634,53.93211459798297,53.93211459798297,1238
2025-08-12,57.927085876464844,57.927085876464844,49.93714299695245,57.8272131144316,1016
2025-08-13,64.86834716796875,64.88832629270794,57.92708718278104,57.92708718278104,750
2025-08-14,64.91828918457031,67.8645777227178,64.8983176790733,64.86834899112223,110
2025-08-15,66.915771484375,69.91200005830224,55.92960004664179,64.9182857684235,958
2025-08-19,66.81590270996094,66.91577547775803,66.8059131472401,66.91577547775803,1213
2025-08-20,68.41388702392578,69.91200133831832,66.91577270953324,66.81589994586777,600
2025-08-21,68.41388702392578,69.91200133831832,68.41388702392578,68.41388702392578,3568
2025-08-22,69.91200256347656,79.87945999595436,68.91325966971262,68.41388822283064,2221
2025-08-25,73.91696166992188,79.89942930563646,70.91074350875236,69.9120006424319,1391
2025-08-26,71.90948486328125,81.89691331651476,65.91702779134114,73.91696011592607,7426
2025-08-27,71.89949798583984,71.90948754821096,63.91954448729863,71.90948754821096,639
2025-08-28,66.915771484375,71.89949621212905,64.92827533054819,71.89949621212905,400
2025-08-29,64.91828918457031,71.89949999564291,64.91828918457031,66.91577500563402,164
2025-09-01,67.91451263427734,70.4113697164199,63.91954130284927,64.91828413570629,1600
2025-09-02,71.90948486328125,75.90445624457465,67.91451348198784,67.91451348198784,600
2025-09-03,79.87945556640625,79.89942707046048,69.90200912472423,71.90948436341444,3500
2025-09-04,87.89936065673828,94.88057106809873,74.90571400113058,79.87945676351909,856
2025-09-05,93.33251953125,94.88057405052203,89.88685962681033,87.89936341971807,1263
2025-09-08,93.1827163696289,93.42241253401752,87.89936547163154,93.3325217099945,1353
2025-09-09,75.06552124023438,89.8768728966538,74.67600449269104,93.1827171307924,1725
2025-09-10,77.85200500488281,89.83691965059995,72.9082307614459,77.85200500488281,500
2025-09-11,70.4213638305664,77.40257454998098,70.4213638305664,77.85200580589813,657
2025-09-12,74.80583953857422,76.90319795894855,73.90696946704148,70.42135912166776,1741
2025-09-16,72.79837036132812,74.75590555757026,72.78838079864727,74.80584575117079,2204
2025-09-17,72.3089828491211,72.9082270267502,71.41011277277588,72.3089828491211,5403
2025-09-18,71.90948486328125,72.40885628594292,64.91828494601779,71.90948486328125,7628
2025-09-19,71.90948486328125,71.90948486328125,71.17041729128687,71.90948486328125,7447
2025-09-22,71.41011810302734,71.90948955829327,68.91326082669771,71.90948955829327,3635
2025-09-23,76.9031982421875,76.9031982421875,71.90948407061688,71.41011265345982,40
2025-09-24,84.89314270019531,89.8868569766774,71.90948558134191,76.90319985782399,440
2025-09-25,89.88685607910156,94.88057030571831,77.90194193522136,84.8931418524848,30000
2025-09-26,89.87686920166016,92.88308738942189,79.94937020408506,89.88685876395667,26530
2025-09-29,85.89188385009766,89.88685519196267,81.0979151919384,89.87686563006314,5
2025-09-30,67.91451263427734,70.4113697164199,63.91954130284927,64.91828413570629,1600
2025-10-01,81.89691925048828,85.8918909212438,77.92191908537288,81.89691925048828,3123
2025-10-02,81.89691925048828,81.89691925048828,78.90069049742164,81.89691925048828,776
2025-10-03,81.89691925048828,84.89314800355493,81.89691925048828,81.89691925048828,4749
2025-10-06,81.64723205566406,84.89314647989535,78.91067864385715,81.89691778060492,1984
2025-10-07,79.40006256103516,84.89314865016337,78.91068066118517,81.64723414295125,3644
2025-10-08,78.92066192626953,84.88315835823906,77.92191900955245,79.40006187900738,8068
2025-10-09,81.39754486083984,81.8969163017039,78.90068765651961,78.92065916144064,1614
2025-10-10,82.89566040039062,94.88057515707361,79.89943171121988,81.39754605580525,8346
2025-10-13,86.89063262939453,94.88057585968369,83.39503246614302,82.89566101424995,6101
2025-10-14,91.88434600830078,91.88434600830078,88.88811733411706,86.89063155132791,5239
2025-10-15,91.88434600830078,96.87806046527365,84.89314576853877,91.88434600830078,27915
2025-10-16,96.3786849975586,96.77818366140549,96.27881223654768,91.88434217383825,915
2025-10-17,96.87805938720703,98.84558408052814,96.67831385907232,96.87805938720703,360
2025-10-21,107.81429290771484,107.86423310059027,99.87428990795395,107.81429290771484,41000
2025-10-22,112.84795379638672,114.85542908170758,104.86800046590693,107.8142888596468,675
2025-10-23,119.8491439819336,119.8491439819336,96.878058052063,112.8479543541107,7672
2025-10-24,119.83915710449219,124.84286111138135,119.59946094470334,119.84914666692609,1858
2025-10-27,119.8491439819336,119.8491439819336,117.85165824890137,119.8491439819336,22
2025-10-28,124.34349060058594,124.84286204878106,117.85166177404932,119.84914756682981,932
2025-10-29,121.32728576660156,124.83286771261803,119.83915342162823,121.32728576660156,7000
2025-10-30,126.32099914550781,127.83908492629412,119.84914211840074,121.32728489057445,998
2025-10-31,124.82289123535156,126.8403485445273,120.84789113297484,126.32100558823969,5580
2025-11-03,126.74047088623047,126.84034364860729,119.84914360498325,124.82288641730354,4083
2025-11-04,124.72300720214844,126.83035527317199,120.35850572503608,126.74047207213282,1694
2025-11-05,124.84285736083984,125.83161065759278,116.8529144897461,124.72300547464425,790
2025-11-06,123.32477569580078,123.84411864709114,116.85291840088439,124.8428615394064,200
2025-11-07,123.32477569580078,123.34474720093351,120.84788997014539,123.32477569580078,5527
2025-11-10,129.83657836914062,129.83657836914062,116.85292053222656,123.32477794518658,5449
2025-11-11,130.83531188964844,150.81016866669398,120.84788350112565,129.83656905079616,4989
2025-11-12,129.78663635253906,134.8302910277966,124.84286206277461,130.8353194417878,7200
2025-11-13,130.33595275878906,134.83029595736798,122.8453807611575,129.78664109770787,1873
2025-11-14,144.30836486816406,155.8038899825404,130.33594642770208,144.30836486816406,356
2025-11-17,143.72909545898438,149.71155572085948,137.82652121884544,144.30836817401936,100
2025-11-18,139.82400512695312,167.28943470546176,137.82651933942523,143.72909349907587,1132
2025-11-19,139.82400512695312,154.8051485334124,129.8365761893136,139.82400512695312,5000
2025-11-20,135.8290252685547,151.75897040470292,129.8465502134829,139.82399659998276,668
2025-11-21,129.83657836914062,151.3095509455754,124.84286381648137,135.82903583233173,2978
2025-11-25,124.84285736083984,136.82777166748048,119.84914306640626,129.83657165527345,3171
2025-11-26,127.8390884399414,135.82903146743774,124.84285980463028,124.84285980463028,4696
2025-11-27,124.84285736083984,134.83028594970705,123.84411450195313,127.8390859375,7510
2025-11-28,127.73921203613281,130.8253314048622,119.84914199734683,124.84285624723628,21463
2025-12-01,129.83657836914062,144.81772202711838,120.34852071908804,127.73921978098447,5470
2025-12-02,129.78663635253906,132.8328052347922,122.94524903545972,129.78663635253906,40
2025-12-03,124.84285736083984,131.7841171821812,122.84537164306641,129.78663146440778,3000
2025-12-04,124.84285736083984,131.7841171821812,124.84285736083984,124.84285736083984,2305
2025-12-05,128.83782958984375,129.7866322637081,126.84034385976867,124.84285812969357,2109
2025-12-09,127.33971405029297,128.8378283332376,117.85165692497702,128.8378283332376,1754
2025-12-10,124.84285736083984,127.8390859375,117.85165734863281,127.33971450805664,5000
2025-12-11,119.8491439819336,126.8403440475464,119.8491439819336,124.84285831451416,3700
2025-12-12,123.59442901611328,124.84285759203362,119.84914328835228,119.84914328835228,1500
2025-12-15,124.74298858642578,131.82407964458332,119.84914689748446,123.59443273803085,509
2025-12-16,124.69304656982422,124.72300763694172,116.8529165156014,124.69304656982422,2195
2025-12-17,124.62313842773438,124.68306056367845,124.59317735976234,124.69305012627035,960
2025-12-18,123.8441162109375,133.831544937626,123.8441162109375,124.62313443245066,2500
2025-12-19,144.81771850585938,144.81771850585938,129.83657521214977,123.84411789466594,883
2025-12-22,144.8077392578125,170.78503672622742,134.83029215228478,144.8177212006022,34345
2025-12-23,139.82400512695312,149.80145212191357,136.82777644566127,144.8077376530938,2648
2025-12-26,162.7950897216797,162.7950897216797,139.82400344193348,139.82400344193348,20000
2025-12-29,189.7611541748047,189.7611541748047,135.32966521413704,162.79509542364823,53
2025-12-30,209.7360076904297,214.72972215924943,152.80766274588447,189.76114981515067,117046
2026-01-02,217.7259521484375,219.72343794796444,179.77372195742547,209.7360089503297,1672
2026-01-05,259.67315673828125,259.67315673828125,249.68572763296274,217.7259544959435,2852
2026-01-06,434.4531555175781,434.4531555175781,301.6203516466864,259.67315042429954,2000
2026-01-07,534.3274536132812,534.3274536132812,449.4343067775263,534.3274536132812,5100
2026-01-08,637.1979370117188,637.1979370117188,534.3274236697015,637.1979370117188,5000
2026-01-09,695.0751342773438,702.1162595390725,689.1326018235562,637.1979709614911,8001
2026-01-13,629.2080078125,649.182865203373,628.2092649429563,629.2080078125,103
2026-01-14,624.2142944335938,648.1841233398437,613.2281228515625,624.2142944335938,177
2026-01-15,611.2306518554688,644.189167396695,564.289735781601,624.2143094929215,7
2026-01-16,599.2357177734375,619.2205721205472,564.2897149163051,611.2306292544756,23
2026-01-20,539.3211669921875,598.2469982005931,539.3211669921875,599.2357439200636,555
2026-01-21,485.3990478515625,539.221317503319,485.3990478515625,539.3211674102085,1348
2026-01-22,439.4468688964844,485.3990387360312,436.9500116868453,485.3990387360312,7
2026-01-23,409.4845886230469,463.39674128793496,399.4971596322408,439.4468755954649,1118
2026-01-26,399.4971618652344,429.45944900512694,380.5210466766357,409.4845909118652,9877
2026-01-27,399.4971618652344,404.4709125029738,367.53738891601563,399.4971618652344,11130
2026-01-28,399.4971618652344,437.4393950600363,389.5097328186035,399.4971618652344,300
2026-01-29,387.5122375488281,399.49715211219393,374.52858010518185,399.49715211219393,6100
2026-01-30,425.4644775390625,425.9638489915732,399.48716482611053,387.5122471482541,13879
2026-02-02,463.41668701171875,464.4154298716578,426.46320119397393,425.4644583340349,574
2026-02-03,509.3588562011719,509.3588562011719,474.40285626579737,463.4166848575368,6350
2026-02-04,614.2268676757812,616.2243534243204,511.35635162601625,509.3588658774771,5006
2026-02-05,669.15771484375,675.1501719916045,629.2080005247201,614.2268576550839,21380
2026-02-06,784.01318359375,784.01318359375,689.1326072352707,669.1577490545383,7120
2026-02-09,749.05712890625,848.9314127604167,699.1199869791667,784.0131282552084,300
2026-02-10,638.1967163085938,719.0948916153169,600.2444859177854,749.0571787659551,8153
2026-02-11,644.1891479492188,714.1011485018472,574.2771473965904,638.1966907589934,2345
2026-02-12,649.182861328125,699.1200045072115,599.2457181490385,644.1891470102164,809
2026-02-13,659.1602783203125,674.1414209453598,649.1828470853792,649.1828470853792,5066
2026-02-18,659.1602783203125,659.1602783203125,659.1602783203125,659.1602783203125,0
2026-02-19,679.1451416015625,774.025712854722,599.2457131778493,659.1602873137331,1291
2026-02-20,679.1351318359375,798.9942694325334,639.1954155460268,679.1451290176534,6720
2026-02-23,659.1702880859375,793.8008135215013,639.1954308712121,679.1351481187073,1893
2026-02-24,699.1199951171875,744.063423374721,639.1954241071428,659.170281110491,3166
2026-02-25,719.0948486328125,734.0759913126627,699.1199917263455,699.1199917263455,1873
2026-02-26,714.1011352539062,729.0822779515407,698.1212497097629,719.094849486451,5871
2026-02-27,704.1137084960938,729.0822797193596,704.1137084960938,704.1137084960938,50
2026-03-02,769.0320434570312,828.9466210893803,704.1137540742949,704.1137540742949,5130
2026-03-03,806.9842529296875,818.9691675771581,699.120021102452,769.0320232126973,43
2026-03-04,823.962890625,953.7994673295455,798.9943181818182,806.9842613636364,3020
2026-03-05,848.8815307617188,946.8082588439219,798.9943112606935,823.9628834875903,3220
2026-03-06,848.9314575195312,898.8686020795036,848.8815325666569,848.8815325666569,1050
2026-03-09,863.91259765625,893.8748842801662,804.9967644781046,848.931454344292,5135
2026-03-10,858.9188842773438,865.9100844982058,784.0131676252498,863.9125987208166,4285
2026-03-11,848.9314575195312,868.8963181612596,848.9314575195312,858.9188864315257,1135
2026-03-12,854.8240356445312,868.9062855441172,847.9326855482246,848.9314284051719,795
2026-03-13,849.4707641601562,853.9251794388719,843.9377504395868,854.824072432179,476
2026-03-16,845.8853149414062,848.8316187006128,781.0169511190524,849.470767830923,1437
2026-03-17,828.9566040039062,841.9402616569795,803.98803159415,845.8853082894067,1300
2026-03-18,848.9314575195312,983.7617478314568,828.9565996955422,828.9565996955422,658
2026-03-20,863.91259765625,993.7491730265535,846.9339685693642,848.931454344292,10300
2026-03-23,878.8937377929688,998.7328866734593,863.9125945351341,863.9125945351341,400
2026-03-24,896.87109375,898.8685794821827,848.8815112259978,878.8937221603563,1168
2026-03-25,873.9000244140625,987.7567133091518,853.9251667131696,873.9000244140625,524
2026-03-26,848.9414672851562,998.7429060032323,799.0043219849946,873.9000427528283,708
2026-03-27,836.4471435546875,871.9025150128265,799.004283562525,848.9414264613123,309
2026-03-30,835.9478149414062,988.7554800382223,809.9804993040387,836.447186395971,507
2026-03-31,799.9930419921875,833.9502997047149,749.0571554233966,835.9477854525105,564
2026-04-01,863.91259765625,908.8560275921243,817.9704248329118,799.9930528585621,610
2026-04-06,808.9817504882812,998.7429018373842,799.0043186522744,863.9126100893374,832
2026-04-07,813.8256225585938,898.8686043416195,749.0571702846829,813.8256225585938,2604
2026-04-08,783.014404296875,813.9754330382056,754.0508612807917,783.014404296875,250
2026-04-09,754.0509033203125,848.9314805592923,749.0571887287873,783.0144479511589,1000
2026-04-10,733.0772705078125,769.0320140204573,714.1011558761388,754.0508708901885,4108
2026-04-13,723.08984375,798.9943024861878,699.1200146754144,733.0772725310774,1187
2026-04-14,723.08984375,749.0571585808011,699.1200146754144,723.08984375,1085
2026-04-15,769.0020141601562,788.0081201326528,723.0898339366802,723.0898339366802,200
2026-04-16,799.0042724609375,838.9439890431058,769.0319899561804,769.0019984108131,500
2026-04-17,843.937744140625,848.9314586029956,798.9943139792899,843.937744140625,4219
2026-04-20,868.9063110351562,898.8685976225754,798.9943089978448,868.9063110351562,5167
2026-04-21,868.9063110351562,898.8685976225754,813.9754522915543,868.9063110351562,251
2026-04-22,868.9063110351562,887.882425873855,856.9213964001885,868.9063110351562,28
2026-04-23,868.9063110351562,868.9063110351562,813.9754522915543,868.9063110351562,1373
2026-04-24,868.9063110351562,882.8887114426185,843.9377388789736,868.9063110351562,530
2026-04-27,838.7842407226562,898.868585100559,784.0131547821542,868.9062989305404,7352
2026-04-28,828.5071411132812,847.9327022553393,798.9943013006731,828.5071411132812,659
2026-04-29,828.5071411132812,848.9314451319651,828.9565875994483,828.5071411132812,19
2026-04-30,848.9314575195312,888.8811731675091,798.9943129595588,828.5071532028168,1593
2026-05-04,848.9314575195312,898.8586048972431,848.9314575195312,848.9314575195312,75
2026-05-05,865.9100952148438,898.8586137673057,784.0131773283188,848.9314658969057,594
2026-05-06,858.9188842773438,868.9063131642896,833.9503120599791,858.9188842773438,1000
2026-05-07,828.9566040039062,868.9063198595162,828.9566040039062,828.9566040039062,1006
2026-05-08,828.9566040039062,828.9566040039062,814.0853076466326,828.9566040039062,352
2026-05-11,828.9566040039062,848.9314619317112,821.9654037291745,828.9566040039062,500
2026-05-12,828.9566040039062,868.9063198595162,823.962889521955,828.9566040039062,464
2026-05-13,821.9653930664062,828.9565932504462,784.0231606780867,821.9653930664062,210
2026-05-14,823.962890625,838.9440340909091,803.9980298527804,821.9654048295455,585
2026-05-15,828.9566040039062,868.9063198595162,803.9980287764625,828.9566040039062,13010
2026-05-19,828.9765625,878.8937107950497,823.9628538703591,828.9565681362401,5770
2026-05-20,838.9440307617188,851.9276883806501,803.9880294799805,838.9440307617188,11844
2026-05-21,838.9440307617188,851.9276883806501,833.950316292899,838.9440307617188,2420
2026-05-22,838.9440307617188,838.9440307617188,799.9930579049246,838.9440307617188,272
2026-05-25,813.9854125976562,838.9439864409258,805.0865797476183,813.9854125976562,1324
2026-05-26,838.9440307617188,838.9540279440049,813.9854555999061,838.9440307617188,80
2026-05-27,838.9440307617188,878.8937465122767,825.9603731427874,838.9440307617188,435
2026-05-28,838.9440307617188,878.8937465122767,838.9440307617188,838.9440307617188,443
2026-05-29,858.9188842773438,868.9063131642896,853.9251698338708,838.944026503452,340
2026-06-01,858.9188842773438,993.7491742511128,852.9264269451762,858.9188842773438,200
2026-06-02,838.9440307617188,858.8689636839953,828.9566018240793,838.9440307617188,25
2026-06-03,833.9503173828125,843.9377463335048,828.9566029074663,838.9440318581587,1130
2026-06-04,828.9566040039062,837.9452900714185,818.9691750400037,833.9503184858575,1370
2026-06-05,828.9365844726562,838.4945610159409,823.9628645063328,828.9565788366742,774
2026-06-09,825.0,845.0,815.0,825.0,1425
2026-06-10,818.0,950.0,790.010009765625,825.0,63
2026-06-11,816.0,877.0,790.010009765625,816.9600219726562,434
2026-06-12,834.4500122070312,877.989990234375,815.0,816.0,2131
2026-06-15,834.4500122070312,850.0,809.4199829101562,834.4500122070312,350
2026-06-16,834.4500122070312,834.9500122070312,832.0,834.4500122070312,2600
2026-06-17,830.0,834.9500122070312,830.0,834.4500122070312,5450
2026-06-18,830.0,834.9500122070312,796.0,830.0,600
2026-06-19,829.0,833.0,820.0,829.0,200
2026-06-22,829.0,869.9000244140625,829.97998046875,829.0,81
2026-06-23,860.0,869.9500122070312,829.0,829.0,400
2026-06-30,860.0,879.530029296875,695.010009765625,860.0,2730
2026-07-01,854.0,860.0,715.0,860.0,1030
2026-07-02,810.010009765625,875.0,780.0,810.010009765625,4000
2026-07-03,810.010009765625,838.989990234375,811.0,810.010009765625,424
2026-07-06,810.0,853.989990234375,790.0,810.0,887
2026-07-07,809.4400024414062,810.0,781.0,810.0,1842
2026-07-08,809.4400024414062,835.0,800.0,809.4400024414062,3200
2026-07-09,800.0,840.0,800.0,809.4400024414062,2015
2026-07-10,800.0,810.0,800.0,800.0,517
2026-07-13,800.0,925.0,790.0,800.0,267
2026-07-14,800.0,825.0,790.0,800.0,1100
2026-07-15,800.0,829.0,755.0,800.0,779
2026-07-16,800.0,800.0,800.0,800.0,0
2026-07-17,790.0,799.989990234375,771.0,790.0,1300
2026-07-20,770.0,798.989990234375,750.0,790.0,274
2026-07-21,769.989990234375,800.0,730.010009765625,769.989990234375,50
2026-07-22,769.989990234375,800.0,769.989990234375,769.989990234375,148
2026-07-23,740.0,780.0,740.0,769.989990234375,4200
2026-07-27,769.989990234375,878.0,730.0,740.0,1500
2026-07-28,769.989990234375,898.989990234375,769.989990234375,769.989990234375,5653
2026-07-29,769.989990234375,850.0,769.989990234375,769.989990234375,559
2026-07-30,769.989990234375,894.97998046875,770.0,769.989990234375,5150
2026-07-31,780.0,840.0,769.989990234375,780.0,655
2026-08-03,780.0,889.0,780.0,780.0,468
2026-08-04,820.0,845.0,775.0,780.0,2592
2026-08-05,820.0,840.0,790.0,820.0,979
2026-08-06,820.0,819.0,780.0,820.0,489
2026-08-07,820.0,820.0,805.0,820.0,346
2026-08-10,805.0,887.989990234375,780.0,820.0,3
2026-08-11,790.0,887.989990234375,790.0,805.0,528
2026-08-12,790.0,805.0,790.0,790.0,492
2026-08-13,800.0,804.97998046875,790.0,790.0,2500
2026-08-14,785.0,805.0,780.0,800.0,7000
2026-08-17,800.0,805.0,785.0,785.0,960
2026-08-18,800.0,805.0,790.0,800.0,8871
2026-08-19,800.0,805.0,790.0,800.0,996
2026-08-20,804.0,934.9000244140625,785.0,800.0,3900
2026-08-21,805.0,840.0,804.0,804.0,1510
2026-08-24,805.0,890.0,650.0,805.0,2215
2026-08-25,803.0,880.0,799.989990234375,805.0,1758
2026-08-26,799.97998046875,802.5,790.0,803.0,3673
2026-08-27,797.0,799.97998046875,795.0,799.97998046875,3131
2026-08-28,797.0,794.989990234375,794.5,797.0,4
2026-08-31,800.0,850.0,770.0,797.0,630
2026-09-01,800.0,850.0,770.010009765625,800.0,1500
2026-09-02,810.0,850.0,770.02001953125,800.0,279
2026-09-03,810.0,845.0,786.0,810.0,1700
2026-09-04,820.0,830.0,788.0,810.0,25134
2026-09-07,848.0,909.989990234375,820.0,820.0,797
2026-09-08,850.0,900.0,848.0,848.0,2111
2026-09-09,850.0,890.0,848.0,850.0,4079
2026-09-10,860.0,890.0,850.0,850.0,902
2026-09-11,865.0,884.0,860.1699829101562,860.0,100
2026-09-15,865.0,950.0,865.0,865.0,4136
2026-09-16,870.0,879.989990234375,750.0,865.0,1805
2026-09-17,870.0,874.989990234375,860.0,870.0,2588
2026-09-18,875.0,915.0,869.989990234375,870.0,2109
2026-09-21,910.0,975.0,875.1699829101562,875.0,3347
2026-09-22,910.0,975.0,910.0,910.0,338
2026-09-23,910.0,950.0,909.0,910.0,809
2026-09-24,940.0,940.0,895.0,910.0,198
2026-09-25,935.0,944.5399780273438,913.0,940.0,1301
2026-09-28,901.0,950.0,900.0,935.0,1445
2026-09-29,905.0,925.0,860.010009765625,901.0,1627
2026-09-30,875.0,950.0,870.0,905.0,858
2026-10-01,918.0,935.0,880.0,875.0,671
2026-10-02,912.0,965.0,877.510009765625,918.0,9088
2026-10-05,930.0,1090.0,913.969970703125,912.0,2042
2026-10-06,930.0,1080.0,915.02001953125,930.0,969
2026-10-07,950.0,961.0,930.0,950.0,300
2026-10-08,985.0,998.989990234375,950.0,950.0,500
2026-10-09,1003.0,1100.0,985.0,985.0,5326
